2025-12-28 12:47:06.015504|Testing
2025-12-28 12:47:06.015613|Node 0x97d52940
2025-12-28 12:47:10.486301|{rx-20} 1, 0, 0, 3, 1, 1, 0, 0, 0, 0, 1, 2, 0, 0, 0
2025-12-28 12:47:10.491905|{rssi-20} 0, 0, -84, -127, -127, -127, 0, 0, 0, 0, 0, 0, 0, 0, 0, 0, 0, 0, 
2025-12-28 12:47:10.498553|{td-20} 0, 0, 65988722, 0, 0, 0, 0, 0, 0, 0, 0, 0, 0, 0, 0, 0, 0, 0, 
2025-12-28 12:47:10.504868|{tx-20} :
2025-12-28 12:47:10.677466|{rx-21} 1, 2, 1, 3, 2, 5, 0, 0, 0, 0, 3, 4, 0, 2, 2
2025-12-28 12:47:10.682736|{rssi-21} 111, -127, -82, -89, -64, -127, -127, -127, 111, 111, 111, 111, 111, 111, 111, 111, 111, 111, 
2025-12-28 12:47:10.692012|{td-21} 0, -3003928, -21, -21, -21, 0, 0, 0, 0, 0, 0, 0, 0, 0, 0, 0, 0, 0, 
2025-12-28 12:47:10.698240|{tx-21} :ACC-BBB..........
2025-12-28 12:47:10.866348|{rx-22} 1, 0, 1, 3, 3, 7, 0, 0, 0, 0, 1, 2, 0, 3, 3
2025-12-28 12:47:10.870740|{rssi-22} 111, -127, -85, -127, -127, -127, 111, 111, 111, 111, 111, 111, 111, 111, 111, 111, 111, 111, 
2025-12-28 12:47:10.880113|{td-22} 0, -2986088, -19, 0, 0, 0, 0, 0, 0, 0, 0, 0, 0, 0, 0, 0, 0, 0, 
2025-12-28 12:47:10.887652|{tx-22} :A-BBB............
2025-12-28 12:47:11.057743|{rx-23} 1, 1, 1, 3, 4, 10, 0, 0, 0, 0, 2, 3, 0, 2, 3
2025-12-28 12:47:11.062550|{rssi-23} 111, -127, -87, -58, -127, -127, -127, 111, 111, 111, 111, 111, 111, 111, 111, 111, 111, 111, 
2025-12-28 12:47:11.071685|{td-23} 0, -3003928, -21, -23, 0, 0, 0, 0, 0, 0, 0, 0, 0, 0, 0, 0, 0, 0, 
2025-12-28 12:47:11.077723|{tx-23} :AC-BBB...........
2025-12-28 12:47:11.247692|{rx-24} 1, 2, 1, 3, 5, 14, 0, 0, 0, 0, 3, 4, 0, 2, 3
2025-12-28 12:47:11.252553|{rssi-24} 111, -127, -84, -83, -68, -127, -127, -127, 111, 111, 111, 111, 111, 111, 111, 111, 111, 111, 
2025-12-28 12:47:11.261518|{td-24} 0, -2995008, -21, -21, -21, 0, 0, 0, 0, 0, 0, 0, 0, 0, 0, 0, 0, 0, 
2025-12-28 12:47:11.267937|{tx-24} :ACC-BBB..........
2025-12-28 12:47:11.437364|{rx-25} 1, 1, 3, 3, 6, 19, 0, 0, 0, 0, 3, 4, 0, 3, 3
2025-12-28 12:47:11.441770|{rssi-25} 111, -127, -127, -95, -50, -127, -127, -127, 111, 111, 111, 111, 111, 111, 111, 111, 111, 111, 
2025-12-28 12:47:11.452056|{td-25} 0, -2986088, -2995008, -19, -21, 0, 0, 0, 0, 0, 0, 0, 0, 0, 0, 0, 0, 0, 
2025-12-28 12:47:11.459113|{tx-25} :AAP-BBB..........
2025-12-28 12:47:11.627718|{rx-26} 1, 1, 2, 3, 7, 23, 0, 0, 0, 0, 3, 4, 0, 3, 3
2025-12-28 12:47:11.632270|{rssi-26} 111, -127, -127, -89, -56, -127, -127, -127, 111, 111, 111, 111, 111, 111, 111, 111, 111, 111, 
2025-12-28 12:47:11.641973|{td-26} 0, -2986088, -2995008, -23, -25, 0, 0, 0, 0, 0, 0, 0, 0, 0, 0, 0, 0, 0, 
2025-12-28 12:47:11.648584|{tx-26} :AAC-BBB..........
2025-12-28 12:47:11.817444|{rx-27} 1, 2, 1, 3, 8, 27, 0, 0, 0, 0, 3, 4, 0, 3, 3
2025-12-28 12:47:11.822629|{rssi-27} 111, -127, -84, -86, -66, -127, -127, -127, 111, 111, 111, 111, 111, 111, 111, 111, 111, 111, 
2025-12-28 12:47:11.832029|{td-27} 0, -2986088, -19, -19, -19, 0, 0, 0, 0, 0, 0, 0, 0, 0, 0, 0, 0, 0, 
2025-12-28 12:47:11.838248|{tx-27} :ACC-BBB..........
2025-12-28 12:47:12.006611|{rx-28} 1, 0, 1, 3, 9, 29, 0, 0, 0, 0, 1, 2, 0, 3, 3
2025-12-28 12:47:12.011375|{rssi-28} 111, -127, -87, -127, -127, -127, 111, 111, 111, 111, 111, 111, 111, 111, 111, 111, 111, 111, 
2025-12-28 12:47:12.020688|{td-28} 0, -2986088, -21, 0, 0, 0, 0, 0, 0, 0, 0, 0, 0, 0, 0, 0, 0, 0, 
2025-12-28 12:47:12.026498|{tx-28} :A-BBB............
2025-12-28 12:47:12.197561|{rx-29} 1, 1, 1, 3, 10, 32, 0, 0, 0, 0, 2, 3, 0, 3, 3
2025-12-28 12:47:12.201871|{rssi-29} 111, -127, -84, -49, -127, -127, -127, 111, 111, 111, 111, 111, 111, 111, 111, 111, 111, 111, 
2025-12-28 12:47:12.211548|{td-29} 0, -3003928, -21, -21, 0, 0, 0, 0, 0, 0, 0, 0, 0, 0, 0, 0, 0, 0, 
2025-12-28 12:47:12.216861|{tx-29} :AC-BBB...........
2025-12-28 12:47:12.388201|{rx-30} 1, 2, 1, 3, 11, 36, 0, 0, 0, 0, 3, 4, 0, 3, 3
2025-12-28 12:47:12.392464|{rssi-30} 111, -127, -89, -80, -54, -127, -127, -127, 111, 111, 111, 111, 111, 111, 111, 111, 111, 111, 
2025-12-28 12:47:12.402341|{td-30} 0, -2995008, -21, -21, -21, 0, 0, 0, 0, 0, 0, 0, 0, 0, 0, 0, 0, 0, 
2025-12-28 12:47:12.407724|{tx-30} :ACC-BBB..........
2025-12-28 12:47:12.577610|{rx-31} 1, 2, 1, 3, 12, 40, 0, 0, 0, 0, 3, 4, 0, 3, 3
2025-12-28 12:47:12.582571|{rssi-31} 111, -127, -85, -94, -64, -127, -127, -127, 111, 111, 111, 111, 111, 111, 111, 111, 111, 111, 
2025-12-28 12:47:12.592491|{td-31} 0, -2986088, -21, -21, -21, 0, 0, 0, 0, 0, 0, 0, 0, 0, 0, 0, 0, 0, 
2025-12-28 12:47:12.597430|{tx-31} :ACC-BBB..........
2025-12-28 12:47:12.767789|{rx-32} 1, 2, 1, 3, 13, 44, 0, 0, 0, 0, 3, 4, 0, 3, 3
2025-12-28 12:47:12.772193|{rssi-32} 111, -127, -92, -84, -53, -127, -127, -127, 111, 111, 111, 111, 111, 111, 111, 111, 111, 111, 
2025-12-28 12:47:12.781859|{td-32} 0, -2986088, -19, -21, -21, 0, 0, 0, 0, 0, 0, 0, 0, 0, 0, 0, 0, 0, 
2025-12-28 12:47:12.787714|{tx-32} :ACC-BBB..........
2025-12-28 12:47:12.958394|{rx-33} 1, 1, 2, 3, 14, 48, 0, 0, 0, 0, 3, 4, 0, 3, 3
2025-12-28 12:47:12.962349|{rssi-33} 111, -127, -127, -82, -53, -127, -127, -127, 111, 111, 111, 111, 111, 111, 111, 111, 111, 111, 
2025-12-28 12:47:12.971799|{td-33} 0, -2986088, -2995008, -19, -21, 0, 0, 0, 0, 0, 0, 0, 0, 0, 0, 0, 0, 0, 
2025-12-28 12:47:12.978898|{tx-33} :AAC-BBB..........
2025-12-28 12:47:13.146424|{rx-34} 1, 0, 1, 3, 15, 50, 0, 0, 0, 0, 1, 2, 0, 3, 3
2025-12-28 12:47:13.150960|{rssi-34} 111, -127, -86, -127, -127, -127, 111, 111, 111, 111, 111, 111, 111, 111, 111, 111, 111, 111, 
2025-12-28 12:47:13.159936|{td-34} 0, -2986088, -23, 0, 0, 0, 0, 0, 0, 0, 0, 0, 0, 0, 0, 0, 0, 0, 
2025-12-28 12:47:13.166288|{tx-34} :A-BBB............
2025-12-28 12:47:13.337355|{rx-35} 1, 1, 3, 3, 16, 55, 0, 0, 0, 0, 3, 3, 0, 3, 3
2025-12-28 12:47:13.342669|{rssi-35} 111, -127, -93, -93, -52, -127, -127, -127, 111, 111, 111, 111, 111, 111, 111, 111, 111, 111, 
2025-12-28 12:47:13.352469|{td-35} 0, -3003928, -21, -8941, -21, 0, 0, 0, 0, 0, 0, 0, 0, 0, 0, 0, 0, 0, 
2025-12-28 12:47:13.358952|{tx-35} :APA-BBB..........
2025-12-28 12:47:13.527264|{rx-36} 1, 2, 2, 3, 17, 60, 0, 0, 0, 0, 4, 4, 0, 3, 3
2025-12-28 12:47:13.533020|{rssi-36} 111, -127, -127, -91, -87, -65, -127, -127, -127, 111, 111, 111, 111, 111, 111, 111, 111, 111, 
2025-12-28 12:47:13.541938|{td-36} 0, -2986088, -2995008, -19, -19, -19, 0, 0, 0, 0, 0, 0, 0, 0, 0, 0, 0, 0, 
2025-12-28 12:47:13.549041|{tx-36} :AACC-BBB.........
2025-12-28 12:47:13.718183|{rx-37} 1, 1, 2, 3, 18, 64, 0, 0, 0, 0, 3, 4, 0, 3, 3
2025-12-28 12:47:13.723331|{rssi-37} 111, -127, -127, -82, -67, -127, -127, -127, 111, 111, 111, 111, 111, 111, 111, 111, 111, 111, 
2025-12-28 12:47:13.731406|{td-37} 0, -2977168, -2986088, -19, -17, 0, 0, 0, 0, 0, 0, 0, 0, 0, 0, 0, 0, 0, 
2025-12-28 12:47:13.737966|{tx-37} :AAC-BBB..........
2025-12-28 12:47:13.906652|{rx-38} 1, 0, 1, 3, 19, 66, 0, 0, 0, 0, 1, 2, 0, 3, 3
2025-12-28 12:47:13.912153|{rssi-38} 111, -127, -85, -127, -127, -127, 111, 111, 111, 111, 111, 111, 111, 111, 111, 111, 111, 111, 
2025-12-28 12:47:13.919707|{td-38} 0, -2986088, -25, 0, 0, 0, 0, 0, 0, 0, 0, 0, 0, 0, 0, 0, 0, 0, 
2025-12-28 12:47:13.926226|{tx-38} :A-BBB............
2025-12-28 12:47:14.097049|{rx-39} 1, 2, 1, 3, 20, 70, 0, 0, 0, 0, 3, 4, 0, 3, 3
2025-12-28 12:47:14.102055|{rssi-39} 111, -127, -82, -91, -65, -127, -127, -127, 111, 111, 111, 111, 111, 111, 111, 111, 111, 111, 
2025-12-28 12:47:14.112322|{td-39} 0, -3003928, -23, -23, -23, 0, 0, 0, 0, 0, 0, 0, 0, 0, 0, 0, 0, 0, 
2025-12-28 12:47:14.117582|{tx-39} :ACC-BBB..........
2025-12-28 12:47:14.288767|{rx-40} 1, 1, 2, 3, 21, 74, 0, 0, 0, 0, 3, 4, 0, 3, 3
2025-12-28 12:47:14.293219|{rssi-40} 111, -127, -127, -88, -50, -127, -127, -127, 111, 111, 111, 111, 111, 111, 111, 111, 111, 111, 
2025-12-28 12:47:14.301042|{td-40} 0, -2986088, -2995008, -21, -19, 0, 0, 0, 0, 0, 0, 0, 0, 0, 0, 0, 0, 0, 
2025-12-28 12:47:14.308184|{tx-40} :AAC-BBB..........
2025-12-28 12:47:14.478266|{rx-41} 1, 2, 1, 3, 22, 78, 0, 0, 0, 0, 3, 4, 0, 3, 3
2025-12-28 12:47:14.481707|{rssi-41} 111, -127, -88, -86, -50, -127, -127, -127, 111, 111, 111, 111, 111, 111, 111, 111, 111, 111, 
2025-12-28 12:47:14.492504|{td-41} 0, -2986088, -25, -23, -21, 0, 0, 0, 0, 0, 0, 0, 0, 0, 0, 0, 0, 0, 
2025-12-28 12:47:14.497263|{tx-41} :ACC-BBB..........
2025-12-28 12:47:14.667012|{rx-42} 1, 0, 2, 3, 23, 81, 0, 0, 0, 0, 2, 2, 0, 3, 3
2025-12-28 12:47:14.672230|{rssi-42} 111, -127, -127, -82, -127, -127, -127, 111, 111, 111, 111, 111, 111, 111, 111, 111, 111, 111, 
2025-12-28 12:47:14.681330|{td-42} 0, -2986088, -2995008, -23, 0, 0, 0, 0, 0, 0, 0, 0, 0, 0, 0, 0, 0, 0, 
2025-12-28 12:47:14.686970|{tx-42} :AA-BBB...........
2025-12-28 12:47:14.857231|{rx-43} 1, 1, 1, 3, 24, 84, 0, 0, 0, 0, 2, 3, 0, 3, 3
2025-12-28 12:47:14.862326|{rssi-43} 111, -127, -92, -49, -127, -127, -127, 111, 111, 111, 111, 111, 111, 111, 111, 111, 111, 111, 
2025-12-28 12:47:14.869892|{td-43} 0, -2995008, -23, -23, 0, 0, 0, 0, 0, 0, 0, 0, 0, 0, 0, 0, 0, 0, 
2025-12-28 12:47:14.877851|{tx-43} :AC-BBB...........
2025-12-28 12:47:15.048078|{rx-44} 1, 1, 2, 3, 25, 88, 0, 0, 0, 0, 3, 3, 0, 3, 3
2025-12-28 12:47:15.052723|{rssi-44} 111, -127, -86, -86, -48, -127, -127, -127, 111, 111, 111, 111, 111, 111, 111, 111, 111, 111, 
2025-12-28 12:47:15.061798|{td-44} 0, -2995008, -19, -8939, -19, 0, 0, 0, 0, 0, 0, 0, 0, 0, 0, 0, 0, 0, 
2025-12-28 12:47:15.068524|{tx-44} :ACA-BBB..........
2025-12-28 12:47:15.236860|{rx-45} 1, 1, 1, 3, 26, 91, 0, 0, 0, 0, 2, 3, 0, 3, 3
2025-12-28 12:47:15.241035|{rssi-45} 111, -127, -86, -50, -127, -127, -127, 111, 111, 111, 111, 111, 111, 111, 111, 111, 111, 111, 
2025-12-28 12:47:15.250803|{td-45} 0, -2986088, -23, -23, 0, 0, 0, 0, 0, 0, 0, 0, 0, 0, 0, 0, 0, 0, 
2025-12-28 12:47:15.257617|{tx-45} :AC-BBB...........
2025-12-28 12:47:15.425986|{rx-46} 1, 0, 1, 3, 27, 93, 0, 0, 0, 0, 1, 2, 0, 3, 3
2025-12-28 12:47:15.430047|{rssi-46} 111, -127, -83, -127, -127, -127, 111, 111, 111, 111, 111, 111, 111, 111, 111, 111, 111, 111, 
2025-12-28 12:47:15.440410|{td-46} 0, -2995008, -21, 0, 0, 0, 0, 0, 0, 0, 0, 0, 0, 0, 0, 0, 0, 0, 
2025-12-28 12:47:15.447049|{tx-46} :A-BBB............
2025-12-28 12:47:15.616761|{rx-47} 1, 2, 1, 3, 28, 97, 0, 0, 0, 0, 3, 4, 0, 3, 3
2025-12-28 12:47:15.621266|{rssi-47} 111, -127, -84, -84, -66, -127, -127, -127, 111, 111, 111, 111, 111, 111, 111, 111, 111, 111, 
2025-12-28 12:47:15.631398|{td-47} 0, -3003928, -21, -21, -19, 0, 0, 0, 0, 0, 0, 0, 0, 0, 0, 0, 0, 0, 
2025-12-28 12:47:15.638198|{tx-47} :ACC-BBB..........
2025-12-28 12:47:15.807091|{rx-48} 1, 1, 1, 3, 29, 100, 0, 0, 0, 0, 2, 2, 0, 3, 3
2025-12-28 12:47:15.810860|{rssi-48} 111, -127, -97, -87, -127, -127, -127, 111, 111, 111, 111, 111, 111, 111, 111, 111, 111, 111, 
2025-12-28 12:47:15.820883|{td-48} 0, -2986088, -23, -23, 0, 0, 0, 0, 0, 0, 0, 0, 0, 0, 0, 0, 0, 0, 
2025-12-28 12:47:15.828299|{tx-48} :AC-BBB...........
2025-12-28 12:47:15.996355|{rx-49} 1, 0, 1, 3, 30, 102, 0, 0, 0, 0, 1, 2, 0, 3, 3
2025-12-28 12:47:16.001410|{rssi-49} 111, -127, -82, -127, -127, -127, 111, 111, 111, 111, 111, 111, 111, 111, 111, 111, 111, 111, 
2025-12-28 12:47:16.010392|{td-49} 0, -2995008, -21, 0, 0, 0, 0, 0, 0, 0, 0, 0, 0, 0, 0, 0, 0, 0, 
2025-12-28 12:47:16.015482|{tx-49} :A-BBB............
2025-12-28 12:47:16.186601|{rx-50} 1, 1, 1, 3, 31, 105, 0, 0, 0, 0, 2, 3, 0, 3, 3
2025-12-28 12:47:16.191609|{rssi-50} 111, -127, -85, -51, -127, -127, -127, 111, 111, 111, 111, 111, 111, 111, 111, 111, 111, 111, 
2025-12-28 12:47:16.201108|{td-50} 0, -3003928, -21, -19, 0, 0, 0, 0, 0, 0, 0, 0, 0, 0, 0, 0, 0, 0, 
2025-12-28 12:47:16.207100|{tx-50} :AC-BBB...........
2025-12-28 12:47:16.376799|{rx-51} 1, 2, 1, 3, 32, 109, 0, 0, 0, 0, 3, 3, 0, 3, 3
2025-12-28 12:47:16.381691|{rssi-51} 111, -127, -87, -88, -52, -127, -127, -127, 111, 111, 111, 111, 111, 111, 111, 111, 111, 111, 
2025-12-28 12:47:16.391423|{td-51} 0, -2995008, -23, -21, -25, 0, 0, 0, 0, 0, 0, 0, 0, 0, 0, 0, 0, 0, 
2025-12-28 12:47:16.397797|{tx-51} :ACC-BBB..........
2025-12-28 12:47:16.566290|{rx-52} 1, 1, 1, 3, 33, 112, 0, 0, 0, 0, 2, 3, 0, 3, 3
2025-12-28 12:47:16.570471|{rssi-52} 111, -127, -87, -52, -127, -127, -127, 111, 111, 111, 111, 111, 111, 111, 111, 111, 111, 111, 
2025-12-28 12:47:16.580682|{td-52} 0, -2986088, -19, -19, 0, 0, 0, 0, 0, 0, 0, 0, 0, 0, 0, 0, 0, 0, 
2025-12-28 12:47:16.586037|{tx-52} :AC-BBB...........
2025-12-28 12:47:16.755473|{rx-53} 1, 0, 1, 3, 34, 114, 0, 0, 0, 0, 1, 2, 0, 3, 3
2025-12-28 12:47:16.761536|{rssi-53} 111, -127, -86, -127, -127, -127, 111, 111, 111, 111, 111, 111, 111, 111, 111, 111, 111, 111, 
2025-12-28 12:47:16.770907|{td-53} 0, -2995008, -23, 0, 0, 0, 0, 0, 0, 0, 0, 0, 0, 0, 0, 0, 0, 0, 
2025-12-28 12:47:16.776999|{tx-53} :A-BBB............
2025-12-28 12:47:16.947667|{rx-54} 1, 2, 2, 3, 35, 119, 0, 0, 0, 0, 4, 4, 0, 3, 3
2025-12-28 12:47:16.952514|{rssi-54} 111, -127, -127, -85, -91, -50, -127, -127, -127, 111, 111, 111, 111, 111, 111, 111, 111, 111, 
2025-12-28 12:47:16.962335|{td-54} 0, -3003928, -3012848, -19, -17, -19, 0, 0, 0, 0, 0, 0, 0, 0, 0, 0, 0, 0, 
2025-12-28 12:47:16.970017|{tx-54} :AACC-BBB.........
2025-12-28 12:47:17.138250|{rx-55} 1, 2, 3, 3, 36, 125, 0, 0, 0, 0, 4, 4, 0, 3, 3
2025-12-28 12:47:17.142508|{rssi-55} 111, -127, -95, -95, -85, -68, -127, -127, -127, 111, 111, 111, 111, 111, 111, 111, 111, 111, 
2025-12-28 12:47:17.151176|{td-55} 0, -2977168, -21, -8941, -21, -21, 0, 0, 0, 0, 0, 0, 0, 0, 0, 0, 0, 0, 
2025-12-28 12:47:17.158154|{tx-55} :APAC-BBB.........
2025-12-28 12:47:17.327598|{rx-56} 1, 1, 2, 3, 37, 129, 0, 0, 0, 0, 3, 4, 0, 3, 3
2025-12-28 12:47:17.332120|{rssi-56} 111, -127, -88, -88, -64, -127, -127, -127, 111, 111, 111, 111, 111, 111, 111, 111, 111, 111, 
2025-12-28 12:47:17.341636|{td-56} 0, -2977168, -25, -8945, -21, 0, 0, 0, 0, 0, 0, 0, 0, 0, 0, 0, 0, 0, 
2025-12-28 12:47:17.347394|{tx-56} :ACA-BBB..........
2025-12-28 12:47:17.517086|{rx-57} 1, 1, 1, 3, 38, 132, 0, 0, 0, 0, 2, 3, 0, 3, 3
2025-12-28 12:47:17.521250|{rssi-57} 111, -127, -86, -50, -127, -127, -127, 111, 111, 111, 111, 111, 111, 111, 111, 111, 111, 111, 
2025-12-28 12:47:17.530932|{td-57} 0, -2986088, -23, -23, 0, 0, 0, 0, 0, 0, 0, 0, 0, 0, 0, 0, 0, 0, 
2025-12-28 12:47:17.536385|{tx-57} :AC-BBB...........
2025-12-28 12:47:17.707061|{rx-58} 1, 1, 1, 3, 39, 135, 0, 0, 0, 0, 2, 3, 0, 3, 3
2025-12-28 12:47:17.710940|{rssi-58} 111, -127, -89, -51, -127, -127, -127, 111, 111, 111, 111, 111, 111, 111, 111, 111, 111, 111, 
2025-12-28 12:47:17.719781|{td-58} 0, -2995008, -21, -19, 0, 0, 0, 0, 0, 0, 0, 0, 0, 0, 0, 0, 0, 0, 
2025-12-28 12:47:17.726412|{tx-58} :AC-BBB...........
2025-12-28 12:47:17.896124|{rx-59} 1, 0, 1, 3, 40, 137, 0, 0, 0, 0, 1, 2, 0, 3, 3
2025-12-28 12:47:17.900718|{rssi-59} 111, -127, -86, -127, -127, -127, 111, 111, 111, 111, 111, 111, 111, 111, 111, 111, 111, 111, 
2025-12-28 12:47:17.910261|{td-59} 0, -2995008, -23, 0, 0, 0, 0, 0, 0, 0, 0, 0, 0, 0, 0, 0, 0, 0, 
2025-12-28 12:47:17.915917|{tx-59} :A-BBB............
2025-12-28 12:47:18.086779|{rx-60} 1, 2, 1, 3, 41, 141, 0, 0, 0, 0, 3, 4, 0, 3, 3
2025-12-28 12:47:18.091145|{rssi-60} 111, -127, -84, -84, -52, -127, -127, -127, 111, 111, 111, 111, 111, 111, 111, 111, 111, 111, 
2025-12-28 12:47:18.100779|{td-60} 0, -3003928, -21, -23, -21, 0, 0, 0, 0, 0, 0, 0, 0, 0, 0, 0, 0, 0, 
2025-12-28 12:47:18.107381|{tx-60} :ACC-BBB..........
2025-12-28 12:47:18.276825|{rx-61} 1, 1, 2, 3, 42, 145, 0, 0, 0, 0, 3, 4, 0, 3, 3
2025-12-28 12:47:18.281758|{rssi-61} 111, -127, -127, -92, -66, -127, -127, -127, 111, 111, 111, 111, 111, 111, 111, 111, 111, 111, 
2025-12-28 12:47:18.291307|{td-61} 0, -2986088, -2995008, -21, -19, 0, 0, 0, 0, 0, 0, 0, 0, 0, 0, 0, 0, 0, 
2025-12-28 12:47:18.298717|{tx-61} :AAC-BBB..........
2025-12-28 12:47:18.466406|{rx-62} 1, 1, 2, 3, 43, 149, 0, 0, 0, 0, 3, 4, 0, 3, 3
2025-12-28 12:47:18.471090|{rssi-62} 111, -127, -86, -86, -53, -127, -127, -127, 111, 111, 111, 111, 111, 111, 111, 111, 111, 111, 
2025-12-28 12:47:18.481333|{td-62} 0, -2986088, -23, -8943, -23, 0, 0, 0, 0, 0, 0, 0, 0, 0, 0, 0, 0, 0, 
2025-12-28 12:47:18.487816|{tx-62} :ACA-BBB..........
2025-12-28 12:47:18.656054|{rx-63} 1, 0, 1, 3, 44, 151, 0, 0, 0, 0, 1, 2, 0, 3, 3
2025-12-28 12:47:18.660619|{rssi-63} 111, -127, -84, -127, -127, -127, 111, 111, 111, 111, 111, 111, 111, 111, 111, 111, 111, 111, 
2025-12-28 12:47:18.669983|{td-63} 0, -2986088, -21, 0, 0, 0, 0, 0, 0, 0, 0, 0, 0, 0, 0, 0, 0, 0, 
2025-12-28 12:47:18.675035|{tx-63} :A-BBB............
2025-12-28 12:47:18.847785|{rx-64} 1, 1, 2, 3, 45, 155, 0, 0, 0, 0, 3, 4, 0, 3, 3
2025-12-28 12:47:18.851896|{rssi-64} 111, -127, -127, -79, -53, -127, -127, -127, 111, 111, 111, 111, 111, 111, 111, 111, 111, 111, 
2025-12-28 12:47:18.860476|{td-64} 0, -3003928, -3012848, -23, -23, 0, 0, 0, 0, 0, 0, 0, 0, 0, 0, 0, 0, 0, 
2025-12-28 12:47:18.867454|{tx-64} :AAC-BBB..........
2025-12-28 12:47:19.035927|{rx-65} 1, 0, 1, 3, 46, 157, 0, 0, 0, 0, 1, 2, 0, 3, 3
2025-12-28 12:47:19.040007|{rssi-65} 111, -127, -86, -127, -127, -127, 111, 111, 111, 111, 111, 111, 111, 111, 111, 111, 111, 111, 
2025-12-28 12:47:19.049889|{td-65} 0, -2986088, -21, 0, 0, 0, 0, 0, 0, 0, 0, 0, 0, 0, 0, 0, 0, 0, 
2025-12-28 12:47:19.055810|{tx-65} :A-BBB............
2025-12-28 12:47:19.227169|{rx-66} 1, 1, 2, 3, 47, 161, 0, 0, 0, 0, 3, 2, 0, 3, 3
2025-12-28 12:47:19.231776|{rssi-66} 111, -127, -91, -91, -85, -127, -127, -127, 111, 111, 111, 111, 111, 111, 111, 111, 111, 111, 
2025-12-28 12:47:19.241173|{td-66} 0, -3003928, -21, -8941, -21, 0, 0, 0, 0, 0, 0, 0, 0, 0, 0, 0, 0, 0, 
2025-12-28 12:47:19.246796|{tx-66} :ACA-BBB..........
2025-12-28 12:47:19.417251|{rx-67} 1, 2, 1, 3, 48, 165, 0, 0, 0, 0, 3, 4, 0, 3, 3
2025-12-28 12:47:19.421086|{rssi-67} 111, -127, -84, -87, -66, -127, -127, -127, 111, 111, 111, 111, 111, 111, 111, 111, 111, 111, 
2025-12-28 12:47:19.431046|{td-67} 0, -2986088, -21, -23, -23, 0, 0, 0, 0, 0, 0, 0, 0, 0, 0, 0, 0, 0, 
2025-12-28 12:47:19.437042|{tx-67} :ACC-BBB..........
2025-12-28 12:47:19.605903|{rx-68} 1, 0, 1, 3, 49, 167, 0, 0, 0, 0, 1, 2, 0, 3, 3
2025-12-28 12:47:19.610310|{rssi-68} 111, -127, -84, -127, -127, -127, 111, 111, 111, 111, 111, 111, 111, 111, 111, 111, 111, 111, 
2025-12-28 12:47:19.620024|{td-68} 0, -2986088, -19, 0, 0, 0, 0, 0, 0, 0, 0, 0, 0, 0, 0, 0, 0, 0, 
2025-12-28 12:47:19.626181|{tx-68} :A-BBB............
2025-12-28 12:47:19.797002|{rx-69} 1, 2, 2, 3, 50, 172, 0, 0, 0, 0, 4, 4, 0, 3, 3
2025-12-28 12:47:19.802023|{rssi-69} 111, -127, -91, -91, -85, -67, -127, -127, -127, 111, 111, 111, 111, 111, 111, 111, 111, 111, 
2025-12-28 12:47:19.811003|{td-69} 0, -3003928, -21, -8941, -19, -19, 0, 0, 0, 0, 0, 0, 0, 0, 0, 0, 0, 0, 
2025-12-28 12:47:19.818655|{tx-69} :ACAC-BBB.........
2025-12-28 12:47:19.986118|{rx-70} 1, 0, 2, 3, 51, 175, 0, 0, 0, 0, 2, 3, 0, 3, 3
2025-12-28 12:47:19.990437|{rssi-70} 111, -127, -127, -49, -127, -127, -127, 111, 111, 111, 111, 111, 111, 111, 111, 111, 111, 111, 
2025-12-28 12:47:19.000165|{td-70} 0, -2977168, -2986088, -23, 0, 0, 0, 0, 0, 0, 0, 0, 0, 0, 0, 0, 0, 0, 
2025-12-28 12:47:20.007217|{tx-70} :AA-BBB...........
2025-12-28 12:47:20.175638|{rx-71} 1, 1, 1, 3, 52, 178, 0, 0, 0, 0, 2, 3, 0, 3, 3
2025-12-28 12:47:20.180111|{rssi-71} 111, -127, -84, -49, -127, -127, -127, 111, 111, 111, 111, 111, 111, 111, 111, 111, 111, 111, 
2025-12-28 12:47:20.190589|{td-71} 0, -2995008, -23, -21, 0, 0, 0, 0, 0, 0, 0, 0, 0, 0, 0, 0, 0, 0, 
2025-12-28 12:47:20.195707|{tx-71} :AC-BBB...........
2025-12-28 12:47:20.368254|{rx-72} 1, 2, 1, 3, 53, 182, 0, 0, 0, 0, 3, 4, 0, 3, 3
2025-12-28 12:47:20.370329|{rssi-72} 111, -127, -90, -86, -52, -127, -127, -127, 111, 111, 111, 111, 111, 111, 111, 111, 111, 111, 
2025-12-28 12:47:20.379791|{td-72} 0, -2995008, -21, -23, -23, 0, 0, 0, 0, 0, 0, 0, 0, 0, 0, 0, 0, 0, 
2025-12-28 12:47:20.387614|{tx-72} :ACC-BBB..........
2025-12-28 12:47:20.556997|{rx-73} 1, 2, 1, 3, 54, 186, 0, 0, 0, 0, 3, 4, 0, 3, 3
2025-12-28 12:47:20.561772|{rssi-73} 111, -127, -86, -88, -65, -127, -127, -127, 111, 111, 111, 111, 111, 111, 111, 111, 111, 111, 
2025-12-28 12:47:20.570654|{td-73} 0, -2986088, -21, -19, -19, 0, 0, 0, 0, 0, 0, 0, 0, 0, 0, 0, 0, 0, 
2025-12-28 12:47:20.576940|{tx-73} :ACC-BBB..........
2025-12-28 12:47:20.746251|{rx-74} 1, 1, 2, 3, 55, 190, 0, 0, 0, 0, 3, 4, 0, 3, 3
2025-12-28 12:47:20.751448|{rssi-74} 111, -127, -127, -90, -70, -127, -127, -127, 111, 111, 111, 111, 111, 111, 111, 111, 111, 111, 
2025-12-28 12:47:20.761239|{td-74} 0, -2986088, -2995008, -23, -21, 0, 0, 0, 0, 0, 0, 0, 0, 0, 0, 0, 0, 0, 
2025-12-28 12:47:20.767327|{tx-74} :AAC-BBB..........
2025-12-28 12:47:20.937186|{rx-75} 1, 0, 1, 3, 56, 192, 0, 0, 0, 0, 1, 2, 0, 3, 3
2025-12-28 12:47:20.939707|{rssi-75} 111, -127, -83, -127, -127, -127, 111, 111, 111, 111, 111, 111, 111, 111, 111, 111, 111, 111, 
2025-12-28 12:47:20.949866|{td-75} 0, -2986088, -23, 0, 0, 0, 0, 0, 0, 0, 0, 0, 0, 0, 0, 0, 0, 0, 
2025-12-28 12:47:20.956707|{tx-75} :A-BBB............
2025-12-28 12:47:21.125261|{rx-76} 1, 0, 1, 3, 57, 194, 0, 0, 0, 0, 1, 2, 0, 3, 3
2025-12-28 12:47:21.130244|{rssi-76} 111, -127, -94, -127, -127, -127, 111, 111, 111, 111, 111, 111, 111, 111, 111, 111, 111, 111, 
2025-12-28 12:47:21.138936|{td-76} 0, -3003928, -19, 0, 0, 0, 0, 0, 0, 0, 0, 0, 0, 0, 0, 0, 0, 0, 
2025-12-28 12:47:21.145032|{tx-76} :A-BBB............
2025-12-28 12:47:21.316276|{rx-77} 1, 1, 1, 3, 58, 197, 0, 0, 0, 0, 2, 3, 0, 3, 3
2025-12-28 12:47:21.321453|{rssi-77} 111, -127, -86, -53, -127, -127, -127, 111, 111, 111, 111, 111, 111, 111, 111, 111, 111, 111, 
2025-12-28 12:47:21.330536|{td-77} 0, -3003928, -25, -23, 0, 0, 0, 0, 0, 0, 0, 0, 0, 0, 0, 0, 0, 0, 
2025-12-28 12:47:21.336755|{tx-77} :AC-BBB...........
2025-12-28 12:47:21.505791|{rx-78} 1, 2, 1, 3, 59, 201, 0, 0, 0, 0, 3, 4, 0, 3, 3
2025-12-28 12:47:21.510321|{rssi-78} 111, -127, -86, -85, -53, -127, -127, -127, 111, 111, 111, 111, 111, 111, 111, 111, 111, 111, 
2025-12-28 12:47:21.521098|{td-78} 0, -2995008, -21, -25, -21, 0, 0, 0, 0, 0, 0, 0, 0, 0, 0, 0, 0, 0, 
2025-12-28 12:47:21.527142|{tx-78} :ACC-BBB..........
2025-12-28 12:47:21.697116|{rx-79} 1, 1, 4, 3, 60, 207, 0, 0, 0, 0, 5, 4, 0, 3, 3
2025-12-28 12:47:21.702274|{rssi-79} 111, -127, -127, -127, -85, -85, -86, -127, -127, -127, 111, 111, 111, 111, 111, 111, 111, 111, 
2025-12-28 12:47:21.712242|{td-79} 0, -2986088, -2995008, -3003928, -23, -8943, -23, 0, 0, 0, 0, 0, 0, 0, 0, 0, 0, 0, 
2025-12-28 12:47:21.719269|{tx-79} :AAACA-BBB........
2025-12-28 12:47:21.886535|{rx-80} 1, 0, 1, 3, 61, 209, 0, 0, 0, 0, 1, 2, 0, 3, 3
2025-12-28 12:47:21.890557|{rssi-80} 111, -127, -87, -127, -127, -127, 111, 111, 111, 111, 111, 111, 111, 111, 111, 111, 111, 111, 
2025-12-28 12:47:21.899189|{td-80} 0, -2968248, -19, 0, 0, 0, 0, 0, 0, 0, 0, 0, 0, 0, 0, 0, 0, 0, 
2025-12-28 12:47:21.904937|{tx-80} :A-BBB............
2025-12-28 12:47:22.076605|{rx-81} 1, 1, 1, 3, 62, 212, 0, 0, 0, 0, 2, 2, 0, 3, 3
2025-12-28 12:47:22.080592|{rssi-81} 111, -127, -89, -84, -127, -127, -127, 111, 111, 111, 111, 111, 111, 111, 111, 111, 111, 111, 
2025-12-28 12:47:22.088773|{td-81} 0, -3003928, -23, -23, 0, 0, 0, 0, 0, 0, 0, 0, 0, 0, 0, 0, 0, 0, 
2025-12-28 12:47:22.097023|{tx-81} :AC-BBB...........
2025-12-28 12:47:22.264691|{rx-82} 1, 0, 1, 3, 63, 214, 0, 0, 0, 0, 1, 2, 0, 3, 3
2025-12-28 12:47:22.270021|{rssi-82} 111, -127, -86, -127, -127, -127, 111, 111, 111, 111, 111, 111, 111, 111, 111, 111, 111, 111, 
2025-12-28 12:47:22.278892|{td-82} 0, -2995008, -21, 0, 0, 0, 0, 0, 0, 0, 0, 0, 0, 0, 0, 0, 0, 0, 
2025-12-28 12:47:22.285716|{tx-82} :A-BBB............
2025-12-28 12:47:22.456625|{rx-83} 1, 0, 2, 3, 64, 217, 0, 0, 0, 0, 2, 3, 0, 3, 3
2025-12-28 12:47:22.460315|{rssi-83} 111, -127, -127, -53, -127, -127, -127, 111, 111, 111, 111, 111, 111, 111, 111, 111, 111, 111, 
2025-12-28 12:47:22.469880|{td-83} 0, -3003928, -3012848, -19, 0, 0, 0, 0, 0, 0, 0, 0, 0, 0, 0, 0, 0, 0, 
2025-12-28 12:47:22.476077|{tx-83} :AA-BBB...........
2025-12-28 12:47:22.644685|{rx-84} 1, 0, 1, 3, 65, 219, 0, 0, 0, 0, 1, 2, 0, 3, 3
2025-12-28 12:47:22.649821|{rssi-84} 111, -127, -85, -127, -127, -127, 111, 111, 111, 111, 111, 111, 111, 111, 111, 111, 111, 111, 
2025-12-28 12:47:22.658420|{td-84} 0, -2995008, -23, 0, 0, 0, 0, 0, 0, 0, 0, 0, 0, 0, 0, 0, 0, 0, 
2025-12-28 12:47:22.665498|{tx-84} :A-BBB............
2025-12-28 12:47:22.836977|{rx-85} 1, 0, 4, 3, 66, 224, 0, 0, 0, 0, 4, 3, 0, 3, 3
2025-12-28 12:47:22.841680|{rssi-85} 111, -127, -127, -127, -127, -86, -127, -127, -127, 111, 111, 111, 111, 111, 111, 111, 111, 111, 
2025-12-28 12:47:22.850851|{td-85} 0, -3003928, -3012848, -3021768, -3030688, -23, 0, 0, 0, 0, 0, 0, 0, 0, 0, 0, 0, 0, 
2025-12-28 12:47:22.858196|{tx-85} :AAAA-BBB.........
2025-12-28 12:47:23.027074|{rx-86} 1, 2, 2, 3, 67, 229, 0, 0, 0, 0, 4, 3, 0, 3, 3
2025-12-28 12:47:23.031355|{rssi-86} 111, -127, -127, -84, -88, -49, -127, -127, -127, 111, 111, 111, 111, 111, 111, 111, 111, 111, 
2025-12-28 12:47:23.041168|{td-86} 0, -2977168, -2986088, -19, -17, -17, 0, 0, 0, 0, 0, 0, 0, 0, 0, 0, 0, 0, 
2025-12-28 12:47:23.047989|{tx-86} :AACC-BBB.........
2025-12-28 12:47:23.215800|{rx-87} 1, 1, 2, 3, 68, 233, 0, 0, 0, 0, 3, 4, 0, 3, 3
2025-12-28 12:47:23.220190|{rssi-87} 111, -127, -82, -82, -67, -127, -127, -127, 111, 111, 111, 111, 111, 111, 111, 111, 111, 111, 
2025-12-28 12:47:23.230767|{td-87} 0, -2977168, -25, -8945, -23, 0, 0, 0, 0, 0, 0, 0, 0, 0, 0, 0, 0, 0, 
2025-12-28 12:47:23.236172|{tx-87} :ACA-BBB..........
2025-12-28 12:47:23.407129|{rx-88} 1, 3, 1, 3, 69, 238, 0, 0, 0, 0, 4, 4, 0, 3, 3
2025-12-28 12:47:23.411228|{rssi-88} 111, -127, -82, -86, -82, -65, -127, -127, -127, 111, 111, 111, 111, 111, 111, 111, 111, 111, 
2025-12-28 12:47:23.420867|{td-88} 0, -2986088, -23, -23, -21, -23, 0, 0, 0, 0, 0, 0, 0, 0, 0, 0, 0, 0, 
2025-12-28 12:47:23.427925|{tx-88} :ACCC-BBB.........
2025-12-28 12:47:23.595467|{rx-89} 1, 0, 1, 3, 70, 240, 0, 0, 0, 0, 1, 2, 0, 3, 3
2025-12-28 12:47:23.599445|{rssi-89} 111, -127, -84, -127, -127, -127, 111, 111, 111, 111, 111, 111, 111, 111, 111, 111, 111, 111, 
2025-12-28 12:47:23.609320|{td-89} 0, -2977168, -21, 0, 0, 0, 0, 0, 0, 0, 0, 0, 0, 0, 0, 0, 0, 0, 
2025-12-28 12:47:23.615238|{tx-89} :A-BBB............
2025-12-28 12:47:23.786527|{rx-90} 1, 2, 1, 3, 71, 244, 0, 0, 0, 0, 3, 4, 0, 3, 3
2025-12-28 12:47:23.790937|{rssi-90} 111, -127, -89, -85, -65, -127, -127, -127, 111, 111, 111, 111, 111, 111, 111, 111, 111, 111, 
2025-12-28 12:47:23.799806|{td-90} 0, -3003928, -19, -21, -19, 0, 0, 0, 0, 0, 0, 0, 0, 0, 0, 0, 0, 0, 
2025-12-28 12:47:23.805919|{tx-90} :ACC-BBB..........
2025-12-28 12:47:23.974893|{rx-91} 1, 1, 1, 3, 72, 247, 0, 0, 0, 0, 2, 3, 0, 3, 3
2025-12-28 12:47:23.980023|{rssi-91} 111, -127, -86, -50, -127, -127, -127, 111, 111, 111, 111, 111, 111, 111, 111, 111, 111, 111, 
2025-12-28 12:47:23.989426|{td-91} 0, -2986088, -23, -23, 0, 0, 0, 0, 0, 0, 0, 0, 0, 0, 0, 0, 0, 0, 
2025-12-28 12:47:23.995533|{tx-91} :AC-BBB...........
2025-12-28 12:47:24.165936|{rx-92} 1, 1, 1, 3, 73, 250, 0, 0, 0, 0, 2, 3, 0, 3, 3
2025-12-28 12:47:24.169258|{rssi-92} 111, -127, -87, -48, -127, -127, -127, 111, 111, 111, 111, 111, 111, 111, 111, 111, 111, 111, 
2025-12-28 12:47:24.179179|{td-92} 0, -2995008, -23, -21, 0, 0, 0, 0, 0, 0, 0, 0, 0, 0, 0, 0, 0, 0, 
2025-12-28 12:47:24.186228|{tx-92} :AC-BBB...........
2025-12-28 12:47:24.355942|{rx-93} 1, 2, 1, 3, 74, 254, 0, 0, 0, 0, 3, 4, 0, 3, 3
2025-12-28 12:47:24.360646|{rssi-93} 111, -127, -85, -78, -53, -127, -127, -127, 111, 111, 111, 111, 111, 111, 111, 111, 111, 111, 
2025-12-28 12:47:24.370366|{td-93} 0, -2995008, -21, -21, -21, 0, 0, 0, 0, 0, 0, 0, 0, 0, 0, 0, 0, 0, 
2025-12-28 12:47:24.377128|{tx-93} :ACC-BBB..........
2025-12-28 12:47:24.544854|{rx-94} 1, 1, 1, 3, 75, 257, 0, 0, 0, 0, 2, 3, 0, 3, 3
2025-12-28 12:47:24.550202|{rssi-94} 111, -127, -87, -52, -127, -127, -127, 111, 111, 111, 111, 111, 111, 111, 111, 111, 111, 111, 
2025-12-28 12:47:24.559609|{td-94} 0, -2986088, -19, -21, 0, 0, 0, 0, 0, 0, 0, 0, 0, 0, 0, 0, 0, 0, 
2025-12-28 12:47:24.564879|{tx-94} :AC-BBB...........
2025-12-28 12:47:24.736110|{rx-95} 1, 1, 3, 3, 76, 262, 0, 0, 0, 0, 4, 4, 0, 3, 3
2025-12-28 12:47:24.740479|{rssi-95} 111, -127, -127, -127, -82, -53, -127, -127, -127, 111, 111, 111, 111, 111, 111, 111, 111, 111, 
2025-12-28 12:47:24.750493|{td-95} 0, -2995008, -3003928, -3012848, -23, -25, 0, 0, 0, 0, 0, 0, 0, 0, 0, 0, 0, 0, 
2025-12-28 12:47:24.758605|{tx-95} :AAAC-BBB.........
2025-12-28 12:47:24.926249|{rx-96} 1, 1, 2, 3, 77, 266, 0, 0, 0, 0, 3, 4, 0, 3, 3
2025-12-28 12:47:24.929740|{rssi-96} 111, -127, -127, -88, -53, -127, -127, -127, 111, 111, 111, 111, 111, 111, 111, 111, 111, 111, 
2025-12-28 12:47:24.939478|{td-96} 0, -2977168, -2986088, -19, -17, 0, 0, 0, 0, 0, 0, 0, 0, 0, 0, 0, 0, 0, 
2025-12-28 12:47:24.946986|{tx-96} :AAC-BBB..........
2025-12-28 12:47:25.115153|{rx-97} 1, 1, 1, 3, 78, 269, 0, 0, 0, 0, 2, 3, 0, 3, 3
2025-12-28 12:47:25.118996|{rssi-97} 111, -127, -86, -52, -127, -127, -127, 111, 111, 111, 111, 111, 111, 111, 111, 111, 111, 111, 
2025-12-28 12:47:25.129363|{td-97} 0, -2986088, -23, -21, 0, 0, 0, 0, 0, 0, 0, 0, 0, 0, 0, 0, 0, 0, 
2025-12-28 12:47:25.136221|{tx-97} :AC-BBB...........
2025-12-28 12:47:25.306057|{rx-98} 1, 1, 2, 3, 79, 273, 0, 0, 0, 0, 3, 4, 0, 3, 3
2025-12-28 12:47:25.310287|{rssi-98} 111, -127, -86, -86, -65, -127, -127, -127, 111, 111, 111, 111, 111, 111, 111, 111, 111, 111, 
2025-12-28 12:47:25.318749|{td-98} 0, -2995008, -23, -8943, -25, 0, 0, 0, 0, 0, 0, 0, 0, 0, 0, 0, 0, 0, 
2025-12-28 12:47:25.326302|{tx-98} :ACA-BBB..........
2025-12-28 12:47:25.495939|{rx-99} 1, 2, 2, 3, 80, 278, 0, 0, 0, 0, 4, 4, 0, 3, 3
2025-12-28 12:47:25.499934|{rssi-99} 111, -127, -86, -86, -85, -65, -127, -127, -127, 111, 111, 111, 111, 111, 111, 111, 111, 111, 
2025-12-28 12:47:25.510437|{td-99} 0, -2986088, -19, -8939, -17, -17, 0, 0, 0, 0, 0, 0, 0, 0, 0, 0, 0, 0, 
2025-12-28 12:47:25.517975|{tx-99} :ACAC-BBB.........
2025-12-28 12:47:25.686047|{rx-100} 1, 3, 1, 3, 81, 283, 0, 0, 0, 0, 4, 4, 0, 3, 3
2025-12-28 12:47:25.691678|{rssi-100} 111, -127, -82, -86, -87, -65, -127, -127, -127, 111, 111, 111, 111, 111, 111, 111, 111, 111, 
2025-12-28 12:47:25.701252|{td-100} 0, -2977168, -21, -23, -23, -23, 0, 0, 0, 0, 0, 0, 0, 0, 0, 0, 0, 0, 
2025-12-28 12:47:25.706590|{tx-100} :ACCC-BBB.........
2025-12-28 12:47:25.874764|{rx-101} 1, 2, 1, 3, 82, 287, 0, 0, 0, 0, 3, 4, 0, 3, 3
2025-12-28 12:47:25.880750|{rssi-101} 111, -127, -90, -81, -70, -127, -127, -127, 111, 111, 111, 111, 111, 111, 111, 111, 111, 111, 
2025-12-28 12:47:25.890113|{td-101} 0, -2977168, -23, -23, -23, 0, 0, 0, 0, 0, 0, 0, 0, 0, 0, 0, 0, 0, 
2025-12-28 12:47:25.895999|{tx-101} :ACC-BBB..........
2025-12-28 12:47:26.066427|{rx-102} 1, 1, 2, 3, 83, 291, 0, 0, 0, 0, 3, 4, 0, 3, 3
2025-12-28 12:47:26.070624|{rssi-102} 111, -127, -83, -83, -53, -127, -127, -127, 111, 111, 111, 111, 111, 111, 111, 111, 111, 111, 
2025-12-28 12:47:26.080029|{td-102} 0, -2986088, -19, -8939, -19, 0, 0, 0, 0, 0, 0, 0, 0, 0, 0, 0, 0, 0, 
2025-12-28 12:47:26.087226|{tx-102} :ACA-BBB..........
2025-12-28 12:47:26.254655|{rx-103} 1, 1, 2, 3, 84, 295, 0, 0, 0, 0, 3, 4, 0, 3, 3
2025-12-28 12:47:26.260319|{rssi-103} 111, -127, -127, -86, -68, -127, -127, -127, 111, 111, 111, 111, 111, 111, 111, 111, 111, 111, 
2025-12-28 12:47:26.270838|{td-103} 0, -2986088, -2995008, -21, -21, 0, 0, 0, 0, 0, 0, 0, 0, 0, 0, 0, 0, 0, 
2025-12-28 12:47:26.276251|{tx-103} :AAC-BBB..........
2025-12-28 12:47:26.445799|{rx-104} 1, 1, 1, 3, 85, 298, 0, 0, 0, 0, 2, 3, 0, 3, 3
2025-12-28 12:47:26.450103|{rssi-104} 111, -127, -85, -49, -127, -127, -127, 111, 111, 111, 111, 111, 111, 111, 111, 111, 111, 111, 
2025-12-28 12:47:26.459741|{td-104} 0, -2986088, -21, -23, 0, 0, 0, 0, 0, 0, 0, 0, 0, 0, 0, 0, 0, 0, 
2025-12-28 12:47:26.465882|{tx-104} :AC-BBB...........
2025-12-28 12:47:26.634868|{rx-105} 1, 2, 1, 3, 86, 302, 0, 0, 0, 0, 3, 4, 0, 3, 3
2025-12-28 12:47:26.640626|{rssi-105} 111, -127, -93, -85, -52, -127, -127, -127, 111, 111, 111, 111, 111, 111, 111, 111, 111, 111, 
2025-12-28 12:47:26.650815|{td-105} 0, -2995008, -23, -21, -19, 0, 0, 0, 0, 0, 0, 0, 0, 0, 0, 0, 0, 0, 
2025-12-28 12:47:26.657986|{tx-105} :ACC-BBB..........
2025-12-28 12:47:26.825862|{rx-106} 1, 0, 2, 3, 87, 305, 0, 0, 0, 0, 2, 3, 0, 3, 3
2025-12-28 12:47:26.830244|{rssi-106} 111, -127, -127, -49, -127, -127, -127, 111, 111, 111, 111, 111, 111, 111, 111, 111, 111, 111, 
2025-12-28 12:47:26.840709|{td-106} 0, -2986088, -2995008, -23, 0, 0, 0, 0, 0, 0, 0, 0, 0, 0, 0, 0, 0, 0, 
2025-12-28 12:47:26.846528|{tx-106} :AA-BBB...........
2025-12-28 12:47:27.015545|{rx-107} 1, 1, 2, 3, 88, 309, 0, 0, 0, 0, 2, 3, 0, 3, 3
2025-12-28 12:47:27.020486|{rssi-107} 111, -127, -93, -49, -127, -127, -127, 111, 111, 111, 111, 111, 111, 111, 111, 111, 111, 111, 
2025-12-28 12:47:27.029614|{td-107} 0, -2995008, -19, -19, 0, 0, 0, 0, 0, 0, 0, 0, 0, 0, 0, 0, 0, 0, 
2025-12-28 12:47:27.036558|{tx-107} :AP-BBB...........
2025-12-28 12:47:27.205540|{rx-108} 1, 1, 2, 3, 89, 313, 0, 0, 0, 0, 3, 4, 0, 3, 3
2025-12-28 12:47:27.210695|{rssi-108} 111, -127, -127, -90, -53, -127, -127, -127, 111, 111, 111, 111, 111, 111, 111, 111, 111, 111, 
2025-12-28 12:47:27.220530|{td-108} 0, -2995008, -3003928, -23, -23, 0, 0, 0, 0, 0, 0, 0, 0, 0, 0, 0, 0, 0, 
2025-12-28 12:47:27.226737|{tx-108} :AAC-BBB..........
2025-12-28 12:47:27.395860|{rx-109} 1, 1, 1, 3, 90, 316, 0, 0, 0, 0, 2, 3, 0, 3, 3
2025-12-28 12:47:27.399493|{rssi-109} 111, -127, -84, -49, -127, -127, -127, 111, 111, 111, 111, 111, 111, 111, 111, 111, 111, 111, 
2025-12-28 12:47:27.409502|{td-109} 0, -2986088, -19, -21, 0, 0, 0, 0, 0, 0, 0, 0, 0, 0, 0, 0, 0, 0, 
2025-12-28 12:47:27.416439|{tx-109} :AC-BBB...........
2025-12-28 12:47:27.586812|{rx-110} 1, 2, 2, 3, 91, 321, 0, 0, 0, 0, 4, 4, 0, 3, 3
2025-12-28 12:47:27.591343|{rssi-110} 111, -127, -88, -88, -89, -53, -127, -127, -127, 111, 111, 111, 111, 111, 111, 111, 111, 111, 
2025-12-28 12:47:27.600868|{td-110} 0, -2995008, -19, -8939, -21, -21, 0, 0, 0, 0, 0, 0, 0, 0, 0, 0, 0, 0, 
2025-12-28 12:47:27.608353|{tx-110} :ACAC-BBB.........
2025-12-28 12:47:27.775821|{rx-111} 1, 1, 1, 3, 92, 324, 0, 0, 0, 0, 2, 3, 0, 3, 3
2025-12-28 12:47:27.780022|{rssi-111} 111, -127, -87, -81, -127, -127, -127, 111, 111, 111, 111, 111, 111, 111, 111, 111, 111, 111, 
2025-12-28 12:47:27.789520|{td-111} 0, -2977168, -21, -21, 0, 0, 0, 0, 0, 0, 0, 0, 0, 0, 0, 0, 0, 0, 
2025-12-28 12:47:27.796409|{tx-111} :AC-BBB...........
2025-12-28 12:47:27.966757|{rx-112} 1, 2, 2, 3, 93, 329, 0, 0, 0, 0, 4, 3, 0, 3, 3
2025-12-28 12:47:27.971097|{rssi-112} 111, -127, -127, -91, -84, -87, -127, -127, -127, 111, 111, 111, 111, 111, 111, 111, 111, 111, 
2025-12-28 12:47:27.980619|{td-112} 0, -2995008, -3003928, -23, -21, -23, 0, 0, 0, 0, 0, 0, 0, 0, 0, 0, 0, 0, 
2025-12-28 12:47:27.987198|{tx-112} :AACC-BBB.........
2025-12-28 12:47:28.156634|{rx-113} 1, 2, 1, 3, 94, 333, 0, 0, 0, 0, 3, 4, 0, 3, 3
2025-12-28 12:47:28.160810|{rssi-113} 111, -127, -87, -80, -68, -127, -127, -127, 111, 111, 111, 111, 111, 111, 111, 111, 111, 111, 
2025-12-28 12:47:28.170274|{td-113} 0, -2977168, -19, -19, -19, 0, 0, 0, 0, 0, 0, 0, 0, 0, 0, 0, 0, 0, 
2025-12-28 12:47:28.176057|{tx-113} :ACC-BBB..........
2025-12-28 12:47:28.350175|{rx-114} 1, 2, 1, 3, 95, 337, 0, 0, 0, 0, 3, 4, 0, 3, 3
2025-12-28 12:47:28.352331|{rssi-114} 111, -127, -82, -91, -64, -127, -127, -127, 111, 111, 111, 111, 111, 111, 111, 111, 111, 111, 
2025-12-28 12:47:28.359840|{td-114} 0, -2986088, -21, -21, -21, 0, 0, 0, 0, 0, 0, 0, 0, 0, 0, 0, 0, 0, 
2025-12-28 12:47:28.366888|{tx-114} :ACC-BBB..........
2025-12-28 12:47:28.534697|{rx-115} 1, 0, 1, 3, 96, 339, 0, 0, 0, 0, 1, 2, 0, 3, 3
2025-12-28 12:47:28.539332|{rssi-115} 111, -127, -83, -127, -127, -127, 111, 111, 111, 111, 111, 111, 111, 111, 111, 111, 111, 111, 
2025-12-28 12:47:28.549872|{td-115} 0, -2986088, -21, 0, 0, 0, 0, 0, 0, 0, 0, 0, 0, 0, 0, 0, 0, 0, 
2025-12-28 12:47:28.555714|{tx-115} :A-BBB............
2025-12-28 12:47:28.726447|{rx-116} 1, 1, 2, 3, 97, 343, 0, 0, 0, 0, 3, 4, 0, 3, 3
2025-12-28 12:47:28.731288|{rssi-116} 111, -127, -127, -85, -69, -127, -127, -127, 111, 111, 111, 111, 111, 111, 111, 111, 111, 111, 
2025-12-28 12:47:28.739297|{td-116} 0, -3003928, -3012848, -21, -21, 0, 0, 0, 0, 0, 0, 0, 0, 0, 0, 0, 0, 0, 
2025-12-28 12:47:28.746821|{tx-116} :AAC-BBB..........
2025-12-28 12:47:28.914878|{rx-117} 1, 1, 1, 3, 98, 346, 0, 0, 0, 0, 2, 3, 0, 3, 3
2025-12-28 12:47:28.919579|{rssi-117} 111, -127, -81, -49, -127, -127, -127, 111, 111, 111, 111, 111, 111, 111, 111, 111, 111, 111, 
2025-12-28 12:47:28.929382|{td-117} 0, -2986088, -25, -23, 0, 0, 0, 0, 0, 0, 0, 0, 0, 0, 0, 0, 0, 0, 
2025-12-28 12:47:28.935458|{tx-117} :AC-BBB...........
2025-12-28 12:47:29.105258|{rx-118} 1, 0, 1, 3, 99, 348, 0, 0, 0, 0, 1, 2, 0, 3, 3
2025-12-28 12:47:29.109056|{rssi-118} 111, -127, -87, -127, -127, -127, 111, 111, 111, 111, 111, 111, 111, 111, 111, 111, 111, 111, 
2025-12-28 12:47:29.118781|{td-118} 0, -2995008, -19, 0, 0, 0, 0, 0, 0, 0, 0, 0, 0, 0, 0, 0, 0, 0, 
2025-12-28 12:47:29.124629|{tx-118} :A-BBB............
2025-12-28 12:47:29.295515|{rx-119} 1, 2, 1, 3, 100, 352, 0, 0, 0, 0, 3, 4, 0, 3, 3
2025-12-28 12:47:29.299731|{rssi-119} 111, -127, -81, -85, -66, -127, -127, -127, 111, 111, 111, 111, 111, 111, 111, 111, 111, 111, 
2025-12-28 12:47:29.309309|{td-119} 0, -3003928, -25, -23, -23, 0, 0, 0, 0, 0, 0, 0, 0, 0, 0, 0, 0, 0, 
2025-12-28 12:47:29.315810|{tx-119} :ACC-BBB..........
2025-12-28 12:47:29.485506|{rx-120} 1, 2, 2, 3, 101, 357, 0, 0, 0, 0, 4, 4, 0, 3, 3
2025-12-28 12:47:29.490252|{rssi-120} 111, -127, -84, -84, -84, -50, -127, -127, -127, 111, 111, 111, 111, 111, 111, 111, 111, 111, 
2025-12-28 12:47:29.500533|{td-120} 0, -2986088, -21, -8941, -21, -23, 0, 0, 0, 0, 0, 0, 0, 0, 0, 0, 0, 0, 
2025-12-28 12:47:29.507245|{tx-120} :ACAC-BBB.........
2025-12-28 12:47:29.676699|{rx-121} 1, 1, 2, 3, 102, 361, 0, 0, 0, 0, 3, 4, 0, 3, 3
2025-12-28 12:47:29.680122|{rssi-121} 111, -127, -87, -87, -51, -127, -127, -127, 111, 111, 111, 111, 111, 111, 111, 111, 111, 111, 
2025-12-28 12:47:29.689664|{td-121} 0, -2977168, -19, -8939, -17, 0, 0, 0, 0, 0, 0, 0, 0, 0, 0, 0, 0, 0, 
2025-12-28 12:47:29.696194|{tx-121} :ACA-BBB..........
2025-12-28 12:47:29.866800|{rx-122} 1, 2, 1, 3, 103, 365, 0, 0, 0, 0, 3, 4, 0, 3, 3
2025-12-28 12:47:29.869258|{rssi-122} 111, -127, -85, -84, -65, -127, -127, -127, 111, 111, 111, 111, 111, 111, 111, 111, 111, 111, 
2025-12-28 12:47:29.880051|{td-122} 0, -2986088, -25, -23, -23, 0, 0, 0, 0, 0, 0, 0, 0, 0, 0, 0, 0, 0, 
2025-12-28 12:47:29.886962|{tx-122} :ACC-BBB..........
2025-12-28 12:47:30.056448|{rx-123} 1, 0, 3, 3, 104, 369, 0, 0, 0, 0, 3, 4, 0, 3, 3
2025-12-28 12:47:30.060403|{rssi-123} 111, -127, -127, -127, -50, -127, -127, -127, 111, 111, 111, 111, 111, 111, 111, 111, 111, 111, 
2025-12-28 12:47:30.069928|{td-123} 0, -2986088, -2995008, -3003928, -21, 0, 0, 0, 0, 0, 0, 0, 0, 0, 0, 0, 0, 0, 
2025-12-28 12:47:30.078199|{tx-123} :AAA-BBB..........
2025-12-28 12:47:30.247669|{rx-124} 1, 0, 1, 3, 105, 371, 0, 0, 0, 0, 1, 2, 0, 3, 3
2025-12-28 12:47:30.250034|{rssi-124} 111, -127, -86, -127, -127, -127, 111, 111, 111, 111, 111, 111, 111, 111, 111, 111, 111, 111, 
2025-12-28 12:47:30.258981|{td-124} 0, -2986088, -23, 0, 0, 0, 0, 0, 0, 0, 0, 0, 0, 0, 0, 0, 0, 0, 
2025-12-28 12:47:30.264008|{tx-124} :A-BBB............
2025-12-28 12:47:30.434360|{rx-125} 1, 1, 1, 3, 106, 374, 0, 0, 0, 0, 2, 3, 0, 3, 3
2025-12-28 12:47:30.438942|{rssi-125} 111, -127, -84, -49, -127, -127, -127, 111, 111, 111, 111, 111, 111, 111, 111, 111, 111, 111, 
2025-12-28 12:47:30.449020|{td-125} 0, -3003928, -23, -19, 0, 0, 0, 0, 0, 0, 0, 0, 0, 0, 0, 0, 0, 0, 
2025-12-28 12:47:30.454914|{tx-125} :AC-BBB...........
2025-12-28 12:47:30.624211|{rx-126} 1, 0, 2, 3, 107, 377, 0, 0, 0, 0, 2, 3, 0, 3, 3
2025-12-28 12:47:30.629536|{rssi-126} 111, -127, -127, -50, -127, -127, -127, 111, 111, 111, 111, 111, 111, 111, 111, 111, 111, 111, 
2025-12-28 12:47:30.638318|{td-126} 0, -2995008, -3003928, -23, 0, 0, 0, 0, 0, 0, 0, 0, 0, 0, 0, 0, 0, 0, 
2025-12-28 12:47:30.646215|{tx-126} :AA-BBB...........
2025-12-28 12:47:30.813115|{rx-127} 1, 0, 1, 3, 108, 379, 0, 0, 0, 0, 1, 2, 0, 3, 3
2025-12-28 12:47:30.818947|{rssi-127} 111, -127, -91, -127, -127, -127, 111, 111, 111, 111, 111, 111, 111, 111, 111, 111, 111, 111, 
2025-12-28 12:47:30.828665|{td-127} 0, -2995008, -21, 0, 0, 0, 0, 0, 0, 0, 0, 0, 0, 0, 0, 0, 0, 0, 
2025-12-28 12:47:30.833819|{tx-127} :A-BBB............
2025-12-28 12:47:31.003343|{rx-128} 1, 0, 1, 3, 109, 381, 0, 0, 0, 0, 1, 2, 0, 3, 3
2025-12-28 12:47:31.009172|{rssi-128} 111, -127, -87, -127, -127, -127, 111, 111, 111, 111, 111, 111, 111, 111, 111, 111, 111, 111, 
2025-12-28 12:47:31.019290|{td-128} 0, -3003928, -21, 0, 0, 0, 0, 0, 0, 0, 0, 0, 0, 0, 0, 0, 0, 0, 
2025-12-28 12:47:31.024079|{tx-128} :A-BBB............
2025-12-28 12:47:31.192984|{rx-129} 1, 0, 1, 3, 110, 383, 0, 0, 0, 0, 1, 2, 0, 3, 3
2025-12-28 12:47:31.199277|{rssi-129} 111, -127, -85, -127, -127, -127, 111, 111, 111, 111, 111, 111, 111, 111, 111, 111, 111, 111, 
2025-12-28 12:47:31.208382|{td-129} 0, -3003928, -21, 0, 0, 0, 0, 0, 0, 0, 0, 0, 0, 0, 0, 0, 0, 0, 
2025-12-28 12:47:31.214675|{tx-129} :A-BBB............
2025-12-28 12:47:31.386144|{rx-130} 1, 1, 2, 3, 111, 387, 0, 0, 0, 0, 3, 4, 0, 3, 3
2025-12-28 12:47:31.390484|{rssi-130} 111, -127, -127, -89, -68, -127, -127, -127, 111, 111, 111, 111, 111, 111, 111, 111, 111, 111, 
2025-12-28 12:47:31.399901|{td-130} 0, -3003928, -3012848, -21, -21, 0, 0, 0, 0, 0, 0, 0, 0, 0, 0, 0, 0, 0, 
2025-12-28 12:47:31.406683|{tx-130} :AAC-BBB..........
2025-12-28 12:47:31.576056|{rx-131} 1, 1, 1, 3, 112, 390, 0, 0, 0, 0, 2, 2, 0, 3, 3
2025-12-28 12:47:31.582421|{rssi-131} 111, -127, -88, -87, -127, -127, -127, 111, 111, 111, 111, 111, 111, 111, 111, 111, 111, 111, 
2025-12-28 12:47:31.588441|{td-131} 0, -2986088, -23, -23, 0, 0, 0, 0, 0, 0, 0, 0, 0, 0, 0, 0, 0, 0, 
2025-12-28 12:47:31.594280|{tx-131} :AC-BBB...........
2025-12-28 12:47:31.764164|{rx-132} 1, 2, 1, 3, 113, 394, 0, 0, 0, 0, 3, 4, 0, 3, 3
2025-12-28 12:47:31.770452|{rssi-132} 111, -127, -88, -88, -69, -127, -127, -127, 111, 111, 111, 111, 111, 111, 111, 111, 111, 111, 
2025-12-28 12:47:31.779207|{td-132} 0, -2995008, -19, -19, -19, 0, 0, 0, 0, 0, 0, 0, 0, 0, 0, 0, 0, 0, 
2025-12-28 12:47:31.786435|{tx-132} :ACC-BBB..........
2025-12-28 12:47:31.954033|{rx-133} 1, 0, 1, 3, 114, 396, 0, 0, 0, 0, 1, 2, 0, 3, 3
2025-12-28 12:47:31.958759|{rssi-133} 111, -127, -86, -127, -127, -127, 111, 111, 111, 111, 111, 111, 111, 111, 111, 111, 111, 111, 
2025-12-28 12:47:31.968234|{td-133} 0, -2986088, -21, 0, 0, 0, 0, 0, 0, 0, 0, 0, 0, 0, 0, 0, 0, 0, 
2025-12-28 12:47:31.973667|{tx-133} :A-BBB............
2025-12-28 12:47:32.145341|{rx-134} 1, 0, 2, 3, 115, 399, 0, 0, 0, 0, 2, 3, 0, 3, 3
2025-12-28 12:47:32.148815|{rssi-134} 111, -127, -127, -52, -127, -127, -127, 111, 111, 111, 111, 111, 111, 111, 111, 111, 111, 111, 
2025-12-28 12:47:32.159064|{td-134} 0, -3003928, -3012848, -25, 0, 0, 0, 0, 0, 0, 0, 0, 0, 0, 0, 0, 0, 0, 
2025-12-28 12:47:32.164650|{tx-134} :AA-BBB...........
2025-12-28 12:47:32.334414|{rx-135} 1, 0, 3, 3, 116, 403, 0, 0, 0, 0, 3, 2, 0, 3, 3
2025-12-28 12:47:32.339544|{rssi-135} 111, -127, -127, -127, -87, -127, -127, -127, 111, 111, 111, 111, 111, 111, 111, 111, 111, 111, 
2025-12-28 12:47:32.349048|{td-135} 0, -2995008, -3003928, -3012848, -19, 0, 0, 0, 0, 0, 0, 0, 0, 0, 0, 0, 0, 0, 
2025-12-28 12:47:32.356928|{tx-135} :AAA-BBB..........
2025-12-28 12:47:32.525754|{rx-136} 1, 1, 2, 3, 117, 407, 0, 0, 0, 0, 3, 4, 0, 3, 3
2025-12-28 12:47:32.529802|{rssi-136} 111, -127, -84, -84, -67, -127, -127, -127, 111, 111, 111, 111, 111, 111, 111, 111, 111, 111, 
2025-12-28 12:47:32.538263|{td-136} 0, -2986088, -21, -8941, -19, 0, 0, 0, 0, 0, 0, 0, 0, 0, 0, 0, 0, 0, 
2025-12-28 12:47:32.545630|{tx-136} :ACA-BBB..........
2025-12-28 12:47:32.713904|{rx-137} 1, 2, 1, 3, 118, 411, 0, 0, 0, 0, 3, 4, 0, 3, 3
2025-12-28 12:47:32.719934|{rssi-137} 111, -127, -93, -81, -65, -127, -127, -127, 111, 111, 111, 111, 111, 111, 111, 111, 111, 111, 
2025-12-28 12:47:32.728995|{td-137} 0, -2986088, -25, -23, -23, 0, 0, 0, 0, 0, 0, 0, 0, 0, 0, 0, 0, 0, 
2025-12-28 12:47:32.735361|{tx-137} :ACC-BBB..........
2025-12-28 12:47:32.903533|{rx-138} 1, 0, 1, 3, 119, 413, 0, 0, 0, 0, 1, 2, 0, 3, 3
2025-12-28 12:47:32.908563|{rssi-138} 111, -127, -84, -127, -127, -127, 111, 111, 111, 111, 111, 111, 111, 111, 111, 111, 111, 111, 
2025-12-28 12:47:32.918125|{td-138} 0, -2986088, -21, 0, 0, 0, 0, 0, 0, 0, 0, 0, 0, 0, 0, 0, 0, 0, 
2025-12-28 12:47:32.923659|{tx-138} :A-BBB............
2025-12-28 12:47:33.094814|{rx-139} 1, 2, 1, 3, 120, 417, 0, 0, 0, 0, 3, 4, 0, 3, 3
2025-12-28 12:47:33.098982|{rssi-139} 111, -127, -83, -80, -54, -127, -127, -127, 111, 111, 111, 111, 111, 111, 111, 111, 111, 111, 
2025-12-28 12:47:33.109521|{td-139} 0, -3003928, -21, -21, -21, 0, 0, 0, 0, 0, 0, 0, 0, 0, 0, 0, 0, 0, 
2025-12-28 12:47:33.115823|{tx-139} :ACC-BBB..........
2025-12-28 12:47:33.285474|{rx-140} 1, 2, 1, 3, 121, 421, 0, 0, 0, 0, 3, 3, 0, 3, 3
2025-12-28 12:47:33.290058|{rssi-140} 111, -127, -87, -86, -53, -127, -127, -127, 111, 111, 111, 111, 111, 111, 111, 111, 111, 111, 
2025-12-28 12:47:33.298933|{td-140} 0, -2986088, -23, -23, -21, 0, 0, 0, 0, 0, 0, 0, 0, 0, 0, 0, 0, 0, 
2025-12-28 12:47:33.305983|{tx-140} :ACC-BBB..........
2025-12-28 12:47:33.474116|{rx-141} 1, 0, 1, 3, 122, 423, 0, 0, 0, 0, 1, 2, 0, 3, 3
2025-12-28 12:47:33.479223|{rssi-141} 111, -127, -85, -127, -127, -127, 111, 111, 111, 111, 111, 111, 111, 111, 111, 111, 111, 111, 
2025-12-28 12:47:33.487900|{td-141} 0, -2986088, -25, 0, 0, 0, 0, 0, 0, 0, 0, 0, 0, 0, 0, 0, 0, 0, 
2025-12-28 12:47:33.493903|{tx-141} :A-BBB............
2025-12-28 12:47:33.663296|{rx-142} 1, 1, 1, 3, 123, 426, 0, 0, 0, 0, 2, 2, 0, 3, 3
2025-12-28 12:47:33.668593|{rssi-142} 111, -127, -85, -86, -127, -127, -127, 111, 111, 111, 111, 111, 111, 111, 111, 111, 111, 111, 
2025-12-28 12:47:33.678745|{td-142} 0, -3003928, -19, -19, 0, 0, 0, 0, 0, 0, 0, 0, 0, 0, 0, 0, 0, 0, 
2025-12-28 12:47:33.685919|{tx-142} :AC-BBB...........
2025-12-28 12:47:33.854272|{rx-143} 1, 0, 2, 3, 124, 429, 0, 0, 0, 0, 2, 3, 0, 3, 3
2025-12-28 12:47:33.858715|{rssi-143} 111, -127, -127, -49, -127, -127, -127, 111, 111, 111, 111, 111, 111, 111, 111, 111, 111, 111, 
2025-12-28 12:47:33.868750|{td-143} 0, -2995008, -3003928, -19, 0, 0, 0, 0, 0, 0, 0, 0, 0, 0, 0, 0, 0, 0, 
2025-12-28 12:47:33.876280|{tx-143} :AA-BBB...........
2025-12-28 12:47:34.043163|{rx-144} 1, 0, 1, 3, 125, 431, 0, 0, 0, 0, 1, 2, 0, 3, 3
2025-12-28 12:47:34.048565|{rssi-144} 111, -127, -86, -127, -127, -127, 111, 111, 111, 111, 111, 111, 111, 111, 111, 111, 111, 111, 
2025-12-28 12:47:34.057987|{td-144} 0, -2995008, -23, 0, 0, 0, 0, 0, 0, 0, 0, 0, 0, 0, 0, 0, 0, 0, 
2025-12-28 12:47:34.064363|{tx-144} :A-BBB............
2025-12-28 12:47:34.234367|{rx-145} 1, 1, 2, 3, 126, 435, 0, 0, 0, 0, 3, 4, 0, 3, 3
2025-12-28 12:47:34.240105|{rssi-145} 111, -127, -127, -84, -67, -127, -127, -127, 111, 111, 111, 111, 111, 111, 111, 111, 111, 111, 
2025-12-28 12:47:34.248130|{td-145} 0, -3003928, -3012848, -19, -19, 0, 0, 0, 0, 0, 0, 0, 0, 0, 0, 0, 0, 0, 
2025-12-28 12:47:34.256783|{tx-145} :AAC-BBB..........
2025-12-28 12:47:34.423839|{rx-146} 1, 0, 2, 3, 127, 438, 0, 0, 0, 0, 2, 3, 0, 3, 3
2025-12-28 12:47:34.428582|{rssi-146} 111, -127, -127, -49, -127, -127, -127, 111, 111, 111, 111, 111, 111, 111, 111, 111, 111, 111, 
2025-12-28 12:47:34.438561|{td-146} 0, -2986088, -2995008, -23, 0, 0, 0, 0, 0, 0, 0, 0, 0, 0, 0, 0, 0, 0, 
2025-12-28 12:47:34.446093|{tx-146} :AA-BBB...........
2025-12-28 12:47:34.614586|{rx-147} 1, 1, 2, 3, 128, 442, 0, 0, 0, 0, 3, 4, 0, 3, 3
2025-12-28 12:47:34.619805|{rssi-147} 111, -127, -127, -88, -65, -127, -127, -127, 111, 111, 111, 111, 111, 111, 111, 111, 111, 111, 
2025-12-28 12:47:34.628918|{td-147} 0, -2995008, -3003928, -19, -21, 0, 0, 0, 0, 0, 0, 0, 0, 0, 0, 0, 0, 0, 
2025-12-28 12:47:34.636412|{tx-147} :AAC-BBB..........
2025-12-28 12:47:34.805413|{rx-148} 1, 1, 4, 3, 129, 448, 0, 0, 0, 0, 5, 4, 0, 3, 3
2025-12-28 12:47:34.810720|{rssi-148} 111, -127, -127, -127, -87, -87, -84, -127, -127, -127, 111, 111, 111, 111, 111, 111, 111, 111, 
2025-12-28 12:47:34.820145|{td-148} 0, -2986088, -2995008, -3003928, -21, -8941, -23, 0, 0, 0, 0, 0, 0, 0, 0, 0, 0, 0, 
2025-12-28 12:47:34.827265|{tx-148} :AAACA-BBB........
2025-12-28 12:47:34.994915|{rx-149} 1, 2, 1, 3, 130, 452, 0, 0, 0, 0, 3, 4, 0, 3, 3
2025-12-28 12:47:34.999487|{rssi-149} 111, -127, -86, -85, -53, -127, -127, -127, 111, 111, 111, 111, 111, 111, 111, 111, 111, 111, 
2025-12-28 12:47:35.008829|{td-149} 0, -2968248, -19, -19, -21, 0, 0, 0, 0, 0, 0, 0, 0, 0, 0, 0, 0, 0, 
2025-12-28 12:47:35.015620|{tx-149} :ACC-BBB..........
2025-12-28 12:47:35.184380|{rx-150} 1, 2, 1, 3, 131, 456, 0, 0, 0, 0, 3, 4, 0, 3, 3
2025-12-28 12:47:35.188570|{rssi-150} 111, -127, -86, -83, -51, -127, -127, -127, 111, 111, 111, 111, 111, 111, 111, 111, 111, 111, 
2025-12-28 12:47:35.199094|{td-150} 0, -2986088, -21, -21, -21, 0, 0, 0, 0, 0, 0, 0, 0, 0, 0, 0, 0, 0, 
2025-12-28 12:47:35.204717|{tx-150} :ACC-BBB..........
2025-12-28 12:47:35.374260|{rx-151} 1, 1, 1, 3, 132, 459, 0, 0, 0, 0, 2, 3, 0, 3, 3
2025-12-28 12:47:35.378409|{rssi-151} 111, -127, -90, -53, -127, -127, -127, 111, 111, 111, 111, 111, 111, 111, 111, 111, 111, 111, 
2025-12-28 12:47:35.387643|{td-151} 0, -2986088, -19, -21, 0, 0, 0, 0, 0, 0, 0, 0, 0, 0, 0, 0, 0, 0, 
2025-12-28 12:47:35.393988|{tx-151} :AC-BBB...........
2025-12-28 12:47:35.564656|{rx-152} 1, 2, 1, 3, 133, 463, 0, 0, 0, 0, 3, 4, 0, 3, 3
2025-12-28 12:47:35.568464|{rssi-152} 111, -127, -87, -90, -67, -127, -127, -127, 111, 111, 111, 111, 111, 111, 111, 111, 111, 111, 
2025-12-28 12:47:35.578441|{td-152} 0, -2995008, -21, -19, -19, 0, 0, 0, 0, 0, 0, 0, 0, 0, 0, 0, 0, 0, 
2025-12-28 12:47:35.584616|{tx-152} :ACC-BBB..........
2025-12-28 12:47:35.754779|{rx-153} 1, 1, 2, 3, 134, 467, 0, 0, 0, 0, 3, 4, 0, 3, 3
2025-12-28 12:47:35.759268|{rssi-153} 111, -127, -87, -87, -66, -127, -127, -127, 111, 111, 111, 111, 111, 111, 111, 111, 111, 111, 
2025-12-28 12:47:35.768825|{td-153} 0, -2986088, -23, -8943, -21, 0, 0, 0, 0, 0, 0, 0, 0, 0, 0, 0, 0, 0, 
2025-12-28 12:47:35.776246|{tx-153} :ACA-BBB..........
2025-12-28 12:47:35.945929|{rx-154} 1, 1, 3, 3, 135, 472, 0, 0, 0, 0, 4, 3, 0, 3, 3
2025-12-28 12:47:35.950119|{rssi-154} 111, -127, -127, -127, -86, -86, -127, -127, -127, 111, 111, 111, 111, 111, 111, 111, 111, 111, 
2025-12-28 12:47:35.958641|{td-154} 0, -2986088, -2995008, -3003928, -21, -25, 0, 0, 0, 0, 0, 0, 0, 0, 0, 0, 0, 0, 
2025-12-28 12:47:35.966702|{tx-154} :AAAC-BBB.........
2025-12-28 12:47:36.132651|{rx-155} 1, 0, 1, 3, 136, 474, 0, 0, 0, 0, 1, 2, 0, 3, 3
2025-12-28 12:47:36.138166|{rssi-155} 111, -127, -84, -127, -127, -127, 111, 111, 111, 111, 111, 111, 111, 111, 111, 111, 111, 111, 
2025-12-28 12:47:36.147834|{td-155} 0, -2977168, -19, 0, 0, 0, 0, 0, 0, 0, 0, 0, 0, 0, 0, 0, 0, 0, 
2025-12-28 12:47:36.152525|{tx-155} :A-BBB............
2025-12-28 12:47:36.323075|{rx-156} 1, 1, 2, 3, 137, 478, 0, 0, 0, 0, 3, 4, 0, 3, 3
2025-12-28 12:47:36.329105|{rssi-156} 111, -127, -127, -86, -50, -127, -127, -127, 111, 111, 111, 111, 111, 111, 111, 111, 111, 111, 
2025-12-28 12:47:36.338732|{td-156} 0, -3003928, -3012848, -21, -21, 0, 0, 0, 0, 0, 0, 0, 0, 0, 0, 0, 0, 0, 
2025-12-28 12:47:36.344875|{tx-156} :AAC-BBB..........
2025-12-28 12:47:36.512680|{rx-157} 1, 0, 1, 3, 138, 480, 0, 0, 0, 0, 1, 2, 0, 3, 3
2025-12-28 12:47:36.518935|{rssi-157} 111, -127, -87, -127, -127, -127, 111, 111, 111, 111, 111, 111, 111, 111, 111, 111, 111, 111, 
2025-12-28 12:47:36.528139|{td-157} 0, -2986088, -23, 0, 0, 0, 0, 0, 0, 0, 0, 0, 0, 0, 0, 0, 0, 0, 
2025-12-28 12:47:36.532911|{tx-157} :A-BBB............
2025-12-28 12:47:36.703512|{rx-158} 1, 0, 3, 3, 139, 484, 0, 0, 0, 0, 3, 4, 0, 3, 3
2025-12-28 12:47:36.710683|{rssi-158} 111, -127, -127, -127, -67, -127, -127, -127, 111, 111, 111, 111, 111, 111, 111, 111, 111, 111, 
2025-12-28 12:47:36.718615|{td-158} 0, -3003928, -3012848, -3021768, -19, 0, 0, 0, 0, 0, 0, 0, 0, 0, 0, 0, 0, 0, 
2025-12-28 12:47:36.725575|{tx-158} :AAA-BBB..........
2025-12-28 12:47:36.892724|{rx-159} 1, 0, 1, 3, 140, 486, 0, 0, 0, 0, 1, 2, 0, 3, 3
2025-12-28 12:47:36.897950|{rssi-159} 111, -127, -83, -127, -127, -127, 111, 111, 111, 111, 111, 111, 111, 111, 111, 111, 111, 111, 
2025-12-28 12:47:36.907083|{td-159} 0, -2986088, -21, 0, 0, 0, 0, 0, 0, 0, 0, 0, 0, 0, 0, 0, 0, 0, 
2025-12-28 12:47:36.912931|{tx-159} :A-BBB............
2025-12-28 12:47:37.083562|{rx-160} 1, 1, 1, 3, 141, 489, 0, 0, 0, 0, 2, 3, 0, 3, 3
2025-12-28 12:47:37.089143|{rssi-160} 111, -127, -87, -51, -127, -127, -127, 111, 111, 111, 111, 111, 111, 111, 111, 111, 111, 111, 
2025-12-28 12:47:37.097641|{td-160} 0, -3003928, -23, -23, 0, 0, 0, 0, 0, 0, 0, 0, 0, 0, 0, 0, 0, 0, 
2025-12-28 12:47:37.104080|{tx-160} :AC-BBB...........
2025-12-28 12:47:37.274897|{rx-161} 1, 3, 2, 3, 142, 495, 0, 0, 0, 0, 5, 4, 0, 3, 3
2025-12-28 12:47:37.280459|{rssi-161} 111, -127, -87, -87, -83, -86, -50, -127, -127, -127, 111, 111, 111, 111, 111, 111, 111, 111, 
2025-12-28 12:47:37.289483|{td-161} 0, -2995008, -21, -8941, -21, -23, -23, 0, 0, 0, 0, 0, 0, 0, 0, 0, 0, 0, 
2025-12-28 12:47:37.296549|{tx-161} :ACACC-BBB........
2025-12-28 12:47:37.463414|{rx-162} 1, 1, 1, 3, 143, 498, 0, 0, 0, 0, 2, 3, 0, 3, 3
2025-12-28 12:47:37.468449|{rssi-162} 111, -127, -92, -50, -127, -127, -127, 111, 111, 111, 111, 111, 111, 111, 111, 111, 111, 111, 
2025-12-28 12:47:37.477897|{td-162} 0, -2968248, -19, -21, 0, 0, 0, 0, 0, 0, 0, 0, 0, 0, 0, 0, 0, 0, 
2025-12-28 12:47:37.483362|{tx-162} :AC-BBB...........
2025-12-28 12:47:37.653367|{rx-163} 1, 0, 3, 3, 144, 502, 0, 0, 0, 0, 3, 3, 0, 3, 3
2025-12-28 12:47:37.659328|{rssi-163} 111, -127, -127, -127, -48, -127, -127, -127, 111, 111, 111, 111, 111, 111, 111, 111, 111, 111, 
2025-12-28 12:47:37.668544|{td-163} 0, -2995008, -3003928, -3012848, -21, 0, 0, 0, 0, 0, 0, 0, 0, 0, 0, 0, 0, 0, 
2025-12-28 12:47:37.677045|{tx-163} :AAA-BBB..........
2025-12-28 12:47:37.846392|{rx-164} 1, 0, 6, 3, 145, 509, 0, 0, 0, 0, 6, 4, 0, 3, 3
2025-12-28 12:47:37.850343|{rssi-164} 111, -127, -127, -127, -127, -127, -127, -50, -127, -127, -127, 111, 111, 111, 111, 111, 111, 111, 
2025-12-28 12:47:37.860479|{td-164} 0, -2986088, -2995008, -3003928, -3012848, -3021768, -3030688, -15, 0, 0, 0, 0, 0, 0, 0, 0, 0, 0, 
2025-12-28 12:47:37.868915|{tx-164} :AAAAAA-BBB.......
2025-12-28 12:47:38.034596|{rx-165} 1, 1, 3, 3, 146, 514, 0, 0, 0, 0, 4, 4, 0, 3, 3
2025-12-28 12:47:38.039390|{rssi-165} 111, -127, -87, -87, -87, -52, -127, -127, -127, 111, 111, 111, 111, 111, 111, 111, 111, 111, 
2025-12-28 12:47:38.048678|{td-165} 0, -2959328, -25, -8945, -17865, -25, 0, 0, 0, 0, 0, 0, 0, 0, 0, 0, 0, 0, 
2025-12-28 12:47:38.056597|{tx-165} :ACAA-BBB.........
2025-12-28 12:47:38.223273|{rx-166} 1, 1, 2, 3, 147, 518, 0, 0, 0, 0, 3, 4, 0, 3, 3
2025-12-28 12:47:38.228610|{rssi-166} 111, -127, -127, -87, -50, -127, -127, -127, 111, 111, 111, 111, 111, 111, 111, 111, 111, 111, 
2025-12-28 12:47:38.238706|{td-166} 0, -2977168, -2986088, -21, -21, 0, 0, 0, 0, 0, 0, 0, 0, 0, 0, 0, 0, 0, 
2025-12-28 12:47:38.246003|{tx-166} :AAC-BBB..........
2025-12-28 12:47:38.412587|{rx-167} 1, 0, 1, 3, 148, 520, 0, 0, 0, 0, 1, 2, 0, 3, 3
2025-12-28 12:47:38.417531|{rssi-167} 111, -127, -84, -127, -127, -127, 111, 111, 111, 111, 111, 111, 111, 111, 111, 111, 111, 111, 
2025-12-28 12:47:38.427069|{td-167} 0, -2986088, -21, 0, 0, 0, 0, 0, 0, 0, 0, 0, 0, 0, 0, 0, 0, 0, 
2025-12-28 12:47:38.433746|{tx-167} :A-BBB............
2025-12-28 12:47:38.603316|{rx-168} 1, 2, 1, 3, 149, 524, 0, 0, 0, 0, 3, 4, 0, 3, 3
2025-12-28 12:47:38.608749|{rssi-168} 111, -127, -85, -89, -53, -127, -127, -127, 111, 111, 111, 111, 111, 111, 111, 111, 111, 111, 
2025-12-28 12:47:38.618159|{td-168} 0, -3003928, -21, -23, -25, 0, 0, 0, 0, 0, 0, 0, 0, 0, 0, 0, 0, 0, 
2025-12-28 12:47:38.624613|{tx-168} :ACC-BBB..........
2025-12-28 12:47:38.794569|{rx-169} 1, 0, 3, 3, 150, 528, 0, 0, 0, 0, 3, 4, 0, 3, 3
2025-12-28 12:47:38.798823|{rssi-169} 111, -127, -127, -127, -51, -127, -127, -127, 111, 111, 111, 111, 111, 111, 111, 111, 111, 111, 
2025-12-28 12:47:38.808486|{td-169} 0, -2986088, -2995008, -3003928, -17, 0, 0, 0, 0, 0, 0, 0, 0, 0, 0, 0, 0, 0, 
2025-12-28 12:47:38.815352|{tx-169} :AAA-BBB..........
2025-12-28 12:47:38.983767|{rx-170} 1, 1, 2, 3, 151, 532, 0, 0, 0, 0, 3, 4, 0, 3, 3
2025-12-28 12:47:38.988863|{rssi-170} 111, -127, -127, -82, -67, -127, -127, -127, 111, 111, 111, 111, 111, 111, 111, 111, 111, 111, 
2025-12-28 12:47:38.998541|{td-170} 0, -2986088, -2995008, -23, -21, 0, 0, 0, 0, 0, 0, 0, 0, 0, 0, 0, 0, 0, 
2025-12-28 12:47:39.006444|{tx-170} :AAC-BBB..........
2025-12-28 12:47:39.172988|{rx-171} 1, 1, 1, 3, 152, 535, 0, 0, 0, 0, 2, 3, 0, 3, 3
2025-12-28 12:47:39.177947|{rssi-171} 111, -127, -87, -56, -127, -127, -127, 111, 111, 111, 111, 111, 111, 111, 111, 111, 111, 111, 
2025-12-28 12:47:39.187570|{td-171} 0, -2986088, -21, -23, 0, 0, 0, 0, 0, 0, 0, 0, 0, 0, 0, 0, 0, 0, 
2025-12-28 12:47:39.194135|{tx-171} :AC-BBB...........
2025-12-28 12:47:39.363949|{rx-172} 1, 2, 1, 3, 153, 539, 0, 0, 0, 0, 3, 4, 0, 3, 3
2025-12-28 12:47:39.368237|{rssi-172} 111, -127, -85, -84, -53, -127, -127, -127, 111, 111, 111, 111, 111, 111, 111, 111, 111, 111, 
2025-12-28 12:47:39.378096|{td-172} 0, -2995008, -21, -23, -23, 0, 0, 0, 0, 0, 0, 0, 0, 0, 0, 0, 0, 0, 
2025-12-28 12:47:39.384404|{tx-172} :ACC-BBB..........
2025-12-28 12:47:39.554407|{rx-173} 1, 1, 2, 3, 154, 543, 0, 0, 0, 0, 3, 4, 0, 3, 3
2025-12-28 12:47:39.560794|{rssi-173} 111, -127, -85, -85, -68, -127, -127, -127, 111, 111, 111, 111, 111, 111, 111, 111, 111, 111, 
2025-12-28 12:47:39.568751|{td-173} 0, -2986088, -19, -8939, -19, 0, 0, 0, 0, 0, 0, 0, 0, 0, 0, 0, 0, 0, 
2025-12-28 12:47:39.574481|{tx-173} :ACA-BBB..........
2025-12-28 12:47:39.744694|{rx-174} 1, 2, 1, 3, 155, 547, 0, 0, 0, 0, 3, 4, 0, 3, 3
2025-12-28 12:47:39.749053|{rssi-174} 111, -127, -87, -87, -65, -127, -127, -127, 111, 111, 111, 111, 111, 111, 111, 111, 111, 111, 
2025-12-28 12:47:39.757848|{td-174} 0, -2986088, -21, -21, -21, 0, 0, 0, 0, 0, 0, 0, 0, 0, 0, 0, 0, 0, 
2025-12-28 12:47:39.763862|{tx-174} :ACC-BBB..........
2025-12-28 12:47:39.933854|{rx-175} 1, 1, 2, 3, 156, 551, 0, 0, 0, 0, 3, 3, 0, 3, 3
2025-12-28 12:47:39.938356|{rssi-175} 111, -127, -85, -85, -50, -127, -127, -127, 111, 111, 111, 111, 111, 111, 111, 111, 111, 111, 
2025-12-28 12:47:39.947999|{td-175} 0, -2986088, -21, -8941, -21, 0, 0, 0, 0, 0, 0, 0, 0, 0, 0, 0, 0, 0, 
2025-12-28 12:47:39.954247|{tx-175} :ACA-BBB..........
2025-12-28 12:47:40.123329|{rx-176} 1, 2, 1, 3, 157, 555, 0, 0, 0, 0, 3, 4, 0, 3, 3
2025-12-28 12:47:40.128428|{rssi-176} 111, -127, -90, -83, -66, -127, -127, -127, 111, 111, 111, 111, 111, 111, 111, 111, 111, 111, 
2025-12-28 12:47:40.137868|{td-176} 0, -2986088, -21, -23, -23, 0, 0, 0, 0, 0, 0, 0, 0, 0, 0, 0, 0, 0, 
2025-12-28 12:47:40.144921|{tx-176} :ACC-BBB..........
2025-12-28 12:47:40.313288|{rx-177} 1, 1, 1, 3, 158, 558, 0, 0, 0, 0, 2, 3, 0, 3, 3
2025-12-28 12:47:40.318129|{rssi-177} 111, -127, -88, -49, -127, -127, -127, 111, 111, 111, 111, 111, 111, 111, 111, 111, 111, 111, 
2025-12-28 12:47:40.327874|{td-177} 0, -2986088, -19, -21, 0, 0, 0, 0, 0, 0, 0, 0, 0, 0, 0, 0, 0, 0, 
2025-12-28 12:47:40.332413|{tx-177} :AC-BBB...........
2025-12-28 12:47:40.502806|{rx-178} 1, 1, 1, 3, 159, 561, 0, 0, 0, 0, 2, 3, 0, 3, 3
2025-12-28 12:47:40.507791|{rssi-178} 111, -127, -84, -49, -127, -127, -127, 111, 111, 111, 111, 111, 111, 111, 111, 111, 111, 111, 
2025-12-28 12:47:40.517303|{td-178} 0, -2995008, -19, -19, 0, 0, 0, 0, 0, 0, 0, 0, 0, 0, 0, 0, 0, 0, 
2025-12-28 12:47:40.522977|{tx-178} :AC-BBB...........
2025-12-28 12:47:40.694025|{rx-179} 1, 2, 1, 3, 160, 565, 0, 0, 0, 0, 3, 4, 0, 3, 3
2025-12-28 12:47:40.699062|{rssi-179} 111, -127, -83, -92, -52, -127, -127, -127, 111, 111, 111, 111, 111, 111, 111, 111, 111, 111, 
2025-12-28 12:47:40.707355|{td-179} 0, -2995008, -23, -21, -19, 0, 0, 0, 0, 0, 0, 0, 0, 0, 0, 0, 0, 0, 
2025-12-28 12:47:40.714317|{tx-179} :ACC-BBB..........
2025-12-28 12:47:40.882502|{rx-180} 1, 1, 1, 3, 161, 568, 0, 0, 0, 0, 2, 3, 0, 3, 3
2025-12-28 12:47:40.888727|{rssi-180} 111, -127, -85, -52, -127, -127, -127, 111, 111, 111, 111, 111, 111, 111, 111, 111, 111, 111, 
2025-12-28 12:47:40.897746|{td-180} 0, -2986088, -25, -23, 0, 0, 0, 0, 0, 0, 0, 0, 0, 0, 0, 0, 0, 0, 
2025-12-28 12:47:40.903949|{tx-180} :AC-BBB...........
2025-12-28 12:47:41.073476|{rx-181} 1, 2, 1, 3, 162, 572, 0, 0, 0, 0, 3, 4, 0, 3, 3
2025-12-28 12:47:41.079506|{rssi-181} 111, -127, -87, -81, -71, -127, -127, -127, 111, 111, 111, 111, 111, 111, 111, 111, 111, 111, 
2025-12-28 12:47:41.087246|{td-181} 0, -2995008, -21, -21, -21, 0, 0, 0, 0, 0, 0, 0, 0, 0, 0, 0, 0, 0, 
2025-12-28 12:47:41.093451|{tx-181} :ACC-BBB..........
2025-12-28 12:47:41.262187|{rx-182} 1, 1, 2, 3, 163, 576, 0, 0, 0, 0, 3, 4, 0, 3, 3
2025-12-28 12:47:41.268819|{rssi-182} 111, -127, -91, -91, -67, -127, -127, -127, 111, 111, 111, 111, 111, 111, 111, 111, 111, 111, 
2025-12-28 12:47:41.278154|{td-182} 0, -2986088, -23, -8943, -21, 0, 0, 0, 0, 0, 0, 0, 0, 0, 0, 0, 0, 0, 
2025-12-28 12:47:41.284488|{tx-182} :ACA-BBB..........
2025-12-28 12:47:41.452763|{rx-183} 1, 2, 1, 3, 164, 580, 0, 0, 0, 0, 3, 4, 0, 3, 3
2025-12-28 12:47:41.458557|{rssi-183} 111, -127, -92, -87, -66, -127, -127, -127, 111, 111, 111, 111, 111, 111, 111, 111, 111, 111, 
2025-12-28 12:47:41.468097|{td-183} 0, -2986088, -23, -23, -25, 0, 0, 0, 0, 0, 0, 0, 0, 0, 0, 0, 0, 0, 
2025-12-28 12:47:41.473881|{tx-183} :ACC-BBB..........
2025-12-28 12:47:41.643129|{rx-184} 1, 1, 1, 3, 165, 583, 0, 0, 0, 0, 2, 3, 0, 3, 3
2025-12-28 12:47:41.647718|{rssi-184} 111, -127, -86, -52, -127, -127, -127, 111, 111, 111, 111, 111, 111, 111, 111, 111, 111, 111, 
2025-12-28 12:47:41.657126|{td-184} 0, -2986088, -19, -19, 0, 0, 0, 0, 0, 0, 0, 0, 0, 0, 0, 0, 0, 0, 
2025-12-28 12:47:41.664101|{tx-184} :AC-BBB...........
2025-12-28 12:47:41.833163|{rx-185} 1, 2, 1, 3, 166, 587, 0, 0, 0, 0, 3, 4, 0, 3, 3
2025-12-28 12:47:41.841247|{rssi-185} 111, -127, -91, -88, -64, -127, -127, -127, 111, 111, 111, 111, 111, 111, 111, 111, 111, 111, 
2025-12-28 12:47:41.847683|{td-185} 0, -2995008, -19, -19, -19, 0, 0, 0, 0, 0, 0, 0, 0, 0, 0, 0, 0, 0, 
2025-12-28 12:47:41.854077|{tx-185} :ACC-BBB..........
2025-12-28 12:47:42.021686|{rx-186} 1, 0, 1, 3, 167, 589, 0, 0, 0, 0, 1, 2, 0, 3, 3
2025-12-28 12:47:42.026420|{rssi-186} 111, -127, -83, -127, -127, -127, 111, 111, 111, 111, 111, 111, 111, 111, 111, 111, 111, 111, 
2025-12-28 12:47:42.036994|{td-186} 0, -2986088, -25, 0, 0, 0, 0, 0, 0, 0, 0, 0, 0, 0, 0, 0, 0, 0, 
2025-12-28 12:47:42.042161|{tx-186} :A-BBB............
2025-12-28 12:47:42.214405|{rx-187} 1, 2, 2, 3, 168, 594, 0, 0, 0, 0, 4, 4, 0, 3, 3
2025-12-28 12:47:42.218791|{rssi-187} 111, -127, -91, -91, -94, -65, -127, -127, -127, 111, 111, 111, 111, 111, 111, 111, 111, 111, 
2025-12-28 12:47:42.228087|{td-187} 0, -3003928, -21, -8941, -19, -19, 0, 0, 0, 0, 0, 0, 0, 0, 0, 0, 0, 0, 
2025-12-28 12:47:42.234341|{tx-187} :ACAC-BBB.........
2025-12-28 12:47:42.401402|{rx-188} 1, 0, 1, 3, 169, 596, 0, 0, 0, 0, 1, 2, 0, 3, 3
2025-12-28 12:47:42.406732|{rssi-188} 111, -127, -87, -127, -127, -127, 111, 111, 111, 111, 111, 111, 111, 111, 111, 111, 111, 111, 
2025-12-28 12:47:42.416466|{td-188} 0, -2977168, -23, 0, 0, 0, 0, 0, 0, 0, 0, 0, 0, 0, 0, 0, 0, 0, 
2025-12-28 12:47:42.421896|{tx-188} :A-BBB............
2025-12-28 12:47:42.593621|{rx-189} 1, 2, 1, 3, 170, 600, 0, 0, 0, 0, 3, 3, 0, 3, 3
2025-12-28 12:47:42.597459|{rssi-189} 111, -127, -89, -89, -53, -127, -127, -127, 111, 111, 111, 111, 111, 111, 111, 111, 111, 111, 
2025-12-28 12:47:42.607214|{td-189} 0, -3003928, -19, -21, -19, 0, 0, 0, 0, 0, 0, 0, 0, 0, 0, 0, 0, 0, 
2025-12-28 12:47:42.614190|{tx-189} :ACC-BBB..........
2025-12-28 12:47:42.783108|{rx-190} 1, 2, 1, 3, 171, 604, 0, 0, 0, 0, 3, 4, 0, 3, 3
2025-12-28 12:47:42.788086|{rssi-190} 111, -127, -82, -83, -53, -127, -127, -127, 111, 111, 111, 111, 111, 111, 111, 111, 111, 111, 
2025-12-28 12:47:42.796846|{td-190} 0, -2986088, -23, -23, -23, 0, 0, 0, 0, 0, 0, 0, 0, 0, 0, 0, 0, 0, 
2025-12-28 12:47:42.804877|{tx-190} :ACC-BBB..........
2025-12-28 12:47:42.972903|{rx-191} 1, 1, 2, 3, 172, 608, 0, 0, 0, 0, 2, 2, 0, 3, 3
2025-12-28 12:47:42.977367|{rssi-191} 111, -127, -93, -86, -127, -127, -127, 111, 111, 111, 111, 111, 111, 111, 111, 111, 111, 111, 
2025-12-28 12:47:42.986946|{td-191} 0, -2986088, -21, -23, 0, 0, 0, 0, 0, 0, 0, 0, 0, 0, 0, 0, 0, 0, 
2025-12-28 12:47:42.992209|{tx-191} :AP-BBB...........
2025-12-28 12:47:43.161987|{rx-192} 1, 0, 2, 3, 173, 611, 0, 0, 0, 0, 2, 3, 0, 3, 3
2025-12-28 12:47:43.167678|{rssi-192} 111, -127, -127, -50, -127, -127, -127, 111, 111, 111, 111, 111, 111, 111, 111, 111, 111, 111, 
2025-12-28 12:47:43.176811|{td-192} 0, -2995008, -3003928, -19, 0, 0, 0, 0, 0, 0, 0, 0, 0, 0, 0, 0, 0, 0, 
2025-12-28 12:47:43.183124|{tx-192} :AA-BBB...........
2025-12-28 12:47:43.353314|{rx-193} 1, 1, 2, 3, 174, 615, 0, 0, 0, 0, 3, 4, 0, 3, 3
2025-12-28 12:47:43.358289|{rssi-193} 111, -127, -86, -86, -66, -127, -127, -127, 111, 111, 111, 111, 111, 111, 111, 111, 111, 111, 
2025-12-28 12:47:43.367972|{td-193} 0, -2995008, -23, -8943, -21, 0, 0, 0, 0, 0, 0, 0, 0, 0, 0, 0, 0, 0, 
2025-12-28 12:47:43.373941|{tx-193} :ACA-BBB..........
2025-12-28 12:47:43.541933|{rx-194} 1, 0, 2, 3, 175, 618, 0, 0, 0, 0, 2, 3, 0, 3, 3
2025-12-28 12:47:43.547486|{rssi-194} 111, -127, -127, -49, -127, -127, -127, 111, 111, 111, 111, 111, 111, 111, 111, 111, 111, 111, 
2025-12-28 12:47:43.556872|{td-194} 0, -2986088, -2995008, -21, 0, 0, 0, 0, 0, 0, 0, 0, 0, 0, 0, 0, 0, 0, 
2025-12-28 12:47:43.563976|{tx-194} :AA-BBB...........
2025-12-28 12:47:43.731577|{rx-195} 1, 0, 2, 3, 176, 621, 0, 0, 0, 0, 2, 3, 0, 3, 3
2025-12-28 12:47:43.737382|{rssi-195} 111, -127, -127, -52, -127, -127, -127, 111, 111, 111, 111, 111, 111, 111, 111, 111, 111, 111, 
2025-12-28 12:47:43.746497|{td-195} 0, -2995008, -3003928, -21, 0, 0, 0, 0, 0, 0, 0, 0, 0, 0, 0, 0, 0, 0, 
2025-12-28 12:47:43.753891|{tx-195} :AA-BBB...........
2025-12-28 12:47:43.923679|{rx-196} 1, 2, 1, 3, 177, 625, 0, 0, 0, 0, 3, 4, 0, 3, 3
2025-12-28 12:47:43.927888|{rssi-196} 111, -127, -85, -84, -67, -127, -127, -127, 111, 111, 111, 111, 111, 111, 111, 111, 111, 111, 
2025-12-28 12:47:43.936431|{td-196} 0, -2995008, -23, -23, -21, 0, 0, 0, 0, 0, 0, 0, 0, 0, 0, 0, 0, 0, 
2025-12-28 12:47:43.943494|{tx-196} :ACC-BBB..........
2025-12-28 12:47:44.111935|{rx-197} 1, 1, 1, 3, 178, 628, 0, 0, 0, 0, 2, 3, 0, 3, 3
2025-12-28 12:47:44.117539|{rssi-197} 111, -127, -84, -83, -127, -127, -127, 111, 111, 111, 111, 111, 111, 111, 111, 111, 111, 111, 
2025-12-28 12:47:44.126777|{td-197} 0, -2986088, -23, -21, 0, 0, 0, 0, 0, 0, 0, 0, 0, 0, 0, 0, 0, 0, 
2025-12-28 12:47:44.133297|{tx-197} :AC-BBB...........
2025-12-28 12:47:44.301947|{rx-198} 1, 0, 2, 3, 179, 631, 0, 0, 0, 0, 2, 3, 0, 3, 3
2025-12-28 12:47:44.306428|{rssi-198} 111, -127, -127, -53, -127, -127, -127, 111, 111, 111, 111, 111, 111, 111, 111, 111, 111, 111, 
2025-12-28 12:47:44.316503|{td-198} 0, -2995008, -3003928, -23, 0, 0, 0, 0, 0, 0, 0, 0, 0, 0, 0, 0, 0, 0, 
2025-12-28 12:47:44.322707|{tx-198} :AA-BBB...........
2025-12-28 12:47:44.491767|{rx-199} 1, 0, 1, 3, 180, 633, 0, 0, 0, 0, 1, 2, 0, 3, 3
2025-12-28 12:47:44.496523|{rssi-199} 111, -127, -83, -127, -127, -127, 111, 111, 111, 111, 111, 111, 111, 111, 111, 111, 111, 111, 
2025-12-28 12:47:44.506365|{td-199} 0, -2995008, -19, 0, 0, 0, 0, 0, 0, 0, 0, 0, 0, 0, 0, 0, 0, 0, 
2025-12-28 12:47:44.512622|{tx-199} :A-BBB............
2025-12-28 12:47:44.681350|{rx-200} 1, 0, 2, 3, 181, 636, 0, 0, 0, 0, 2, 3, 0, 3, 3
2025-12-28 12:47:44.687534|{rssi-200} 111, -127, -127, -81, -127, -127, -127, 111, 111, 111, 111, 111, 111, 111, 111, 111, 111, 111, 
2025-12-28 12:47:44.697487|{td-200} 0, -3003928, -3012848, -23, 0, 0, 0, 0, 0, 0, 0, 0, 0, 0, 0, 0, 0, 0, 
2025-12-28 12:47:44.702771|{tx-200} :AA-BBB...........
2025-12-28 12:47:44.872378|{rx-201} 1, 0, 1, 3, 182, 638, 0, 0, 0, 0, 1, 2, 0, 3, 3
2025-12-28 12:47:44.876269|{rssi-201} 111, -127, -85, -127, -127, -127, 111, 111, 111, 111, 111, 111, 111, 111, 111, 111, 111, 111, 
2025-12-28 12:47:44.886390|{td-201} 0, -2995008, -23, 0, 0, 0, 0, 0, 0, 0, 0, 0, 0, 0, 0, 0, 0, 0, 
2025-12-28 12:47:44.891806|{tx-201} :A-BBB............
2025-12-28 12:47:45.063338|{rx-202} 1, 1, 2, 3, 183, 642, 0, 0, 0, 0, 3, 3, 0, 3, 3
2025-12-28 12:47:45.067014|{rssi-202} 111, -127, -127, -89, -49, -127, -127, -127, 111, 111, 111, 111, 111, 111, 111, 111, 111, 111, 
2025-12-28 12:47:45.077223|{td-202} 0, -3003928, -3012848, -17, -19, 0, 0, 0, 0, 0, 0, 0, 0, 0, 0, 0, 0, 0, 
2025-12-28 12:47:45.084515|{tx-202} :AAC-BBB..........
2025-12-28 12:47:45.252107|{rx-203} 1, 1, 1, 3, 184, 645, 0, 0, 0, 0, 2, 3, 0, 3, 3
2025-12-28 12:47:45.256952|{rssi-203} 111, -127, -89, -49, -127, -127, -127, 111, 111, 111, 111, 111, 111, 111, 111, 111, 111, 111, 
2025-12-28 12:47:45.266063|{td-203} 0, -2986088, -23, -21, 0, 0, 0, 0, 0, 0, 0, 0, 0, 0, 0, 0, 0, 0, 
2025-12-28 12:47:45.276729|{tx-203} :AC-BBB...........
2025-12-28 12:47:45.442951|{rx-204} 1, 1, 3, 3, 185, 650, 0, 0, 0, 0, 4, 3, 0, 3, 3
2025-12-28 12:47:45.447993|{rssi-204} 111, -127, -127, -83, -83, -49, -127, -127, -127, 111, 111, 111, 111, 111, 111, 111, 111, 111, 
2025-12-28 12:47:45.457630|{td-204} 0, -2995008, -3003928, -21, -8941, -23, 0, 0, 0, 0, 0, 0, 0, 0, 0, 0, 0, 0, 
2025-12-28 12:47:45.464246|{tx-204} :AACA-BBB.........
2025-12-28 12:47:45.633215|{rx-205} 1, 0, 3, 3, 186, 654, 0, 0, 0, 0, 3, 4, 0, 3, 3
2025-12-28 12:47:45.637547|{rssi-205} 111, -127, -127, -127, -66, -127, -127, -127, 111, 111, 111, 111, 111, 111, 111, 111, 111, 111, 
2025-12-28 12:47:45.647024|{td-205} 0, -2977168, -2986088, -2995008, -21, 0, 0, 0, 0, 0, 0, 0, 0, 0, 0, 0, 0, 0, 
2025-12-28 12:47:45.654733|{tx-205} :AAA-BBB..........
2025-12-28 12:47:45.823131|{rx-206} 1, 0, 3, 3, 187, 658, 0, 0, 0, 0, 3, 4, 0, 3, 3
2025-12-28 12:47:45.827428|{rssi-206} 111, -127, -127, -127, -67, -127, -127, -127, 111, 111, 111, 111, 111, 111, 111, 111, 111, 111, 
2025-12-28 12:47:45.836762|{td-206} 0, -2986088, -2995008, -3003928, -17, 0, 0, 0, 0, 0, 0, 0, 0, 0, 0, 0, 0, 0, 
2025-12-28 12:47:45.844742|{tx-206} :AAA-BBB..........
2025-12-28 12:47:46.011797|{rx-207} 1, 0, 2, 3, 188, 661, 0, 0, 0, 0, 2, 3, 0, 3, 3
2025-12-28 12:47:46.016703|{rssi-207} 111, -127, -127, -52, -127, -127, -127, 111, 111, 111, 111, 111, 111, 111, 111, 111, 111, 111, 
2025-12-28 12:47:46.026327|{td-207} 0, -2986088, -2995008, -23, 0, 0, 0, 0, 0, 0, 0, 0, 0, 0, 0, 0, 0, 0, 
2025-12-28 12:47:46.033553|{tx-207} :AA-BBB...........
2025-12-28 12:47:46.202864|{rx-208} 1, 1, 2, 3, 189, 665, 0, 0, 0, 0, 3, 4, 0, 3, 3
2025-12-28 12:47:46.207618|{rssi-208} 111, -127, -127, -86, -64, -127, -127, -127, 111, 111, 111, 111, 111, 111, 111, 111, 111, 111, 
2025-12-28 12:47:46.217100|{td-208} 0, -2995008, -3003928, -21, -23, 0, 0, 0, 0, 0, 0, 0, 0, 0, 0, 0, 0, 0, 
2025-12-28 12:47:46.222762|{tx-208} :AAC-BBB..........
2025-12-28 12:47:46.391817|{rx-209} 1, 1, 2, 3, 190, 669, 0, 0, 0, 0, 3, 4, 0, 3, 3
2025-12-28 12:47:46.397373|{rssi-209} 111, -127, -127, -83, -68, -127, -127, -127, 111, 111, 111, 111, 111, 111, 111, 111, 111, 111, 
2025-12-28 12:47:46.406255|{td-209} 0, -2986088, -2995008, -19, -19, 0, 0, 0, 0, 0, 0, 0, 0, 0, 0, 0, 0, 0, 
2025-12-28 12:47:46.414038|{tx-209} :AAC-BBB..........
2025-12-28 12:47:46.582335|{rx-210} 1, 1, 1, 3, 191, 672, 0, 0, 0, 0, 2, 3, 0, 3, 3
2025-12-28 12:47:46.586738|{rssi-210} 111, -127, -85, -50, -127, -127, -127, 111, 111, 111, 111, 111, 111, 111, 111, 111, 111, 111, 
2025-12-28 12:47:46.596381|{td-210} 0, -2986088, -21, -23, 0, 0, 0, 0, 0, 0, 0, 0, 0, 0, 0, 0, 0, 0, 
2025-12-28 12:47:46.602271|{tx-210} :AC-BBB...........
2025-12-28 12:47:46.773766|{rx-211} 1, 1, 4, 3, 192, 678, 0, 0, 0, 0, 5, 4, 0, 3, 3
2025-12-28 12:47:46.778034|{rssi-211} 111, -127, -127, -80, -80, -80, -66, -127, -127, -127, 111, 111, 111, 111, 111, 111, 111, 111, 
2025-12-28 12:47:46.787738|{td-211} 0, -2995008, -3003928, -21, -8941, -17861, -23, 0, 0, 0, 0, 0, 0, 0, 0, 0, 0, 0, 
2025-12-28 12:47:46.794597|{tx-211} :AACAA-BBB........
2025-12-28 12:47:46.962198|{rx-212} 1, 1, 1, 3, 193, 681, 0, 0, 0, 0, 2, 3, 0, 3, 3
2025-12-28 12:47:46.968747|{rssi-212} 111, -127, -93, -51, -127, -127, -127, 111, 111, 111, 111, 111, 111, 111, 111, 111, 111, 111, 
2025-12-28 12:47:46.976374|{td-212} 0, -2968248, -17, -19, 0, 0, 0, 0, 0, 0, 0, 0, 0, 0, 0, 0, 0, 0, 
2025-12-28 12:47:46.982817|{tx-212} :AC-BBB...........
2025-12-28 12:47:47.151262|{rx-213} 1, 0, 1, 3, 194, 683, 0, 0, 0, 0, 1, 2, 0, 3, 3
2025-12-28 12:47:47.156416|{rssi-213} 111, -127, -88, -127, -127, -127, 111, 111, 111, 111, 111, 111, 111, 111, 111, 111, 111, 111, 
2025-12-28 12:47:47.164426|{td-213} 0, -2995008, -23, 0, 0, 0, 0, 0, 0, 0, 0, 0, 0, 0, 0, 0, 0, 0, 
2025-12-28 12:47:47.172425|{tx-213} :A-BBB............
2025-12-28 12:47:47.342173|{rx-214} 1, 2, 2, 3, 195, 688, 0, 0, 0, 0, 4, 4, 0, 3, 3
2025-12-28 12:47:47.347891|{rssi-214} 111, -127, -87, -83, -83, -66, -127, -127, -127, 111, 111, 111, 111, 111, 111, 111, 111, 111, 
2025-12-28 12:47:47.356411|{td-214} 0, -3003928, -21, -19, -8939, -21, 0, 0, 0, 0, 0, 0, 0, 0, 0, 0, 0, 0, 
2025-12-28 12:47:47.363259|{tx-214} :ACCA-BBB.........
2025-12-28 12:47:47.532009|{rx-215} 1, 0, 2, 3, 196, 691, 0, 0, 0, 0, 2, 3, 0, 3, 3
2025-12-28 12:47:47.536485|{rssi-215} 111, -127, -127, -52, -127, -127, -127, 111, 111, 111, 111, 111, 111, 111, 111, 111, 111, 111, 
2025-12-28 12:47:47.546415|{td-215} 0, -2977168, -2986088, -21, 0, 0, 0, 0, 0, 0, 0, 0, 0, 0, 0, 0, 0, 0, 
2025-12-28 12:47:47.552471|{tx-215} :AA-BBB...........
2025-12-28 12:47:47.722923|{rx-216} 1, 3, 1, 3, 197, 696, 0, 0, 0, 0, 4, 4, 0, 3, 3
2025-12-28 12:47:47.728085|{rssi-216} 111, -127, -91, -83, -84, -53, -127, -127, -127, 111, 111, 111, 111, 111, 111, 111, 111, 111, 
2025-12-28 12:47:47.737544|{td-216} 0, -2995008, -21, -21, -19, -19, 0, 0, 0, 0, 0, 0, 0, 0, 0, 0, 0, 0, 
2025-12-28 12:47:47.743201|{tx-216} :ACCC-BBB.........
2025-12-28 12:47:47.913415|{rx-217} 1, 0, 6, 3, 198, 703, 0, 0, 0, 0, 6, 5, 0, 3, 3
2025-12-28 12:47:47.918822|{rssi-217} 111, -127, -127, -127, -127, -127, -127, -87, -127, -127, -127, 111, 111, 111, 111, 111, 111, 111, 
2025-12-28 12:47:47.928858|{td-217} 0, -2977168, -2986088, -2995008, -3003928, -3012848, -3021768, -23, 0, 0, 0, 0, 0, 0, 0, 0, 0, 0, 
2025-12-28 12:47:47.937944|{tx-217} :AAAAAA-BBB.......
2025-12-28 12:47:48.102219|{rx-218} 1, 1, 1, 3, 199, 706, 0, 0, 0, 0, 2, 3, 0, 3, 3
2025-12-28 12:47:48.106756|{rssi-218} 111, -127, -87, -52, -127, -127, -127, 111, 111, 111, 111, 111, 111, 111, 111, 111, 111, 111, 
2025-12-28 12:47:48.116623|{td-218} 0, -2959328, -21, -19, 0, 0, 0, 0, 0, 0, 0, 0, 0, 0, 0, 0, 0, 0, 
2025-12-28 12:47:48.122560|{tx-218} :AC-BBB...........
2025-12-28 12:47:48.290880|{rx-219} 1, 0, 1, 3, 200, 708, 0, 0, 0, 0, 1, 2, 0, 3, 3
2025-12-28 12:47:48.296456|{rssi-219} 111, -127, -87, -127, -127, -127, 111, 111, 111, 111, 111, 111, 111, 111, 111, 111, 111, 111, 
2025-12-28 12:47:48.305364|{td-219} 0, -2995008, -23, 0, 0, 0, 0, 0, 0, 0, 0, 0, 0, 0, 0, 0, 0, 0, 
2025-12-28 12:47:48.321468|{tx-219} :A-BBB............
2025-12-28 12:47:48.481238|{rx-220} 1, 1, 1, 3, 201, 711, 0, 0, 0, 0, 2, 3, 0, 3, 3
2025-12-28 12:47:48.487165|{rssi-220} 111, -127, -83, -49, -127, -127, -127, 111, 111, 111, 111, 111, 111, 111, 111, 111, 111, 111, 
2025-12-28 12:47:48.496690|{td-220} 0, -3003928, -21, -21, 0, 0, 0, 0, 0, 0, 0, 0, 0, 0, 0, 0, 0, 0, 
2025-12-28 12:47:48.501318|{tx-220} :AC-BBB...........
2025-12-28 12:47:48.671089|{rx-221} 1, 0, 2, 3, 202, 714, 0, 0, 0, 0, 2, 3, 0, 3, 3
2025-12-28 12:47:48.677162|{rssi-221} 111, -127, -127, -52, -127, -127, -127, 111, 111, 111, 111, 111, 111, 111, 111, 111, 111, 111, 
2025-12-28 12:47:48.685291|{td-221} 0, -2995008, -3003928, -21, 0, 0, 0, 0, 0, 0, 0, 0, 0, 0, 0, 0, 0, 0, 
2025-12-28 12:47:48.691967|{tx-221} :AA-BBB...........
2025-12-28 12:47:48.860827|{rx-222} 1, 1, 1, 3, 203, 717, 0, 0, 0, 0, 2, 3, 0, 3, 3
2025-12-28 12:47:48.866201|{rssi-222} 111, -127, -88, -50, -127, -127, -127, 111, 111, 111, 111, 111, 111, 111, 111, 111, 111, 111, 
2025-12-28 12:47:48.876325|{td-222} 0, -2995008, -21, -23, 0, 0, 0, 0, 0, 0, 0, 0, 0, 0, 0, 0, 0, 0, 
2025-12-28 12:47:48.881461|{tx-222} :AC-BBB...........
2025-12-28 12:47:49.052880|{rx-223} 1, 1, 3, 3, 204, 722, 0, 0, 0, 0, 4, 3, 0, 3, 3
2025-12-28 12:47:49.057593|{rssi-223} 111, -127, -127, -127, -86, -86, -127, -127, -127, 111, 111, 111, 111, 111, 111, 111, 111, 111, 
2025-12-28 12:47:49.068320|{td-223} 0, -2995008, -3003928, -3012848, -19, -19, 0, 0, 0, 0, 0, 0, 0, 0, 0, 0, 0, 0, 
2025-12-28 12:47:49.075486|{tx-223} :AAAC-BBB.........
2025-12-28 12:47:49.241428|{rx-224} 1, 1, 1, 3, 205, 725, 0, 0, 0, 0, 2, 3, 0, 3, 3
2025-12-28 12:47:49.245847|{rssi-224} 111, -127, -86, -49, -127, -127, -127, 111, 111, 111, 111, 111, 111, 111, 111, 111, 111, 111, 
2025-12-28 12:47:49.255882|{td-224} 0, -2977168, -19, -23, 0, 0, 0, 0, 0, 0, 0, 0, 0, 0, 0, 0, 0, 0, 
2025-12-28 12:47:49.261379|{tx-224} :AC-BBB...........
2025-12-28 12:47:49.432339|{rx-225} 1, 1, 2, 3, 206, 729, 0, 0, 0, 0, 3, 4, 0, 3, 3
2025-12-28 12:47:49.436845|{rssi-225} 111, -127, -86, -86, -67, -127, -127, -127, 111, 111, 111, 111, 111, 111, 111, 111, 111, 111, 
2025-12-28 12:47:49.446466|{td-225} 0, -2995008, -19, -8939, -19, 0, 0, 0, 0, 0, 0, 0, 0, 0, 0, 0, 0, 0, 
2025-12-28 12:47:49.452608|{tx-225} :ACA-BBB..........
2025-12-28 12:47:49.620494|{rx-226} 1, 0, 2, 3, 207, 732, 0, 0, 0, 0, 2, 3, 0, 3, 3
2025-12-28 12:47:49.627588|{rssi-226} 111, -127, -127, -49, -127, -127, -127, 111, 111, 111, 111, 111, 111, 111, 111, 111, 111, 111, 
2025-12-28 12:47:49.634662|{td-226} 0, -2986088, -2995008, -21, 0, 0, 0, 0, 0, 0, 0, 0, 0, 0, 0, 0, 0, 0, 
2025-12-28 12:47:49.641811|{tx-226} :AA-BBB...........
2025-12-28 12:47:49.811994|{rx-227} 1, 2, 1, 3, 208, 736, 0, 0, 0, 0, 3, 4, 0, 3, 3
2025-12-28 12:47:49.816834|{rssi-227} 111, -127, -90, -87, -66, -127, -127, -127, 111, 111, 111, 111, 111, 111, 111, 111, 111, 111, 
2025-12-28 12:47:49.825534|{td-227} 0, -2995008, -21, -23, -23, 0, 0, 0, 0, 0, 0, 0, 0, 0, 0, 0, 0, 0, 
2025-12-28 12:47:49.832345|{tx-227} :ACC-BBB..........
2025-12-28 12:47:50.001749|{rx-228} 1, 2, 1, 3, 209, 740, 0, 0, 0, 0, 3, 4, 0, 3, 3
2025-12-28 12:47:50.007128|{rssi-228} 111, -127, -88, -82, -56, -127, -127, -127, 111, 111, 111, 111, 111, 111, 111, 111, 111, 111, 
2025-12-28 12:47:50.015852|{td-228} 0, -2986088, -21, -21, -21, 0, 0, 0, 0, 0, 0, 0, 0, 0, 0, 0, 0, 0, 
2025-12-28 12:47:50.023092|{tx-228} :ACC-BBB..........
2025-12-28 12:47:50.190564|{rx-229} 1, 0, 2, 3, 210, 743, 0, 0, 0, 0, 2, 3, 0, 3, 3
2025-12-28 12:47:50.196408|{rssi-229} 111, -127, -127, -49, -127, -127, -127, 111, 111, 111, 111, 111, 111, 111, 111, 111, 111, 111, 
2025-12-28 12:47:50.206399|{td-229} 0, -2986088, -2995008, -21, 0, 0, 0, 0, 0, 0, 0, 0, 0, 0, 0, 0, 0, 0, 
2025-12-28 12:47:50.211746|{tx-229} :AA-BBB...........
2025-12-28 12:47:50.381347|{rx-230} 1, 0, 1, 3, 211, 745, 0, 0, 0, 0, 1, 2, 0, 3, 3
2025-12-28 12:47:50.386316|{rssi-230} 111, -127, -91, -127, -127, -127, 111, 111, 111, 111, 111, 111, 111, 111, 111, 111, 111, 111, 
2025-12-28 12:47:50.395692|{td-230} 0, -2995008, -21, 0, 0, 0, 0, 0, 0, 0, 0, 0, 0, 0, 0, 0, 0, 0, 
2025-12-28 12:47:50.400786|{tx-230} :A-BBB............
2025-12-28 12:47:50.570350|{rx-231} 1, 1, 1, 3, 212, 748, 0, 0, 0, 0, 2, 3, 0, 3, 3
2025-12-28 12:47:50.575934|{rssi-231} 111, -127, -85, -49, -127, -127, -127, 111, 111, 111, 111, 111, 111, 111, 111, 111, 111, 111, 
2025-12-28 12:47:50.584588|{td-231} 0, -3003928, -21, -21, 0, 0, 0, 0, 0, 0, 0, 0, 0, 0, 0, 0, 0, 0, 
2025-12-28 12:47:50.591419|{tx-231} :AC-BBB...........
2025-12-28 12:47:50.761318|{rx-232} 1, 1, 2, 3, 213, 752, 0, 0, 0, 0, 3, 4, 0, 3, 3
2025-12-28 12:47:50.766634|{rssi-232} 111, -127, -127, -82, -54, -127, -127, -127, 111, 111, 111, 111, 111, 111, 111, 111, 111, 111, 
2025-12-28 12:47:50.776925|{td-232} 0, -2995008, -3003928, -21, -21, 0, 0, 0, 0, 0, 0, 0, 0, 0, 0, 0, 0, 0, 
2025-12-28 12:47:50.783248|{tx-232} :AAC-BBB..........
2025-12-28 12:47:50.949280|{rx-233} 1, 0, 1, 3, 214, 754, 0, 0, 0, 0, 1, 2, 0, 3, 3
2025-12-28 12:47:50.955724|{rssi-233} 111, -127, -86, -127, -127, -127, 111, 111, 111, 111, 111, 111, 111, 111, 111, 111, 111, 111, 
2025-12-28 12:47:50.965362|{td-233} 0, -2986088, -21, 0, 0, 0, 0, 0, 0, 0, 0, 0, 0, 0, 0, 0, 0, 0, 
2025-12-28 12:47:50.971400|{tx-233} :A-BBB............
2025-12-28 12:47:51.142002|{rx-234} 1, 2, 1, 3, 215, 758, 0, 0, 0, 0, 3, 4, 0, 3, 3
2025-12-28 12:47:51.146169|{rssi-234} 111, -127, -90, -84, -50, -127, -127, -127, 111, 111, 111, 111, 111, 111, 111, 111, 111, 111, 
2025-12-28 12:47:51.156397|{td-234} 0, -3003928, -23, -21, -19, 0, 0, 0, 0, 0, 0, 0, 0, 0, 0, 0, 0, 0, 
2025-12-28 12:47:51.160925|{tx-234} :ACC-BBB..........
2025-12-28 12:47:51.331163|{rx-235} 1, 1, 2, 3, 216, 762, 0, 0, 0, 0, 3, 4, 0, 3, 3
2025-12-28 12:47:51.336164|{rssi-235} 111, -127, -127, -85, -53, -127, -127, -127, 111, 111, 111, 111, 111, 111, 111, 111, 111, 111, 
2025-12-28 12:47:51.345518|{td-235} 0, -2986088, -2995008, -21, -23, 0, 0, 0, 0, 0, 0, 0, 0, 0, 0, 0, 0, 0, 
2025-12-28 12:47:51.351895|{tx-235} :AAC-BBB..........
2025-12-28 12:47:51.522273|{rx-236} 1, 1, 2, 3, 217, 766, 0, 0, 0, 0, 3, 3, 0, 3, 3
2025-12-28 12:47:51.526759|{rssi-236} 111, -127, -86, -86, -53, -127, -127, -127, 111, 111, 111, 111, 111, 111, 111, 111, 111, 111, 
2025-12-28 12:47:51.536067|{td-236} 0, -2986088, -21, -8941, -21, 0, 0, 0, 0, 0, 0, 0, 0, 0, 0, 0, 0, 0, 
2025-12-28 12:47:51.542804|{tx-236} :ACA-BBB..........
2025-12-28 12:47:51.710481|{rx-237} 1, 1, 2, 3, 218, 770, 0, 0, 0, 0, 3, 4, 0, 3, 3
2025-12-28 12:47:51.716278|{rssi-237} 111, -127, -87, -87, -65, -127, -127, -127, 111, 111, 111, 111, 111, 111, 111, 111, 111, 111, 
2025-12-28 12:47:51.726219|{td-237} 0, -2986088, -23, -8943, -21, 0, 0, 0, 0, 0, 0, 0, 0, 0, 0, 0, 0, 0, 
2025-12-28 12:47:51.732491|{tx-237} :ACA-BBB..........
2025-12-28 12:47:51.900520|{rx-238} 1, 1, 2, 3, 219, 774, 0, 0, 0, 0, 3, 4, 0, 3, 3
2025-12-28 12:47:51.906445|{rssi-238} 111, -127, -85, -85, -53, -127, -127, -127, 111, 111, 111, 111, 111, 111, 111, 111, 111, 111, 
2025-12-28 12:47:51.916073|{td-238} 0, -2986088, -25, -8945, -23, 0, 0, 0, 0, 0, 0, 0, 0, 0, 0, 0, 0, 0, 
2025-12-28 12:47:51.922898|{tx-238} :ACA-BBB..........
2025-12-28 12:47:52.091859|{rx-239} 1, 0, 2, 3, 220, 777, 0, 0, 0, 0, 2, 3, 0, 3, 3
2025-12-28 12:47:52.098487|{rssi-239} 111, -127, -127, -50, -127, -127, -127, 111, 111, 111, 111, 111, 111, 111, 111, 111, 111, 111, 
2025-12-28 12:47:52.104524|{td-239} 0, -2986088, -2995008, -19, 0, 0, 0, 0, 0, 0, 0, 0, 0, 0, 0, 0, 0, 0, 
2025-12-28 12:47:52.112358|{tx-239} :AA-BBB...........
2025-12-28 12:47:52.281523|{rx-240} 1, 1, 1, 3, 221, 780, 0, 0, 0, 0, 2, 2, 0, 3, 3
2025-12-28 12:47:52.286212|{rssi-240} 111, -127, -85, -88, -127, -127, -127, 111, 111, 111, 111, 111, 111, 111, 111, 111, 111, 111, 
2025-12-28 12:47:52.295909|{td-240} 0, -2995008, -23, -23, 0, 0, 0, 0, 0, 0, 0, 0, 0, 0, 0, 0, 0, 0, 
2025-12-28 12:47:52.300846|{tx-240} :AC-BBB...........
2025-12-28 12:47:52.470340|{rx-241} 1, 0, 1, 3, 222, 782, 0, 0, 0, 0, 1, 2, 0, 3, 3
2025-12-28 12:47:52.474806|{rssi-241} 111, -127, -86, -127, -127, -127, 111, 111, 111, 111, 111, 111, 111, 111, 111, 111, 111, 111, 
2025-12-28 12:47:52.484535|{td-241} 0, -2995008, -21, 0, 0, 0, 0, 0, 0, 0, 0, 0, 0, 0, 0, 0, 0, 0, 
2025-12-28 12:47:52.491079|{tx-241} :A-BBB............
2025-12-28 12:47:52.661339|{rx-242} 1, 0, 2, 3, 223, 785, 0, 0, 0, 0, 2, 2, 0, 3, 3
2025-12-28 12:47:52.664864|{rssi-242} 111, -127, -127, -86, -127, -127, -127, 111, 111, 111, 111, 111, 111, 111, 111, 111, 111, 111, 
2025-12-28 12:47:52.676145|{td-242} 0, -3003928, -3012848, -23, 0, 0, 0, 0, 0, 0, 0, 0, 0, 0, 0, 0, 0, 0, 
2025-12-28 12:47:52.681670|{tx-242} :AA-BBB...........
2025-12-28 12:47:52.850846|{rx-243} 1, 2, 1, 3, 224, 789, 0, 0, 0, 0, 3, 4, 0, 3, 3
2025-12-28 12:47:52.856528|{rssi-243} 111, -127, -84, -81, -55, -127, -127, -127, 111, 111, 111, 111, 111, 111, 111, 111, 111, 111, 
2025-12-28 12:47:52.865837|{td-243} 0, -2995008, -19, -21, -23, 0, 0, 0, 0, 0, 0, 0, 0, 0, 0, 0, 0, 0, 
2025-12-28 12:47:52.872159|{tx-243} :ACC-BBB..........
2025-12-28 12:47:53.040769|{rx-244} 1, 2, 1, 3, 225, 793, 0, 0, 0, 0, 3, 4, 0, 3, 3
2025-12-28 12:47:53.044788|{rssi-244} 111, -127, -89, -90, -66, -127, -127, -127, 111, 111, 111, 111, 111, 111, 111, 111, 111, 111, 
2025-12-28 12:47:53.055957|{td-244} 0, -2986088, -17, -15, -15, 0, 0, 0, 0, 0, 0, 0, 0, 0, 0, 0, 0, 0, 
2025-12-28 12:47:53.061174|{tx-244} :ACC-BBB..........
2025-12-28 12:47:53.231522|{rx-245} 1, 0, 2, 3, 226, 796, 0, 0, 0, 0, 2, 3, 0, 3, 3
2025-12-28 12:47:53.236086|{rssi-245} 111, -127, -127, -50, -127, -127, -127, 111, 111, 111, 111, 111, 111, 111, 111, 111, 111, 111, 
2025-12-28 12:47:53.244899|{td-245} 0, -2986088, -2995008, -23, 0, 0, 0, 0, 0, 0, 0, 0, 0, 0, 0, 0, 0, 0, 
2025-12-28 12:47:53.251452|{tx-245} :AA-BBB...........
2025-12-28 12:47:53.421210|{rx-246} 1, 1, 2, 3, 227, 800, 0, 0, 0, 0, 3, 4, 0, 3, 3
2025-12-28 12:47:53.426535|{rssi-246} 111, -127, -127, -80, -49, -127, -127, -127, 111, 111, 111, 111, 111, 111, 111, 111, 111, 111, 
2025-12-28 12:47:53.435813|{td-246} 0, -2995008, -3003928, -23, -17, 0, 0, 0, 0, 0, 0, 0, 0, 0, 0, 0, 0, 0, 
2025-12-28 12:47:53.442513|{tx-246} :AAC-BBB..........
2025-12-28 12:47:53.610020|{rx-247} 1, 0, 1, 3, 228, 802, 0, 0, 0, 0, 1, 2, 0, 3, 3
2025-12-28 12:47:53.614138|{rssi-247} 111, -127, -87, -127, -127, -127, 111, 111, 111, 111, 111, 111, 111, 111, 111, 111, 111, 111, 
2025-12-28 12:47:53.624701|{td-247} 0, -2986088, -25, 0, 0, 0, 0, 0, 0, 0, 0, 0, 0, 0, 0, 0, 0, 0, 
2025-12-28 12:47:53.629948|{tx-247} :A-BBB............
2025-12-28 12:47:53.800592|{rx-248} 1, 0, 2, 3, 229, 805, 0, 0, 0, 0, 2, 3, 0, 3, 3
2025-12-28 12:47:53.805830|{rssi-248} 111, -127, -127, -84, -127, -127, -127, 111, 111, 111, 111, 111, 111, 111, 111, 111, 111, 111, 
2025-12-28 12:47:53.814665|{td-248} 0, -3003928, -3012848, -21, 0, 0, 0, 0, 0, 0, 0, 0, 0, 0, 0, 0, 0, 0, 
2025-12-28 12:47:53.821008|{tx-248} :AA-BBB...........
2025-12-28 12:47:53.991207|{rx-249} 1, 2, 1, 3, 230, 809, 0, 0, 0, 0, 3, 4, 0, 3, 3
2025-12-28 12:47:53.996143|{rssi-249} 111, -127, -84, -80, -54, -127, -127, -127, 111, 111, 111, 111, 111, 111, 111, 111, 111, 111, 
2025-12-28 12:47:54.005801|{td-249} 0, -2995008, -21, -23, -23, 0, 0, 0, 0, 0, 0, 0, 0, 0, 0, 0, 0, 0, 
2025-12-28 12:47:54.011619|{tx-249} :ACC-BBB..........
2025-12-28 12:47:54.179839|{rx-250} 1, 1, 1, 3, 231, 812, 0, 0, 0, 0, 2, 3, 0, 3, 3
2025-12-28 12:47:54.184554|{rssi-250} 111, -127, -87, -49, -127, -127, -127, 111, 111, 111, 111, 111, 111, 111, 111, 111, 111, 111, 
2025-12-28 12:47:54.195767|{td-250} 0, -2986088, -21, -21, 0, 0, 0, 0, 0, 0, 0, 0, 0, 0, 0, 0, 0, 0, 
2025-12-28 12:47:54.201206|{tx-250} :AC-BBB...........
2025-12-28 12:47:54.370548|{rx-251} 1, 2, 2, 3, 232, 817, 0, 0, 0, 0, 4, 4, 0, 3, 3
2025-12-28 12:47:54.375961|{rssi-251} 111, -127, -91, -91, -82, -50, -127, -127, -127, 111, 111, 111, 111, 111, 111, 111, 111, 111, 
2025-12-28 12:47:54.386351|{td-251} 0, -2995008, -21, -8941, -19, -21, 0, 0, 0, 0, 0, 0, 0, 0, 0, 0, 0, 0, 
2025-12-28 12:47:54.391847|{tx-251} :ACAC-BBB.........
2025-12-28 12:47:54.560803|{rx-252} 1, 1, 2, 3, 233, 821, 0, 0, 0, 0, 3, 4, 0, 3, 3
2025-12-28 12:47:54.566112|{rssi-252} 111, -127, -127, -88, -56, -127, -127, -127, 111, 111, 111, 111, 111, 111, 111, 111, 111, 111, 
2025-12-28 12:47:54.574881|{td-252} 0, -2977168, -2986088, -16, -19, 0, 0, 0, 0, 0, 0, 0, 0, 0, 0, 0, 0, 0, 
2025-12-28 12:47:54.582464|{tx-252} :AAC-BBB..........
2025-12-28 12:47:54.750573|{rx-253} 1, 2, 2, 3, 234, 826, 0, 0, 0, 0, 4, 4, 0, 3, 3
2025-12-28 12:47:54.756943|{rssi-253} 111, -127, -127, -89, -83, -65, -127, -127, -127, 111, 111, 111, 111, 111, 111, 111, 111, 111, 
2025-12-28 12:47:54.766715|{td-253} 0, -2986088, -2995008, -23, -23, -23, 0, 0, 0, 0, 0, 0, 0, 0, 0, 0, 0, 0, 
2025-12-28 12:47:54.772284|{tx-253} :AACC-BBB.........
2025-12-28 12:47:54.941419|{rx-254} 1, 1, 2, 3, 235, 830, 0, 0, 0, 0, 3, 4, 0, 3, 3
2025-12-28 12:47:54.945756|{rssi-254} 111, -127, -84, -84, -52, -127, -127, -127, 111, 111, 111, 111, 111, 111, 111, 111, 111, 111, 
2025-12-28 12:47:54.955690|{td-254} 0, -2977168, -21, -8941, -23, 0, 0, 0, 0, 0, 0, 0, 0, 0, 0, 0, 0, 0, 
2025-12-28 12:47:54.960859|{tx-254} :ACA-BBB..........
2025-12-28 12:47:55.130729|{rx-255} 1, 1, 2, 3, 236, 834, 0, 0, 0, 0, 3, 4, 0, 3, 3
2025-12-28 12:47:55.135825|{rssi-255} 111, -127, -81, -81, -68, -127, -127, -127, 111, 111, 111, 111, 111, 111, 111, 111, 111, 111, 
2025-12-28 12:47:55.146677|{td-255} 0, -2986088, -19, -8939, -19, 0, 0, 0, 0, 0, 0, 0, 0, 0, 0, 0, 0, 0, 
2025-12-28 12:47:55.151496|{tx-255} :ACA-BBB..........
2025-12-28 12:47:55.319640|{rx-256} 1, 0, 1, 3, 237, 836, 0, 0, 0, 0, 1, 2, 0, 3, 3
2025-12-28 12:47:55.324508|{rssi-256} 111, -127, -88, -127, -127, -127, 111, 111, 111, 111, 111, 111, 111, 111, 111, 111, 111, 111, 
2025-12-28 12:47:55.333948|{td-256} 0, -2986088, -23, 0, 0, 0, 0, 0, 0, 0, 0, 0, 0, 0, 0, 0, 0, 0, 
2025-12-28 12:47:55.339509|{tx-256} :A-BBB............
2025-12-28 12:47:55.511587|{rx-257} 1, 2, 1, 3, 238, 840, 0, 0, 0, 0, 3, 4, 0, 3, 3
2025-12-28 12:47:55.515632|{rssi-257} 111, -127, -86, -82, -65, -127, -127, -127, 111, 111, 111, 111, 111, 111, 111, 111, 111, 111, 
2025-12-28 12:47:55.524902|{td-257} 0, -3003928, -19, -21, -17, 0, 0, 0, 0, 0, 0, 0, 0, 0, 0, 0, 0, 0, 
2025-12-28 12:47:55.532265|{tx-257} :ACC-BBB..........
2025-12-28 12:47:55.700185|{rx-258} 1, 2, 1, 3, 239, 844, 0, 0, 0, 0, 3, 4, 0, 3, 3
2025-12-28 12:47:55.703818|{rssi-258} 111, -127, -84, -88, -65, -127, -127, -127, 111, 111, 111, 111, 111, 111, 111, 111, 111, 111, 
2025-12-28 12:47:55.714755|{td-258} 0, -2986088, -25, -25, -25, 0, 0, 0, 0, 0, 0, 0, 0, 0, 0, 0, 0, 0, 
2025-12-28 12:47:55.721840|{tx-258} :ACC-BBB..........
2025-12-28 12:47:55.888354|{rx-259} 1, 0, 1, 3, 240, 846, 0, 0, 0, 0, 1, 2, 0, 3, 3
2025-12-28 12:47:55.893942|{rssi-259} 111, -127, -89, -127, -127, -127, 111, 111, 111, 111, 111, 111, 111, 111, 111, 111, 111, 111, 
2025-12-28 12:47:55.904394|{td-259} 0, -2986088, -21, 0, 0, 0, 0, 0, 0, 0, 0, 0, 0, 0, 0, 0, 0, 0, 
2025-12-28 12:47:55.909157|{tx-259} :A-BBB............
2025-12-28 12:47:56.081021|{rx-260} 1, 1, 2, 3, 241, 850, 0, 0, 0, 0, 3, 4, 0, 3, 3
2025-12-28 12:47:56.086695|{rssi-260} 111, -127, -127, -86, -52, -127, -127, -127, 111, 111, 111, 111, 111, 111, 111, 111, 111, 111, 
2025-12-28 12:47:56.094601|{td-260} 0, -3003928, -3012848, -21, -21, 0, 0, 0, 0, 0, 0, 0, 0, 0, 0, 0, 0, 0, 
2025-12-28 12:47:56.101551|{tx-260} :AAC-BBB..........
2025-12-28 12:47:56.270439|{rx-261} 1, 1, 2, 3, 242, 854, 0, 0, 0, 0, 3, 4, 0, 3, 3
2025-12-28 12:47:56.275720|{rssi-261} 111, -127, -87, -87, -65, -127, -127, -127, 111, 111, 111, 111, 111, 111, 111, 111, 111, 111, 
2025-12-28 12:47:56.283835|{td-261} 0, -2986088, -21, -8941, -21, 0, 0, 0, 0, 0, 0, 0, 0, 0, 0, 0, 0, 0, 
2025-12-28 12:47:56.291691|{tx-261} :ACA-BBB..........
2025-12-28 12:47:56.459596|{rx-262} 1, 0, 2, 3, 243, 857, 0, 0, 0, 0, 2, 2, 0, 3, 3
2025-12-28 12:47:56.464201|{rssi-262} 111, -127, -127, -82, -127, -127, -127, 111, 111, 111, 111, 111, 111, 111, 111, 111, 111, 111, 
2025-12-28 12:47:56.474321|{td-262} 0, -2986088, -2995008, -23, 0, 0, 0, 0, 0, 0, 0, 0, 0, 0, 0, 0, 0, 0, 
2025-12-28 12:47:56.481500|{tx-262} :AA-BBB...........
2025-12-28 12:47:56.650228|{rx-263} 1, 2, 1, 3, 244, 861, 0, 0, 0, 0, 3, 4, 0, 3, 3
2025-12-28 12:47:56.655574|{rssi-263} 111, -127, -87, -82, -65, -127, -127, -127, 111, 111, 111, 111, 111, 111, 111, 111, 111, 111, 
2025-12-28 12:47:56.665792|{td-263} 0, -2995008, -19, -19, -17, 0, 0, 0, 0, 0, 0, 0, 0, 0, 0, 0, 0, 0, 
2025-12-28 12:47:56.670756|{tx-263} :ACC-BBB..........
2025-12-28 12:47:56.838412|{rx-264} 1, 0, 1, 3, 245, 863, 0, 0, 0, 0, 1, 2, 0, 3, 3
2025-12-28 12:47:56.843441|{rssi-264} 111, -127, -82, -127, -127, -127, 111, 111, 111, 111, 111, 111, 111, 111, 111, 111, 111, 111, 
2025-12-28 12:47:56.853533|{td-264} 0, -2986088, -23, 0, 0, 0, 0, 0, 0, 0, 0, 0, 0, 0, 0, 0, 0, 0, 
2025-12-28 12:47:56.859278|{tx-264} :A-BBB............
2025-12-28 12:47:57.029747|{rx-265} 1, 2, 1, 3, 246, 867, 0, 0, 0, 0, 3, 4, 0, 3, 3
2025-12-28 12:47:57.035489|{rssi-265} 111, -127, -85, -82, -68, -127, -127, -127, 111, 111, 111, 111, 111, 111, 111, 111, 111, 111, 
2025-12-28 12:47:57.044608|{td-265} 0, -3003928, -21, -21, -19, 0, 0, 0, 0, 0, 0, 0, 0, 0, 0, 0, 0, 0, 
2025-12-28 12:47:57.050307|{tx-265} :ACC-BBB..........
2025-12-28 12:47:57.220133|{rx-266} 1, 2, 1, 3, 247, 871, 0, 0, 0, 0, 3, 4, 0, 3, 3
2025-12-28 12:47:57.227877|{rssi-266} 111, -127, -84, -90, -67, -127, -127, -127, 111, 111, 111, 111, 111, 111, 111, 111, 111, 111, 
2025-12-28 12:47:57.234611|{td-266} 0, -2986088, -23, -25, -23, 0, 0, 0, 0, 0, 0, 0, 0, 0, 0, 0, 0, 0, 
2025-12-28 12:47:57.240973|{tx-266} :ACC-BBB..........
2025-12-28 12:47:57.409836|{rx-267} 1, 1, 2, 3, 248, 875, 0, 0, 0, 0, 3, 4, 0, 3, 3
2025-12-28 12:47:57.414812|{rssi-267} 111, -127, -127, -83, -66, -127, -127, -127, 111, 111, 111, 111, 111, 111, 111, 111, 111, 111, 
2025-12-28 12:47:57.424750|{td-267} 0, -2986088, -2995008, -21, -21, 0, 0, 0, 0, 0, 0, 0, 0, 0, 0, 0, 0, 0, 
2025-12-28 12:47:57.431428|{tx-267} :AAC-BBB..........
2025-12-28 12:47:57.599822|{rx-268} 1, 2, 1, 3, 249, 879, 0, 0, 0, 0, 3, 4, 0, 3, 3
2025-12-28 12:47:57.604356|{rssi-268} 111, -127, -86, -82, -71, -127, -127, -127, 111, 111, 111, 111, 111, 111, 111, 111, 111, 111, 
2025-12-28 12:47:57.614928|{td-268} 0, -2986088, -23, -23, -25, 0, 0, 0, 0, 0, 0, 0, 0, 0, 0, 0, 0, 0, 
2025-12-28 12:47:57.620702|{tx-268} :ACC-BBB..........
2025-12-28 12:47:57.788385|{rx-269} 1, 0, 1, 3, 250, 881, 0, 0, 0, 0, 1, 2, 0, 3, 3
2025-12-28 12:47:57.793778|{rssi-269} 111, -127, -84, -127, -127, -127, 111, 111, 111, 111, 111, 111, 111, 111, 111, 111, 111, 111, 
2025-12-28 12:47:57.802458|{td-269} 0, -2986088, -19, 0, 0, 0, 0, 0, 0, 0, 0, 0, 0, 0, 0, 0, 0, 0, 
2025-12-28 12:47:57.809490|{tx-269} :A-BBB............
2025-12-28 12:47:57.980301|{rx-270} 1, 1, 2, 3, 251, 885, 0, 0, 0, 0, 3, 4, 0, 3, 3
2025-12-28 12:47:57.985287|{rssi-270} 111, -127, -127, -83, -51, -127, -127, -127, 111, 111, 111, 111, 111, 111, 111, 111, 111, 111, 
2025-12-28 12:47:57.994681|{td-270} 0, -3003928, -3012848, -21, -21, 0, 0, 0, 0, 0, 0, 0, 0, 0, 0, 0, 0, 0, 
2025-12-28 12:47:58.001241|{tx-270} :AAC-BBB..........
2025-12-28 12:47:58.171128|{rx-271} 1, 1, 2, 3, 252, 889, 0, 0, 0, 0, 3, 4, 0, 3, 3
2025-12-28 12:47:58.175583|{rssi-271} 111, -127, -127, -80, -66, -127, -127, -127, 111, 111, 111, 111, 111, 111, 111, 111, 111, 111, 
2025-12-28 12:47:58.184571|{td-271} 0, -2986088, -2995008, -21, -21, 0, 0, 0, 0, 0, 0, 0, 0, 0, 0, 0, 0, 0, 
2025-12-28 12:47:58.191911|{tx-271} :AAC-BBB..........
2025-12-28 12:47:58.359369|{rx-272} 1, 0, 1, 3, 253, 891, 0, 0, 0, 0, 1, 2, 0, 3, 3
2025-12-28 12:47:58.363966|{rssi-272} 111, -127, -85, -127, -127, -127, 111, 111, 111, 111, 111, 111, 111, 111, 111, 111, 111, 111, 
2025-12-28 12:47:58.374091|{td-272} 0, -2986088, -21, 0, 0, 0, 0, 0, 0, 0, 0, 0, 0, 0, 0, 0, 0, 0, 
2025-12-28 12:47:58.380098|{tx-272} :A-BBB............
2025-12-28 12:47:58.551536|{rx-273} 1, 1, 3, 3, 254, 896, 0, 0, 0, 0, 4, 4, 0, 3, 3
2025-12-28 12:47:58.557384|{rssi-273} 111, -127, -127, -127, -85, -51, -127, -127, -127, 111, 111, 111, 111, 111, 111, 111, 111, 111, 
2025-12-28 12:47:58.566127|{td-273} 0, -3003928, -3012848, -3021768, -14, -21, 0, 0, 0, 0, 0, 0, 0, 0, 0, 0, 0, 0, 
2025-12-28 12:47:58.573928|{tx-273} :AAAC-BBB.........
2025-12-28 12:47:58.739767|{rx-274} 1, 1, 2, 3, 255, 900, 0, 0, 0, 0, 3, 4, 0, 3, 3
2025-12-28 12:47:58.745359|{rssi-274} 111, -127, -127, -82, -67, -127, -127, -127, 111, 111, 111, 111, 111, 111, 111, 111, 111, 111, 
2025-12-28 12:47:58.753736|{td-274} 0, -2977168, -2986088, -21, -19, 0, 0, 0, 0, 0, 0, 0, 0, 0, 0, 0, 0, 0, 
2025-12-28 12:47:58.762054|{tx-274} :AAC-BBB..........
2025-12-28 12:47:58.929310|{rx-275} 1, 0, 2, 3, 256, 903, 0, 0, 0, 0, 2, 3, 0, 3, 3
2025-12-28 12:47:58.934377|{rssi-275} 111, -127, -127, -53, -127, -127, -127, 111, 111, 111, 111, 111, 111, 111, 111, 111, 111, 111, 
2025-12-28 12:47:58.943651|{td-275} 0, -2986088, -2995008, -25, 0, 0, 0, 0, 0, 0, 0, 0, 0, 0, 0, 0, 0, 0, 
2025-12-28 12:47:58.951050|{tx-275} :AA-BBB...........
2025-12-28 12:47:59.118681|{rx-276} 1, 0, 1, 3, 257, 905, 0, 0, 0, 0, 1, 2, 0, 3, 3
2025-12-28 12:47:59.123776|{rssi-276} 111, -127, -87, -127, -127, -127, 111, 111, 111, 111, 111, 111, 111, 111, 111, 111, 111, 111, 
2025-12-28 12:47:59.133311|{td-276} 0, -2995008, -21, 0, 0, 0, 0, 0, 0, 0, 0, 0, 0, 0, 0, 0, 0, 0, 
2025-12-28 12:47:59.140030|{tx-276} :A-BBB............
2025-12-28 12:47:59.309610|{rx-277} 1, 0, 2, 3, 258, 908, 0, 0, 0, 0, 2, 3, 0, 3, 3
2025-12-28 12:47:59.314509|{rssi-277} 111, -127, -127, -53, -127, -127, -127, 111, 111, 111, 111, 111, 111, 111, 111, 111, 111, 111, 
2025-12-28 12:47:59.324156|{td-277} 0, -3003928, -3012848, -19, 0, 0, 0, 0, 0, 0, 0, 0, 0, 0, 0, 0, 0, 0, 
2025-12-28 12:47:59.330079|{tx-277} :AA-BBB...........
2025-12-28 12:47:59.498905|{rx-278} 1, 0, 2, 3, 259, 911, 0, 0, 0, 0, 2, 3, 0, 3, 3
2025-12-28 12:47:59.504191|{rssi-278} 111, -127, -127, -49, -127, -127, -127, 111, 111, 111, 111, 111, 111, 111, 111, 111, 111, 111, 
2025-12-28 12:47:59.513176|{td-278} 0, -2995008, -3003928, -21, 0, 0, 0, 0, 0, 0, 0, 0, 0, 0, 0, 0, 0, 0, 
2025-12-28 12:47:59.520902|{tx-278} :AA-BBB...........
2025-12-28 12:47:59.689548|{rx-279} 1, 2, 1, 3, 260, 915, 0, 0, 0, 0, 3, 4, 0, 3, 3
2025-12-28 12:47:59.693936|{rssi-279} 111, -127, -94, -83, -65, -127, -127, -127, 111, 111, 111, 111, 111, 111, 111, 111, 111, 111, 
2025-12-28 12:47:59.703586|{td-279} 0, -2995008, -23, -23, -23, 0, 0, 0, 0, 0, 0, 0, 0, 0, 0, 0, 0, 0, 
2025-12-28 12:47:59.710097|{tx-279} :ACC-BBB..........
2025-12-28 12:47:59.883708|{rx-280} 0, 2, 12, 0, 260, 929, 0, 0, 0, 0, 65535, 255, 0, 3, 3
2025-12-28 12:47:59.889146|{rssi-280} 111, -127, -87, -82, -82, -82, -82, -82, -82, -82, -82, -82, -82, -82, -82, 111, 111, 111, 
2025-12-28 12:47:59.898719|{td-280} 0, -2986088, -21, -23, -8943, -17863, -26783, -35703, -44623, -53543, -62463, -71383, -80303, -89223, -98143, 0, 0, 0, 
2025-12-28 12:47:59.908993|{tx-280} :ACCAAAAAAAAAAA...
2025-12-28 12:48:00.068998|{rx-281} 1, 0, 1, 3, 261, 931, 0, 0, 0, 0, 1, 2, 0, 3, 3
2025-12-28 12:48:00.073791|{rssi-281} 111, -82, -49, -127, -127, -127, 111, 111, 111, 111, 111, 111, 111, 111, 111, 111, 111, 111, 
2025-12-28 12:48:00.082810|{td-281} 0, -3021623, -43, 0, 0, 0, 0, 0, 0, 0, 0, 0, 0, 0, 0, 0, 0, 0, 
2025-12-28 12:48:00.088543|{tx-281} :A-BBB............
2025-12-28 12:48:00.259242|{rx-282} 1, 0, 2, 3, 262, 934, 0, 0, 0, 0, 2, 2, 0, 3, 3
2025-12-28 12:48:00.264325|{rssi-282} 111, -127, -127, -88, -127, -127, -127, 111, 111, 111, 111, 111, 111, 111, 111, 111, 111, 111, 
2025-12-28 12:48:00.273851|{td-282} 0, -3003928, -3012848, -21, 0, 0, 0, 0, 0, 0, 0, 0, 0, 0, 0, 0, 0, 0, 
2025-12-28 12:48:00.280489|{tx-282} :AA-BBB...........
2025-12-28 12:48:00.448687|{rx-283} 1, 1, 1, 3, 263, 937, 0, 0, 0, 0, 2, 3, 0, 3, 3
2025-12-28 12:48:00.454325|{rssi-283} 111, -127, -88, -48, -127, -127, -127, 111, 111, 111, 111, 111, 111, 111, 111, 111, 111, 111, 
2025-12-28 12:48:00.463699|{td-283} 0, -2995008, -21, -19, 0, 0, 0, 0, 0, 0, 0, 0, 0, 0, 0, 0, 0, 0, 
2025-12-28 12:48:00.470013|{tx-283} :AC-BBB...........
2025-12-28 12:48:00.639723|{rx-284} 1, 3, 1, 3, 264, 942, 0, 0, 0, 0, 4, 4, 0, 3, 3
2025-12-28 12:48:00.646296|{rssi-284} 111, -127, -86, -84, -82, -52, -127, -127, -127, 111, 111, 111, 111, 111, 111, 111, 111, 111, 
2025-12-28 12:48:00.654480|{td-284} 0, -2995008, -21, -23, -23, -23, 0, 0, 0, 0, 0, 0, 0, 0, 0, 0, 0, 0, 
2025-12-28 12:48:00.660768|{tx-284} :ACCC-BBB.........
2025-12-28 12:48:00.830448|{rx-285} 1, 2, 1, 3, 265, 946, 0, 0, 0, 0, 3, 4, 0, 3, 3
2025-12-28 12:48:00.834802|{rssi-285} 111, -127, -87, -79, -52, -127, -127, -127, 111, 111, 111, 111, 111, 111, 111, 111, 111, 111, 
2025-12-28 12:48:00.843996|{td-285} 0, -2977168, -21, -19, -19, 0, 0, 0, 0, 0, 0, 0, 0, 0, 0, 0, 0, 0, 
2025-12-28 12:48:00.850663|{tx-285} :ACC-BBB..........
2025-12-28 12:48:01.023355|{rx-286} 1, 2, 3, 3, 266, 952, 0, 0, 0, 0, 5, 4, 0, 3, 3
2025-12-28 12:48:01.026982|{rssi-286} 111, -127, -127, -85, -84, -84, -56, -127, -127, -127, 111, 111, 111, 111, 111, 111, 111, 111, 
2025-12-28 12:48:01.036508|{td-286} 0, -2986088, -2995008, -21, -21, -8941, -23, 0, 0, 0, 0, 0, 0, 0, 0, 0, 0, 0, 
2025-12-28 12:48:01.042114|{tx-286} :AACCA-BBB........
2025-12-28 12:48:01.209480|{rx-287} 1, 1, 1, 3, 267, 955, 0, 0, 0, 0, 2, 3, 0, 3, 3
2025-12-28 12:48:01.213165|{rssi-287} 111, -127, -87, -49, -127, -127, -127, 111, 111, 111, 111, 111, 111, 111, 111, 111, 111, 111, 
2025-12-28 12:48:01.223770|{td-287} 0, -2968248, -19, -21, 0, 0, 0, 0, 0, 0, 0, 0, 0, 0, 0, 0, 0, 0, 
2025-12-28 12:48:01.229610|{tx-287} :AC-BBB...........
2025-12-28 12:48:01.398619|{rx-288} 1, 1, 1, 3, 268, 958, 0, 0, 0, 0, 2, 3, 0, 3, 3
2025-12-28 12:48:01.404104|{rssi-288} 111, -127, -92, -50, -127, -127, -127, 111, 111, 111, 111, 111, 111, 111, 111, 111, 111, 111, 
2025-12-28 12:48:01.413209|{td-288} 0, -2995008, -19, -23, 0, 0, 0, 0, 0, 0, 0, 0, 0, 0, 0, 0, 0, 0, 
2025-12-28 12:48:01.419896|{tx-288} :AC-BBB...........
2025-12-28 12:48:01.588567|{rx-289} 1, 2, 1, 3, 269, 962, 0, 0, 0, 0, 3, 4, 0, 3, 3
2025-12-28 12:48:01.594682|{rssi-289} 111, -127, -83, -81, -64, -127, -127, -127, 111, 111, 111, 111, 111, 111, 111, 111, 111, 111, 
2025-12-28 12:48:01.631401|{td-289} 0, -2995008, -21, -19, -19, 0, 0, 0, 0, 0, 0, 0, 0, 0, 0, 0, 0, 0, 
2025-12-28 12:48:01.639311|{tx-289} :ACC-BBB..........
2025-12-28 12:48:01.779358|{rx-290} 1, 1, 1, 3, 270, 965, 0, 0, 0, 0, 2, 3, 0, 3, 3
2025-12-28 12:48:01.783365|{rssi-290} 111, -127, -90, -49, -127, -127, -127, 111, 111, 111, 111, 111, 111, 111, 111, 111, 111, 111, 
2025-12-28 12:48:01.793766|{td-290} 0, -2986088, -23, -23, 0, 0, 0, 0, 0, 0, 0, 0, 0, 0, 0, 0, 0, 0, 
2025-12-28 12:48:01.799485|{tx-290} :AC-BBB...........
2025-12-28 12:48:01.968908|{rx-291} 1, 2, 1, 3, 271, 969, 0, 0, 0, 0, 3, 4, 0, 3, 3
2025-12-28 12:48:01.974361|{rssi-291} 111, -127, -88, -82, -65, -127, -127, -127, 111, 111, 111, 111, 111, 111, 111, 111, 111, 111, 
2025-12-28 12:48:01.984176|{td-291} 0, -2995008, -19, -19, -19, 0, 0, 0, 0, 0, 0, 0, 0, 0, 0, 0, 0, 0, 
2025-12-28 12:48:01.990759|{tx-291} :ACC-BBB..........
2025-12-28 12:48:02.160386|{rx-292} 1, 2, 2, 3, 272, 974, 0, 0, 0, 0, 4, 4, 0, 3, 3
2025-12-28 12:48:02.164940|{rssi-292} 111, -127, -127, -86, -82, -50, -127, -127, -127, 111, 111, 111, 111, 111, 111, 111, 111, 111, 
2025-12-28 12:48:02.174542|{td-292} 0, -2986088, -2995008, -23, -23, -23, 0, 0, 0, 0, 0, 0, 0, 0, 0, 0, 0, 0, 
2025-12-28 12:48:02.182043|{tx-292} :AACC-BBB.........
2025-12-28 12:48:02.348852|{rx-293} 1, 1, 1, 3, 273, 977, 0, 0, 0, 0, 2, 3, 0, 3, 3
2025-12-28 12:48:02.356325|{rssi-293} 111, -127, -88, -49, -127, -127, -127, 111, 111, 111, 111, 111, 111, 111, 111, 111, 111, 111, 
2025-12-28 12:48:02.363289|{td-293} 0, -2977168, -21, -23, 0, 0, 0, 0, 0, 0, 0, 0, 0, 0, 0, 0, 0, 0, 
2025-12-28 12:48:02.369360|{tx-293} :AC-BBB...........
2025-12-28 12:48:02.537510|{rx-294} 1, 0, 1, 3, 274, 979, 0, 0, 0, 0, 1, 2, 0, 3, 3
2025-12-28 12:48:02.543106|{rssi-294} 111, -127, -87, -127, -127, -127, 111, 111, 111, 111, 111, 111, 111, 111, 111, 111, 111, 111, 
2025-12-28 12:48:02.552036|{td-294} 0, -2995008, -19, 0, 0, 0, 0, 0, 0, 0, 0, 0, 0, 0, 0, 0, 0, 0, 
2025-12-28 12:48:02.558671|{tx-294} :A-BBB............
2025-12-28 12:48:02.729520|{rx-295} 1, 2, 1, 3, 275, 983, 0, 0, 0, 0, 3, 4, 0, 3, 3
2025-12-28 12:48:02.734012|{rssi-295} 111, -127, -93, -80, -56, -127, -127, -127, 111, 111, 111, 111, 111, 111, 111, 111, 111, 111, 
2025-12-28 12:48:02.742722|{td-295} 0, -3003928, -17, -21, -21, 0, 0, 0, 0, 0, 0, 0, 0, 0, 0, 0, 0, 0, 
2025-12-28 12:48:02.750769|{tx-295} :ACC-BBB..........
2025-12-28 12:48:02.917377|{rx-296} 1, 0, 1, 3, 276, 985, 0, 0, 0, 0, 1, 2, 0, 3, 3
2025-12-28 12:48:02.923180|{rssi-296} 111, -127, -87, -127, -127, -127, 111, 111, 111, 111, 111, 111, 111, 111, 111, 111, 111, 111, 
2025-12-28 12:48:02.932834|{td-296} 0, -2986088, -21, 0, 0, 0, 0, 0, 0, 0, 0, 0, 0, 0, 0, 0, 0, 0, 
2025-12-28 12:48:02.938012|{tx-296} :A-BBB............
2025-12-28 12:48:03.109354|{rx-297} 1, 2, 1, 3, 277, 989, 0, 0, 0, 0, 3, 4, 0, 3, 3
2025-12-28 12:48:03.114499|{rssi-297} 111, -127, -81, -82, -65, -127, -127, -127, 111, 111, 111, 111, 111, 111, 111, 111, 111, 111, 
2025-12-28 12:48:03.123941|{td-297} 0, -3003928, -21, -23, -21, 0, 0, 0, 0, 0, 0, 0, 0, 0, 0, 0, 0, 0, 
2025-12-28 12:48:03.130149|{tx-297} :ACC-BBB..........
2025-12-28 12:48:03.299196|{rx-298} 1, 0, 2, 3, 278, 992, 0, 0, 0, 0, 2, 3, 0, 3, 3
2025-12-28 12:48:03.303608|{rssi-298} 111, -127, -127, -52, -127, -127, -127, 111, 111, 111, 111, 111, 111, 111, 111, 111, 111, 111, 
2025-12-28 12:48:03.312913|{td-298} 0, -2986088, -2995008, -19, 0, 0, 0, 0, 0, 0, 0, 0, 0, 0, 0, 0, 0, 0, 
2025-12-28 12:48:03.319102|{tx-298} :AA-BBB...........
2025-12-28 12:48:03.489530|{rx-299} 1, 2, 3, 3, 279, 998, 0, 0, 0, 0, 5, 4, 0, 3, 3
2025-12-28 12:48:03.496292|{rssi-299} 111, -127, -90, -98, -98, -98, -51, -127, -127, -127, 111, 111, 111, 111, 111, 111, 111, 111, 
2025-12-28 12:48:03.503881|{td-299} 0, -2995008, -23, -25, -8945, -17865, -23, 0, 0, 0, 0, 0, 0, 0, 0, 0, 0, 0, 
2025-12-28 12:48:03.512061|{tx-299} :ACCAA-BBB........
2025-12-28 12:48:03.679351|{rx-300} 1, 1, 1, 3, 280, 1001, 0, 0, 0, 0, 2, 3, 0, 3, 3
2025-12-28 12:48:03.683628|{rssi-300} 111, -127, -86, -50, -127, -127, -127, 111, 111, 111, 111, 111, 111, 111, 111, 111, 111, 111, 
2025-12-28 12:48:03.693093|{td-300} 0, -2968248, -21, -23, 0, 0, 0, 0, 0, 0, 0, 0, 0, 0, 0, 0, 0, 0, 
2025-12-28 12:48:03.698944|{tx-300} :AC-BBB...........
2025-12-28 12:48:03.869571|{rx-301} 1, 1, 3, 3, 281, 1006, 0, 0, 0, 0, 3, 4, 0, 3, 3
2025-12-28 12:48:03.874935|{rssi-301} 111, -127, -127, -91, -65, -127, -127, -127, 111, 111, 111, 111, 111, 111, 111, 111, 111, 111, 
2025-12-28 12:48:03.883405|{td-301} 0, -2995008, -3003928, -19, -19, 0, 0, 0, 0, 0, 0, 0, 0, 0, 0, 0, 0, 0, 
2025-12-28 12:48:03.890247|{tx-301} :AAP-BBB..........
2025-12-28 12:48:04.060006|{rx-302} 1, 2, 1, 3, 282, 1010, 0, 0, 0, 0, 3, 4, 0, 3, 3
2025-12-28 12:48:04.063897|{rssi-302} 111, -127, -83, -86, -66, -127, -127, -127, 111, 111, 111, 111, 111, 111, 111, 111, 111, 111, 
2025-12-28 12:48:04.073541|{td-302} 0, -2986088, -21, -23, -21, 0, 0, 0, 0, 0, 0, 0, 0, 0, 0, 0, 0, 0, 
2025-12-28 12:48:04.080457|{tx-302} :ACC-BBB..........
2025-12-28 12:48:04.249182|{rx-303} 1, 1, 3, 3, 283, 1015, 0, 0, 0, 0, 3, 4, 0, 3, 3
2025-12-28 12:48:04.255422|{rssi-303} 111, -127, -93, -93, -53, -127, -127, -127, 111, 111, 111, 111, 111, 111, 111, 111, 111, 111, 
2025-12-28 12:48:04.264179|{td-303} 0, -2986088, -21, -8941, -21, 0, 0, 0, 0, 0, 0, 0, 0, 0, 0, 0, 0, 0, 
2025-12-28 12:48:04.270974|{tx-303} :APA-BBB..........
2025-12-28 12:48:04.438251|{rx-304} 1, 0, 2, 3, 284, 1018, 0, 0, 0, 0, 2, 3, 0, 3, 3
2025-12-28 12:48:04.443367|{rssi-304} 111, -127, -127, -50, -127, -127, -127, 111, 111, 111, 111, 111, 111, 111, 111, 111, 111, 111, 
2025-12-28 12:48:04.453474|{td-304} 0, -2986088, -2995008, -23, 0, 0, 0, 0, 0, 0, 0, 0, 0, 0, 0, 0, 0, 0, 
2025-12-28 12:48:04.459898|{tx-304} :AA-BBB...........
2025-12-28 12:48:04.628902|{rx-305} 1, 1, 2, 3, 285, 1022, 0, 0, 0, 0, 3, 4, 0, 3, 3
2025-12-28 12:48:04.634001|{rssi-305} 111, -127, -127, -83, -65, -127, -127, -127, 111, 111, 111, 111, 111, 111, 111, 111, 111, 111, 
2025-12-28 12:48:04.643907|{td-305} 0, -2995008, -3003928, -21, -21, 0, 0, 0, 0, 0, 0, 0, 0, 0, 0, 0, 0, 0, 
2025-12-28 12:48:04.649992|{tx-305} :AAC-BBB..........
2025-12-28 12:48:04.818516|{rx-306} 1, 1, 2, 3, 286, 1026, 0, 0, 0, 0, 3, 4, 0, 3, 3
2025-12-28 12:48:04.826068|{rssi-306} 111, -127, -127, -83, -53, -127, -127, -127, 111, 111, 111, 111, 111, 111, 111, 111, 111, 111, 
2025-12-28 12:48:04.832933|{td-306} 0, -2986088, -2995008, -21, -23, 0, 0, 0, 0, 0, 0, 0, 0, 0, 0, 0, 0, 0, 
2025-12-28 12:48:04.840786|{tx-306} :AAC-BBB..........
2025-12-28 12:48:05.009343|{rx-307} 1, 1, 2, 3, 287, 1030, 0, 0, 0, 0, 3, 4, 0, 3, 3
2025-12-28 12:48:05.013970|{rssi-307} 111, -127, -127, -81, -69, -127, -127, -127, 111, 111, 111, 111, 111, 111, 111, 111, 111, 111, 
2025-12-28 12:48:05.023378|{td-307} 0, -2986088, -2995008, -19, -19, 0, 0, 0, 0, 0, 0, 0, 0, 0, 0, 0, 0, 0, 
2025-12-28 12:48:05.031363|{tx-307} :AAC-BBB..........
2025-12-28 12:48:05.198385|{rx-308} 1, 0, 2, 3, 288, 1033, 0, 0, 0, 0, 2, 3, 0, 3, 3
2025-12-28 12:48:05.203567|{rssi-308} 111, -127, -127, -49, -127, -127, -127, 111, 111, 111, 111, 111, 111, 111, 111, 111, 111, 111, 
2025-12-28 12:48:05.213193|{td-308} 0, -2986088, -2995008, -23, 0, 0, 0, 0, 0, 0, 0, 0, 0, 0, 0, 0, 0, 0, 
2025-12-28 12:48:05.219055|{tx-308} :AA-BBB...........
2025-12-28 12:48:05.389368|{rx-309} 1, 1, 2, 3, 289, 1037, 0, 0, 0, 0, 3, 4, 0, 3, 3
2025-12-28 12:48:05.393902|{rssi-309} 111, -127, -127, -81, -67, -127, -127, -127, 111, 111, 111, 111, 111, 111, 111, 111, 111, 111, 
2025-12-28 12:48:05.403745|{td-309} 0, -2995008, -3003928, -19, -17, 0, 0, 0, 0, 0, 0, 0, 0, 0, 0, 0, 0, 0, 
2025-12-28 12:48:05.410960|{tx-309} :AAC-BBB..........
2025-12-28 12:48:05.579195|{rx-310} 1, 0, 1, 3, 290, 1039, 0, 0, 0, 0, 1, 2, 0, 3, 3
2025-12-28 12:48:05.583550|{rssi-310} 111, -127, -85, -127, -127, -127, 111, 111, 111, 111, 111, 111, 111, 111, 111, 111, 111, 111, 
2025-12-28 12:48:05.591673|{td-310} 0, -2986088, -23, 0, 0, 0, 0, 0, 0, 0, 0, 0, 0, 0, 0, 0, 0, 0, 
2025-12-28 12:48:05.598880|{tx-310} :A-BBB............
2025-12-28 12:48:05.768348|{rx-311} 1, 0, 1, 3, 291, 1041, 0, 0, 0, 0, 1, 2, 0, 3, 3
2025-12-28 12:48:05.772899|{rssi-311} 111, -127, -92, -127, -127, -127, 111, 111, 111, 111, 111, 111, 111, 111, 111, 111, 111, 111, 
2025-12-28 12:48:05.781665|{td-311} 0, -3003928, -23, 0, 0, 0, 0, 0, 0, 0, 0, 0, 0, 0, 0, 0, 0, 0, 
2025-12-28 12:48:05.788616|{tx-311} :A-BBB............
2025-12-28 12:48:05.959469|{rx-312} 1, 1, 2, 3, 292, 1045, 0, 0, 0, 0, 3, 4, 0, 3, 3
2025-12-28 12:48:05.963877|{rssi-312} 111, -127, -127, -85, -65, -127, -127, -127, 111, 111, 111, 111, 111, 111, 111, 111, 111, 111, 
2025-12-28 12:48:05.973291|{td-312} 0, -3003928, -3012848, -21, -21, 0, 0, 0, 0, 0, 0, 0, 0, 0, 0, 0, 0, 0, 
2025-12-28 12:48:05.979344|{tx-312} :AAC-BBB..........
2025-12-28 12:48:06.148124|{rx-313} 1, 1, 1, 3, 293, 1048, 0, 0, 0, 0, 2, 3, 0, 3, 3
2025-12-28 12:48:06.152990|{rssi-313} 111, -127, -85, -49, -127, -127, -127, 111, 111, 111, 111, 111, 111, 111, 111, 111, 111, 111, 
2025-12-28 12:48:06.162724|{td-313} 0, -2986088, -19, -19, 0, 0, 0, 0, 0, 0, 0, 0, 0, 0, 0, 0, 0, 0, 
2025-12-28 12:48:06.169935|{tx-313} :AC-BBB...........
2025-12-28 12:48:06.337369|{rx-314} 1, 0, 2, 3, 294, 1051, 0, 0, 0, 0, 2, 3, 0, 3, 3
2025-12-28 12:48:06.342302|{rssi-314} 111, -127, -127, -52, -127, -127, -127, 111, 111, 111, 111, 111, 111, 111, 111, 111, 111, 111, 
2025-12-28 12:48:06.352835|{td-314} 0, -2995008, -3003928, -23, 0, 0, 0, 0, 0, 0, 0, 0, 0, 0, 0, 0, 0, 0, 
2025-12-28 12:48:06.359929|{tx-314} :AA-BBB...........
2025-12-28 12:48:06.527625|{rx-315} 1, 0, 1, 3, 295, 1053, 0, 0, 0, 0, 1, 2, 0, 3, 3
2025-12-28 12:48:06.532795|{rssi-315} 111, -127, -87, -127, -127, -127, 111, 111, 111, 111, 111, 111, 111, 111, 111, 111, 111, 111, 
2025-12-28 12:48:06.542148|{td-315} 0, -2995008, -21, 0, 0, 0, 0, 0, 0, 0, 0, 0, 0, 0, 0, 0, 0, 0, 
2025-12-28 12:48:06.548681|{tx-315} :A-BBB............
2025-12-28 12:48:06.719715|{rx-316} 1, 1, 1, 3, 296, 1056, 0, 0, 0, 0, 2, 3, 0, 3, 3
2025-12-28 12:48:06.723124|{rssi-316} 111, -127, -83, -50, -127, -127, -127, 111, 111, 111, 111, 111, 111, 111, 111, 111, 111, 111, 
2025-12-28 12:48:06.732097|{td-316} 0, -3003928, -21, -23, 0, 0, 0, 0, 0, 0, 0, 0, 0, 0, 0, 0, 0, 0, 
2025-12-28 12:48:06.739208|{tx-316} :AC-BBB...........
2025-12-28 12:48:06.907680|{rx-317} 1, 1, 1, 3, 297, 1059, 0, 0, 0, 0, 2, 3, 0, 3, 3
2025-12-28 12:48:06.913215|{rssi-317} 111, -127, -83, -53, -127, -127, -127, 111, 111, 111, 111, 111, 111, 111, 111, 111, 111, 111, 
2025-12-28 12:48:06.922854|{td-317} 0, -2995008, -19, -21, 0, 0, 0, 0, 0, 0, 0, 0, 0, 0, 0, 0, 0, 0, 
2025-12-28 12:48:06.929535|{tx-317} :AC-BBB...........
2025-12-28 12:48:07.097769|{rx-318} 1, 2, 1, 3, 298, 1063, 0, 0, 0, 0, 3, 4, 0, 3, 3
2025-12-28 12:48:07.103620|{rssi-318} 111, -127, -86, -82, -50, -127, -127, -127, 111, 111, 111, 111, 111, 111, 111, 111, 111, 111, 
2025-12-28 12:48:07.112859|{td-318} 0, -2995008, -19, -21, -17, 0, 0, 0, 0, 0, 0, 0, 0, 0, 0, 0, 0, 0, 
2025-12-28 12:48:07.119880|{tx-318} :ACC-BBB..........
2025-12-28 12:48:07.287540|{rx-319} 1, 1, 2, 3, 299, 1067, 0, 0, 0, 0, 3, 4, 0, 3, 3
2025-12-28 12:48:07.293581|{rssi-319} 111, -127, -127, -79, -66, -127, -127, -127, 111, 111, 111, 111, 111, 111, 111, 111, 111, 111, 
2025-12-28 12:48:07.303003|{td-319} 0, -2986088, -2995008, -23, -23, 0, 0, 0, 0, 0, 0, 0, 0, 0, 0, 0, 0, 0, 
2025-12-28 12:48:07.309577|{tx-319} :AAC-BBB..........
2025-12-28 12:48:07.477735|{rx-320} 1, 2, 1, 3, 300, 1071, 0, 0, 0, 0, 3, 4, 0, 3, 3
2025-12-28 12:48:07.486214|{rssi-320} 111, -127, -89, -90, -65, -127, -127, -127, 111, 111, 111, 111, 111, 111, 111, 111, 111, 111, 
2025-12-28 12:48:07.493220|{td-320} 0, -2986088, -23, -21, -19, 0, 0, 0, 0, 0, 0, 0, 0, 0, 0, 0, 0, 0, 
2025-12-28 12:48:07.498890|{tx-320} :ACC-BBB..........
2025-12-28 12:48:07.667328|{rx-321} 1, 1, 2, 3, 301, 1075, 0, 0, 0, 0, 3, 4, 0, 3, 3
2025-12-28 12:48:07.673359|{rssi-321} 111, -127, -87, -87, -64, -127, -127, -127, 111, 111, 111, 111, 111, 111, 111, 111, 111, 111, 
2025-12-28 12:48:07.683059|{td-321} 0, -2986088, -23, -8943, -21, 0, 0, 0, 0, 0, 0, 0, 0, 0, 0, 0, 0, 0, 
2025-12-28 12:48:07.689815|{tx-321} :ACA-BBB..........
2025-12-28 12:48:07.857202|{rx-322} 1, 0, 1, 3, 302, 1077, 0, 0, 0, 0, 1, 2, 0, 3, 3
2025-12-28 12:48:07.861997|{rssi-322} 111, -127, -88, -127, -127, -127, 111, 111, 111, 111, 111, 111, 111, 111, 111, 111, 111, 111, 
2025-12-28 12:48:07.871401|{td-322} 0, -2986088, -23, 0, 0, 0, 0, 0, 0, 0, 0, 0, 0, 0, 0, 0, 0, 0, 
2025-12-28 12:48:07.877740|{tx-322} :A-BBB............
2025-12-28 12:48:08.048618|{rx-323} 1, 2, 1, 3, 303, 1081, 0, 0, 0, 0, 3, 4, 0, 3, 3
2025-12-28 12:48:08.053917|{rssi-323} 111, -127, -90, -82, -54, -127, -127, -127, 111, 111, 111, 111, 111, 111, 111, 111, 111, 111, 
2025-12-28 12:48:08.062887|{td-323} 0, -3003928, -23, -21, -23, 0, 0, 0, 0, 0, 0, 0, 0, 0, 0, 0, 0, 0, 
2025-12-28 12:48:08.068606|{tx-323} :ACC-BBB..........
2025-12-28 12:48:08.238805|{rx-324} 1, 1, 2, 3, 304, 1085, 0, 0, 0, 0, 3, 4, 0, 3, 3
2025-12-28 12:48:08.243325|{rssi-324} 111, -127, -127, -83, -65, -127, -127, -127, 111, 111, 111, 111, 111, 111, 111, 111, 111, 111, 
2025-12-28 12:48:08.253060|{td-324} 0, -2986088, -2995008, -15, -17, 0, 0, 0, 0, 0, 0, 0, 0, 0, 0, 0, 0, 0, 
2025-12-28 12:48:08.259596|{tx-324} :AAC-BBB..........
2025-12-28 12:48:08.427298|{rx-325} 1, 2, 1, 3, 305, 1089, 0, 0, 0, 0, 3, 4, 0, 3, 3
2025-12-28 12:48:08.432473|{rssi-325} 111, -127, -87, -81, -50, -127, -127, -127, 111, 111, 111, 111, 111, 111, 111, 111, 111, 111, 
2025-12-28 12:48:08.441896|{td-325} 0, -2986088, -25, -23, -23, 0, 0, 0, 0, 0, 0, 0, 0, 0, 0, 0, 0, 0, 
2025-12-28 12:48:08.449297|{tx-325} :ACC-BBB..........
2025-12-28 12:48:08.618268|{rx-326} 1, 1, 2, 3, 306, 1093, 0, 0, 0, 0, 3, 4, 0, 3, 3
2025-12-28 12:48:08.623210|{rssi-326} 111, -127, -84, -84, -50, -127, -127, -127, 111, 111, 111, 111, 111, 111, 111, 111, 111, 111, 
2025-12-28 12:48:08.633011|{td-326} 0, -2986088, -23, -8943, -23, 0, 0, 0, 0, 0, 0, 0, 0, 0, 0, 0, 0, 0, 
2025-12-28 12:48:08.640032|{tx-326} :ACA-BBB..........
2025-12-28 12:48:08.808293|{rx-327} 1, 2, 2, 3, 307, 1098, 0, 0, 0, 0, 3, 4, 0, 3, 3
2025-12-28 12:48:08.813219|{rssi-327} 111, -127, -89, -91, -68, -127, -127, -127, 111, 111, 111, 111, 111, 111, 111, 111, 111, 111, 
2025-12-28 12:48:08.822674|{td-327} 0, -2986088, -19, -21, -19, 0, 0, 0, 0, 0, 0, 0, 0, 0, 0, 0, 0, 0, 
2025-12-28 12:48:08.828354|{tx-327} :ACP-BBB..........
2025-12-28 12:48:08.996905|{rx-328} 1, 0, 1, 3, 308, 1100, 0, 0, 0, 0, 1, 2, 0, 3, 3
2025-12-28 12:48:09.002332|{rssi-328} 111, -127, -82, -127, -127, -127, 111, 111, 111, 111, 111, 111, 111, 111, 111, 111, 111, 111, 
2025-12-28 12:48:09.011058|{td-328} 0, -2986088, -23, 0, 0, 0, 0, 0, 0, 0, 0, 0, 0, 0, 0, 0, 0, 0, 
2025-12-28 12:48:09.018067|{tx-328} :A-BBB............
2025-12-28 12:48:09.188605|{rx-329} 1, 1, 2, 3, 309, 1104, 0, 0, 0, 0, 3, 4, 0, 3, 3
2025-12-28 12:48:09.192977|{rssi-329} 111, -127, -127, -84, -65, -127, -127, -127, 111, 111, 111, 111, 111, 111, 111, 111, 111, 111, 
2025-12-28 12:48:09.202803|{td-329} 0, -3003928, -3012848, -21, -21, 0, 0, 0, 0, 0, 0, 0, 0, 0, 0, 0, 0, 0, 
2025-12-28 12:48:09.210066|{tx-329} :AAC-BBB..........
2025-12-28 12:48:09.377860|{rx-330} 1, 1, 1, 3, 310, 1107, 0, 0, 0, 0, 2, 3, 0, 3, 3
2025-12-28 12:48:09.382663|{rssi-330} 111, -127, -91, -52, -127, -127, -127, 111, 111, 111, 111, 111, 111, 111, 111, 111, 111, 111, 
2025-12-28 12:48:09.392196|{td-330} 0, -2986088, -21, -25, 0, 0, 0, 0, 0, 0, 0, 0, 0, 0, 0, 0, 0, 0, 
2025-12-28 12:48:09.398074|{tx-330} :AC-BBB...........
2025-12-28 12:48:09.567602|{rx-331} 1, 0, 1, 3, 311, 1109, 0, 0, 0, 0, 1, 2, 0, 3, 3
2025-12-28 12:48:09.572419|{rssi-331} 111, -127, -84, -127, -127, -127, 111, 111, 111, 111, 111, 111, 111, 111, 111, 111, 111, 111, 
2025-12-28 12:48:09.581543|{td-331} 0, -2995008, -17, 0, 0, 0, 0, 0, 0, 0, 0, 0, 0, 0, 0, 0, 0, 0, 
2025-12-28 12:48:09.587156|{tx-331} :A-BBB............
2025-12-28 12:48:09.758776|{rx-332} 1, 3, 1, 3, 312, 1114, 0, 0, 0, 0, 4, 4, 0, 3, 3
2025-12-28 12:48:09.763343|{rssi-332} 111, -127, -85, -86, -81, -50, -127, -127, -127, 111, 111, 111, 111, 111, 111, 111, 111, 111, 
2025-12-28 12:48:09.772689|{td-332} 0, -3003928, -21, -23, -23, -23, 0, 0, 0, 0, 0, 0, 0, 0, 0, 0, 0, 0, 
2025-12-28 12:48:09.780270|{tx-332} :ACCC-BBB.........
2025-12-28 12:48:09.947760|{rx-333} 1, 1, 1, 3, 313, 1117, 0, 0, 0, 0, 2, 3, 0, 3, 3
2025-12-28 12:48:09.952799|{rssi-333} 111, -127, -83, -57, -127, -127, -127, 111, 111, 111, 111, 111, 111, 111, 111, 111, 111, 111, 
2025-12-28 12:48:09.961602|{td-333} 0, -2977168, -19, -19, 0, 0, 0, 0, 0, 0, 0, 0, 0, 0, 0, 0, 0, 0, 
2025-12-28 12:48:09.969180|{tx-333} :AC-BBB...........
2025-12-28 12:48:10.138326|{rx-334} 1, 1, 1, 3, 314, 1120, 0, 0, 0, 0, 2, 3, 0, 3, 3
2025-12-28 12:48:10.142376|{rssi-334} 111, -127, -87, -49, -127, -127, -127, 111, 111, 111, 111, 111, 111, 111, 111, 111, 111, 111, 
2025-12-28 12:48:10.151776|{td-334} 0, -2995008, -23, -21, 0, 0, 0, 0, 0, 0, 0, 0, 0, 0, 0, 0, 0, 0, 
2025-12-28 12:48:10.157505|{tx-334} :AC-BBB...........
2025-12-28 12:48:10.328149|{rx-335} 1, 1, 2, 3, 315, 1124, 0, 0, 0, 0, 3, 4, 0, 3, 3
2025-12-28 12:48:10.332809|{rssi-335} 111, -127, -127, -83, -56, -127, -127, -127, 111, 111, 111, 111, 111, 111, 111, 111, 111, 111, 
2025-12-28 12:48:10.342171|{td-335} 0, -2995008, -3003928, -23, -23, 0, 0, 0, 0, 0, 0, 0, 0, 0, 0, 0, 0, 0, 
2025-12-28 12:48:10.349196|{tx-335} :AAC-BBB..........
2025-12-28 12:48:10.518032|{rx-336} 1, 2, 1, 3, 316, 1128, 0, 0, 0, 0, 3, 4, 0, 3, 3
2025-12-28 12:48:10.523032|{rssi-336} 111, -127, -91, -81, -52, -127, -127, -127, 111, 111, 111, 111, 111, 111, 111, 111, 111, 111, 
2025-12-28 12:48:10.532356|{td-336} 0, -2986088, -19, -21, -21, 0, 0, 0, 0, 0, 0, 0, 0, 0, 0, 0, 0, 0, 
2025-12-28 12:48:10.539631|{tx-336} :ACC-BBB..........
2025-12-28 12:48:10.708299|{rx-337} 1, 1, 2, 3, 317, 1132, 0, 0, 0, 0, 3, 3, 0, 3, 3
2025-12-28 12:48:10.711854|{rssi-337} 111, -127, -89, -89, -50, -127, -127, -127, 111, 111, 111, 111, 111, 111, 111, 111, 111, 111, 
2025-12-28 12:48:10.721772|{td-337} 0, -2986088, -21, -8941, -21, 0, 0, 0, 0, 0, 0, 0, 0, 0, 0, 0, 0, 0, 
2025-12-28 12:48:10.728390|{tx-337} :ACA-BBB..........
2025-12-28 12:48:10.897790|{rx-338} 1, 0, 2, 3, 318, 1135, 0, 0, 0, 0, 2, 3, 0, 3, 3
2025-12-28 12:48:10.901323|{rssi-338} 111, -127, -127, -82, -127, -127, -127, 111, 111, 111, 111, 111, 111, 111, 111, 111, 111, 111, 
2025-12-28 12:48:10.912011|{td-338} 0, -2986088, -2995008, -21, 0, 0, 0, 0, 0, 0, 0, 0, 0, 0, 0, 0, 0, 0, 
2025-12-28 12:48:10.919037|{tx-338} :AA-BBB...........
2025-12-28 12:48:11.088788|{rx-339} 1, 2, 1, 3, 319, 1139, 0, 0, 0, 0, 3, 4, 0, 3, 3
2025-12-28 12:48:11.092721|{rssi-339} 111, -127, -88, -80, -69, -127, -127, -127, 111, 111, 111, 111, 111, 111, 111, 111, 111, 111, 
2025-12-28 12:48:11.102257|{td-339} 0, -2995008, -21, -23, -21, 0, 0, 0, 0, 0, 0, 0, 0, 0, 0, 0, 0, 0, 
2025-12-28 12:48:11.108529|{tx-339} :ACC-BBB..........
2025-12-28 12:48:11.276111|{rx-340} 1, 0, 1, 3, 320, 1141, 0, 0, 0, 0, 1, 2, 0, 3, 3
2025-12-28 12:48:11.282137|{rssi-340} 111, -127, -82, -127, -127, -127, 111, 111, 111, 111, 111, 111, 111, 111, 111, 111, 111, 111, 
2025-12-28 12:48:11.291166|{td-340} 0, -2986088, -21, 0, 0, 0, 0, 0, 0, 0, 0, 0, 0, 0, 0, 0, 0, 0, 
2025-12-28 12:48:11.297628|{tx-340} :A-BBB............
2025-12-28 12:48:11.467245|{rx-341} 1, 1, 1, 3, 321, 1144, 0, 0, 0, 0, 2, 3, 0, 3, 3
2025-12-28 12:48:11.471762|{rssi-341} 111, -127, -88, -49, -127, -127, -127, 111, 111, 111, 111, 111, 111, 111, 111, 111, 111, 111, 
2025-12-28 12:48:11.481809|{td-341} 0, -3003928, -23, -21, 0, 0, 0, 0, 0, 0, 0, 0, 0, 0, 0, 0, 0, 0, 
2025-12-28 12:48:11.487769|{tx-341} :AC-BBB...........
2025-12-28 12:48:11.658147|{rx-342} 1, 1, 2, 3, 322, 1148, 0, 0, 0, 0, 3, 4, 0, 3, 3
2025-12-28 12:48:11.662318|{rssi-342} 111, -127, -127, -87, -66, -127, -127, -127, 111, 111, 111, 111, 111, 111, 111, 111, 111, 111, 
2025-12-28 12:48:11.672255|{td-342} 0, -2995008, -3003928, -19, -15, 0, 0, 0, 0, 0, 0, 0, 0, 0, 0, 0, 0, 0, 
2025-12-28 12:48:11.678568|{tx-342} :AAC-BBB..........
2025-12-28 12:48:11.846514|{rx-343} 1, 0, 1, 3, 323, 1150, 0, 0, 0, 0, 1, 2, 0, 3, 3
2025-12-28 12:48:11.852145|{rssi-343} 111, -127, -82, -127, -127, -127, 111, 111, 111, 111, 111, 111, 111, 111, 111, 111, 111, 111, 
2025-12-28 12:48:11.861630|{td-343} 0, -2986088, -27, 0, 0, 0, 0, 0, 0, 0, 0, 0, 0, 0, 0, 0, 0, 0, 
2025-12-28 12:48:11.867280|{tx-343} :A-BBB............
2025-12-28 12:48:12.037490|{rx-344} 1, 1, 2, 3, 324, 1154, 0, 0, 0, 0, 3, 4, 0, 3, 3
2025-12-28 12:48:12.042900|{rssi-344} 111, -127, -127, -79, -71, -127, -127, -127, 111, 111, 111, 111, 111, 111, 111, 111, 111, 111, 
2025-12-28 12:48:12.051442|{td-344} 0, -3003928, -3012848, -21, -19, 0, 0, 0, 0, 0, 0, 0, 0, 0, 0, 0, 0, 0, 
2025-12-28 12:48:12.058947|{tx-344} :AAC-BBB..........
2025-12-28 12:48:12.226778|{rx-345} 1, 0, 1, 3, 325, 1156, 0, 0, 0, 0, 1, 2, 0, 3, 3
2025-12-28 12:48:12.231251|{rssi-345} 111, -127, -86, -127, -127, -127, 111, 111, 111, 111, 111, 111, 111, 111, 111, 111, 111, 111, 
2025-12-28 12:48:12.240967|{td-345} 0, -2986088, -23, 0, 0, 0, 0, 0, 0, 0, 0, 0, 0, 0, 0, 0, 0, 0, 
2025-12-28 12:48:12.246140|{tx-345} :A-BBB............
2025-12-28 12:48:12.417584|{rx-346} 1, 2, 1, 3, 326, 1160, 0, 0, 0, 0, 3, 4, 0, 3, 3
2025-12-28 12:48:12.422875|{rssi-346} 111, -127, -88, -86, -50, -127, -127, -127, 111, 111, 111, 111, 111, 111, 111, 111, 111, 111, 
2025-12-28 12:48:12.432007|{td-346} 0, -3003928, -23, -23, -23, 0, 0, 0, 0, 0, 0, 0, 0, 0, 0, 0, 0, 0, 
2025-12-28 12:48:12.437750|{tx-346} :ACC-BBB..........
2025-12-28 12:48:12.608028|{rx-347} 1, 2, 2, 3, 327, 1165, 0, 0, 0, 0, 4, 3, 0, 3, 3
2025-12-28 12:48:12.615470|{rssi-347} 111, -127, -90, -85, -85, -48, -127, -127, -127, 111, 111, 111, 111, 111, 111, 111, 111, 111, 
2025-12-28 12:48:12.622163|{td-347} 0, -2986088, -19, -19, -8939, -19, 0, 0, 0, 0, 0, 0, 0, 0, 0, 0, 0, 0, 
2025-12-28 12:48:12.629723|{tx-347} :ACCA-BBB.........
2025-12-28 12:48:12.797310|{rx-348} 1, 1, 2, 3, 328, 1169, 0, 0, 0, 0, 3, 3, 0, 3, 3
2025-12-28 12:48:12.802854|{rssi-348} 111, -127, -127, -81, -53, -127, -127, -127, 111, 111, 111, 111, 111, 111, 111, 111, 111, 111, 
2025-12-28 12:48:12.811189|{td-348} 0, -2977168, -2986088, -23, -25, 0, 0, 0, 0, 0, 0, 0, 0, 0, 0, 0, 0, 0, 
2025-12-28 12:48:12.818368|{tx-348} :AAC-BBB..........
2025-12-28 12:48:12.988026|{rx-349} 1, 1, 3, 3, 329, 1174, 0, 0, 0, 0, 4, 3, 0, 3, 3
2025-12-28 12:48:12.992885|{rssi-349} 111, -127, -84, -84, -84, -86, -127, -127, -127, 111, 111, 111, 111, 111, 111, 111, 111, 111, 
2025-12-28 12:48:13.002490|{td-349} 0, -2986088, -19, -8939, -17859, -17, 0, 0, 0, 0, 0, 0, 0, 0, 0, 0, 0, 0, 
2025-12-28 12:48:13.009043|{tx-349} :ACAA-BBB.........
2025-12-28 12:48:13.178840|{rx-350} 1, 1, 3, 3, 330, 1179, 0, 0, 0, 0, 4, 3, 0, 3, 3
2025-12-28 12:48:13.183069|{rssi-350} 111, -127, -127, -85, -85, -50, -127, -127, -127, 111, 111, 111, 111, 111, 111, 111, 111, 111, 
2025-12-28 12:48:13.192972|{td-350} 0, -2977168, -2986088, -23, -8943, -23, 0, 0, 0, 0, 0, 0, 0, 0, 0, 0, 0, 0, 
2025-12-28 12:48:13.199548|{tx-350} :AACA-BBB.........
2025-12-28 12:48:13.367657|{rx-351} 1, 2, 1, 3, 331, 1183, 0, 0, 0, 0, 3, 4, 0, 3, 3
2025-12-28 12:48:13.372074|{rssi-351} 111, -127, -85, -82, -65, -127, -127, -127, 111, 111, 111, 111, 111, 111, 111, 111, 111, 111, 
2025-12-28 12:48:13.382051|{td-351} 0, -2977168, -21, -21, -21, 0, 0, 0, 0, 0, 0, 0, 0, 0, 0, 0, 0, 0, 
2025-12-28 12:48:13.388555|{tx-351} :ACC-BBB..........
2025-12-28 12:48:13.556576|{rx-352} 1, 0, 2, 3, 332, 1186, 0, 0, 0, 0, 2, 3, 0, 3, 3
2025-12-28 12:48:13.560527|{rssi-352} 111, -127, -127, -50, -127, -127, -127, 111, 111, 111, 111, 111, 111, 111, 111, 111, 111, 111, 
2025-12-28 12:48:13.571841|{td-352} 0, -2986088, -2995008, -23, 0, 0, 0, 0, 0, 0, 0, 0, 0, 0, 0, 0, 0, 0, 
2025-12-28 12:48:13.577198|{tx-352} :AA-BBB...........
2025-12-28 12:48:13.747478|{rx-353} 1, 0, 2, 3, 333, 1189, 0, 0, 0, 0, 2, 3, 0, 3, 3
2025-12-28 12:48:13.752860|{rssi-353} 111, -127, -127, -49, -127, -127, -127, 111, 111, 111, 111, 111, 111, 111, 111, 111, 111, 111, 
2025-12-28 12:48:13.761412|{td-353} 0, -2995008, -3003928, -19, 0, 0, 0, 0, 0, 0, 0, 0, 0, 0, 0, 0, 0, 0, 
2025-12-28 12:48:13.767719|{tx-353} :AA-BBB...........
2025-12-28 12:48:13.936920|{rx-354} 1, 2, 1, 3, 334, 1193, 0, 0, 0, 0, 3, 4, 0, 3, 3
2025-12-28 12:48:13.941925|{rssi-354} 111, -127, -90, -82, -67, -127, -127, -127, 111, 111, 111, 111, 111, 111, 111, 111, 111, 111, 
2025-12-28 12:48:13.951747|{td-354} 0, -2995008, -21, -23, -19, 0, 0, 0, 0, 0, 0, 0, 0, 0, 0, 0, 0, 0, 
2025-12-28 12:48:13.957541|{tx-354} :ACC-BBB..........
2025-12-28 12:48:14.128759|{rx-355} 1, 2, 2, 3, 335, 1198, 0, 0, 0, 0, 4, 3, 0, 3, 3
2025-12-28 12:48:14.132600|{rssi-355} 111, -127, -88, -84, -84, -49, -127, -127, -127, 111, 111, 111, 111, 111, 111, 111, 111, 111, 
2025-12-28 12:48:14.142363|{td-355} 0, -2986088, -23, -25, -8945, -23, 0, 0, 0, 0, 0, 0, 0, 0, 0, 0, 0, 0, 
2025-12-28 12:48:14.149160|{tx-355} :ACCA-BBB.........
2025-12-28 12:48:14.316163|{rx-356} 1, 0, 2, 3, 336, 1201, 0, 0, 0, 0, 2, 3, 0, 3, 3
2025-12-28 12:48:14.321603|{rssi-356} 111, -127, -127, -82, -127, -127, -127, 111, 111, 111, 111, 111, 111, 111, 111, 111, 111, 111, 
2025-12-28 12:48:14.331285|{td-356} 0, -2977168, -2986088, -21, 0, 0, 0, 0, 0, 0, 0, 0, 0, 0, 0, 0, 0, 0, 
2025-12-28 12:48:14.337762|{tx-356} :AA-BBB...........
2025-12-28 12:48:14.507733|{rx-357} 1, 2, 1, 3, 337, 1205, 0, 0, 0, 0, 3, 4, 0, 3, 3
2025-12-28 12:48:14.512041|{rssi-357} 111, -127, -84, -81, -53, -127, -127, -127, 111, 111, 111, 111, 111, 111, 111, 111, 111, 111, 
2025-12-28 12:48:14.521135|{td-357} 0, -2995008, -21, -23, -23, 0, 0, 0, 0, 0, 0, 0, 0, 0, 0, 0, 0, 0, 
2025-12-28 12:48:14.527333|{tx-357} :ACC-BBB..........
2025-12-28 12:48:14.695796|{rx-358} 1, 0, 2, 3, 338, 1208, 0, 0, 0, 0, 2, 3, 0, 3, 3
2025-12-28 12:48:14.701509|{rssi-358} 111, -127, -127, -55, -127, -127, -127, 111, 111, 111, 111, 111, 111, 111, 111, 111, 111, 111, 
2025-12-28 12:48:14.711125|{td-358} 0, -2986088, -2995008, -21, 0, 0, 0, 0, 0, 0, 0, 0, 0, 0, 0, 0, 0, 0, 
2025-12-28 12:48:14.717226|{tx-358} :AA-BBB...........
2025-12-28 12:48:14.887027|{rx-359} 1, 1, 2, 3, 339, 1212, 0, 0, 0, 0, 3, 4, 0, 3, 3
2025-12-28 12:48:14.892117|{rssi-359} 111, -127, -127, -82, -65, -127, -127, -127, 111, 111, 111, 111, 111, 111, 111, 111, 111, 111, 
2025-12-28 12:48:14.901863|{td-359} 0, -2995008, -3003928, -21, -19, 0, 0, 0, 0, 0, 0, 0, 0, 0, 0, 0, 0, 0, 
2025-12-28 12:48:14.909178|{tx-359} :AAC-BBB..........
2025-12-28 12:48:15.076673|{rx-360} 1, 0, 2, 3, 340, 1215, 0, 0, 0, 0, 2, 3, 0, 3, 3
2025-12-28 12:48:15.081028|{rssi-360} 111, -127, -127, -49, -127, -127, -127, 111, 111, 111, 111, 111, 111, 111, 111, 111, 111, 111, 
2025-12-28 12:48:15.090808|{td-360} 0, -2986088, -2995008, -23, 0, 0, 0, 0, 0, 0, 0, 0, 0, 0, 0, 0, 0, 0, 
2025-12-28 12:48:15.098651|{tx-360} :AA-BBB...........
2025-12-28 12:48:15.266524|{rx-361} 1, 0, 2, 3, 341, 1218, 0, 0, 0, 0, 2, 2, 0, 3, 3
2025-12-28 12:48:15.270325|{rssi-361} 111, -127, -127, -84, -127, -127, -127, 111, 111, 111, 111, 111, 111, 111, 111, 111, 111, 111, 
2025-12-28 12:48:15.281184|{td-361} 0, -2995008, -3003928, -21, 0, 0, 0, 0, 0, 0, 0, 0, 0, 0, 0, 0, 0, 0, 
2025-12-28 12:48:15.288232|{tx-361} :AA-BBB...........
2025-12-28 12:48:15.461169|{rx-362} 0, 0, 14, 0, 341, 1232, 0, 0, 0, 0, 65535, 255, 0, 3, 3
2025-12-28 12:48:15.466598|{rssi-362} 111, -127, -127, -127, -127, -127, -127, -127, -127, -127, -127, -127, -127, -127, -127, 111, 111, 111, 
2025-12-28 12:48:15.476622|{td-362} 0, -2995008, -3003928, -3012848, -3021768, -3030688, -3039608, -3048528, -3057448, -3066368, -3075288, -3084208, -3093128, -3102048, -3110968, 0, 0, 0, 
2025-12-28 12:48:15.489536|{tx-362} :AAAAAAAAAAAAAA...
2025-12-28 12:48:15.647497|{rx-363} 1, 1, 2, 3, 342, 1236, 0, 0, 0, 0, 3, 4, 0, 3, 3
2025-12-28 12:48:15.652429|{rssi-363} 111, -127, -127, -85, -65, -127, -127, -127, 111, 111, 111, 111, 111, 111, 111, 111, 111, 111, 
2025-12-28 12:48:15.661297|{td-363} 0, -6034448, -6043368, -43, -43, 0, 0, 0, 0, 0, 0, 0, 0, 0, 0, 0, 0, 0, 
2025-12-28 12:48:15.668979|{tx-363} :AAC-BBB..........
2025-12-28 12:48:15.837426|{rx-364} 1, 2, 1, 3, 343, 1240, 0, 0, 0, 0, 3, 4, 0, 3, 3
2025-12-28 12:48:15.842006|{rssi-364} 111, -127, -86, -84, -65, -127, -127, -127, 111, 111, 111, 111, 111, 111, 111, 111, 111, 111, 
2025-12-28 12:48:15.850578|{td-364} 0, -2986088, -21, -21, -19, 0, 0, 0, 0, 0, 0, 0, 0, 0, 0, 0, 0, 0, 
2025-12-28 12:48:15.857895|{tx-364} :ACC-BBB..........
2025-12-28 12:48:16.026497|{rx-365} 1, 0, 1, 3, 344, 1242, 0, 0, 0, 0, 1, 2, 0, 3, 3
2025-12-28 12:48:16.030593|{rssi-365} 111, -127, -85, -127, -127, -127, 111, 111, 111, 111, 111, 111, 111, 111, 111, 111, 111, 111, 
2025-12-28 12:48:16.040124|{td-365} 0, -2986088, -25, 0, 0, 0, 0, 0, 0, 0, 0, 0, 0, 0, 0, 0, 0, 0, 
2025-12-28 12:48:16.046603|{tx-365} :A-BBB............
2025-12-28 12:48:16.217276|{rx-366} 1, 2, 1, 3, 345, 1246, 0, 0, 0, 0, 3, 4, 0, 3, 3
2025-12-28 12:48:16.221857|{rssi-366} 111, -127, -84, -81, -50, -127, -127, -127, 111, 111, 111, 111, 111, 111, 111, 111, 111, 111, 
2025-12-28 12:48:16.231252|{td-366} 0, -3003928, -21, -19, -21, 0, 0, 0, 0, 0, 0, 0, 0, 0, 0, 0, 0, 0, 
2025-12-28 12:48:16.238304|{tx-366} :ACC-BBB..........
2025-12-28 12:48:16.407565|{rx-367} 1, 2, 1, 3, 346, 1250, 0, 0, 0, 0, 3, 4, 0, 3, 3
2025-12-28 12:48:16.411703|{rssi-367} 111, -127, -83, -79, -53, -127, -127, -127, 111, 111, 111, 111, 111, 111, 111, 111, 111, 111, 
2025-12-28 12:48:16.421156|{td-367} 0, -2986088, -19, -19, -19, 0, 0, 0, 0, 0, 0, 0, 0, 0, 0, 0, 0, 0, 
2025-12-28 12:48:16.427794|{tx-367} :ACC-BBB..........
2025-12-28 12:48:16.595229|{rx-368} 1, 0, 1, 3, 347, 1252, 0, 0, 0, 0, 1, 2, 0, 3, 3
2025-12-28 12:48:16.600257|{rssi-368} 111, -127, -84, -127, -127, -127, 111, 111, 111, 111, 111, 111, 111, 111, 111, 111, 111, 111, 
2025-12-28 12:48:16.609302|{td-368} 0, -2986088, -19, 0, 0, 0, 0, 0, 0, 0, 0, 0, 0, 0, 0, 0, 0, 0, 
2025-12-28 12:48:16.616890|{tx-368} :A-BBB............
2025-12-28 12:48:16.787586|{rx-369} 1, 1, 2, 3, 348, 1256, 0, 0, 0, 0, 3, 4, 0, 3, 3
2025-12-28 12:48:16.791074|{rssi-369} 111, -127, -127, -82, -65, -127, -127, -127, 111, 111, 111, 111, 111, 111, 111, 111, 111, 111, 
2025-12-28 12:48:16.801332|{td-369} 0, -3003928, -3012848, -23, -21, 0, 0, 0, 0, 0, 0, 0, 0, 0, 0, 0, 0, 0, 
2025-12-28 12:48:16.808577|{tx-369} :AAC-BBB..........
2025-12-28 12:48:16.978862|{rx-370} 1, 1, 1, 3, 349, 1259, 0, 0, 0, 0, 2, 3, 0, 3, 3
2025-12-28 12:48:16.982540|{rssi-370} 111, -127, -86, -53, -127, -127, -127, 111, 111, 111, 111, 111, 111, 111, 111, 111, 111, 111, 
2025-12-28 12:48:16.989949|{td-370} 0, -2986088, -23, -25, 0, 0, 0, 0, 0, 0, 0, 0, 0, 0, 0, 0, 0, 0, 
2025-12-28 12:48:16.996362|{tx-370} :AC-BBB...........
2025-12-28 12:48:17.166827|{rx-371} 1, 1, 1, 3, 350, 1262, 0, 0, 0, 0, 2, 3, 0, 3, 3
2025-12-28 12:48:17.170985|{rssi-371} 111, -127, -85, -80, -127, -127, -127, 111, 111, 111, 111, 111, 111, 111, 111, 111, 111, 111, 
2025-12-28 12:48:17.180740|{td-371} 0, -2995008, -19, -21, 0, 0, 0, 0, 0, 0, 0, 0, 0, 0, 0, 0, 0, 0, 
2025-12-28 12:48:17.186468|{tx-371} :AC-BBB...........
2025-12-28 12:48:17.356172|{rx-372} 1, 2, 1, 3, 351, 1266, 0, 0, 0, 0, 3, 4, 0, 3, 3
2025-12-28 12:48:17.361324|{rssi-372} 111, -127, -98, -93, -67, -127, -127, -127, 111, 111, 111, 111, 111, 111, 111, 111, 111, 111, 
2025-12-28 12:48:17.370256|{td-372} 0, -2995008, -21, -21, -19, 0, 0, 0, 0, 0, 0, 0, 0, 0, 0, 0, 0, 0, 
2025-12-28 12:48:17.378134|{tx-372} :ACC-BBB..........
2025-12-28 12:48:17.546904|{rx-373} 1, 2, 1, 3, 352, 1270, 0, 0, 0, 0, 3, 4, 0, 3, 3
2025-12-28 12:48:17.551430|{rssi-373} 111, -127, -86, -85, -68, -127, -127, -127, 111, 111, 111, 111, 111, 111, 111, 111, 111, 111, 
2025-12-28 12:48:17.561413|{td-373} 0, -2986088, -23, -23, -21, 0, 0, 0, 0, 0, 0, 0, 0, 0, 0, 0, 0, 0, 
2025-12-28 12:48:17.567383|{tx-373} :ACC-BBB..........
2025-12-28 12:48:17.740375|{rx-374} 0, 0, 14, 0, 352, 1284, 0, 0, 0, 0, 65535, 255, 0, 3, 3
2025-12-28 12:48:17.747838|{rssi-374} 111, -127, -127, -127, -127, -127, -127, -127, -127, -127, -127, -127, -127, -127, -127, 111, 111, 111, 
2025-12-28 12:48:17.756228|{td-374} 0, -2986088, -2995008, -3003928, -3012848, -3021768, -3030688, -3039608, -3048528, -3057448, -3066368, -3075288, -3084208, -3093128, -3102048, 0, 0, 0, 
2025-12-28 12:48:17.770067|{tx-374} :AAAAAAAAAAAAAA...
2025-12-28 12:48:17.926438|{rx-375} 1, 2, 1, 3, 353, 1288, 0, 0, 0, 0, 3, 4, 0, 3, 3
2025-12-28 12:48:17.932005|{rssi-375} 111, -127, -87, -88, -53, -127, -127, -127, 111, 111, 111, 111, 111, 111, 111, 111, 111, 111, 
2025-12-28 12:48:17.941067|{td-375} 0, -6025528, -45, -43, -43, 0, 0, 0, 0, 0, 0, 0, 0, 0, 0, 0, 0, 0, 
2025-12-28 12:48:17.947581|{tx-375} :ACC-BBB..........
2025-12-28 12:48:18.116321|{rx-376} 1, 1, 2, 3, 354, 1292, 0, 0, 0, 0, 3, 4, 0, 3, 3
2025-12-28 12:48:18.121238|{rssi-376} 111, -127, -85, -85, -51, -127, -127, -127, 111, 111, 111, 111, 111, 111, 111, 111, 111, 111, 
2025-12-28 12:48:18.131007|{td-376} 0, -2986088, -21, -8941, -23, 0, 0, 0, 0, 0, 0, 0, 0, 0, 0, 0, 0, 0, 
2025-12-28 12:48:18.137315|{tx-376} :ACA-BBB..........
2025-12-28 12:48:18.306482|{rx-377} 1, 1, 2, 3, 355, 1296, 0, 0, 0, 0, 3, 4, 0, 3, 3
2025-12-28 12:48:18.310128|{rssi-377} 111, -127, -127, -81, -51, -127, -127, -127, 111, 111, 111, 111, 111, 111, 111, 111, 111, 111, 
2025-12-28 12:48:18.326268|{td-377} 0, -2986088, -2995008, -21, -19, 0, 0, 0, 0, 0, 0, 0, 0, 0, 0, 0, 0, 0, 
2025-12-28 12:48:18.328748|{tx-377} :AAC-BBB..........
2025-12-28 12:48:18.496923|{rx-378} 1, 1, 2, 3, 356, 1300, 0, 0, 0, 0, 3, 4, 0, 3, 3
2025-12-28 12:48:18.501115|{rssi-378} 111, -127, -127, -83, -50, -127, -127, -127, 111, 111, 111, 111, 111, 111, 111, 111, 111, 111, 
2025-12-28 12:48:18.518194|{td-378} 0, -2986088, -2995008, -21, -23, 0, 0, 0, 0, 0, 0, 0, 0, 0, 0, 0, 0, 0, 
2025-12-28 12:48:18.520473|{tx-378} :AAC-BBB..........
2025-12-28 12:48:18.686583|{rx-379} 1, 1, 2, 3, 357, 1304, 0, 0, 0, 0, 3, 4, 0, 3, 3
2025-12-28 12:48:18.692576|{rssi-379} 111, -127, -83, -83, -65, -127, -127, -127, 111, 111, 111, 111, 111, 111, 111, 111, 111, 111, 
2025-12-28 12:48:18.700763|{td-379} 0, -2986088, -21, -8941, -17, 0, 0, 0, 0, 0, 0, 0, 0, 0, 0, 0, 0, 0, 
2025-12-28 12:48:18.707371|{tx-379} :ACA-BBB..........
2025-12-28 12:48:18.876497|{rx-380} 1, 2, 1, 3, 358, 1308, 0, 0, 0, 0, 3, 4, 0, 3, 3
2025-12-28 12:48:18.881634|{rssi-380} 111, -127, -93, -88, -65, -127, -127, -127, 111, 111, 111, 111, 111, 111, 111, 111, 111, 111, 
2025-12-28 12:48:18.890984|{td-380} 0, -2986088, -25, -25, -21, 0, 0, 0, 0, 0, 0, 0, 0, 0, 0, 0, 0, 0, 
2025-12-28 12:48:18.897668|{tx-380} :ACC-BBB..........
2025-12-28 12:48:19.066969|{rx-381} 1, 2, 1, 3, 359, 1312, 0, 0, 0, 0, 3, 4, 0, 3, 3
2025-12-28 12:48:19.071307|{rssi-381} 111, -127, -85, -86, -53, -127, -127, -127, 111, 111, 111, 111, 111, 111, 111, 111, 111, 111, 
2025-12-28 12:48:19.080883|{td-381} 0, -2986088, -23, -21, -21, 0, 0, 0, 0, 0, 0, 0, 0, 0, 0, 0, 0, 0, 
2025-12-28 12:48:19.087200|{tx-381} :ACC-BBB..........
2025-12-28 12:48:19.256535|{rx-382} 1, 1, 2, 3, 360, 1316, 0, 0, 0, 0, 3, 2, 0, 3, 3
2025-12-28 12:48:19.260731|{rssi-382} 111, -127, -127, -83, -85, -127, -127, -127, 111, 111, 111, 111, 111, 111, 111, 111, 111, 111, 
2025-12-28 12:48:19.270593|{td-382} 0, -2986088, -2995008, -25, -25, 0, 0, 0, 0, 0, 0, 0, 0, 0, 0, 0, 0, 0, 
2025-12-28 12:48:19.277129|{tx-382} :AAC-BBB..........
2025-12-28 12:48:19.446813|{rx-383} 1, 0, 2, 3, 361, 1319, 0, 0, 0, 0, 2, 3, 0, 3, 3
2025-12-28 12:48:19.451286|{rssi-383} 111, -127, -127, -52, -127, -127, -127, 111, 111, 111, 111, 111, 111, 111, 111, 111, 111, 111, 
2025-12-28 12:48:19.460341|{td-383} 0, -2986088, -2995008, -17, 0, 0, 0, 0, 0, 0, 0, 0, 0, 0, 0, 0, 0, 0, 
2025-12-28 12:48:19.467204|{tx-383} :AA-BBB...........
2025-12-28 12:48:19.636847|{rx-384} 1, 2, 1, 3, 362, 1323, 0, 0, 0, 0, 3, 4, 0, 3, 3
2025-12-28 12:48:19.641563|{rssi-384} 111, -127, -86, -81, -53, -127, -127, -127, 111, 111, 111, 111, 111, 111, 111, 111, 111, 111, 
2025-12-28 12:48:19.651083|{td-384} 0, -2995008, -23, -25, -25, 0, 0, 0, 0, 0, 0, 0, 0, 0, 0, 0, 0, 0, 
2025-12-28 12:48:19.657134|{tx-384} :ACC-BBB..........
2025-12-28 12:48:19.825436|{rx-385} 1, 0, 1, 3, 363, 1325, 0, 0, 0, 0, 1, 2, 0, 3, 3
2025-12-28 12:48:19.829873|{rssi-385} 111, -127, -84, -127, -127, -127, 111, 111, 111, 111, 111, 111, 111, 111, 111, 111, 111, 111, 
2025-12-28 12:48:19.838843|{td-385} 0, -2986088, -21, 0, 0, 0, 0, 0, 0, 0, 0, 0, 0, 0, 0, 0, 0, 0, 
2025-12-28 12:48:19.845459|{tx-385} :A-BBB............
2025-12-28 12:48:20.015934|{rx-386} 1, 2, 1, 3, 364, 1329, 0, 0, 0, 0, 3, 3, 0, 3, 3
2025-12-28 12:48:20.020974|{rssi-386} 111, -127, -87, -84, -49, -127, -127, -127, 111, 111, 111, 111, 111, 111, 111, 111, 111, 111, 
2025-12-28 12:48:20.030658|{td-386} 0, -3003928, -21, -21, -19, 0, 0, 0, 0, 0, 0, 0, 0, 0, 0, 0, 0, 0, 
2025-12-28 12:48:20.037005|{tx-386} :ACC-BBB..........
2025-12-28 12:48:20.206850|{rx-387} 1, 2, 1, 3, 365, 1333, 0, 0, 0, 0, 3, 4, 0, 3, 3
2025-12-28 12:48:20.210935|{rssi-387} 111, -127, -88, -87, -65, -127, -127, -127, 111, 111, 111, 111, 111, 111, 111, 111, 111, 111, 
2025-12-28 12:48:20.220720|{td-387} 0, -2986088, -23, -27, -23, 0, 0, 0, 0, 0, 0, 0, 0, 0, 0, 0, 0, 0, 
2025-12-28 12:48:20.227036|{tx-387} :ACC-BBB..........
2025-12-28 12:48:20.397176|{rx-388} 1, 2, 2, 3, 366, 1338, 0, 0, 0, 0, 3, 4, 0, 3, 3
2025-12-28 12:48:20.401226|{rssi-388} 111, -127, -86, -85, -65, -127, -127, -127, 111, 111, 111, 111, 111, 111, 111, 111, 111, 111, 
2025-12-28 12:48:20.410698|{td-388} 0, -2986088, -17, -21, -19, 0, 0, 0, 0, 0, 0, 0, 0, 0, 0, 0, 0, 0, 
2025-12-28 12:48:20.416203|{tx-388} :ACP-BBB..........
2025-12-28 12:48:20.586103|{rx-389} 1, 0, 1, 3, 367, 1340, 0, 0, 0, 0, 1, 2, 0, 3, 3
2025-12-28 12:48:20.589959|{rssi-389} 111, -127, -82, -127, -127, -127, 111, 111, 111, 111, 111, 111, 111, 111, 111, 111, 111, 111, 
2025-12-28 12:48:20.599255|{td-389} 0, -2986088, -23, 0, 0, 0, 0, 0, 0, 0, 0, 0, 0, 0, 0, 0, 0, 0, 
2025-12-28 12:48:20.605591|{tx-389} :A-BBB............
2025-12-28 12:48:20.776938|{rx-390} 1, 1, 3, 3, 368, 1345, 0, 0, 0, 0, 4, 4, 0, 3, 3
2025-12-28 12:48:20.782037|{rssi-390} 111, -127, -127, -87, -87, -65, -127, -127, -127, 111, 111, 111, 111, 111, 111, 111, 111, 111, 
2025-12-28 12:48:20.791209|{td-390} 0, -3003928, -3012848, -23, -8943, -21, 0, 0, 0, 0, 0, 0, 0, 0, 0, 0, 0, 0, 
2025-12-28 12:48:20.798622|{tx-390} :AACA-BBB.........
2025-12-28 12:48:20.966156|{rx-391} 1, 2, 1, 3, 369, 1349, 0, 0, 0, 0, 3, 2, 0, 3, 3
2025-12-28 12:48:20.970993|{rssi-391} 111, -127, -87, -82, -86, -127, -127, -127, 111, 111, 111, 111, 111, 111, 111, 111, 111, 111, 
2025-12-28 12:48:20.979932|{td-391} 0, -2977168, -23, -23, -21, 0, 0, 0, 0, 0, 0, 0, 0, 0, 0, 0, 0, 0, 
2025-12-28 12:48:20.987941|{tx-391} :ACC-BBB..........
2025-12-28 12:48:21.155312|{rx-392} 1, 1, 1, 3, 370, 1352, 0, 0, 0, 0, 2, 3, 0, 3, 3
2025-12-28 12:48:21.160455|{rssi-392} 111, -127, -83, -49, -127, -127, -127, 111, 111, 111, 111, 111, 111, 111, 111, 111, 111, 111, 
2025-12-28 12:48:21.168717|{td-392} 0, -2986088, -23, -21, 0, 0, 0, 0, 0, 0, 0, 0, 0, 0, 0, 0, 0, 0, 
2025-12-28 12:48:21.176183|{tx-392} :AC-BBB...........
2025-12-28 12:48:21.346680|{rx-393} 1, 2, 2, 3, 371, 1357, 0, 0, 0, 0, 4, 3, 0, 3, 3
2025-12-28 12:48:21.352014|{rssi-393} 111, -127, -127, -90, -90, -87, -127, -127, -127, 111, 111, 111, 111, 111, 111, 111, 111, 111, 
2025-12-28 12:48:21.362026|{td-393} 0, -2995008, -3003928, -21, -23, -23, 0, 0, 0, 0, 0, 0, 0, 0, 0, 0, 0, 0, 
2025-12-28 12:48:21.369335|{tx-393} :AACC-BBB.........
2025-12-28 12:48:21.535904|{rx-394} 1, 1, 1, 3, 372, 1360, 0, 0, 0, 0, 2, 2, 0, 3, 3
2025-12-28 12:48:21.540362|{rssi-394} 111, -127, -85, -87, -127, -127, -127, 111, 111, 111, 111, 111, 111, 111, 111, 111, 111, 111, 
2025-12-28 12:48:21.549720|{td-394} 0, -2977168, -21, -21, 0, 0, 0, 0, 0, 0, 0, 0, 0, 0, 0, 0, 0, 0, 
2025-12-28 12:48:21.556508|{tx-394} :AC-BBB...........
2025-12-28 12:48:21.725370|{rx-395} 1, 1, 1, 3, 373, 1363, 0, 0, 0, 0, 2, 3, 0, 3, 3
2025-12-28 12:48:21.729443|{rssi-395} 111, -127, -83, -49, -127, -127, -127, 111, 111, 111, 111, 111, 111, 111, 111, 111, 111, 111, 
2025-12-28 12:48:21.739451|{td-395} 0, -2995008, -21, -21, 0, 0, 0, 0, 0, 0, 0, 0, 0, 0, 0, 0, 0, 0, 
2025-12-28 12:48:21.746442|{tx-395} :AC-BBB...........
2025-12-28 12:48:21.914598|{rx-396} 1, 0, 1, 3, 374, 1365, 0, 0, 0, 0, 1, 2, 0, 3, 3
2025-12-28 12:48:21.919557|{rssi-396} 111, -127, -84, -127, -127, -127, 111, 111, 111, 111, 111, 111, 111, 111, 111, 111, 111, 111, 
2025-12-28 12:48:21.929090|{td-396} 0, -2995008, -21, 0, 0, 0, 0, 0, 0, 0, 0, 0, 0, 0, 0, 0, 0, 0, 
2025-12-28 12:48:21.934903|{tx-396} :A-BBB............
2025-12-28 12:48:22.106001|{rx-397} 1, 2, 1, 3, 375, 1369, 0, 0, 0, 0, 3, 4, 0, 3, 3
2025-12-28 12:48:22.110721|{rssi-397} 111, -127, -85, -85, -50, -127, -127, -127, 111, 111, 111, 111, 111, 111, 111, 111, 111, 111, 
2025-12-28 12:48:22.120172|{td-397} 0, -3003928, -23, -23, -21, 0, 0, 0, 0, 0, 0, 0, 0, 0, 0, 0, 0, 0, 
2025-12-28 12:48:22.126435|{tx-397} :ACC-BBB..........
2025-12-28 12:48:22.295521|{rx-398} 1, 2, 1, 3, 376, 1373, 0, 0, 0, 0, 3, 4, 0, 3, 3
2025-12-28 12:48:22.300275|{rssi-398} 111, -127, -89, -85, -50, -127, -127, -127, 111, 111, 111, 111, 111, 111, 111, 111, 111, 111, 
2025-12-28 12:48:22.309359|{td-398} 0, -2986088, -23, -21, -23, 0, 0, 0, 0, 0, 0, 0, 0, 0, 0, 0, 0, 0, 
2025-12-28 12:48:22.317025|{tx-398} :ACC-BBB..........
2025-12-28 12:48:22.486206|{rx-399} 1, 1, 2, 3, 377, 1377, 0, 0, 0, 0, 3, 4, 0, 3, 3
2025-12-28 12:48:22.490971|{rssi-399} 111, -127, -93, -93, -66, -127, -127, -127, 111, 111, 111, 111, 111, 111, 111, 111, 111, 111, 
2025-12-28 12:48:22.500198|{td-399} 0, -2986088, -17, -8937, -19, 0, 0, 0, 0, 0, 0, 0, 0, 0, 0, 0, 0, 0, 
2025-12-28 12:48:22.506191|{tx-399} :ACA-BBB..........
2025-12-28 12:48:22.676683|{rx-400} 1, 1, 2, 3, 378, 1381, 0, 0, 0, 0, 3, 4, 0, 3, 3
2025-12-28 12:48:22.680859|{rssi-400} 111, -127, -87, -87, -65, -127, -127, -127, 111, 111, 111, 111, 111, 111, 111, 111, 111, 111, 
2025-12-28 12:48:22.689991|{td-400} 0, -2986088, -21, -8941, -23, 0, 0, 0, 0, 0, 0, 0, 0, 0, 0, 0, 0, 0, 
2025-12-28 12:48:22.697231|{tx-400} :ACA-BBB..........
2025-12-28 12:48:22.864828|{rx-401} 1, 2, 1, 3, 379, 1385, 0, 0, 0, 0, 3, 4, 0, 3, 3
2025-12-28 12:48:22.872866|{rssi-401} 111, -127, -86, -81, -65, -127, -127, -127, 111, 111, 111, 111, 111, 111, 111, 111, 111, 111, 
2025-12-28 12:48:22.879037|{td-401} 0, -2986088, -23, -19, -19, 0, 0, 0, 0, 0, 0, 0, 0, 0, 0, 0, 0, 0, 
2025-12-28 12:48:22.886987|{tx-401} :ACC-BBB..........
2025-12-28 12:48:23.055830|{rx-402} 1, 1, 1, 3, 380, 1388, 0, 0, 0, 0, 2, 3, 0, 3, 3
2025-12-28 12:48:23.060179|{rssi-402} 111, -127, -85, -52, -127, -127, -127, 111, 111, 111, 111, 111, 111, 111, 111, 111, 111, 111, 
2025-12-28 12:48:23.069554|{td-402} 0, -2986088, -21, -21, 0, 0, 0, 0, 0, 0, 0, 0, 0, 0, 0, 0, 0, 0, 
2025-12-28 12:48:23.074829|{tx-402} :AC-BBB...........
2025-12-28 12:48:23.245514|{rx-403} 1, 1, 2, 3, 381, 1392, 0, 0, 0, 0, 3, 4, 0, 3, 3
2025-12-28 12:48:23.250754|{rssi-403} 111, -127, -127, -89, -53, -127, -127, -127, 111, 111, 111, 111, 111, 111, 111, 111, 111, 111, 
2025-12-28 12:48:23.260322|{td-403} 0, -2995008, -3003928, -23, -23, 0, 0, 0, 0, 0, 0, 0, 0, 0, 0, 0, 0, 0, 
2025-12-28 12:48:23.266656|{tx-403} :AAC-BBB..........
2025-12-28 12:48:23.435964|{rx-404} 1, 2, 1, 3, 382, 1396, 0, 0, 0, 0, 3, 4, 0, 3, 3
2025-12-28 12:48:23.440391|{rssi-404} 111, -127, -86, -85, -69, -127, -127, -127, 111, 111, 111, 111, 111, 111, 111, 111, 111, 111, 
2025-12-28 12:48:23.450212|{td-404} 0, -2986088, -23, -19, -19, 0, 0, 0, 0, 0, 0, 0, 0, 0, 0, 0, 0, 0, 
2025-12-28 12:48:23.456103|{tx-404} :ACC-BBB..........
2025-12-28 12:48:23.625458|{rx-405} 1, 2, 1, 3, 383, 1400, 0, 0, 0, 0, 3, 4, 0, 3, 3
2025-12-28 12:48:23.630423|{rssi-405} 111, -127, -87, -88, -67, -127, -127, -127, 111, 111, 111, 111, 111, 111, 111, 111, 111, 111, 
2025-12-28 12:48:23.639973|{td-405} 0, -2986088, -21, -23, -21, 0, 0, 0, 0, 0, 0, 0, 0, 0, 0, 0, 0, 0, 
2025-12-28 12:48:23.646103|{tx-405} :ACC-BBB..........
2025-12-28 12:48:23.813919|{rx-406} 1, 0, 1, 3, 384, 1402, 0, 0, 0, 0, 1, 2, 0, 3, 3
2025-12-28 12:48:23.819008|{rssi-406} 111, -127, -88, -127, -127, -127, 111, 111, 111, 111, 111, 111, 111, 111, 111, 111, 111, 111, 
2025-12-28 12:48:23.829100|{td-406} 0, -2986088, -25, 0, 0, 0, 0, 0, 0, 0, 0, 0, 0, 0, 0, 0, 0, 0, 
2025-12-28 12:48:23.834026|{tx-406} :A-BBB............
2025-12-28 12:48:24.005545|{rx-407} 1, 1, 1, 3, 385, 1405, 0, 0, 0, 0, 2, 3, 0, 3, 3
2025-12-28 12:48:24.009429|{rssi-407} 111, -127, -89, -49, -127, -127, -127, 111, 111, 111, 111, 111, 111, 111, 111, 111, 111, 111, 
2025-12-28 12:48:24.019183|{td-407} 0, -3003928, -19, -19, 0, 0, 0, 0, 0, 0, 0, 0, 0, 0, 0, 0, 0, 0, 
2025-12-28 12:48:24.024784|{tx-407} :AC-BBB...........
2025-12-28 12:48:24.196196|{rx-408} 1, 0, 2, 3, 386, 1408, 0, 0, 0, 0, 2, 3, 0, 3, 3
2025-12-28 12:48:24.199736|{rssi-408} 111, -127, -127, -50, -127, -127, -127, 111, 111, 111, 111, 111, 111, 111, 111, 111, 111, 111, 
2025-12-28 12:48:24.209254|{td-408} 0, -2995008, -3003928, -21, 0, 0, 0, 0, 0, 0, 0, 0, 0, 0, 0, 0, 0, 0, 
2025-12-28 12:48:24.215950|{tx-408} :AA-BBB...........
2025-12-28 12:48:24.386927|{rx-409} 1, 2, 2, 3, 387, 1413, 0, 0, 0, 0, 4, 4, 0, 3, 3
2025-12-28 12:48:24.391107|{rssi-409} 111, -127, -127, -94, -80, -65, -127, -127, -127, 111, 111, 111, 111, 111, 111, 111, 111, 111, 
2025-12-28 12:48:24.400578|{td-409} 0, -2995008, -3003928, -21, -21, -21, 0, 0, 0, 0, 0, 0, 0, 0, 0, 0, 0, 0, 
2025-12-28 12:48:24.407259|{tx-409} :AACC-BBB.........
2025-12-28 12:48:24.575354|{rx-410} 1, 2, 1, 3, 388, 1417, 0, 0, 0, 0, 3, 4, 0, 3, 3
2025-12-28 12:48:24.580672|{rssi-410} 111, -127, -89, -89, -51, -127, -127, -127, 111, 111, 111, 111, 111, 111, 111, 111, 111, 111, 
2025-12-28 12:48:24.589998|{td-410} 0, -2977168, -21, -25, -23, 0, 0, 0, 0, 0, 0, 0, 0, 0, 0, 0, 0, 0, 
2025-12-28 12:48:24.596916|{tx-410} :ACC-BBB..........
2025-12-28 12:48:24.764321|{rx-411} 1, 1, 1, 3, 389, 1420, 0, 0, 0, 0, 2, 3, 0, 3, 3
2025-12-28 12:48:24.770255|{rssi-411} 111, -127, -89, -49, -127, -127, -127, 111, 111, 111, 111, 111, 111, 111, 111, 111, 111, 111, 
2025-12-28 12:48:24.778336|{td-411} 0, -2986088, -12, -21, 0, 0, 0, 0, 0, 0, 0, 0, 0, 0, 0, 0, 0, 0, 
2025-12-28 12:48:24.786324|{tx-411} :AC-BBB...........
2025-12-28 12:48:24.955860|{rx-412} 1, 2, 1, 3, 390, 1424, 0, 0, 0, 0, 3, 4, 0, 3, 3
2025-12-28 12:48:24.959734|{rssi-412} 111, -127, -85, -88, -50, -127, -127, -127, 111, 111, 111, 111, 111, 111, 111, 111, 111, 111, 
2025-12-28 12:48:24.969800|{td-412} 0, -2995008, -19, -17, -19, 0, 0, 0, 0, 0, 0, 0, 0, 0, 0, 0, 0, 0, 
2025-12-28 12:48:24.975996|{tx-412} :ACC-BBB..........
2025-12-28 12:48:25.146177|{rx-413} 1, 1, 2, 3, 391, 1428, 0, 0, 0, 0, 3, 4, 0, 3, 3
2025-12-28 12:48:25.150296|{rssi-413} 111, -127, -127, -82, -65, -127, -127, -127, 111, 111, 111, 111, 111, 111, 111, 111, 111, 111, 
2025-12-28 12:48:25.159234|{td-413} 0, -2986088, -2995008, -21, -21, 0, 0, 0, 0, 0, 0, 0, 0, 0, 0, 0, 0, 0, 
2025-12-28 12:48:25.167348|{tx-413} :AAC-BBB..........
2025-12-28 12:48:25.334674|{rx-414} 1, 2, 1, 3, 392, 1432, 0, 0, 0, 0, 3, 4, 0, 3, 3
2025-12-28 12:48:25.340465|{rssi-414} 111, -127, -92, -83, -66, -127, -127, -127, 111, 111, 111, 111, 111, 111, 111, 111, 111, 111, 
2025-12-28 12:48:25.350658|{td-414} 0, -2986088, -21, -23, -23, 0, 0, 0, 0, 0, 0, 0, 0, 0, 0, 0, 0, 0, 
2025-12-28 12:48:25.356831|{tx-414} :AEC-BBB..........
2025-12-28 12:48:25.525787|{rx-415} 1, 0, 3, 3, 393, 1436, 0, 0, 0, 0, 3, 4, 0, 3, 3
2025-12-28 12:48:25.529674|{rssi-415} 111, -127, -127, -127, -67, -127, -127, -127, 111, 111, 111, 111, 111, 111, 111, 111, 111, 111, 
2025-12-28 12:48:25.539966|{td-415} 0, -2986088, -2995008, -3003928, -19, 0, 0, 0, 0, 0, 0, 0, 0, 0, 0, 0, 0, 0, 
2025-12-28 12:48:25.547303|{tx-415} :AAA-BBB..........
2025-12-28 12:48:25.714209|{rx-416} 1, 1, 1, 3, 394, 1439, 0, 0, 0, 0, 2, 3, 0, 3, 3
2025-12-28 12:48:25.719524|{rssi-416} 111, -127, -92, -49, -127, -127, -127, 111, 111, 111, 111, 111, 111, 111, 111, 111, 111, 111, 
2025-12-28 12:48:25.729030|{td-416} 0, -2986088, -21, -21, 0, 0, 0, 0, 0, 0, 0, 0, 0, 0, 0, 0, 0, 0, 
2025-12-28 12:48:25.736045|{tx-416} :AC-BBB...........
2025-12-28 12:48:25.904358|{rx-417} 1, 0, 2, 3, 395, 1442, 0, 0, 0, 0, 2, 3, 0, 3, 3
2025-12-28 12:48:25.909348|{rssi-417} 111, -127, -127, -49, -127, -127, -127, 111, 111, 111, 111, 111, 111, 111, 111, 111, 111, 111, 
2025-12-28 12:48:25.918363|{td-417} 0, -2995008, -3003928, -23, 0, 0, 0, 0, 0, 0, 0, 0, 0, 0, 0, 0, 0, 0, 
2025-12-28 12:48:25.925567|{tx-417} :AA-BBB...........
2025-12-28 12:48:26.096265|{rx-418} 1, 1, 3, 3, 396, 1447, 0, 0, 0, 0, 4, 3, 0, 3, 3
2025-12-28 12:48:26.100421|{rssi-418} 111, -127, -87, -87, -87, -86, -127, -127, -127, 111, 111, 111, 111, 111, 111, 111, 111, 111, 
2025-12-28 12:48:26.110447|{td-418} 0, -2995008, -21, -8941, -17861, -25, 0, 0, 0, 0, 0, 0, 0, 0, 0, 0, 0, 0, 
2025-12-28 12:48:26.117292|{tx-418} :ACAA-BBB.........
2025-12-28 12:48:26.285295|{rx-419} 1, 2, 1, 3, 397, 1451, 0, 0, 0, 0, 3, 4, 0, 3, 3
2025-12-28 12:48:26.289201|{rssi-419} 111, -127, -88, -83, -67, -127, -127, -127, 111, 111, 111, 111, 111, 111, 111, 111, 111, 111, 
2025-12-28 12:48:26.298524|{td-419} 0, -2977168, -17, -17, -15, 0, 0, 0, 0, 0, 0, 0, 0, 0, 0, 0, 0, 0, 
2025-12-28 12:48:26.305695|{tx-419} :ACC-BBB..........
2025-12-28 12:48:26.473725|{rx-420} 1, 0, 1, 3, 398, 1453, 0, 0, 0, 0, 1, 2, 0, 3, 3
2025-12-28 12:48:26.480031|{rssi-420} 111, -127, -88, -127, -127, -127, 111, 111, 111, 111, 111, 111, 111, 111, 111, 111, 111, 111, 
2025-12-28 12:48:26.489085|{td-420} 0, -2986088, -23, 0, 0, 0, 0, 0, 0, 0, 0, 0, 0, 0, 0, 0, 0, 0, 
2025-12-28 12:48:26.494011|{tx-420} :A-BBB............
2025-12-28 12:48:26.666198|{rx-421} 1, 2, 1, 3, 399, 1457, 0, 0, 0, 0, 3, 4, 0, 3, 3
2025-12-28 12:48:26.669753|{rssi-421} 111, -127, -88, -85, -51, -127, -127, -127, 111, 111, 111, 111, 111, 111, 111, 111, 111, 111, 
2025-12-28 12:48:26.679430|{td-421} 0, -3003928, -23, -21, -21, 0, 0, 0, 0, 0, 0, 0, 0, 0, 0, 0, 0, 0, 
2025-12-28 12:48:26.685468|{tx-421} :ACC-BBB..........
2025-12-28 12:48:26.852628|{rx-422} 1, 0, 1, 3, 400, 1459, 0, 0, 0, 0, 1, 2, 0, 3, 3
2025-12-28 12:48:26.858536|{rssi-422} 111, -127, -88, -127, -127, -127, 111, 111, 111, 111, 111, 111, 111, 111, 111, 111, 111, 111, 
2025-12-28 12:48:26.868309|{td-422} 0, -2986088, -21, 0, 0, 0, 0, 0, 0, 0, 0, 0, 0, 0, 0, 0, 0, 0, 
2025-12-28 12:48:26.873536|{tx-422} :A-BBB............
2025-12-28 12:48:27.043442|{rx-423} 1, 0, 1, 3, 401, 1461, 0, 0, 0, 0, 1, 2, 0, 3, 3
2025-12-28 12:48:27.048774|{rssi-423} 111, -127, -84, -127, -127, -127, 111, 111, 111, 111, 111, 111, 111, 111, 111, 111, 111, 111, 
2025-12-28 12:48:27.058689|{td-423} 0, -3003928, -23, 0, 0, 0, 0, 0, 0, 0, 0, 0, 0, 0, 0, 0, 0, 0, 
2025-12-28 12:48:27.064272|{tx-423} :A-BBB............
2025-12-28 12:48:27.233996|{rx-424} 1, 1, 2, 3, 402, 1465, 0, 0, 0, 0, 3, 4, 0, 3, 3
2025-12-28 12:48:27.240397|{rssi-424} 111, -127, -127, -85, -68, -127, -127, -127, 111, 111, 111, 111, 111, 111, 111, 111, 111, 111, 
2025-12-28 12:48:27.250104|{td-424} 0, -3003928, -3012848, -19, -17, 0, 0, 0, 0, 0, 0, 0, 0, 0, 0, 0, 0, 0, 
2025-12-28 12:48:27.255509|{tx-424} :AAC-BBB..........
2025-12-28 12:48:27.426142|{rx-425} 1, 3, 3, 3, 403, 1472, 0, 0, 0, 0, 6, 4, 0, 3, 3
2025-12-28 12:48:27.431530|{rssi-425} 111, -127, -85, -84, -82, -82, -82, -51, -127, -127, -127, 111, 111, 111, 111, 111, 111, 111, 
2025-12-28 12:48:27.440213|{td-425} 0, -2986088, -25, -25, -25, -8945, -17865, -23, 0, 0, 0, 0, 0, 0, 0, 0, 0, 0, 
2025-12-28 12:48:27.448933|{tx-425} :ACCCAA-BBB.......
2025-12-28 12:48:27.613890|{rx-426} 1, 0, 2, 3, 404, 1475, 0, 0, 0, 0, 2, 3, 0, 3, 3
2025-12-28 12:48:27.618461|{rssi-426} 111, -127, -127, -52, -127, -127, -127, 111, 111, 111, 111, 111, 111, 111, 111, 111, 111, 111, 
2025-12-28 12:48:27.628668|{td-426} 0, -2959328, -2968248, -23, 0, 0, 0, 0, 0, 0, 0, 0, 0, 0, 0, 0, 0, 0, 
2025-12-28 12:48:27.635371|{tx-426} :AA-BBB...........
2025-12-28 12:48:27.804024|{rx-427} 1, 0, 2, 3, 405, 1478, 0, 0, 0, 0, 2, 3, 0, 3, 3
2025-12-28 12:48:27.809179|{rssi-427} 111, -127, -127, -50, -127, -127, -127, 111, 111, 111, 111, 111, 111, 111, 111, 111, 111, 111, 
2025-12-28 12:48:27.818621|{td-427} 0, -2995008, -3003928, -21, 0, 0, 0, 0, 0, 0, 0, 0, 0, 0, 0, 0, 0, 0, 
2025-12-28 12:48:27.825621|{tx-427} :AA-BBB...........
2025-12-28 12:48:27.994842|{rx-428} 1, 1, 2, 3, 406, 1482, 0, 0, 0, 0, 3, 4, 0, 3, 3
2025-12-28 12:48:28.003387|{rssi-428} 111, -127, -127, -92, -50, -127, -127, -127, 111, 111, 111, 111, 111, 111, 111, 111, 111, 111, 
2025-12-28 12:48:28.008567|{td-428} 0, -2995008, -3003928, -19, -21, 0, 0, 0, 0, 0, 0, 0, 0, 0, 0, 0, 0, 0, 
2025-12-28 12:48:28.015455|{tx-428} :AAC-BBB..........
2025-12-28 12:48:28.183881|{rx-429} 1, 1, 1, 3, 407, 1485, 0, 0, 0, 0, 2, 3, 0, 3, 3
2025-12-28 12:48:28.188862|{rssi-429} 111, -127, -85, -49, -127, -127, -127, 111, 111, 111, 111, 111, 111, 111, 111, 111, 111, 111, 
2025-12-28 12:48:28.198331|{td-429} 0, -2986088, -19, -21, 0, 0, 0, 0, 0, 0, 0, 0, 0, 0, 0, 0, 0, 0, 
2025-12-28 12:48:28.205421|{tx-429} :AC-BBB...........
2025-12-28 12:48:28.374478|{rx-430} 1, 1, 2, 3, 408, 1489, 0, 0, 0, 0, 3, 4, 0, 3, 3
2025-12-28 12:48:28.379453|{rssi-430} 111, -127, -127, -83, -64, -127, -127, -127, 111, 111, 111, 111, 111, 111, 111, 111, 111, 111, 
2025-12-28 12:48:28.389161|{td-430} 0, -2995008, -3003928, -23, -21, 0, 0, 0, 0, 0, 0, 0, 0, 0, 0, 0, 0, 0, 
2025-12-28 12:48:28.396652|{tx-430} :AAC-BBB..........
2025-12-28 12:48:28.564243|{rx-431} 1, 1, 2, 3, 409, 1493, 0, 0, 0, 0, 3, 4, 0, 3, 3
2025-12-28 12:48:28.569755|{rssi-431} 111, -127, -86, -86, -65, -127, -127, -127, 111, 111, 111, 111, 111, 111, 111, 111, 111, 111, 
2025-12-28 12:48:28.578883|{td-431} 0, -2986088, -21, -8941, -19, 0, 0, 0, 0, 0, 0, 0, 0, 0, 0, 0, 0, 0, 
2025-12-28 12:48:28.586637|{tx-431} :ACA-BBB..........
2025-12-28 12:48:28.754081|{rx-432} 1, 1, 2, 3, 410, 1497, 0, 0, 0, 0, 3, 4, 0, 3, 3
2025-12-28 12:48:28.759539|{rssi-432} 111, -127, -127, -79, -66, -127, -127, -127, 111, 111, 111, 111, 111, 111, 111, 111, 111, 111, 
2025-12-28 12:48:28.769198|{td-432} 0, -2986088, -2995008, -23, -23, 0, 0, 0, 0, 0, 0, 0, 0, 0, 0, 0, 0, 0, 
2025-12-28 12:48:28.776627|{tx-432} :AAC-BBB..........
2025-12-28 12:48:28.945691|{rx-433} 1, 0, 2, 3, 411, 1500, 0, 0, 0, 0, 2, 3, 0, 3, 3
2025-12-28 12:48:28.948463|{rssi-433} 111, -127, -127, -49, -127, -127, -127, 111, 111, 111, 111, 111, 111, 111, 111, 111, 111, 111, 
2025-12-28 12:48:28.959147|{td-433} 0, -2986088, -2995008, -21, 0, 0, 0, 0, 0, 0, 0, 0, 0, 0, 0, 0, 0, 0, 
2025-12-28 12:48:28.964775|{tx-433} :AA-BBB...........
2025-12-28 12:48:29.134417|{rx-434} 1, 2, 1, 3, 412, 1504, 0, 0, 0, 0, 3, 4, 0, 3, 3
2025-12-28 12:48:29.140213|{rssi-434} 111, -127, -92, -86, -52, -127, -127, -127, 111, 111, 111, 111, 111, 111, 111, 111, 111, 111, 
2025-12-28 12:48:29.148701|{td-434} 0, -2995008, -21, -21, -21, 0, 0, 0, 0, 0, 0, 0, 0, 0, 0, 0, 0, 0, 
2025-12-28 12:48:29.154716|{tx-434} :ACC-BBB..........
2025-12-28 12:48:29.323056|{rx-435} 1, 0, 1, 3, 413, 1506, 0, 0, 0, 0, 1, 2, 0, 3, 3
2025-12-28 12:48:29.327846|{rssi-435} 111, -127, -86, -127, -127, -127, 111, 111, 111, 111, 111, 111, 111, 111, 111, 111, 111, 111, 
2025-12-28 12:48:29.337975|{td-435} 0, -2986088, -21, 0, 0, 0, 0, 0, 0, 0, 0, 0, 0, 0, 0, 0, 0, 0, 
2025-12-28 12:48:29.343518|{tx-435} :A-BBB............
2025-12-28 12:48:29.514262|{rx-436} 1, 2, 1, 3, 414, 1510, 0, 0, 0, 0, 3, 4, 0, 3, 3
2025-12-28 12:48:29.520419|{rssi-436} 111, -127, -93, -80, -53, -127, -127, -127, 111, 111, 111, 111, 111, 111, 111, 111, 111, 111, 
2025-12-28 12:48:29.529084|{td-436} 0, -3003928, -23, -21, -21, 0, 0, 0, 0, 0, 0, 0, 0, 0, 0, 0, 0, 0, 
2025-12-28 12:48:29.535302|{tx-436} :ACC-BBB..........
2025-12-28 12:48:29.705919|{rx-437} 1, 1, 3, 3, 415, 1515, 0, 0, 0, 0, 4, 4, 0, 3, 3
2025-12-28 12:48:29.709868|{rssi-437} 111, -127, -84, -84, -84, -49, -127, -127, -127, 111, 111, 111, 111, 111, 111, 111, 111, 111, 
2025-12-28 12:48:29.718534|{td-437} 0, -2986088, -23, -8943, -17863, -21, 0, 0, 0, 0, 0, 0, 0, 0, 0, 0, 0, 0, 
2025-12-28 12:48:29.726482|{tx-437} :ACAA-BBB.........
2025-12-28 12:48:29.893288|{rx-438} 1, 1, 1, 3, 416, 1518, 0, 0, 0, 0, 2, 3, 0, 3, 3
2025-12-28 12:48:29.898521|{rssi-438} 111, -127, -88, -50, -127, -127, -127, 111, 111, 111, 111, 111, 111, 111, 111, 111, 111, 111, 
2025-12-28 12:48:29.908281|{td-438} 0, -2977168, -23, -21, 0, 0, 0, 0, 0, 0, 0, 0, 0, 0, 0, 0, 0, 0, 
2025-12-28 12:48:29.914518|{tx-438} :AC-BBB...........
2025-12-28 12:48:30.082672|{rx-439} 1, 1, 1, 3, 417, 1521, 0, 0, 0, 0, 2, 3, 0, 3, 3
2025-12-28 12:48:30.089086|{rssi-439} 111, -127, -87, -52, -127, -127, -127, 111, 111, 111, 111, 111, 111, 111, 111, 111, 111, 111, 
2025-12-28 12:48:30.098381|{td-439} 0, -2995008, -23, -23, 0, 0, 0, 0, 0, 0, 0, 0, 0, 0, 0, 0, 0, 0, 
2025-12-28 12:48:30.103497|{tx-439} :AC-BBB...........
2025-12-28 12:48:30.273072|{rx-440} 1, 0, 1, 3, 418, 1523, 0, 0, 0, 0, 1, 2, 0, 3, 3
2025-12-28 12:48:30.278649|{rssi-440} 111, -127, -49, -127, -127, -127, 111, 111, 111, 111, 111, 111, 111, 111, 111, 111, 111, 111, 
2025-12-28 12:48:30.288173|{td-440} 0, -2995008, -19, 0, 0, 0, 0, 0, 0, 0, 0, 0, 0, 0, 0, 0, 0, 0, 
2025-12-28 12:48:30.293939|{tx-440} :A-BBB............
2025-12-28 12:48:30.463538|{rx-441} 1, 0, 1, 3, 419, 1525, 0, 0, 0, 0, 1, 2, 0, 3, 3
2025-12-28 12:48:30.469050|{rssi-441} 111, -127, -86, -127, -127, -127, 111, 111, 111, 111, 111, 111, 111, 111, 111, 111, 111, 111, 
2025-12-28 12:48:30.477781|{td-441} 0, -3003928, -21, 0, 0, 0, 0, 0, 0, 0, 0, 0, 0, 0, 0, 0, 0, 0, 
2025-12-28 12:48:30.483528|{tx-441} :A-BBB............
2025-12-28 12:48:30.653633|{rx-442} 1, 2, 1, 3, 420, 1529, 0, 0, 0, 0, 3, 4, 0, 3, 3
2025-12-28 12:48:30.659083|{rssi-442} 111, -127, -85, -84, -54, -127, -127, -127, 111, 111, 111, 111, 111, 111, 111, 111, 111, 111, 
2025-12-28 12:48:30.668807|{td-442} 0, -3003928, -23, -23, -23, 0, 0, 0, 0, 0, 0, 0, 0, 0, 0, 0, 0, 0, 
2025-12-28 12:48:30.675690|{tx-442} :ACC-BBB..........
2025-12-28 12:48:30.844825|{rx-443} 1, 2, 1, 3, 421, 1533, 0, 0, 0, 0, 3, 4, 0, 3, 3
2025-12-28 12:48:30.850196|{rssi-443} 111, -127, -82, -82, -52, -127, -127, -127, 111, 111, 111, 111, 111, 111, 111, 111, 111, 111, 
2025-12-28 12:48:30.859268|{td-443} 0, -2986088, -21, -19, -17, 0, 0, 0, 0, 0, 0, 0, 0, 0, 0, 0, 0, 0, 
2025-12-28 12:48:30.865284|{tx-443} :ACC-BBB..........
2025-12-28 12:48:31.033798|{rx-444} 1, 0, 2, 3, 422, 1536, 0, 0, 0, 0, 2, 3, 0, 3, 3
2025-12-28 12:48:31.038393|{rssi-444} 111, -127, -127, -53, -127, -127, -127, 111, 111, 111, 111, 111, 111, 111, 111, 111, 111, 111, 
2025-12-28 12:48:31.048066|{td-444} 0, -2986088, -2995008, -25, 0, 0, 0, 0, 0, 0, 0, 0, 0, 0, 0, 0, 0, 0, 
2025-12-28 12:48:31.055326|{tx-444} :AA-BBB...........
2025-12-28 12:48:31.224118|{rx-445} 1, 2, 1, 3, 423, 1540, 0, 0, 0, 0, 3, 4, 0, 3, 3
2025-12-28 12:48:31.229038|{rssi-445} 111, -127, -91, -81, -68, -127, -127, -127, 111, 111, 111, 111, 111, 111, 111, 111, 111, 111, 
2025-12-28 12:48:31.238989|{td-445} 0, -2995008, -23, -23, -25, 0, 0, 0, 0, 0, 0, 0, 0, 0, 0, 0, 0, 0, 
2025-12-28 12:48:31.244387|{tx-445} :ACC-BBB..........
2025-12-28 12:48:31.412855|{rx-446} 1, 1, 1, 3, 424, 1543, 0, 0, 0, 0, 2, 3, 0, 3, 3
2025-12-28 12:48:31.418685|{rssi-446} 111, -127, -84, -92, -127, -127, -127, 111, 111, 111, 111, 111, 111, 111, 111, 111, 111, 111, 
2025-12-28 12:48:31.428131|{td-446} 0, -2986088, -17, -17, 0, 0, 0, 0, 0, 0, 0, 0, 0, 0, 0, 0, 0, 0, 
2025-12-28 12:48:31.433519|{tx-446} :AC-BBB...........
2025-12-28 12:48:31.632141|{rx-447} 1, 0, 3, 3, 425, 1547, 0, 0, 0, 0, 3, 4, 0, 3, 3
2025-12-28 12:48:31.636300|{rssi-447} 111, -127, -127, -127, -69, -127, -127, -127, 111, 111, 111, 111, 111, 111, 111, 111, 111, 111, 
2025-12-28 12:48:31.642959|{td-447} 0, -2995008, -3003928, -3012848, -21, 0, 0, 0, 0, 0, 0, 0, 0, 0, 0, 0, 0, 0, 
2025-12-28 12:48:31.644597|{tx-447} :AAA-BBB..........
2025-12-28 12:48:31.792013|{rx-448} 1, 0, 1, 3, 426, 1549, 0, 0, 0, 0, 1, 2, 0, 3, 3
2025-12-28 12:48:31.797398|{rssi-448} 111, -127, -82, -127, -127, -127, 111, 111, 111, 111, 111, 111, 111, 111, 111, 111, 111, 111, 
2025-12-28 12:48:31.807367|{td-448} 0, -2986088, -21, 0, 0, 0, 0, 0, 0, 0, 0, 0, 0, 0, 0, 0, 0, 0, 
2025-12-28 12:48:31.813909|{tx-448} :A-BBB............
2025-12-28 12:48:31.983950|{rx-449} 1, 1, 2, 3, 427, 1553, 0, 0, 0, 0, 3, 4, 0, 3, 3
2025-12-28 12:48:31.987933|{rssi-449} 111, -127, -127, -85, -65, -127, -127, -127, 111, 111, 111, 111, 111, 111, 111, 111, 111, 111, 
2025-12-28 12:48:31.998680|{td-449} 0, -3003928, -3012848, -23, -19, 0, 0, 0, 0, 0, 0, 0, 0, 0, 0, 0, 0, 0, 
2025-12-28 12:48:32.006257|{tx-449} :AAC-BBB..........
2025-12-28 12:48:32.173682|{rx-450} 1, 1, 2, 3, 428, 1557, 0, 0, 0, 0, 3, 4, 0, 3, 3
2025-12-28 12:48:32.179132|{rssi-450} 111, -127, -127, -82, -53, -127, -127, -127, 111, 111, 111, 111, 111, 111, 111, 111, 111, 111, 
2025-12-28 12:48:32.188612|{td-450} 0, -2986088, -2995008, -25, -23, 0, 0, 0, 0, 0, 0, 0, 0, 0, 0, 0, 0, 0, 
2025-12-28 12:48:32.195841|{tx-450} :AAC-BBB..........
2025-12-28 12:48:32.362109|{rx-451} 1, 0, 1, 3, 429, 1559, 0, 0, 0, 0, 1, 2, 0, 3, 3
2025-12-28 12:48:32.367665|{rssi-451} 111, -127, -85, -127, -127, -127, 111, 111, 111, 111, 111, 111, 111, 111, 111, 111, 111, 111, 
2025-12-28 12:48:32.377534|{td-451} 0, -2986088, -23, 0, 0, 0, 0, 0, 0, 0, 0, 0, 0, 0, 0, 0, 0, 0, 
2025-12-28 12:48:32.382284|{tx-451} :A-BBB............
2025-12-28 12:48:32.553849|{rx-452} 1, 1, 1, 3, 430, 1562, 0, 0, 0, 0, 2, 3, 0, 3, 3
2025-12-28 12:48:32.558539|{rssi-452} 111, -127, -82, -49, -127, -127, -127, 111, 111, 111, 111, 111, 111, 111, 111, 111, 111, 111, 
2025-12-28 12:48:32.567605|{td-452} 0, -3003928, -19, -21, 0, 0, 0, 0, 0, 0, 0, 0, 0, 0, 0, 0, 0, 0, 
2025-12-28 12:48:32.574789|{tx-452} :AC-BBB...........
2025-12-28 12:48:32.742287|{rx-453} 1, 0, 1, 3, 431, 1564, 0, 0, 0, 0, 1, 2, 0, 3, 3
2025-12-28 12:48:32.748025|{rssi-453} 111, -127, -89, -127, -127, -127, 111, 111, 111, 111, 111, 111, 111, 111, 111, 111, 111, 111, 
2025-12-28 12:48:32.757000|{td-453} 0, -2995008, -21, 0, 0, 0, 0, 0, 0, 0, 0, 0, 0, 0, 0, 0, 0, 0, 
2025-12-28 12:48:32.762475|{tx-453} :A-BBB............
2025-12-28 12:48:32.932349|{rx-454} 1, 0, 1, 3, 432, 1566, 0, 0, 0, 0, 1, 2, 0, 3, 3
2025-12-28 12:48:32.938098|{rssi-454} 111, -127, -85, -127, -127, -127, 111, 111, 111, 111, 111, 111, 111, 111, 111, 111, 111, 111, 
2025-12-28 12:48:32.946450|{td-454} 0, -3003928, -19, 0, 0, 0, 0, 0, 0, 0, 0, 0, 0, 0, 0, 0, 0, 0, 
2025-12-28 12:48:32.953455|{tx-454} :A-BBB............
2025-12-28 12:48:33.122529|{rx-455} 1, 0, 1, 3, 433, 1568, 0, 0, 0, 0, 1, 2, 0, 3, 3
2025-12-28 12:48:33.129693|{rssi-455} 111, -127, -87, -127, -127, -127, 111, 111, 111, 111, 111, 111, 111, 111, 111, 111, 111, 111, 
2025-12-28 12:48:33.137503|{td-455} 0, -3003928, -23, 0, 0, 0, 0, 0, 0, 0, 0, 0, 0, 0, 0, 0, 0, 0, 
2025-12-28 12:48:33.142485|{tx-455} :A-BBB............
2025-12-28 12:48:33.312389|{rx-456} 1, 0, 1, 3, 434, 1570, 0, 0, 0, 0, 1, 2, 0, 3, 3
2025-12-28 12:48:33.317523|{rssi-456} 111, -127, -85, -127, -127, -127, 111, 111, 111, 111, 111, 111, 111, 111, 111, 111, 111, 111, 
2025-12-28 12:48:33.327255|{td-456} 0, -3003928, -21, 0, 0, 0, 0, 0, 0, 0, 0, 0, 0, 0, 0, 0, 0, 0, 
2025-12-28 12:48:33.332498|{tx-456} :A-BBB............
2025-12-28 12:48:33.505634|{rx-457} 1, 3, 1, 3, 435, 1575, 0, 0, 0, 0, 4, 4, 0, 3, 3
2025-12-28 12:48:33.509098|{rssi-457} 111, -127, -86, -82, -85, -69, -127, -127, -127, 111, 111, 111, 111, 111, 111, 111, 111, 111, 
2025-12-28 12:48:33.518214|{td-457} 0, -3003928, -19, -21, -21, -19, 0, 0, 0, 0, 0, 0, 0, 0, 0, 0, 0, 0, 
2025-12-28 12:48:33.526127|{tx-457} :ACCC-BBB.........
2025-12-28 12:48:33.693197|{rx-458} 1, 2, 1, 3, 436, 1579, 0, 0, 0, 0, 3, 4, 0, 3, 3
2025-12-28 12:48:33.698598|{rssi-458} 111, -127, -80, -84, -56, -127, -127, -127, 111, 111, 111, 111, 111, 111, 111, 111, 111, 111, 
2025-12-28 12:48:33.708276|{td-458} 0, -2977168, -23, -21, -21, 0, 0, 0, 0, 0, 0, 0, 0, 0, 0, 0, 0, 0, 
2025-12-28 12:48:33.714105|{tx-458} :ACC-BBB..........
2025-12-28 12:48:33.883236|{rx-459} 1, 2, 1, 3, 437, 1583, 0, 0, 0, 0, 3, 3, 0, 3, 3
2025-12-28 12:48:33.888306|{rssi-459} 111, -127, -83, -92, -53, -127, -127, -127, 111, 111, 111, 111, 111, 111, 111, 111, 111, 111, 
2025-12-28 12:48:33.897378|{td-459} 0, -2986088, -23, -23, -25, 0, 0, 0, 0, 0, 0, 0, 0, 0, 0, 0, 0, 0, 
2025-12-28 12:48:33.904372|{tx-459} :ACC-BBB..........
2025-12-28 12:48:34.073442|{rx-460} 1, 2, 1, 3, 438, 1587, 0, 0, 0, 0, 3, 4, 0, 3, 3
2025-12-28 12:48:34.078868|{rssi-460} 111, -127, -81, -84, -53, -127, -127, -127, 111, 111, 111, 111, 111, 111, 111, 111, 111, 111, 
2025-12-28 12:48:34.087220|{td-460} 0, -2986088, -19, -19, -21, 0, 0, 0, 0, 0, 0, 0, 0, 0, 0, 0, 0, 0, 
2025-12-28 12:48:34.094914|{tx-460} :ACC-BBB..........
2025-12-28 12:48:34.263570|{rx-461} 1, 0, 2, 3, 439, 1590, 0, 0, 0, 0, 2, 3, 0, 3, 3
2025-12-28 12:48:34.267955|{rssi-461} 111, -127, -127, -49, -127, -127, -127, 111, 111, 111, 111, 111, 111, 111, 111, 111, 111, 111, 
2025-12-28 12:48:34.277273|{td-461} 0, -2986088, -2995008, -19, 0, 0, 0, 0, 0, 0, 0, 0, 0, 0, 0, 0, 0, 0, 
2025-12-28 12:48:34.283310|{tx-461} :AA-BBB...........
2025-12-28 12:48:34.454300|{rx-462} 1, 1, 2, 3, 440, 1594, 0, 0, 0, 0, 3, 4, 0, 3, 3
2025-12-28 12:48:34.458510|{rssi-462} 111, -127, -127, -83, -53, -127, -127, -127, 111, 111, 111, 111, 111, 111, 111, 111, 111, 111, 
2025-12-28 12:48:34.468026|{td-462} 0, -2995008, -3003928, -21, -21, 0, 0, 0, 0, 0, 0, 0, 0, 0, 0, 0, 0, 0, 
2025-12-28 12:48:34.475892|{tx-462} :AAC-BBB..........
2025-12-28 12:48:34.646373|{rx-463} 1, 2, 2, 3, 441, 1599, 0, 0, 0, 0, 4, 3, 0, 3, 3
2025-12-28 12:48:34.649306|{rssi-463} 111, -127, -127, -90, -85, -86, -127, -127, -127, 111, 111, 111, 111, 111, 111, 111, 111, 111, 
2025-12-28 12:48:34.660059|{td-463} 0, -2986088, -2995008, -21, -21, -21, 0, 0, 0, 0, 0, 0, 0, 0, 0, 0, 0, 0, 
2025-12-28 12:48:34.667061|{tx-463} :AACC-BBB.........
2025-12-28 12:48:34.833129|{rx-464} 1, 2, 1, 3, 442, 1603, 0, 0, 0, 0, 3, 3, 0, 3, 3
2025-12-28 12:48:34.838478|{rssi-464} 111, -127, -81, -87, -50, -127, -127, -127, 111, 111, 111, 111, 111, 111, 111, 111, 111, 111, 
2025-12-28 12:48:34.847751|{td-464} 0, -2977168, -23, -23, -21, 0, 0, 0, 0, 0, 0, 0, 0, 0, 0, 0, 0, 0, 
2025-12-28 12:48:34.853586|{tx-464} :ACC-BBB..........
2025-12-28 12:48:35.023889|{rx-465} 1, 1, 2, 3, 443, 1607, 0, 0, 0, 0, 3, 4, 0, 3, 3
2025-12-28 12:48:35.028873|{rssi-465} 111, -127, -127, -83, -54, -127, -127, -127, 111, 111, 111, 111, 111, 111, 111, 111, 111, 111, 
2025-12-28 12:48:35.037909|{td-465} 0, -2986088, -2995008, -21, -21, 0, 0, 0, 0, 0, 0, 0, 0, 0, 0, 0, 0, 0, 
2025-12-28 12:48:35.045620|{tx-465} :AAC-BBB..........
2025-12-28 12:48:35.213052|{rx-466} 1, 2, 1, 3, 444, 1611, 0, 0, 0, 0, 3, 4, 0, 3, 3
2025-12-28 12:48:35.219059|{rssi-466} 111, -127, -89, -79, -66, -127, -127, -127, 111, 111, 111, 111, 111, 111, 111, 111, 111, 111, 
2025-12-28 12:48:35.228229|{td-466} 0, -2986088, -25, -21, -19, 0, 0, 0, 0, 0, 0, 0, 0, 0, 0, 0, 0, 0, 
2025-12-28 12:48:35.233414|{tx-466} :ACC-BBB..........
2025-12-28 12:48:35.404150|{rx-467} 1, 1, 2, 3, 445, 1615, 0, 0, 0, 0, 3, 4, 0, 3, 3
2025-12-28 12:48:35.408173|{rssi-467} 111, -127, -85, -85, -51, -127, -127, -127, 111, 111, 111, 111, 111, 111, 111, 111, 111, 111, 
2025-12-28 12:48:35.417333|{td-467} 0, -2986088, -23, -8943, -25, 0, 0, 0, 0, 0, 0, 0, 0, 0, 0, 0, 0, 0, 
2025-12-28 12:48:35.424689|{tx-467} :ACA-BBB..........
2025-12-28 12:48:35.593646|{rx-468} 1, 1, 3, 3, 446, 1620, 0, 0, 0, 0, 3, 4, 0, 3, 3
2025-12-28 12:48:35.598380|{rssi-468} 111, -127, -92, -92, -67, -127, -127, -127, 111, 111, 111, 111, 111, 111, 111, 111, 111, 111, 
2025-12-28 12:48:35.607370|{td-468} 0, -2986088, -21, -8941, -19, 0, 0, 0, 0, 0, 0, 0, 0, 0, 0, 0, 0, 0, 
2025-12-28 12:48:35.615828|{tx-468} :APA-BBB..........
2025-12-28 12:48:35.782586|{rx-469} 1, 1, 1, 3, 447, 1623, 0, 0, 0, 0, 2, 3, 0, 3, 3
2025-12-28 12:48:35.786999|{rssi-469} 111, -127, -84, -52, -127, -127, -127, 111, 111, 111, 111, 111, 111, 111, 111, 111, 111, 111, 
2025-12-28 12:48:35.796397|{td-469} 0, -2986088, -23, -25, 0, 0, 0, 0, 0, 0, 0, 0, 0, 0, 0, 0, 0, 0, 
2025-12-28 12:48:35.802621|{tx-469} :AC-BBB...........
2025-12-28 12:48:35.973602|{rx-470} 1, 2, 1, 3, 448, 1627, 0, 0, 0, 0, 3, 4, 0, 3, 3
2025-12-28 12:48:35.978485|{rssi-470} 111, -127, -90, -85, -53, -127, -127, -127, 111, 111, 111, 111, 111, 111, 111, 111, 111, 111, 
2025-12-28 12:48:35.987823|{td-470} 0, -2995008, -21, -15, -17, 0, 0, 0, 0, 0, 0, 0, 0, 0, 0, 0, 0, 0, 
2025-12-28 12:48:35.993901|{tx-470} :ACC-BBB..........
2025-12-28 12:48:36.163211|{rx-471} 1, 1, 2, 3, 449, 1631, 0, 0, 0, 0, 3, 4, 0, 3, 3
2025-12-28 12:48:36.168399|{rssi-471} 111, -127, -127, -85, -66, -127, -127, -127, 111, 111, 111, 111, 111, 111, 111, 111, 111, 111, 
2025-12-28 12:48:36.177718|{td-471} 0, -2986088, -2995008, -23, -25, 0, 0, 0, 0, 0, 0, 0, 0, 0, 0, 0, 0, 0, 
2025-12-28 12:48:36.184866|{tx-471} :AAC-BBB..........
2025-12-28 12:48:36.352692|{rx-472} 1, 0, 1, 3, 450, 1633, 0, 0, 0, 0, 1, 2, 0, 3, 3
2025-12-28 12:48:36.358038|{rssi-472} 111, -127, -83, -127, -127, -127, 111, 111, 111, 111, 111, 111, 111, 111, 111, 111, 111, 111, 
2025-12-28 12:48:36.366379|{td-472} 0, -2986088, -21, 0, 0, 0, 0, 0, 0, 0, 0, 0, 0, 0, 0, 0, 0, 0, 
2025-12-28 12:48:36.372052|{tx-472} :A-BBB............
2025-12-28 12:48:36.543570|{rx-473} 1, 2, 1, 3, 451, 1637, 0, 0, 0, 0, 3, 4, 0, 3, 3
2025-12-28 12:48:36.548872|{rssi-473} 111, -127, -89, -82, -65, -127, -127, -127, 111, 111, 111, 111, 111, 111, 111, 111, 111, 111, 
2025-12-28 12:48:36.557934|{td-473} 0, -3003928, -19, -17, -17, 0, 0, 0, 0, 0, 0, 0, 0, 0, 0, 0, 0, 0, 
2025-12-28 12:48:36.564433|{tx-473} :ACC-BBB..........
2025-12-28 12:48:36.733341|{rx-474} 1, 1, 2, 3, 452, 1641, 0, 0, 0, 0, 3, 4, 0, 3, 3
2025-12-28 12:48:36.738049|{rssi-474} 111, -127, -127, -88, -53, -127, -127, -127, 111, 111, 111, 111, 111, 111, 111, 111, 111, 111, 
2025-12-28 12:48:36.747841|{td-474} 0, -2986088, -2995008, -21, -23, 0, 0, 0, 0, 0, 0, 0, 0, 0, 0, 0, 0, 0, 
2025-12-28 12:48:36.754392|{tx-474} :AAC-BBB..........
2025-12-28 12:48:36.923020|{rx-475} 1, 0, 2, 3, 453, 1644, 0, 0, 0, 0, 2, 3, 0, 3, 3
2025-12-28 12:48:36.927562|{rssi-475} 111, -127, -127, -50, -127, -127, -127, 111, 111, 111, 111, 111, 111, 111, 111, 111, 111, 111, 
2025-12-28 12:48:36.937417|{td-475} 0, -2986088, -2995008, -21, 0, 0, 0, 0, 0, 0, 0, 0, 0, 0, 0, 0, 0, 0, 
2025-12-28 12:48:36.944118|{tx-475} :AA-BBB...........
2025-12-28 12:48:37.112849|{rx-476} 1, 1, 1, 3, 454, 1647, 0, 0, 0, 0, 2, 3, 0, 3, 3
2025-12-28 12:48:37.117534|{rssi-476} 111, -127, -89, -50, -127, -127, -127, 111, 111, 111, 111, 111, 111, 111, 111, 111, 111, 111, 
2025-12-28 12:48:37.126891|{td-476} 0, -2995008, -23, -21, 0, 0, 0, 0, 0, 0, 0, 0, 0, 0, 0, 0, 0, 0, 
2025-12-28 12:48:37.133330|{tx-476} :AC-BBB...........
2025-12-28 12:48:37.300991|{rx-477} 1, 0, 1, 3, 455, 1649, 0, 0, 0, 0, 1, 2, 0, 3, 3
2025-12-28 12:48:37.306703|{rssi-477} 111, -127, -91, -127, -127, -127, 111, 111, 111, 111, 111, 111, 111, 111, 111, 111, 111, 111, 
2025-12-28 12:48:37.316392|{td-477} 0, -2995008, -19, 0, 0, 0, 0, 0, 0, 0, 0, 0, 0, 0, 0, 0, 0, 0, 
2025-12-28 12:48:37.321985|{tx-477} :A-BBB............
2025-12-28 12:48:37.491435|{rx-478} 1, 2, 1, 3, 456, 1653, 0, 0, 0, 0, 3, 4, 0, 3, 3
2025-12-28 12:48:37.497561|{rssi-478} 111, -127, -90, -81, -66, -127, -127, -127, 111, 111, 111, 111, 111, 111, 111, 111, 111, 111, 
2025-12-28 12:48:37.507175|{td-478} 0, -3003928, -23, -25, -21, 0, 0, 0, 0, 0, 0, 0, 0, 0, 0, 0, 0, 0, 
2025-12-28 12:48:37.513544|{tx-478} :ACC-BBB..........
2025-12-28 12:48:37.681483|{rx-479} 1, 1, 2, 3, 457, 1657, 0, 0, 0, 0, 3, 4, 0, 3, 3
2025-12-28 12:48:37.687808|{rssi-479} 111, -127, -127, -98, -64, -127, -127, -127, 111, 111, 111, 111, 111, 111, 111, 111, 111, 111, 
2025-12-28 12:48:37.697636|{td-479} 0, -2986088, -2995008, -23, -23, 0, 0, 0, 0, 0, 0, 0, 0, 0, 0, 0, 0, 0, 
2025-12-28 12:48:37.702863|{tx-479} :AAC-BBB..........
2025-12-28 12:48:37.872209|{rx-480} 1, 1, 1, 3, 458, 1660, 0, 0, 0, 0, 2, 3, 0, 3, 3
2025-12-28 12:48:37.877685|{rssi-480} 111, -127, -84, -52, -127, -127, -127, 111, 111, 111, 111, 111, 111, 111, 111, 111, 111, 111, 
2025-12-28 12:48:37.886509|{td-480} 0, -2986088, -21, -25, 0, 0, 0, 0, 0, 0, 0, 0, 0, 0, 0, 0, 0, 0, 
2025-12-28 12:48:37.891989|{tx-480} :AC-BBB...........
2025-12-28 12:48:38.060591|{rx-481} 1, 0, 1, 3, 459, 1662, 0, 0, 0, 0, 1, 2, 0, 3, 3
2025-12-28 12:48:38.066510|{rssi-481} 111, -127, -82, -127, -127, -127, 111, 111, 111, 111, 111, 111, 111, 111, 111, 111, 111, 111, 
2025-12-28 12:48:38.075890|{td-481} 0, -2995008, -17, 0, 0, 0, 0, 0, 0, 0, 0, 0, 0, 0, 0, 0, 0, 0, 
2025-12-28 12:48:38.080822|{tx-481} :A-BBB............
2025-12-28 12:48:38.251298|{rx-482} 1, 1, 1, 3, 460, 1665, 0, 0, 0, 0, 2, 3, 0, 3, 3
2025-12-28 12:48:38.257073|{rssi-482} 111, -127, -85, -53, -127, -127, -127, 111, 111, 111, 111, 111, 111, 111, 111, 111, 111, 111, 
2025-12-28 12:48:38.266552|{td-482} 0, -3003928, -23, -25, 0, 0, 0, 0, 0, 0, 0, 0, 0, 0, 0, 0, 0, 0, 
2025-12-28 12:48:38.273434|{tx-482} :AC-BBB...........
2025-12-28 12:48:38.443261|{rx-483} 1, 1, 2, 3, 461, 1669, 0, 0, 0, 0, 3, 3, 0, 3, 3
2025-12-28 12:48:38.447727|{rssi-483} 111, -127, -127, -88, -53, -127, -127, -127, 111, 111, 111, 111, 111, 111, 111, 111, 111, 111, 
2025-12-28 12:48:38.456259|{td-483} 0, -2995008, -3003928, -19, -15, 0, 0, 0, 0, 0, 0, 0, 0, 0, 0, 0, 0, 0, 
2025-12-28 12:48:38.464012|{tx-483} :AAC-BBB..........
2025-12-28 12:48:38.631776|{rx-484} 1, 2, 1, 3, 462, 1673, 0, 0, 0, 0, 3, 4, 0, 3, 3
2025-12-28 12:48:38.637347|{rssi-484} 111, -127, -82, -82, -50, -127, -127, -127, 111, 111, 111, 111, 111, 111, 111, 111, 111, 111, 
2025-12-28 12:48:38.646949|{td-484} 0, -2986088, -23, -27, -27, 0, 0, 0, 0, 0, 0, 0, 0, 0, 0, 0, 0, 0, 
2025-12-28 12:48:38.653546|{tx-484} :ACC-BBB..........
2025-12-28 12:48:38.822601|{rx-485} 1, 2, 1, 3, 463, 1677, 0, 0, 0, 0, 3, 3, 0, 3, 3
2025-12-28 12:48:38.827170|{rssi-485} 111, -127, -85, -85, -48, -127, -127, -127, 111, 111, 111, 111, 111, 111, 111, 111, 111, 111, 
2025-12-28 12:48:38.836911|{td-485} 0, -2986088, -19, -17, -19, 0, 0, 0, 0, 0, 0, 0, 0, 0, 0, 0, 0, 0, 
2025-12-28 12:48:38.844068|{tx-485} :ACC-BBB..........
2025-12-28 12:48:39.012614|{rx-486} 1, 2, 1, 3, 464, 1681, 0, 0, 0, 0, 3, 3, 0, 3, 3
2025-12-28 12:48:39.017440|{rssi-486} 111, -127, -89, -85, -56, -127, -127, -127, 111, 111, 111, 111, 111, 111, 111, 111, 111, 111, 
2025-12-28 12:48:39.027808|{td-486} 0, -2986088, -19, -19, -21, 0, 0, 0, 0, 0, 0, 0, 0, 0, 0, 0, 0, 0, 
2025-12-28 12:48:39.034498|{tx-486} :ACC-BBB..........
2025-12-28 12:48:39.203039|{rx-487} 1, 1, 4, 3, 465, 1687, 0, 0, 0, 0, 4, 4, 0, 3, 3
2025-12-28 12:48:39.208200|{rssi-487} 111, -127, -127, -127, -97, -50, -127, -127, -127, 111, 111, 111, 111, 111, 111, 111, 111, 111, 
2025-12-28 12:48:39.217371|{td-487} 0, -2986088, -2995008, -3003928, -21, -19, 0, 0, 0, 0, 0, 0, 0, 0, 0, 0, 0, 0, 
2025-12-28 12:48:39.224543|{tx-487} :AAAP-BBB.........
2025-12-28 12:48:39.393142|{rx-488} 1, 2, 2, 3, 466, 1692, 0, 0, 0, 0, 4, 4, 0, 3, 3
2025-12-28 12:48:39.397887|{rssi-488} 111, -127, -87, -87, -87, -68, -127, -127, -127, 111, 111, 111, 111, 111, 111, 111, 111, 111, 
2025-12-28 12:48:39.407094|{td-488} 0, -2977168, -23, -8943, -23, -21, 0, 0, 0, 0, 0, 0, 0, 0, 0, 0, 0, 0, 
2025-12-28 12:48:39.413209|{tx-488} :ACAC-BBB.........
2025-12-28 12:48:39.582737|{rx-489} 1, 1, 2, 3, 467, 1696, 0, 0, 0, 0, 3, 4, 0, 3, 3
2025-12-28 12:48:39.587217|{rssi-489} 111, -127, -86, -86, -66, -127, -127, -127, 111, 111, 111, 111, 111, 111, 111, 111, 111, 111, 
2025-12-28 12:48:39.596919|{td-489} 0, -2977168, -23, -8943, -25, 0, 0, 0, 0, 0, 0, 0, 0, 0, 0, 0, 0, 0, 
2025-12-28 12:48:39.603597|{tx-489} :ACA-BBB..........
2025-12-28 12:48:39.771133|{rx-490} 1, 1, 1, 3, 468, 1699, 0, 0, 0, 0, 2, 3, 0, 3, 3
2025-12-28 12:48:39.776444|{rssi-490} 111, -127, -89, -50, -127, -127, -127, 111, 111, 111, 111, 111, 111, 111, 111, 111, 111, 111, 
2025-12-28 12:48:39.787061|{td-490} 0, -2986088, -21, -19, 0, 0, 0, 0, 0, 0, 0, 0, 0, 0, 0, 0, 0, 0, 
2025-12-28 12:48:39.792833|{tx-490} :AC-BBB...........
2025-12-28 12:48:39.961177|{rx-491} 1, 2, 1, 3, 469, 1703, 0, 0, 0, 0, 3, 4, 0, 3, 3
2025-12-28 12:48:39.967035|{rssi-491} 111, -127, -89, -84, -69, -127, -127, -127, 111, 111, 111, 111, 111, 111, 111, 111, 111, 111, 
2025-12-28 12:48:39.976556|{td-491} 0, -2995008, -21, -19, -19, 0, 0, 0, 0, 0, 0, 0, 0, 0, 0, 0, 0, 0, 
2025-12-28 12:48:39.982537|{tx-491} :ACC-BBB..........
2025-12-28 12:48:40.151682|{rx-492} 1, 2, 1, 3, 470, 1707, 0, 0, 0, 0, 3, 4, 0, 3, 3
2025-12-28 12:48:40.158694|{rssi-492} 111, -127, -86, -84, -50, -127, -127, -127, 111, 111, 111, 111, 111, 111, 111, 111, 111, 111, 
2025-12-28 12:48:40.167410|{td-492} 0, -2986088, -23, -25, -25, 0, 0, 0, 0, 0, 0, 0, 0, 0, 0, 0, 0, 0, 
2025-12-28 12:48:40.173856|{tx-492} :ACC-BBB..........
2025-12-28 12:48:40.343375|{rx-493} 1, 0, 3, 3, 471, 1711, 0, 0, 0, 0, 3, 4, 0, 3, 3
2025-12-28 12:48:40.350566|{rssi-493} 111, -127, -127, -127, -68, -127, -127, -127, 111, 111, 111, 111, 111, 111, 111, 111, 111, 111, 
2025-12-28 12:48:40.358031|{td-493} 0, -2986088, -2995008, -3003928, -21, 0, 0, 0, 0, 0, 0, 0, 0, 0, 0, 0, 0, 0, 
2025-12-28 12:48:40.366695|{tx-493} :AAA-BBB..........
2025-12-28 12:48:40.534130|{rx-494} 1, 2, 1, 3, 472, 1715, 0, 0, 0, 0, 3, 4, 0, 3, 3
2025-12-28 12:48:40.538131|{rssi-494} 111, -127, -93, -92, -50, -127, -127, -127, 111, 111, 111, 111, 111, 111, 111, 111, 111, 111, 
2025-12-28 12:48:40.546896|{td-494} 0, -2986088, -19, -17, -19, 0, 0, 0, 0, 0, 0, 0, 0, 0, 0, 0, 0, 0, 
2025-12-28 12:48:40.552379|{tx-494} :ACE-BBB..........
2025-12-28 12:48:40.720729|{rx-495} 1, 0, 2, 3, 473, 1718, 0, 0, 0, 0, 2, 3, 0, 3, 3
2025-12-28 12:48:40.726852|{rssi-495} 111, -127, -127, -49, -127, -127, -127, 111, 111, 111, 111, 111, 111, 111, 111, 111, 111, 111, 
2025-12-28 12:48:40.736779|{td-495} 0, -2986088, -2995008, -21, 0, 0, 0, 0, 0, 0, 0, 0, 0, 0, 0, 0, 0, 0, 
2025-12-28 12:48:40.742406|{tx-495} :AA-BBB...........
2025-12-28 12:48:40.912450|{rx-496} 1, 1, 2, 3, 474, 1722, 0, 0, 0, 0, 3, 4, 0, 3, 3
2025-12-28 12:48:40.917176|{rssi-496} 111, -127, -127, -89, -53, -127, -127, -127, 111, 111, 111, 111, 111, 111, 111, 111, 111, 111, 
2025-12-28 12:48:40.926487|{td-496} 0, -2995008, -3003928, -23, -21, 0, 0, 0, 0, 0, 0, 0, 0, 0, 0, 0, 0, 0, 
2025-12-28 12:48:40.933339|{tx-496} :AAC-BBB..........
2025-12-28 12:48:41.101820|{rx-497} 1, 1, 1, 3, 475, 1725, 0, 0, 0, 0, 2, 2, 0, 3, 3
2025-12-28 12:48:41.107785|{rssi-497} 111, -127, -85, -87, -127, -127, -127, 111, 111, 111, 111, 111, 111, 111, 111, 111, 111, 111, 
2025-12-28 12:48:41.116547|{td-497} 0, -2986088, -23, -23, 0, 0, 0, 0, 0, 0, 0, 0, 0, 0, 0, 0, 0, 0, 
2025-12-28 12:48:41.121954|{tx-497} :AC-BBB...........
2025-12-28 12:48:41.291545|{rx-498} 1, 1, 1, 3, 476, 1728, 0, 0, 0, 0, 2, 3, 0, 3, 3
2025-12-28 12:48:41.296932|{rssi-498} 111, -127, -86, -49, -127, -127, -127, 111, 111, 111, 111, 111, 111, 111, 111, 111, 111, 111, 
2025-12-28 12:48:41.306475|{td-498} 0, -2995008, -19, -19, 0, 0, 0, 0, 0, 0, 0, 0, 0, 0, 0, 0, 0, 0, 
2025-12-28 12:48:41.311451|{tx-498} :AC-BBB...........
2025-12-28 12:48:41.482551|{rx-499} 1, 0, 1, 3, 477, 1730, 0, 0, 0, 0, 1, 2, 0, 3, 3
2025-12-28 12:48:41.485903|{rssi-499} 111, -127, -83, -127, -127, -127, 111, 111, 111, 111, 111, 111, 111, 111, 111, 111, 111, 111, 
2025-12-28 12:48:41.494778|{td-499} 0, -2995008, -21, 0, 0, 0, 0, 0, 0, 0, 0, 0, 0, 0, 0, 0, 0, 0, 
2025-12-28 12:48:41.502077|{tx-499} :A-BBB............
2025-12-28 12:48:41.672702|{rx-500} 1, 0, 4, 3, 478, 1735, 0, 0, 0, 0, 4, 3, 0, 3, 3
2025-12-28 12:48:41.678067|{rssi-500} 111, -127, -127, -127, -127, -86, -127, -127, -127, 111, 111, 111, 111, 111, 111, 111, 111, 111, 
2025-12-28 12:48:41.687719|{td-500} 0, -3003928, -3012848, -3021768, -3030688, -21, 0, 0, 0, 0, 0, 0, 0, 0, 0, 0, 0, 0, 
2025-12-28 12:48:41.695558|{tx-500} :AAAA-BBB.........
2025-12-28 12:48:41.862696|{rx-501} 1, 1, 2, 3, 479, 1739, 0, 0, 0, 0, 3, 2, 0, 3, 3
2025-12-28 12:48:41.867534|{rssi-501} 111, -127, -127, -86, -87, -127, -127, -127, 111, 111, 111, 111, 111, 111, 111, 111, 111, 111, 
2025-12-28 12:48:41.876380|{td-501} 0, -2977168, -2986088, -25, -25, 0, 0, 0, 0, 0, 0, 0, 0, 0, 0, 0, 0, 0, 
2025-12-28 12:48:41.884110|{tx-501} :AAC-BBB..........
2025-12-28 12:48:42.052583|{rx-502} 1, 1, 2, 3, 480, 1743, 0, 0, 0, 0, 3, 3, 0, 3, 3
2025-12-28 12:48:42.057283|{rssi-502} 111, -127, -127, -90, -48, -127, -127, -127, 111, 111, 111, 111, 111, 111, 111, 111, 111, 111, 
2025-12-28 12:48:42.066130|{td-502} 0, -2986088, -2995008, -17, -17, 0, 0, 0, 0, 0, 0, 0, 0, 0, 0, 0, 0, 0, 
2025-12-28 12:48:42.073458|{tx-502} :AAC-BBB..........
2025-12-28 12:48:42.242968|{rx-503} 1, 2, 1, 3, 481, 1747, 0, 0, 0, 0, 3, 4, 0, 3, 3
2025-12-28 12:48:42.246973|{rssi-503} 111, -127, -85, -85, -54, -127, -127, -127, 111, 111, 111, 111, 111, 111, 111, 111, 111, 111, 
2025-12-28 12:48:42.257061|{td-503} 0, -2986088, -25, -25, -27, 0, 0, 0, 0, 0, 0, 0, 0, 0, 0, 0, 0, 0, 
2025-12-28 12:48:42.262803|{tx-503} :ACC-BBB..........
2025-12-28 12:48:42.431828|{rx-504} 1, 2, 1, 3, 482, 1751, 0, 0, 0, 0, 3, 4, 0, 3, 3
2025-12-28 12:48:42.437316|{rssi-504} 111, -127, -82, -80, -66, -127, -127, -127, 111, 111, 111, 111, 111, 111, 111, 111, 111, 111, 
2025-12-28 12:48:42.446124|{td-504} 0, -2986088, -17, -17, -17, 0, 0, 0, 0, 0, 0, 0, 0, 0, 0, 0, 0, 0, 
2025-12-28 12:48:42.453476|{tx-504} :ACC-BBB..........
2025-12-28 12:48:42.621282|{rx-505} 1, 1, 2, 3, 483, 1755, 0, 0, 0, 0, 3, 4, 0, 3, 3
2025-12-28 12:48:42.626209|{rssi-505} 111, -127, -127, -83, -52, -127, -127, -127, 111, 111, 111, 111, 111, 111, 111, 111, 111, 111, 
2025-12-28 12:48:42.636885|{td-505} 0, -2986088, -2995008, -23, -21, 0, 0, 0, 0, 0, 0, 0, 0, 0, 0, 0, 0, 0, 
2025-12-28 12:48:42.642478|{tx-505} :AAC-BBB..........
2025-12-28 12:48:42.811509|{rx-506} 1, 0, 3, 3, 484, 1759, 0, 0, 0, 0, 3, 2, 0, 3, 3
2025-12-28 12:48:42.817438|{rssi-506} 111, -127, -127, -127, -89, -127, -127, -127, 111, 111, 111, 111, 111, 111, 111, 111, 111, 111, 
2025-12-28 12:48:42.826250|{td-506} 0, -2986088, -2995008, -3003928, -16, 0, 0, 0, 0, 0, 0, 0, 0, 0, 0, 0, 0, 0, 
2025-12-28 12:48:42.834344|{tx-506} :AAA-BBB..........
2025-12-28 12:48:42.999869|{rx-507} 1, 0, 1, 3, 485, 1761, 0, 0, 0, 0, 1, 2, 0, 3, 3
2025-12-28 12:48:43.006231|{rssi-507} 111, -127, -84, -127, -127, -127, 111, 111, 111, 111, 111, 111, 111, 111, 111, 111, 111, 111, 
2025-12-28 12:48:43.015599|{td-507} 0, -2986088, -25, 0, 0, 0, 0, 0, 0, 0, 0, 0, 0, 0, 0, 0, 0, 0, 
2025-12-28 12:48:43.020977|{tx-507} :A-BBB............
2025-12-28 12:48:43.191697|{rx-508} 1, 0, 2, 3, 486, 1764, 0, 0, 0, 0, 2, 3, 0, 3, 3
2025-12-28 12:48:43.196351|{rssi-508} 111, -127, -127, -50, -127, -127, -127, 111, 111, 111, 111, 111, 111, 111, 111, 111, 111, 111, 
2025-12-28 12:48:43.206378|{td-508} 0, -3003928, -3012848, -21, 0, 0, 0, 0, 0, 0, 0, 0, 0, 0, 0, 0, 0, 0, 
2025-12-28 12:48:43.211911|{tx-508} :AA-BBB...........
2025-12-28 12:48:43.381305|{rx-509} 1, 1, 2, 3, 487, 1768, 0, 0, 0, 0, 3, 4, 0, 3, 3
2025-12-28 12:48:43.388213|{rssi-509} 111, -127, -127, -82, -66, -127, -127, -127, 111, 111, 111, 111, 111, 111, 111, 111, 111, 111, 
2025-12-28 12:48:43.396653|{td-509} 0, -2995008, -3003928, -23, -25, 0, 0, 0, 0, 0, 0, 0, 0, 0, 0, 0, 0, 0, 
2025-12-28 12:48:43.402430|{tx-509} :AAC-BBB..........
2025-12-28 12:48:43.571063|{rx-510} 1, 0, 3, 3, 488, 1772, 0, 0, 0, 0, 3, 4, 0, 3, 3
2025-12-28 12:48:43.577563|{rssi-510} 111, -127, -127, -127, -66, -127, -127, -127, 111, 111, 111, 111, 111, 111, 111, 111, 111, 111, 
2025-12-28 12:48:43.587187|{td-510} 0, -2986088, -2995008, -3003928, -15, 0, 0, 0, 0, 0, 0, 0, 0, 0, 0, 0, 0, 0, 
2025-12-28 12:48:43.594581|{tx-510} :AAA-BBB..........
2025-12-28 12:48:43.761739|{rx-511} 1, 1, 2, 3, 489, 1776, 0, 0, 0, 0, 3, 4, 0, 3, 3
2025-12-28 12:48:43.766425|{rssi-511} 111, -127, -127, -84, -65, -127, -127, -127, 111, 111, 111, 111, 111, 111, 111, 111, 111, 111, 
2025-12-28 12:48:43.776487|{td-511} 0, -2986088, -2995008, -27, -25, 0, 0, 0, 0, 0, 0, 0, 0, 0, 0, 0, 0, 0, 
2025-12-28 12:48:43.783609|{tx-511} :AAC-BBB..........
2025-12-28 12:48:43.951322|{rx-512} 1, 2, 1, 3, 490, 1780, 0, 0, 0, 0, 3, 4, 0, 3, 3
2025-12-28 12:48:43.957023|{rssi-512} 111, -127, -87, -83, -52, -127, -127, -127, 111, 111, 111, 111, 111, 111, 111, 111, 111, 111, 
2025-12-28 12:48:43.966240|{td-512} 0, -2986088, -19, -21, -19, 0, 0, 0, 0, 0, 0, 0, 0, 0, 0, 0, 0, 0, 
2025-12-28 12:48:43.972047|{tx-512} :ACC-BBB..........
2025-12-28 12:48:44.142014|{rx-513} 1, 2, 1, 3, 491, 1784, 0, 0, 0, 0, 3, 4, 0, 3, 3
2025-12-28 12:48:44.147853|{rssi-513} 111, -127, -89, -82, -64, -127, -127, -127, 111, 111, 111, 111, 111, 111, 111, 111, 111, 111, 
2025-12-28 12:48:44.158003|{td-513} 0, -2986088, -25, -23, -21, 0, 0, 0, 0, 0, 0, 0, 0, 0, 0, 0, 0, 0, 
2025-12-28 12:48:44.161805|{tx-513} :ACC-BBB..........
2025-12-28 12:48:44.332016|{rx-514} 1, 2, 1, 3, 492, 1788, 0, 0, 0, 0, 3, 4, 0, 3, 3
2025-12-28 12:48:44.336768|{rssi-514} 111, -127, -84, -81, -66, -127, -127, -127, 111, 111, 111, 111, 111, 111, 111, 111, 111, 111, 
2025-12-28 12:48:44.345650|{td-514} 0, -2986088, -23, -23, -21, 0, 0, 0, 0, 0, 0, 0, 0, 0, 0, 0, 0, 0, 
2025-12-28 12:48:44.351979|{tx-514} :ACC-BBB..........
2025-12-28 12:48:44.521604|{rx-515} 1, 1, 1, 3, 493, 1791, 0, 0, 0, 0, 2, 3, 0, 3, 3
2025-12-28 12:48:44.526981|{rssi-515} 111, -127, -85, -52, -127, -127, -127, 111, 111, 111, 111, 111, 111, 111, 111, 111, 111, 111, 
2025-12-28 12:48:44.535910|{td-515} 0, -2986088, -25, -23, 0, 0, 0, 0, 0, 0, 0, 0, 0, 0, 0, 0, 0, 0, 
2025-12-28 12:48:44.541394|{tx-515} :AC-BBB...........
2025-12-28 12:48:44.712130|{rx-516} 1, 2, 1, 3, 494, 1795, 0, 0, 0, 0, 3, 4, 0, 3, 3
2025-12-28 12:48:44.716161|{rssi-516} 111, -127, -88, -95, -66, -127, -127, -127, 111, 111, 111, 111, 111, 111, 111, 111, 111, 111, 
2025-12-28 12:48:44.726301|{td-516} 0, -2995008, -21, -23, -23, 0, 0, 0, 0, 0, 0, 0, 0, 0, 0, 0, 0, 0, 
2025-12-28 12:48:44.732989|{tx-516} :ACC-BBB..........
2025-12-28 12:48:44.901971|{rx-517} 1, 1, 2, 3, 495, 1799, 0, 0, 0, 0, 3, 4, 0, 3, 3
2025-12-28 12:48:44.906241|{rssi-517} 111, -127, -127, -79, -50, -127, -127, -127, 111, 111, 111, 111, 111, 111, 111, 111, 111, 111, 
2025-12-28 12:48:44.916456|{td-517} 0, -2986088, -2995008, -21, -19, 0, 0, 0, 0, 0, 0, 0, 0, 0, 0, 0, 0, 0, 
2025-12-28 12:48:44.922863|{tx-517} :AAC-BBB..........
2025-12-28 12:48:45.092122|{rx-518} 1, 2, 1, 3, 496, 1803, 0, 0, 0, 0, 3, 4, 0, 3, 3
2025-12-28 12:48:45.096583|{rssi-518} 111, -127, -93, -90, -50, -127, -127, -127, 111, 111, 111, 111, 111, 111, 111, 111, 111, 111, 
2025-12-28 12:48:45.106395|{td-518} 0, -2986088, -21, -21, -23, 0, 0, 0, 0, 0, 0, 0, 0, 0, 0, 0, 0, 0, 
2025-12-28 12:48:45.112906|{tx-518} :ACC-BBB..........
2025-12-28 12:48:45.280959|{rx-519} 1, 2, 2, 3, 497, 1808, 0, 0, 0, 0, 4, 4, 0, 3, 3
2025-12-28 12:48:45.286489|{rssi-519} 111, -127, -87, -86, -86, -66, -127, -127, -127, 111, 111, 111, 111, 111, 111, 111, 111, 111, 
2025-12-28 12:48:45.297110|{td-519} 0, -2986088, -19, -19, -8939, -19, 0, 0, 0, 0, 0, 0, 0, 0, 0, 0, 0, 0, 
2025-12-28 12:48:45.304238|{tx-519} :ACCA-BBB.........
2025-12-28 12:48:45.470122|{rx-520} 1, 1, 1, 3, 498, 1811, 0, 0, 0, 0, 2, 3, 0, 3, 3
2025-12-28 12:48:45.476420|{rssi-520} 111, -127, -84, -49, -127, -127, -127, 111, 111, 111, 111, 111, 111, 111, 111, 111, 111, 111, 
2025-12-28 12:48:45.485982|{td-520} 0, -2977168, -21, -21, 0, 0, 0, 0, 0, 0, 0, 0, 0, 0, 0, 0, 0, 0, 
2025-12-28 12:48:45.492270|{tx-520} :AC-BBB...........
2025-12-28 12:48:45.660696|{rx-521} 1, 0, 3, 3, 499, 1815, 0, 0, 0, 0, 3, 3, 0, 3, 3
2025-12-28 12:48:45.666554|{rssi-521} 111, -127, -127, -127, -56, -127, -127, -127, 111, 111, 111, 111, 111, 111, 111, 111, 111, 111, 
2025-12-28 12:48:45.676062|{td-521} 0, -2995008, -3003928, -3012848, -23, 0, 0, 0, 0, 0, 0, 0, 0, 0, 0, 0, 0, 0, 
2025-12-28 12:48:45.682347|{tx-521} :AAA-BBB..........
2025-12-28 12:48:45.850682|{rx-522} 1, 1, 2, 3, 500, 1819, 0, 0, 0, 0, 3, 4, 0, 3, 3
2025-12-28 12:48:45.856586|{rssi-522} 111, -127, -92, -92, -65, -127, -127, -127, 111, 111, 111, 111, 111, 111, 111, 111, 111, 111, 
2025-12-28 12:48:45.866586|{td-522} 0, -2986088, -21, -8941, -19, 0, 0, 0, 0, 0, 0, 0, 0, 0, 0, 0, 0, 0, 
2025-12-28 12:48:45.871849|{tx-522} :ACA-BBB..........
2025-12-28 12:48:46.042425|{rx-523} 1, 2, 1, 3, 501, 1823, 0, 0, 0, 0, 3, 4, 0, 3, 3
2025-12-28 12:48:46.046536|{rssi-523} 111, -127, -83, -83, -50, -127, -127, -127, 111, 111, 111, 111, 111, 111, 111, 111, 111, 111, 
2025-12-28 12:48:46.056267|{td-523} 0, -2986088, -23, -23, -23, 0, 0, 0, 0, 0, 0, 0, 0, 0, 0, 0, 0, 0, 
2025-12-28 12:48:46.061581|{tx-523} :ACC-BBB..........
2025-12-28 12:48:46.231706|{rx-524} 1, 1, 2, 3, 502, 1827, 0, 0, 0, 0, 3, 4, 0, 3, 3
2025-12-28 12:48:46.236614|{rssi-524} 111, -127, -127, -82, -66, -127, -127, -127, 111, 111, 111, 111, 111, 111, 111, 111, 111, 111, 
2025-12-28 12:48:46.246453|{td-524} 0, -2986088, -2995008, -21, -21, 0, 0, 0, 0, 0, 0, 0, 0, 0, 0, 0, 0, 0, 
2025-12-28 12:48:46.253170|{tx-524} :AAC-BBB..........
2025-12-28 12:48:46.420761|{rx-525} 1, 1, 1, 3, 503, 1830, 0, 0, 0, 0, 2, 3, 0, 3, 3
2025-12-28 12:48:46.426083|{rssi-525} 111, -127, -91, -49, -127, -127, -127, 111, 111, 111, 111, 111, 111, 111, 111, 111, 111, 111, 
2025-12-28 12:48:46.435484|{td-525} 0, -2986088, -21, -21, 0, 0, 0, 0, 0, 0, 0, 0, 0, 0, 0, 0, 0, 0, 
2025-12-28 12:48:46.440828|{tx-525} :AC-BBB...........
2025-12-28 12:48:46.611899|{rx-526} 1, 1, 2, 3, 504, 1834, 0, 0, 0, 0, 3, 4, 0, 3, 3
2025-12-28 12:48:46.616519|{rssi-526} 111, -127, -84, -84, -66, -127, -127, -127, 111, 111, 111, 111, 111, 111, 111, 111, 111, 111, 
2025-12-28 12:48:46.626761|{td-526} 0, -2995008, -21, -8941, -19, 0, 0, 0, 0, 0, 0, 0, 0, 0, 0, 0, 0, 0, 
2025-12-28 12:48:46.631687|{tx-526} :ACA-BBB..........
2025-12-28 12:48:46.801538|{rx-527} 1, 2, 1, 3, 505, 1838, 0, 0, 0, 0, 3, 3, 0, 3, 3
2025-12-28 12:48:46.806073|{rssi-527} 111, -127, -86, -87, -53, -127, -127, -127, 111, 111, 111, 111, 111, 111, 111, 111, 111, 111, 
2025-12-28 12:48:46.815831|{td-527} 0, -2986088, -25, -25, -25, 0, 0, 0, 0, 0, 0, 0, 0, 0, 0, 0, 0, 0, 
2025-12-28 12:48:46.822374|{tx-527} :ACC-BBB..........
2025-12-28 12:48:46.989643|{rx-528} 1, 0, 1, 3, 506, 1840, 0, 0, 0, 0, 1, 2, 0, 3, 3
2025-12-28 12:48:46.994888|{rssi-528} 111, -127, -88, -127, -127, -127, 111, 111, 111, 111, 111, 111, 111, 111, 111, 111, 111, 111, 
2025-12-28 12:48:47.004383|{td-528} 0, -2986088, -19, 0, 0, 0, 0, 0, 0, 0, 0, 0, 0, 0, 0, 0, 0, 0, 
2025-12-28 12:48:47.011204|{tx-528} :A-BBB............
2025-12-28 12:48:47.179120|{rx-529} 1, 0, 1, 3, 507, 1842, 0, 0, 0, 0, 1, 2, 0, 3, 3
2025-12-28 12:48:47.184790|{rssi-529} 111, -127, -85, -127, -127, -127, 111, 111, 111, 111, 111, 111, 111, 111, 111, 111, 111, 111, 
2025-12-28 12:48:47.194541|{td-529} 0, -3003928, -21, 0, 0, 0, 0, 0, 0, 0, 0, 0, 0, 0, 0, 0, 0, 0, 
2025-12-28 12:48:47.200415|{tx-529} :A-BBB............
2025-12-28 12:48:47.369882|{rx-530} 1, 0, 2, 3, 508, 1845, 0, 0, 0, 0, 2, 3, 0, 3, 3
2025-12-28 12:48:47.376586|{rssi-530} 111, -127, -127, -49, -127, -127, -127, 111, 111, 111, 111, 111, 111, 111, 111, 111, 111, 111, 
2025-12-28 12:48:47.384425|{td-530} 0, -3003928, -3012848, -19, 0, 0, 0, 0, 0, 0, 0, 0, 0, 0, 0, 0, 0, 0, 
2025-12-28 12:48:47.391619|{tx-530} :AA-BBB...........
2025-12-28 12:48:47.559900|{rx-531} 1, 0, 1, 3, 509, 1847, 0, 0, 0, 0, 1, 2, 0, 3, 3
2025-12-28 12:48:47.565766|{rssi-531} 111, -127, -86, -127, -127, -127, 111, 111, 111, 111, 111, 111, 111, 111, 111, 111, 111, 111, 
2025-12-28 12:48:47.574199|{td-531} 0, -2995008, -25, 0, 0, 0, 0, 0, 0, 0, 0, 0, 0, 0, 0, 0, 0, 0, 
2025-12-28 12:48:47.580709|{tx-531} :A-BBB............
2025-12-28 12:48:47.751707|{rx-532} 1, 2, 2, 3, 510, 1852, 0, 0, 0, 0, 4, 4, 0, 3, 3
2025-12-28 12:48:47.756616|{rssi-532} 111, -127, -87, -87, -80, -65, -127, -127, -127, 111, 111, 111, 111, 111, 111, 111, 111, 111, 
2025-12-28 12:48:47.765496|{td-532} 0, -3003928, -21, -8941, -21, -19, 0, 0, 0, 0, 0, 0, 0, 0, 0, 0, 0, 0, 
2025-12-28 12:48:47.773168|{tx-532} :ACAC-BBB.........
2025-12-28 12:48:47.939547|{rx-533} 1, 0, 1, 3, 511, 1854, 0, 0, 0, 0, 1, 2, 0, 3, 3
2025-12-28 12:48:47.945466|{rssi-533} 111, -127, -84, -127, -127, -127, 111, 111, 111, 111, 111, 111, 111, 111, 111, 111, 111, 111, 
2025-12-28 12:48:47.954337|{td-533} 0, -2977168, -23, 0, 0, 0, 0, 0, 0, 0, 0, 0, 0, 0, 0, 0, 0, 0, 
2025-12-28 12:48:47.959886|{tx-533} :A-BBB............
2025-12-28 12:48:48.130666|{rx-534} 1, 1, 2, 3, 512, 1858, 0, 0, 0, 0, 3, 4, 0, 3, 3
2025-12-28 12:48:48.136139|{rssi-534} 111, -127, -127, -83, -70, -127, -127, -127, 111, 111, 111, 111, 111, 111, 111, 111, 111, 111, 
2025-12-28 12:48:48.146022|{td-534} 0, -3003928, -3012848, -23, -17, 0, 0, 0, 0, 0, 0, 0, 0, 0, 0, 0, 0, 0, 
2025-12-28 12:48:48.151536|{tx-534} :AAC-BBB..........
2025-12-28 12:48:48.320723|{rx-535} 1, 1, 1, 3, 513, 1861, 0, 0, 0, 0, 2, 3, 0, 3, 3
2025-12-28 12:48:48.324858|{rssi-535} 111, -127, -89, -50, -127, -127, -127, 111, 111, 111, 111, 111, 111, 111, 111, 111, 111, 111, 
2025-12-28 12:48:48.334769|{td-535} 0, -2986088, -23, -23, 0, 0, 0, 0, 0, 0, 0, 0, 0, 0, 0, 0, 0, 0, 
2025-12-28 12:48:48.351575|{tx-535} :AC-BBB...........
2025-12-28 12:48:48.514385|{rx-536} 1, 1, 2, 3, 514, 1865, 0, 0, 0, 0, 3, 4, 0, 3, 3
2025-12-28 12:48:48.522715|{rssi-536} 111, -127, -84, -84, -66, -127, -127, -127, 111, 111, 111, 111, 111, 111, 111, 111, 111, 111, 
2025-12-28 12:48:48.527414|{td-536} 0, -2995008, -25, -8945, -23, 0, 0, 0, 0, 0, 0, 0, 0, 0, 0, 0, 0, 0, 
2025-12-28 12:48:48.531474|{tx-536} :ACA-BBB..........
2025-12-28 12:48:48.701758|{rx-537} 1, 2, 2, 3, 515, 1870, 0, 0, 0, 0, 3, 4, 0, 3, 3
2025-12-28 12:48:48.707395|{rssi-537} 111, -127, -89, -80, -52, -127, -127, -127, 111, 111, 111, 111, 111, 111, 111, 111, 111, 111, 
2025-12-28 12:48:48.717144|{td-537} 0, -2986088, -19, -23, -21, 0, 0, 0, 0, 0, 0, 0, 0, 0, 0, 0, 0, 0, 
2025-12-28 12:48:48.721106|{tx-537} :APC-BBB..........
2025-12-28 12:48:48.891076|{rx-538} 1, 0, 2, 3, 516, 1873, 0, 0, 0, 0, 2, 3, 0, 3, 3
2025-12-28 12:48:48.894906|{rssi-538} 111, -127, -127, -48, -127, -127, -127, 111, 111, 111, 111, 111, 111, 111, 111, 111, 111, 111, 
2025-12-28 12:48:48.904877|{td-538} 0, -2986088, -2995008, -21, 0, 0, 0, 0, 0, 0, 0, 0, 0, 0, 0, 0, 0, 0, 
2025-12-28 12:48:48.911672|{tx-538} :AA-BBB...........
2025-12-28 12:48:49.080675|{rx-539} 1, 1, 1, 3, 517, 1876, 0, 0, 0, 0, 2, 3, 0, 3, 3
2025-12-28 12:48:49.084401|{rssi-539} 111, -127, -85, -53, -127, -127, -127, 111, 111, 111, 111, 111, 111, 111, 111, 111, 111, 111, 
2025-12-28 12:48:49.095936|{td-539} 0, -2995008, -21, -21, 0, 0, 0, 0, 0, 0, 0, 0, 0, 0, 0, 0, 0, 0, 
2025-12-28 12:48:49.100598|{tx-539} :AC-BBB...........
2025-12-28 12:48:49.271114|{rx-540} 1, 1, 1, 3, 518, 1879, 0, 0, 0, 0, 2, 3, 0, 3, 3
2025-12-28 12:48:49.275332|{rssi-540} 111, -127, -95, -53, -127, -127, -127, 111, 111, 111, 111, 111, 111, 111, 111, 111, 111, 111, 
2025-12-28 12:48:49.284462|{td-540} 0, -2995008, -23, -21, 0, 0, 0, 0, 0, 0, 0, 0, 0, 0, 0, 0, 0, 0, 
2025-12-28 12:48:49.290519|{tx-540} :AC-BBB...........
2025-12-28 12:48:49.461109|{rx-541} 1, 2, 1, 3, 519, 1883, 0, 0, 0, 0, 3, 4, 0, 3, 3
2025-12-28 12:48:49.466209|{rssi-541} 111, -127, -91, -86, -67, -127, -127, -127, 111, 111, 111, 111, 111, 111, 111, 111, 111, 111, 
2025-12-28 12:48:49.475542|{td-541} 0, -2995008, -25, -23, -21, 0, 0, 0, 0, 0, 0, 0, 0, 0, 0, 0, 0, 0, 
2025-12-28 12:48:49.481657|{tx-541} :ACC-BBB..........
2025-12-28 12:48:49.650939|{rx-542} 1, 1, 1, 3, 520, 1886, 0, 0, 0, 0, 2, 3, 0, 3, 3
2025-12-28 12:48:49.654172|{rssi-542} 111, -127, -84, -53, -127, -127, -127, 111, 111, 111, 111, 111, 111, 111, 111, 111, 111, 111, 
2025-12-28 12:48:49.664901|{td-542} 0, -2986088, -21, -21, 0, 0, 0, 0, 0, 0, 0, 0, 0, 0, 0, 0, 0, 0, 
2025-12-28 12:48:49.671666|{tx-542} :AC-BBB...........
2025-12-28 12:48:49.841074|{rx-543} 1, 0, 3, 3, 521, 1890, 0, 0, 0, 0, 3, 4, 0, 3, 3
2025-12-28 12:48:49.846232|{rssi-543} 111, -127, -127, -127, -66, -127, -127, -127, 111, 111, 111, 111, 111, 111, 111, 111, 111, 111, 
2025-12-28 12:48:49.854579|{td-543} 0, -2995008, -3003928, -3012848, -21, 0, 0, 0, 0, 0, 0, 0, 0, 0, 0, 0, 0, 0, 
2025-12-28 12:48:49.862936|{tx-543} :AAA-BBB..........
2025-12-28 12:48:50.030092|{rx-544} 1, 0, 1, 3, 522, 1892, 0, 0, 0, 0, 1, 2, 0, 3, 3
2025-12-28 12:48:50.034196|{rssi-544} 111, -127, -84, -127, -127, -127, 111, 111, 111, 111, 111, 111, 111, 111, 111, 111, 111, 111, 
2025-12-28 12:48:50.043848|{td-544} 0, -2986088, -23, 0, 0, 0, 0, 0, 0, 0, 0, 0, 0, 0, 0, 0, 0, 0, 
2025-12-28 12:48:50.050318|{tx-544} :A-BBB............
2025-12-28 12:48:50.220276|{rx-545} 1, 1, 2, 3, 523, 1896, 0, 0, 0, 0, 3, 4, 0, 3, 3
2025-12-28 12:48:50.226173|{rssi-545} 111, -127, -127, -84, -53, -127, -127, -127, 111, 111, 111, 111, 111, 111, 111, 111, 111, 111, 
2025-12-28 12:48:50.235513|{td-545} 0, -3003928, -3012848, -21, -23, 0, 0, 0, 0, 0, 0, 0, 0, 0, 0, 0, 0, 0, 
2025-12-28 12:48:50.242071|{tx-545} :AAC-BBB..........
2025-12-28 12:48:50.410845|{rx-546} 1, 1, 1, 3, 524, 1899, 0, 0, 0, 0, 2, 3, 0, 3, 3
2025-12-28 12:48:50.414696|{rssi-546} 111, -127, -86, -49, -127, -127, -127, 111, 111, 111, 111, 111, 111, 111, 111, 111, 111, 111, 
2025-12-28 12:48:50.424291|{td-546} 0, -2986088, -17, -19, 0, 0, 0, 0, 0, 0, 0, 0, 0, 0, 0, 0, 0, 0, 
2025-12-28 12:48:50.431089|{tx-546} :AC-BBB...........
2025-12-28 12:48:50.600829|{rx-547} 1, 2, 1, 3, 525, 1903, 0, 0, 0, 0, 3, 4, 0, 3, 3
2025-12-28 12:48:50.605861|{rssi-547} 111, -127, -82, -85, -65, -127, -127, -127, 111, 111, 111, 111, 111, 111, 111, 111, 111, 111, 
2025-12-28 12:48:50.614830|{td-547} 0, -2995008, -21, -21, -21, 0, 0, 0, 0, 0, 0, 0, 0, 0, 0, 0, 0, 0, 
2025-12-28 12:48:50.620842|{tx-547} :ACC-BBB..........
2025-12-28 12:48:50.789879|{rx-548} 1, 1, 1, 3, 526, 1906, 0, 0, 0, 0, 2, 3, 0, 3, 3
2025-12-28 12:48:50.794723|{rssi-548} 111, -127, -91, -48, -127, -127, -127, 111, 111, 111, 111, 111, 111, 111, 111, 111, 111, 111, 
2025-12-28 12:48:50.803861|{td-548} 0, -2986088, -19, -19, 0, 0, 0, 0, 0, 0, 0, 0, 0, 0, 0, 0, 0, 0, 
2025-12-28 12:48:50.810893|{tx-548} :AE-BBB...........
2025-12-28 12:48:50.981786|{rx-549} 1, 2, 1, 3, 527, 1910, 0, 0, 0, 0, 3, 4, 0, 3, 3
2025-12-28 12:48:50.985934|{rssi-549} 111, -127, -88, -90, -64, -127, -127, -127, 111, 111, 111, 111, 111, 111, 111, 111, 111, 111, 
2025-12-28 12:48:50.994219|{td-549} 0, -2995008, -23, -23, -21, 0, 0, 0, 0, 0, 0, 0, 0, 0, 0, 0, 0, 0, 
2025-12-28 12:48:51.001243|{tx-549} :ACC-BBB..........
2025-12-28 12:48:51.170511|{rx-550} 1, 1, 2, 3, 528, 1914, 0, 0, 0, 0, 3, 4, 0, 3, 3
2025-12-28 12:48:51.175938|{rssi-550} 111, -127, -127, -90, -66, -127, -127, -127, 111, 111, 111, 111, 111, 111, 111, 111, 111, 111, 
2025-12-28 12:48:51.184874|{td-550} 0, -2986088, -2995008, -23, -21, 0, 0, 0, 0, 0, 0, 0, 0, 0, 0, 0, 0, 0, 
2025-12-28 12:48:51.192095|{tx-550} :AAC-BBB..........
2025-12-28 12:48:51.361163|{rx-551} 1, 1, 1, 3, 529, 1917, 0, 0, 0, 0, 2, 3, 0, 3, 3
2025-12-28 12:48:51.366462|{rssi-551} 111, -127, -90, -49, -127, -127, -127, 111, 111, 111, 111, 111, 111, 111, 111, 111, 111, 111, 
2025-12-28 12:48:51.373608|{td-551} 0, -2986088, -23, -23, 0, 0, 0, 0, 0, 0, 0, 0, 0, 0, 0, 0, 0, 0, 
2025-12-28 12:48:51.380064|{tx-551} :AC-BBB...........
2025-12-28 12:48:51.549908|{rx-552} 1, 0, 1, 3, 530, 1919, 0, 0, 0, 0, 1, 2, 0, 3, 3
2025-12-28 12:48:51.554033|{rssi-552} 111, -127, -88, -127, -127, -127, 111, 111, 111, 111, 111, 111, 111, 111, 111, 111, 111, 111, 
2025-12-28 12:48:51.563306|{td-552} 0, -2995008, -21, 0, 0, 0, 0, 0, 0, 0, 0, 0, 0, 0, 0, 0, 0, 0, 
2025-12-28 12:48:51.569886|{tx-552} :A-BBB............
2025-12-28 12:48:51.739865|{rx-553} 1, 0, 2, 3, 531, 1922, 0, 0, 0, 0, 2, 3, 0, 3, 3
2025-12-28 12:48:51.745496|{rssi-553} 111, -127, -127, -50, -127, -127, -127, 111, 111, 111, 111, 111, 111, 111, 111, 111, 111, 111, 
2025-12-28 12:48:51.753432|{td-553} 0, -3003928, -3012848, -23, 0, 0, 0, 0, 0, 0, 0, 0, 0, 0, 0, 0, 0, 0, 
2025-12-28 12:48:51.761586|{tx-553} :AA-BBB...........
2025-12-28 12:48:51.929832|{rx-554} 1, 0, 1, 3, 532, 1924, 0, 0, 0, 0, 1, 2, 0, 3, 3
2025-12-28 12:48:51.935193|{rssi-554} 111, -127, -90, -127, -127, -127, 111, 111, 111, 111, 111, 111, 111, 111, 111, 111, 111, 111, 
2025-12-28 12:48:51.943498|{td-554} 0, -2995008, -17, 0, 0, 0, 0, 0, 0, 0, 0, 0, 0, 0, 0, 0, 0, 0, 
2025-12-28 12:48:51.950069|{tx-554} :A-BBB............
2025-12-28 12:48:52.119144|{rx-555} 1, 1, 1, 3, 533, 1927, 0, 0, 0, 0, 2, 3, 0, 3, 3
2025-12-28 12:48:52.124820|{rssi-555} 111, -127, -81, -53, -127, -127, -127, 111, 111, 111, 111, 111, 111, 111, 111, 111, 111, 111, 
2025-12-28 12:48:52.133716|{td-555} 0, -3003928, -23, -23, 0, 0, 0, 0, 0, 0, 0, 0, 0, 0, 0, 0, 0, 0, 
2025-12-28 12:48:52.139818|{tx-555} :AC-BBB...........
2025-12-28 12:48:52.310120|{rx-556} 1, 1, 3, 3, 534, 1932, 0, 0, 0, 0, 4, 4, 0, 3, 3
2025-12-28 12:48:52.316106|{rssi-556} 111, -127, -127, -127, -84, -65, -127, -127, -127, 111, 111, 111, 111, 111, 111, 111, 111, 111, 
2025-12-28 12:48:52.325754|{td-556} 0, -2995008, -3003928, -3012848, -21, -21, 0, 0, 0, 0, 0, 0, 0, 0, 0, 0, 0, 0, 
2025-12-28 12:48:52.333318|{tx-556} :AAAC-BBB.........
2025-12-28 12:48:52.500740|{rx-557} 1, 1, 2, 3, 535, 1936, 0, 0, 0, 0, 3, 4, 0, 3, 3
2025-12-28 12:48:52.504333|{rssi-557} 111, -127, -127, -80, -68, -127, -127, -127, 111, 111, 111, 111, 111, 111, 111, 111, 111, 111, 
2025-12-28 12:48:52.514273|{td-557} 0, -2977168, -2986088, -21, -19, 0, 0, 0, 0, 0, 0, 0, 0, 0, 0, 0, 0, 0, 
2025-12-28 12:48:52.522084|{tx-557} :AAC-BBB..........
2025-12-28 12:48:52.689207|{rx-558} 1, 2, 1, 3, 536, 1940, 0, 0, 0, 0, 3, 4, 0, 3, 3
2025-12-28 12:48:52.695441|{rssi-558} 111, -127, -91, -86, -65, -127, -127, -127, 111, 111, 111, 111, 111, 111, 111, 111, 111, 111, 
2025-12-28 12:48:52.704443|{td-558} 0, -2986088, -25, -25, -25, 0, 0, 0, 0, 0, 0, 0, 0, 0, 0, 0, 0, 0, 
2025-12-28 12:48:52.711490|{tx-558} :ACC-BBB..........
2025-12-28 12:48:52.879491|{rx-559} 1, 0, 1, 3, 537, 1942, 0, 0, 0, 0, 1, 2, 0, 3, 3
2025-12-28 12:48:52.883359|{rssi-559} 111, -127, -86, -127, -127, -127, 111, 111, 111, 111, 111, 111, 111, 111, 111, 111, 111, 111, 
2025-12-28 12:48:52.893412|{td-559} 0, -2986088, -21, 0, 0, 0, 0, 0, 0, 0, 0, 0, 0, 0, 0, 0, 0, 0, 
2025-12-28 12:48:52.899991|{tx-559} :A-BBB............
2025-12-28 12:48:53.070126|{rx-560} 1, 1, 2, 3, 538, 1946, 0, 0, 0, 0, 3, 4, 0, 3, 3
2025-12-28 12:48:53.075876|{rssi-560} 111, -127, -86, -86, -66, -127, -127, -127, 111, 111, 111, 111, 111, 111, 111, 111, 111, 111, 
2025-12-28 12:48:53.084113|{td-560} 0, -3003928, -19, -8939, -19, 0, 0, 0, 0, 0, 0, 0, 0, 0, 0, 0, 0, 0, 
2025-12-28 12:48:53.090258|{tx-560} :ACA-BBB..........
2025-12-28 12:48:53.258816|{rx-561} 1, 0, 1, 3, 539, 1948, 0, 0, 0, 0, 1, 2, 0, 3, 3
2025-12-28 12:48:53.263803|{rssi-561} 111, -127, -85, -127, -127, -127, 111, 111, 111, 111, 111, 111, 111, 111, 111, 111, 111, 111, 
2025-12-28 12:48:53.273004|{td-561} 0, -2986088, -21, 0, 0, 0, 0, 0, 0, 0, 0, 0, 0, 0, 0, 0, 0, 0, 
2025-12-28 12:48:53.278765|{tx-561} :A-BBB............
2025-12-28 12:48:53.451053|{rx-562} 1, 2, 2, 3, 540, 1953, 0, 0, 0, 0, 4, 4, 0, 3, 3
2025-12-28 12:48:53.456497|{rssi-562} 111, -127, -127, -83, -81, -51, -127, -127, -127, 111, 111, 111, 111, 111, 111, 111, 111, 111, 
2025-12-28 12:48:53.464898|{td-562} 0, -3003928, -3012848, -21, -21, -19, 0, 0, 0, 0, 0, 0, 0, 0, 0, 0, 0, 0, 
2025-12-28 12:48:53.471380|{tx-562} :AACC-BBB.........
2025-12-28 12:48:53.640750|{rx-563} 1, 2, 3, 3, 541, 1959, 0, 0, 0, 0, 5, 4, 0, 3, 3
2025-12-28 12:48:53.651328|{rssi-563} 111, -127, -87, -81, -81, -81, -66, -127, -127, -127, 111, 111, 111, 111, 111, 111, 111, 111, 
2025-12-28 12:48:53.656800|{td-563} 0, -2977168, -21, -23, -8943, -17863, -25, 0, 0, 0, 0, 0, 0, 0, 0, 0, 0, 0, 
2025-12-28 12:48:53.663341|{tx-563} :ACCAA-BBB........
2025-12-28 12:48:53.831799|{rx-564} 1, 2, 2, 3, 542, 1964, 0, 0, 0, 0, 4, 4, 0, 3, 3
2025-12-28 12:48:53.835704|{rssi-564} 111, -127, -85, -85, -89, -52, -127, -127, -127, 111, 111, 111, 111, 111, 111, 111, 111, 111, 
2025-12-28 12:48:53.844206|{td-564} 0, -2968248, -21, -8941, -23, -21, 0, 0, 0, 0, 0, 0, 0, 0, 0, 0, 0, 0, 
2025-12-28 12:48:53.851186|{tx-564} :ACAC-BBB.........
2025-12-28 12:48:54.018899|{rx-565} 1, 0, 1, 3, 543, 1966, 0, 0, 0, 0, 1, 2, 0, 3, 3
2025-12-28 12:48:54.023742|{rssi-565} 111, -127, -82, -127, -127, -127, 111, 111, 111, 111, 111, 111, 111, 111, 111, 111, 111, 111, 
2025-12-28 12:48:54.032349|{td-565} 0, -2977168, -21, 0, 0, 0, 0, 0, 0, 0, 0, 0, 0, 0, 0, 0, 0, 0, 
2025-12-28 12:48:54.039794|{tx-565} :A-BBB............
2025-12-28 12:48:54.209534|{rx-566} 1, 0, 2, 3, 544, 1969, 0, 0, 0, 0, 2, 2, 0, 3, 3
2025-12-28 12:48:54.213456|{rssi-566} 111, -127, -127, -87, -127, -127, -127, 111, 111, 111, 111, 111, 111, 111, 111, 111, 111, 111, 
2025-12-28 12:48:54.223810|{td-566} 0, -3003928, -3012848, -19, 0, 0, 0, 0, 0, 0, 0, 0, 0, 0, 0, 0, 0, 0, 
2025-12-28 12:48:54.230743|{tx-566} :AA-BBB...........
2025-12-28 12:48:54.399286|{rx-567} 1, 0, 2, 3, 545, 1972, 0, 0, 0, 0, 2, 3, 0, 3, 3
2025-12-28 12:48:54.404171|{rssi-567} 111, -127, -127, -52, -127, -127, -127, 111, 111, 111, 111, 111, 111, 111, 111, 111, 111, 111, 
2025-12-28 12:48:54.414763|{td-567} 0, -2995008, -3003928, -21, 0, 0, 0, 0, 0, 0, 0, 0, 0, 0, 0, 0, 0, 0, 
2025-12-28 12:48:54.419803|{tx-567} :AA-BBB...........
2025-12-28 12:48:54.589594|{rx-568} 1, 1, 2, 3, 546, 1976, 0, 0, 0, 0, 3, 4, 0, 3, 3
2025-12-28 12:48:54.594794|{rssi-568} 111, -127, -127, -80, -65, -127, -127, -127, 111, 111, 111, 111, 111, 111, 111, 111, 111, 111, 
2025-12-28 12:48:54.603575|{td-568} 0, -2995008, -3003928, -21, -19, 0, 0, 0, 0, 0, 0, 0, 0, 0, 0, 0, 0, 0, 
2025-12-28 12:48:54.610600|{tx-568} :AAC-BBB..........
2025-12-28 12:48:54.781028|{rx-569} 1, 1, 3, 3, 547, 1981, 0, 0, 0, 0, 4, 3, 0, 3, 3
2025-12-28 12:48:54.785549|{rssi-569} 111, -127, -127, -127, -90, -53, -127, -127, -127, 111, 111, 111, 111, 111, 111, 111, 111, 111, 
2025-12-28 12:48:54.794418|{td-569} 0, -2986088, -2995008, -3003928, -23, -29, 0, 0, 0, 0, 0, 0, 0, 0, 0, 0, 0, 0, 
2025-12-28 12:48:54.801679|{tx-569} :AAAC-BBB.........
2025-12-28 12:48:54.970770|{rx-570} 1, 1, 3, 3, 548, 1986, 0, 0, 0, 0, 4, 4, 0, 3, 3
2025-12-28 12:48:54.976091|{rssi-570} 111, -127, -127, -127, -81, -50, -127, -127, -127, 111, 111, 111, 111, 111, 111, 111, 111, 111, 
2025-12-28 12:48:54.985903|{td-570} 0, -2977168, -2986088, -2995008, -17, -15, 0, 0, 0, 0, 0, 0, 0, 0, 0, 0, 0, 0, 
2025-12-28 12:48:54.992495|{tx-570} :AAAC-BBB.........
2025-12-28 12:48:55.160098|{rx-571} 1, 1, 2, 3, 549, 1990, 0, 0, 0, 0, 3, 4, 0, 3, 3
2025-12-28 12:48:55.164750|{rssi-571} 111, -127, -86, -86, -66, -127, -127, -127, 111, 111, 111, 111, 111, 111, 111, 111, 111, 111, 
2025-12-28 12:48:55.173483|{td-571} 0, -2977168, -23, -8943, -23, 0, 0, 0, 0, 0, 0, 0, 0, 0, 0, 0, 0, 0, 
2025-12-28 12:48:55.180750|{tx-571} :ACA-BBB..........
2025-12-28 12:48:55.349783|{rx-572} 1, 1, 2, 3, 550, 1994, 0, 0, 0, 0, 3, 4, 0, 3, 3
2025-12-28 12:48:55.353979|{rssi-572} 111, -127, -89, -89, -67, -127, -127, -127, 111, 111, 111, 111, 111, 111, 111, 111, 111, 111, 
2025-12-28 12:48:55.364047|{td-572} 0, -2986088, -21, -8941, -19, 0, 0, 0, 0, 0, 0, 0, 0, 0, 0, 0, 0, 0, 
2025-12-28 12:48:55.371483|{tx-572} :ACA-BBB..........
2025-12-28 12:48:55.540020|{rx-573} 1, 2, 1, 3, 551, 1998, 0, 0, 0, 0, 3, 4, 0, 3, 3
2025-12-28 12:48:55.545956|{rssi-573} 111, -127, -83, -82, -67, -127, -127, -127, 111, 111, 111, 111, 111, 111, 111, 111, 111, 111, 
2025-12-28 12:48:55.555355|{td-573} 0, -2986088, -23, -23, -23, 0, 0, 0, 0, 0, 0, 0, 0, 0, 0, 0, 0, 0, 
2025-12-28 12:48:55.560786|{tx-573} :ACC-BBB..........
2025-12-28 12:48:55.729474|{rx-574} 1, 2, 1, 3, 552, 2002, 0, 0, 0, 0, 3, 3, 0, 3, 3
2025-12-28 12:48:55.734258|{rssi-574} 111, -127, -84, -89, -49, -127, -127, -127, 111, 111, 111, 111, 111, 111, 111, 111, 111, 111, 
2025-12-28 12:48:55.744098|{td-574} 0, -2986088, -21, -23, -21, 0, 0, 0, 0, 0, 0, 0, 0, 0, 0, 0, 0, 0, 
2025-12-28 12:48:55.749730|{tx-574} :ACC-BBB..........
2025-12-28 12:48:55.920495|{rx-575} 1, 1, 2, 3, 553, 2006, 0, 0, 0, 0, 3, 4, 0, 3, 3
2025-12-28 12:48:55.924266|{rssi-575} 111, -127, -127, -87, -53, -127, -127, -127, 111, 111, 111, 111, 111, 111, 111, 111, 111, 111, 
2025-12-28 12:48:55.933939|{td-575} 0, -2986088, -2995008, -19, -21, 0, 0, 0, 0, 0, 0, 0, 0, 0, 0, 0, 0, 0, 
2025-12-28 12:48:55.940037|{tx-575} :AAC-BBB..........
2025-12-28 12:48:56.109172|{rx-576} 1, 1, 2, 3, 554, 2010, 0, 0, 0, 0, 3, 4, 0, 3, 3
2025-12-28 12:48:56.114456|{rssi-576} 111, -127, -127, -88, -66, -127, -127, -127, 111, 111, 111, 111, 111, 111, 111, 111, 111, 111, 
2025-12-28 12:48:56.123582|{td-576} 0, -2986088, -2995008, -21, -19, 0, 0, 0, 0, 0, 0, 0, 0, 0, 0, 0, 0, 0, 
2025-12-28 12:48:56.131210|{tx-576} :AAC-BBB..........
2025-12-28 12:48:56.299915|{rx-577} 1, 1, 2, 3, 555, 2014, 0, 0, 0, 0, 3, 4, 0, 3, 3
2025-12-28 12:48:56.304293|{rssi-577} 111, -127, -127, -80, -65, -127, -127, -127, 111, 111, 111, 111, 111, 111, 111, 111, 111, 111, 
2025-12-28 12:48:56.314214|{td-577} 0, -2986088, -2995008, -25, -25, 0, 0, 0, 0, 0, 0, 0, 0, 0, 0, 0, 0, 0, 
2025-12-28 12:48:56.321388|{tx-577} :AAC-BBB..........
2025-12-28 12:48:56.490111|{rx-578} 1, 2, 1, 3, 556, 2018, 0, 0, 0, 0, 3, 4, 0, 3, 3
2025-12-28 12:48:56.493778|{rssi-578} 111, -127, -89, -86, -54, -127, -127, -127, 111, 111, 111, 111, 111, 111, 111, 111, 111, 111, 
2025-12-28 12:48:56.503960|{td-578} 0, -2986088, -21, -19, -17, 0, 0, 0, 0, 0, 0, 0, 0, 0, 0, 0, 0, 0, 
2025-12-28 12:48:56.511075|{tx-578} :ACC-BBB..........
2025-12-28 12:48:56.679158|{rx-579} 1, 0, 2, 3, 557, 2021, 0, 0, 0, 0, 2, 3, 0, 3, 3
2025-12-28 12:48:56.684800|{rssi-579} 111, -127, -127, -49, -127, -127, -127, 111, 111, 111, 111, 111, 111, 111, 111, 111, 111, 111, 
2025-12-28 12:48:56.693016|{td-579} 0, -2986088, -2995008, -23, 0, 0, 0, 0, 0, 0, 0, 0, 0, 0, 0, 0, 0, 0, 
2025-12-28 12:48:56.699838|{tx-579} :AA-BBB...........
2025-12-28 12:48:56.869323|{rx-580} 1, 0, 2, 3, 558, 2024, 0, 0, 0, 0, 2, 3, 0, 3, 3
2025-12-28 12:48:56.874259|{rssi-580} 111, -127, -127, -48, -127, -127, -127, 111, 111, 111, 111, 111, 111, 111, 111, 111, 111, 111, 
2025-12-28 12:48:56.883538|{td-580} 0, -2995008, -3003928, -21, 0, 0, 0, 0, 0, 0, 0, 0, 0, 0, 0, 0, 0, 0, 
2025-12-28 12:48:56.889698|{tx-580} :AA-BBB...........
2025-12-28 12:48:57.060017|{rx-581} 1, 2, 1, 3, 559, 2028, 0, 0, 0, 0, 3, 4, 0, 3, 3
2025-12-28 12:48:57.064227|{rssi-581} 111, -127, -86, -80, -53, -127, -127, -127, 111, 111, 111, 111, 111, 111, 111, 111, 111, 111, 
2025-12-28 12:48:57.074027|{td-581} 0, -2995008, -23, -23, -23, 0, 0, 0, 0, 0, 0, 0, 0, 0, 0, 0, 0, 0, 
2025-12-28 12:48:57.080826|{tx-581} :ACC-BBB..........
2025-12-28 12:48:57.247761|{rx-582} 1, 0, 1, 3, 560, 2030, 0, 0, 0, 0, 1, 2, 0, 3, 3
2025-12-28 12:48:57.253115|{rssi-582} 111, -127, -81, -127, -127, -127, 111, 111, 111, 111, 111, 111, 111, 111, 111, 111, 111, 111, 
2025-12-28 12:48:57.262245|{td-582} 0, -2986088, -21, 0, 0, 0, 0, 0, 0, 0, 0, 0, 0, 0, 0, 0, 0, 0, 
2025-12-28 12:48:57.269475|{tx-582} :A-BBB............
2025-12-28 12:48:57.439435|{rx-583} 1, 1, 3, 3, 561, 2035, 0, 0, 0, 0, 4, 4, 0, 3, 3
2025-12-28 12:48:57.445437|{rssi-583} 111, -127, -127, -85, -85, -65, -127, -127, -127, 111, 111, 111, 111, 111, 111, 111, 111, 111, 
2025-12-28 12:48:57.454557|{td-583} 0, -3003928, -3012848, -23, -8943, -23, 0, 0, 0, 0, 0, 0, 0, 0, 0, 0, 0, 0, 
2025-12-28 12:48:57.462196|{tx-583} :AACA-BBB.........
2025-12-28 12:48:57.628910|{rx-584} 1, 0, 2, 3, 562, 2038, 0, 0, 0, 0, 2, 3, 0, 3, 3
2025-12-28 12:48:57.633187|{rssi-584} 111, -127, -127, -48, -127, -127, -127, 111, 111, 111, 111, 111, 111, 111, 111, 111, 111, 111, 
2025-12-28 12:48:57.643133|{td-584} 0, -2977168, -2986088, -19, 0, 0, 0, 0, 0, 0, 0, 0, 0, 0, 0, 0, 0, 0, 
2025-12-28 12:48:57.650391|{tx-584} :AA-BBB...........
2025-12-28 12:48:57.818651|{rx-585} 1, 0, 2, 3, 563, 2041, 0, 0, 0, 0, 2, 3, 0, 3, 3
2025-12-28 12:48:57.823058|{rssi-585} 111, -127, -127, -50, -127, -127, -127, 111, 111, 111, 111, 111, 111, 111, 111, 111, 111, 111, 
2025-12-28 12:48:57.833109|{td-585} 0, -2995008, -3003928, -21, 0, 0, 0, 0, 0, 0, 0, 0, 0, 0, 0, 0, 0, 0, 
2025-12-28 12:48:57.840688|{tx-585} :AA-BBB...........
2025-12-28 12:48:58.008482|{rx-586} 1, 2, 1, 3, 564, 2045, 0, 0, 0, 0, 3, 4, 0, 3, 3
2025-12-28 12:48:58.014156|{rssi-586} 111, -127, -84, -85, -50, -127, -127, -127, 111, 111, 111, 111, 111, 111, 111, 111, 111, 111, 
2025-12-28 12:48:58.023758|{td-586} 0, -2995008, -21, -25, -21, 0, 0, 0, 0, 0, 0, 0, 0, 0, 0, 0, 0, 0, 
2025-12-28 12:48:58.030189|{tx-586} :ACC-BBB..........
2025-12-28 12:48:58.198042|{rx-587} 1, 0, 1, 3, 565, 2047, 0, 0, 0, 0, 1, 2, 0, 3, 3
2025-12-28 12:48:58.202450|{rssi-587} 111, -127, -84, -127, -127, -127, 111, 111, 111, 111, 111, 111, 111, 111, 111, 111, 111, 111, 
2025-12-28 12:48:58.212072|{td-587} 0, -2986088, -21, 0, 0, 0, 0, 0, 0, 0, 0, 0, 0, 0, 0, 0, 0, 0, 
2025-12-28 12:48:58.218383|{tx-587} :A-BBB............
2025-12-28 12:48:58.388239|{rx-588} 1, 0, 1, 3, 566, 2049, 0, 0, 0, 0, 1, 2, 0, 3, 3
2025-12-28 12:48:58.393008|{rssi-588} 111, -127, -86, -127, -127, -127, 111, 111, 111, 111, 111, 111, 111, 111, 111, 111, 111, 111, 
2025-12-28 12:48:58.402245|{td-588} 0, -3003928, -23, 0, 0, 0, 0, 0, 0, 0, 0, 0, 0, 0, 0, 0, 0, 0, 
2025-12-28 12:48:58.408066|{tx-588} :A-BBB............
2025-12-28 12:48:58.578536|{rx-589} 1, 1, 2, 3, 567, 2053, 0, 0, 0, 0, 3, 4, 0, 3, 3
2025-12-28 12:48:58.583850|{rssi-589} 111, -127, -127, -90, -50, -127, -127, -127, 111, 111, 111, 111, 111, 111, 111, 111, 111, 111, 
2025-12-28 12:48:58.593983|{td-589} 0, -3003928, -3012848, -17, -21, 0, 0, 0, 0, 0, 0, 0, 0, 0, 0, 0, 0, 0, 
2025-12-28 12:48:58.599672|{tx-589} :AAC-BBB..........
2025-12-28 12:48:58.769427|{rx-590} 1, 1, 2, 3, 568, 2057, 0, 0, 0, 0, 3, 4, 0, 3, 3
2025-12-28 12:48:58.777666|{rssi-590} 111, -127, -127, -84, -53, -127, -127, -127, 111, 111, 111, 111, 111, 111, 111, 111, 111, 111, 
2025-12-28 12:48:58.783716|{td-590} 0, -2986088, -2995008, -19, -19, 0, 0, 0, 0, 0, 0, 0, 0, 0, 0, 0, 0, 0, 
2025-12-28 12:48:58.790481|{tx-590} :AAC-BBB..........
2025-12-28 12:48:58.958836|{rx-591} 1, 1, 2, 3, 569, 2061, 0, 0, 0, 0, 3, 4, 0, 3, 3
2025-12-28 12:48:58.963564|{rssi-591} 111, -127, -83, -83, -64, -127, -127, -127, 111, 111, 111, 111, 111, 111, 111, 111, 111, 111, 
2025-12-28 12:48:58.973874|{td-591} 0, -2986088, -21, -8941, -21, 0, 0, 0, 0, 0, 0, 0, 0, 0, 0, 0, 0, 0, 
2025-12-28 12:48:58.980595|{tx-591} :ACA-BBB..........
2025-12-28 12:48:59.148668|{rx-592} 1, 1, 2, 3, 570, 2065, 0, 0, 0, 0, 3, 4, 0, 3, 3
2025-12-28 12:48:59.154004|{rssi-592} 111, -127, -127, -83, -66, -127, -127, -127, 111, 111, 111, 111, 111, 111, 111, 111, 111, 111, 
2025-12-28 12:48:59.163388|{td-592} 0, -2986088, -2995008, -23, -21, 0, 0, 0, 0, 0, 0, 0, 0, 0, 0, 0, 0, 0, 
2025-12-28 12:48:59.169805|{tx-592} :AAC-BBB..........
2025-12-28 12:48:59.337886|{rx-593} 1, 0, 1, 3, 571, 2067, 0, 0, 0, 0, 1, 2, 0, 3, 3
2025-12-28 12:48:59.343405|{rssi-593} 111, -127, -84, -127, -127, -127, 111, 111, 111, 111, 111, 111, 111, 111, 111, 111, 111, 111, 
2025-12-28 12:48:59.352438|{td-593} 0, -2986088, -23, 0, 0, 0, 0, 0, 0, 0, 0, 0, 0, 0, 0, 0, 0, 0, 
2025-12-28 12:48:59.357976|{tx-593} :A-BBB............
2025-12-28 12:48:59.528489|{rx-594} 1, 1, 1, 3, 572, 2070, 0, 0, 0, 0, 2, 3, 0, 3, 3
2025-12-28 12:48:59.533964|{rssi-594} 111, -127, -91, -53, -127, -127, -127, 111, 111, 111, 111, 111, 111, 111, 111, 111, 111, 111, 
2025-12-28 12:48:59.542968|{td-594} 0, -3003928, -19, -21, 0, 0, 0, 0, 0, 0, 0, 0, 0, 0, 0, 0, 0, 0, 
2025-12-28 12:48:59.548809|{tx-594} :AC-BBB...........
2025-12-28 12:48:59.719310|{rx-595} 1, 1, 2, 3, 573, 2074, 0, 0, 0, 0, 3, 4, 0, 3, 3
2025-12-28 12:48:59.723421|{rssi-595} 111, -127, -127, -85, -65, -127, -127, -127, 111, 111, 111, 111, 111, 111, 111, 111, 111, 111, 
2025-12-28 12:48:59.732806|{td-595} 0, -2995008, -3003928, -19, -19, 0, 0, 0, 0, 0, 0, 0, 0, 0, 0, 0, 0, 0, 
2025-12-28 12:48:59.739749|{tx-595} :AAC-BBB..........
2025-12-28 12:48:59.908265|{rx-596} 1, 0, 1, 3, 574, 2076, 0, 0, 0, 0, 1, 2, 0, 3, 3
2025-12-28 12:48:59.911500|{rssi-596} 111, -127, -89, -127, -127, -127, 111, 111, 111, 111, 111, 111, 111, 111, 111, 111, 111, 111, 
2025-12-28 12:48:59.921205|{td-596} 0, -2986088, -23, 0, 0, 0, 0, 0, 0, 0, 0, 0, 0, 0, 0, 0, 0, 0, 
2025-12-28 12:48:59.929112|{tx-596} :A-BBB............
2025-12-28 12:49:00.097051|{rx-597} 1, 1, 1, 3, 575, 2079, 0, 0, 0, 0, 2, 3, 0, 3, 3
2025-12-28 12:49:00.103098|{rssi-597} 111, -127, -88, -49, -127, -127, -127, 111, 111, 111, 111, 111, 111, 111, 111, 111, 111, 111, 
2025-12-28 12:49:00.113008|{td-597} 0, -3003928, -21, -23, 0, 0, 0, 0, 0, 0, 0, 0, 0, 0, 0, 0, 0, 0, 
2025-12-28 12:49:00.117855|{tx-597} :AC-BBB...........
2025-12-28 12:49:00.289356|{rx-598} 1, 2, 2, 3, 576, 2084, 0, 0, 0, 0, 4, 4, 0, 3, 3
2025-12-28 12:49:00.294046|{rssi-598} 111, -127, -127, -85, -81, -66, -127, -127, -127, 111, 111, 111, 111, 111, 111, 111, 111, 111, 
2025-12-28 12:49:00.303290|{td-598} 0, -2995008, -3003928, -19, -21, -21, 0, 0, 0, 0, 0, 0, 0, 0, 0, 0, 0, 0, 
2025-12-28 12:49:00.309926|{tx-598} :AACC-BBB.........
2025-12-28 12:49:00.477338|{rx-599} 1, 0, 1, 3, 577, 2086, 0, 0, 0, 0, 1, 2, 0, 3, 3
2025-12-28 12:49:00.481525|{rssi-599} 111, -127, -83, -127, -127, -127, 111, 111, 111, 111, 111, 111, 111, 111, 111, 111, 111, 111, 
2025-12-28 12:49:00.492588|{td-599} 0, -2977168, -19, 0, 0, 0, 0, 0, 0, 0, 0, 0, 0, 0, 0, 0, 0, 0, 
2025-12-28 12:49:00.499544|{tx-599} :A-BBB............
2025-12-28 12:49:00.669959|{rx-600} 1, 2, 1, 3, 578, 2090, 0, 0, 0, 0, 3, 4, 0, 3, 3
2025-12-28 12:49:00.673571|{rssi-600} 111, -127, -82, -85, -67, -127, -127, -127, 111, 111, 111, 111, 111, 111, 111, 111, 111, 111, 
2025-12-28 12:49:00.683018|{td-600} 0, -3003928, -21, -21, -21, 0, 0, 0, 0, 0, 0, 0, 0, 0, 0, 0, 0, 0, 
2025-12-28 12:49:00.689645|{tx-600} :ACC-BBB..........
2025-12-28 12:49:00.858489|{rx-601} 1, 0, 1, 3, 579, 2092, 0, 0, 0, 0, 1, 2, 0, 3, 3
2025-12-28 12:49:00.862115|{rssi-601} 111, -127, -83, -127, -127, -127, 111, 111, 111, 111, 111, 111, 111, 111, 111, 111, 111, 111, 
2025-12-28 12:49:00.870921|{td-601} 0, -2986088, -21, 0, 0, 0, 0, 0, 0, 0, 0, 0, 0, 0, 0, 0, 0, 0, 
2025-12-28 12:49:00.878688|{tx-601} :A-BBB............
2025-12-28 12:49:01.047618|{rx-602} 1, 3, 1, 3, 580, 2097, 0, 0, 0, 0, 4, 4, 0, 3, 3
2025-12-28 12:49:01.053974|{rssi-602} 111, -127, -86, -84, -79, -51, -127, -127, -127, 111, 111, 111, 111, 111, 111, 111, 111, 111, 
2025-12-28 12:49:01.063651|{td-602} 0, -3003928, -23, -23, -21, -21, 0, 0, 0, 0, 0, 0, 0, 0, 0, 0, 0, 0, 
2025-12-28 12:49:01.070854|{tx-602} :ACCC-BBB.........
2025-12-28 12:49:01.237806|{rx-603} 1, 0, 2, 3, 581, 2100, 0, 0, 0, 0, 2, 3, 0, 3, 3
2025-12-28 12:49:01.242930|{rssi-603} 111, -127, -127, -50, -127, -127, -127, 111, 111, 111, 111, 111, 111, 111, 111, 111, 111, 111, 
2025-12-28 12:49:01.253071|{td-603} 0, -2977168, -2986088, -21, 0, 0, 0, 0, 0, 0, 0, 0, 0, 0, 0, 0, 0, 0, 
2025-12-28 12:49:01.260116|{tx-603} :AA-BBB...........
2025-12-28 12:49:01.428111|{rx-604} 1, 2, 1, 3, 582, 2104, 0, 0, 0, 0, 3, 4, 0, 3, 3
2025-12-28 12:49:01.433706|{rssi-604} 111, -127, -87, -84, -64, -127, -127, -127, 111, 111, 111, 111, 111, 111, 111, 111, 111, 111, 
2025-12-28 12:49:01.443099|{td-604} 0, -2995008, -21, -21, -21, 0, 0, 0, 0, 0, 0, 0, 0, 0, 0, 0, 0, 0, 
2025-12-28 12:49:01.449999|{tx-604} :ACC-BBB..........
2025-12-28 12:49:01.631492|{rx-605} 1, 0, 1, 3, 583, 2106, 0, 0, 0, 0, 1, 2, 0, 3, 3
2025-12-28 12:49:01.637341|{rssi-605} 111, -127, -86, -127, -127, -127, 111, 111, 111, 111, 111, 111, 111, 111, 111, 111, 111, 111, 
2025-12-28 12:49:01.643787|{td-605} 0, -2986088, -23, 0, 0, 0, 0, 0, 0, 0, 0, 0, 0, 0, 0, 0, 0, 0, 
2025-12-28 12:49:01.644647|{tx-605} :A-BBB............
2025-12-28 12:49:01.809178|{rx-606} 1, 1, 2, 3, 584, 2110, 0, 0, 0, 0, 3, 4, 0, 3, 3
2025-12-28 12:49:01.813449|{rssi-606} 111, -127, -127, -80, -66, -127, -127, -127, 111, 111, 111, 111, 111, 111, 111, 111, 111, 111, 
2025-12-28 12:49:01.822950|{td-606} 0, -3003928, -3012848, -19, -19, 0, 0, 0, 0, 0, 0, 0, 0, 0, 0, 0, 0, 0, 
2025-12-28 12:49:01.829047|{tx-606} :AAC-BBB..........
2025-12-28 12:49:01.998179|{rx-607} 1, 2, 2, 3, 585, 2115, 0, 0, 0, 0, 3, 4, 0, 3, 3
2025-12-28 12:49:02.003174|{rssi-607} 111, -127, -93, -83, -54, -127, -127, -127, 111, 111, 111, 111, 111, 111, 111, 111, 111, 111, 
2025-12-28 12:49:02.011836|{td-607} 0, -2986088, -21, -21, -21, 0, 0, 0, 0, 0, 0, 0, 0, 0, 0, 0, 0, 0, 
2025-12-28 12:49:02.019250|{tx-607} :APC-BBB..........
2025-12-28 12:49:02.188517|{rx-608} 1, 2, 1, 3, 586, 2119, 0, 0, 0, 0, 3, 4, 0, 3, 3
2025-12-28 12:49:02.192748|{rssi-608} 111, -127, -82, -86, -67, -127, -127, -127, 111, 111, 111, 111, 111, 111, 111, 111, 111, 111, 
2025-12-28 12:49:02.202695|{td-608} 0, -2986088, -21, -21, -21, 0, 0, 0, 0, 0, 0, 0, 0, 0, 0, 0, 0, 0, 
2025-12-28 12:49:02.210779|{tx-608} :ACC-BBB..........
2025-12-28 12:49:02.380165|{rx-609} 1, 2, 2, 3, 587, 2124, 0, 0, 0, 0, 3, 4, 0, 3, 3
2025-12-28 12:49:02.384287|{rssi-609} 111, -127, -91, -87, -67, -127, -127, -127, 111, 111, 111, 111, 111, 111, 111, 111, 111, 111, 
2025-12-28 12:49:02.392172|{td-609} 0, -2986088, -12, -21, -21, 0, 0, 0, 0, 0, 0, 0, 0, 0, 0, 0, 0, 0, 
2025-12-28 12:49:02.399172|{tx-609} :APC-BBB..........
2025-12-28 12:49:02.571526|{rx-610} 1, 1, 2, 3, 588, 2128, 0, 0, 0, 0, 3, 4, 0, 3, 3
2025-12-28 12:49:02.577624|{rssi-610} 111, -127, -127, -83, -50, -127, -127, -127, 111, 111, 111, 111, 111, 111, 111, 111, 111, 111, 
2025-12-28 12:49:02.582971|{td-610} 0, -2986088, -2995008, -23, -21, 0, 0, 0, 0, 0, 0, 0, 0, 0, 0, 0, 0, 0, 
2025-12-28 12:49:02.591276|{tx-610} :AAC-BBB..........
2025-12-28 12:49:02.758194|{rx-611} 1, 1, 2, 3, 589, 2132, 0, 0, 0, 0, 2, 3, 0, 3, 3
2025-12-28 12:49:02.763180|{rssi-611} 111, -127, -93, -53, -127, -127, -127, 111, 111, 111, 111, 111, 111, 111, 111, 111, 111, 111, 
2025-12-28 12:49:02.772748|{td-611} 0, -2986088, -21, -23, 0, 0, 0, 0, 0, 0, 0, 0, 0, 0, 0, 0, 0, 0, 
2025-12-28 12:49:02.779925|{tx-611} :AP-BBB...........
2025-12-28 12:49:02.949055|{rx-612} 1, 1, 2, 3, 590, 2136, 0, 0, 0, 0, 3, 4, 0, 3, 3
2025-12-28 12:49:02.953244|{rssi-612} 111, -127, -127, -83, -65, -127, -127, -127, 111, 111, 111, 111, 111, 111, 111, 111, 111, 111, 
2025-12-28 12:49:02.963431|{td-612} 0, -2995008, -3003928, -21, -21, 0, 0, 0, 0, 0, 0, 0, 0, 0, 0, 0, 0, 0, 
2025-12-28 12:49:02.971125|{tx-612} :AAC-BBB..........
2025-12-28 12:49:03.139614|{rx-613} 1, 2, 1, 3, 591, 2140, 0, 0, 0, 0, 3, 4, 0, 3, 3
2025-12-28 12:49:03.143432|{rssi-613} 111, -127, -83, -81, -54, -127, -127, -127, 111, 111, 111, 111, 111, 111, 111, 111, 111, 111, 
2025-12-28 12:49:03.154175|{td-613} 0, -2986088, -19, -21, -19, 0, 0, 0, 0, 0, 0, 0, 0, 0, 0, 0, 0, 0, 
2025-12-28 12:49:03.160683|{tx-613} :ACC-BBB..........
2025-12-28 12:49:03.327661|{rx-614} 1, 1, 1, 3, 592, 2143, 0, 0, 0, 0, 2, 3, 0, 3, 3
2025-12-28 12:49:03.332570|{rssi-614} 111, -127, -89, -52, -127, -127, -127, 111, 111, 111, 111, 111, 111, 111, 111, 111, 111, 111, 
2025-12-28 12:49:03.341993|{td-614} 0, -2986088, -25, -21, 0, 0, 0, 0, 0, 0, 0, 0, 0, 0, 0, 0, 0, 0, 
2025-12-28 12:49:03.348886|{tx-614} :AC-BBB...........
2025-12-28 12:49:03.519190|{rx-615} 1, 2, 3, 3, 593, 2149, 0, 0, 0, 0, 4, 4, 0, 3, 3
2025-12-28 12:49:03.523156|{rssi-615} 111, -127, -127, -95, -87, -50, -127, -127, -127, 111, 111, 111, 111, 111, 111, 111, 111, 111, 
2025-12-28 12:49:03.532792|{td-615} 0, -2995008, -3003928, -23, -23, -23, 0, 0, 0, 0, 0, 0, 0, 0, 0, 0, 0, 0, 
2025-12-28 12:49:03.539791|{tx-615} :AAPC-BBB.........
2025-12-28 12:49:03.708799|{rx-616} 1, 2, 1, 3, 594, 2153, 0, 0, 0, 0, 3, 4, 0, 3, 3
2025-12-28 12:49:03.713648|{rssi-616} 111, -127, -85, -80, -65, -127, -127, -127, 111, 111, 111, 111, 111, 111, 111, 111, 111, 111, 
2025-12-28 12:49:03.722363|{td-616} 0, -2977168, -21, -23, -23, 0, 0, 0, 0, 0, 0, 0, 0, 0, 0, 0, 0, 0, 
2025-12-28 12:49:03.728384|{tx-616} :ACC-BBB..........
2025-12-28 12:49:03.898459|{rx-617} 1, 0, 2, 3, 595, 2156, 0, 0, 0, 0, 2, 3, 0, 3, 3
2025-12-28 12:49:03.904401|{rssi-617} 111, -127, -127, -53, -127, -127, -127, 111, 111, 111, 111, 111, 111, 111, 111, 111, 111, 111, 
2025-12-28 12:49:03.911965|{td-617} 0, -2986088, -2995008, -19, 0, 0, 0, 0, 0, 0, 0, 0, 0, 0, 0, 0, 0, 0, 
2025-12-28 12:49:03.919120|{tx-617} :AA-BBB...........
2025-12-28 12:49:04.087859|{rx-618} 1, 2, 1, 3, 596, 2160, 0, 0, 0, 0, 3, 4, 0, 3, 3
2025-12-28 12:49:04.092761|{rssi-618} 111, -127, -85, -86, -65, -127, -127, -127, 111, 111, 111, 111, 111, 111, 111, 111, 111, 111, 
2025-12-28 12:49:04.101947|{td-618} 0, -2995008, -23, -21, -21, 0, 0, 0, 0, 0, 0, 0, 0, 0, 0, 0, 0, 0, 
2025-12-28 12:49:04.109303|{tx-618} :ACC-BBB..........
2025-12-28 12:49:04.276933|{rx-619} 1, 0, 1, 3, 597, 2162, 0, 0, 0, 0, 1, 2, 0, 3, 3
2025-12-28 12:49:04.281964|{rssi-619} 111, -127, -87, -127, -127, -127, 111, 111, 111, 111, 111, 111, 111, 111, 111, 111, 111, 111, 
2025-12-28 12:49:04.291367|{td-619} 0, -2986088, -21, 0, 0, 0, 0, 0, 0, 0, 0, 0, 0, 0, 0, 0, 0, 0, 
2025-12-28 12:49:04.297728|{tx-619} :A-BBB............
2025-12-28 12:49:04.466537|{rx-620} 1, 0, 1, 3, 598, 2164, 0, 0, 0, 0, 1, 2, 0, 3, 3
2025-12-28 12:49:04.471785|{rssi-620} 111, -127, -83, -127, -127, -127, 111, 111, 111, 111, 111, 111, 111, 111, 111, 111, 111, 111, 
2025-12-28 12:49:04.481901|{td-620} 0, -3003928, -21, 0, 0, 0, 0, 0, 0, 0, 0, 0, 0, 0, 0, 0, 0, 0, 
2025-12-28 12:49:04.488368|{tx-620} :A-BBB............
2025-12-28 12:49:04.657463|{rx-621} 1, 2, 2, 3, 599, 2169, 0, 0, 0, 0, 3, 4, 0, 3, 3
2025-12-28 12:49:04.663821|{rssi-621} 111, -127, -85, -93, -65, -127, -127, -127, 111, 111, 111, 111, 111, 111, 111, 111, 111, 111, 
2025-12-28 12:49:04.672543|{td-621} 0, -3003928, -21, -23, -23, 0, 0, 0, 0, 0, 0, 0, 0, 0, 0, 0, 0, 0, 
2025-12-28 12:49:04.679441|{tx-621} :ACP-BBB..........
2025-12-28 12:49:04.846707|{rx-622} 1, 0, 1, 3, 600, 2171, 0, 0, 0, 0, 1, 2, 0, 3, 3
2025-12-28 12:49:04.852061|{rssi-622} 111, -127, -83, -127, -127, -127, 111, 111, 111, 111, 111, 111, 111, 111, 111, 111, 111, 111, 
2025-12-28 12:49:04.860204|{td-622} 0, -2986088, -19, 0, 0, 0, 0, 0, 0, 0, 0, 0, 0, 0, 0, 0, 0, 0, 
2025-12-28 12:49:04.867288|{tx-622} :A-BBB............
2025-12-28 12:49:05.038395|{rx-623} 1, 2, 1, 3, 601, 2175, 0, 0, 0, 0, 3, 4, 0, 3, 3
2025-12-28 12:49:05.043112|{rssi-623} 111, -127, -90, -87, -53, -127, -127, -127, 111, 111, 111, 111, 111, 111, 111, 111, 111, 111, 
2025-12-28 12:49:05.052651|{td-623} 0, -3003928, -21, -19, -21, 0, 0, 0, 0, 0, 0, 0, 0, 0, 0, 0, 0, 0, 
2025-12-28 12:49:05.058694|{tx-623} :ACC-BBB..........
2025-12-28 12:49:05.227826|{rx-624} 1, 1, 2, 3, 602, 2179, 0, 0, 0, 0, 3, 4, 0, 3, 3
2025-12-28 12:49:05.231606|{rssi-624} 111, -127, -127, -86, -50, -127, -127, -127, 111, 111, 111, 111, 111, 111, 111, 111, 111, 111, 
2025-12-28 12:49:05.241752|{td-624} 0, -2986088, -2995008, -21, -21, 0, 0, 0, 0, 0, 0, 0, 0, 0, 0, 0, 0, 0, 
2025-12-28 12:49:05.248268|{tx-624} :AAC-BBB..........
2025-12-28 12:49:05.417693|{rx-625} 1, 1, 2, 3, 603, 2183, 0, 0, 0, 0, 3, 4, 0, 3, 3
2025-12-28 12:49:05.422912|{rssi-625} 111, -127, -127, -86, -53, -127, -127, -127, 111, 111, 111, 111, 111, 111, 111, 111, 111, 111, 
2025-12-28 12:49:05.435490|{td-625} 0, -2986088, -2995008, -21, -23, 0, 0, 0, 0, 0, 0, 0, 0, 0, 0, 0, 0, 0, 
2025-12-28 12:49:05.439358|{tx-625} :AAC-BBB..........
2025-12-28 12:49:05.607537|{rx-626} 1, 0, 2, 3, 604, 2186, 0, 0, 0, 0, 2, 3, 0, 3, 3
2025-12-28 12:49:05.611936|{rssi-626} 111, -127, -127, -50, -127, -127, -127, 111, 111, 111, 111, 111, 111, 111, 111, 111, 111, 111, 
2025-12-28 12:49:05.621899|{td-626} 0, -2986088, -2995008, -19, 0, 0, 0, 0, 0, 0, 0, 0, 0, 0, 0, 0, 0, 0, 
2025-12-28 12:49:05.629071|{tx-626} :AA-BBB...........
2025-12-28 12:49:05.699085| 