2025-12-28 12:47:06.015666|Testing
2025-12-28 12:47:06.015731|Node 0xbc490582
2025-12-28 12:47:06.687159|{rx-0} 1, 0, 0, 3, 1, 1, 0, 0, 0, 0, 0, 1, 0, 0, 0
2025-12-28 12:47:06.691229|{rssi-0} 0, -58, -127, -127, -127, 0, 0, 0, 0, 0, 0, 0, 0, 0, 0, 0, 0, 0, 
2025-12-28 12:47:06.698695|{td-0} 0, 5197708, 0, 0, 0, 0, 0, 0, 0, 0, 0, 0, 0, 0, 0, 0, 0, 0, 
2025-12-28 12:47:06.704226|{tx-0} :-BBB
2025-12-28 12:47:06.705964|#R 0, ID: 0xbc490582 2, master: 0xf2de209e, tx power: 0 dBm, channel 37 = 2405 MHz (std), msg: 39 bytes, mode: Ble_1Mbit, CE: 0, @ Dec 28 2025 11:43:06
2025-12-28 12:47:06.877640|{rx-1} 1, 0, 0, 3, 2, 2, 0, 0, 0, 0, 0, 1, 0, 1, 1
2025-12-28 12:47:06.882887|{rssi-1} 111, -58, -127, -127, -127, 111, 111, 111, 111, 111, 111, 111, 111, 111, 111, 111, 111, 111, 
2025-12-28 12:47:06.891066|{td-1} 0, -9, 0, 0, 0, 0, 0, 0, 0, 0, 0, 0, 0, 0, 0, 0, 0, 0, 
2025-12-28 12:47:06.896086|{tx-1} :-BBB.............
2025-12-28 12:47:07.067415|{rx-2} 1, 0, 0, 3, 3, 3, 0, 0, 0, 0, 0, 1, 0, 1, 1
2025-12-28 12:47:07.072067|{rssi-2} 111, -58, -127, -127, -127, 111, 111, 111, 111, 111, 111, 111, 111, 111, 111, 111, 111, 111, 
2025-12-28 12:47:07.081059|{td-2} 0, -7, 0, 0, 0, 0, 0, 0, 0, 0, 0, 0, 0, 0, 0, 0, 0, 0, 
2025-12-28 12:47:07.085601|{tx-2} :-BBB.............
2025-12-28 12:47:07.257780|{rx-3} 1, 0, 0, 3, 4, 4, 0, 0, 0, 0, 0, 1, 0, 1, 1
2025-12-28 12:47:07.260824|{rssi-3} 111, -58, -127, -127, -127, 111, 111, 111, 111, 111, 111, 111, 111, 111, 111, 111, 111, 111, 
2025-12-28 12:47:07.270924|{td-3} 0, -9, 0, 0, 0, 0, 0, 0, 0, 0, 0, 0, 0, 0, 0, 0, 0, 0, 
2025-12-28 12:47:07.276427|{tx-3} :-BBB.............
2025-12-28 12:47:07.447911|{rx-4} 1, 0, 0, 3, 5, 5, 0, 0, 0, 0, 0, 1, 0, 1, 1
2025-12-28 12:47:07.450845|{rssi-4} 111, -58, -127, -127, -127, 111, 111, 111, 111, 111, 111, 111, 111, 111, 111, 111, 111, 111, 
2025-12-28 12:47:07.461057|{td-4} 0, -7, 0, 0, 0, 0, 0, 0, 0, 0, 0, 0, 0, 0, 0, 0, 0, 0, 
2025-12-28 12:47:07.466427|{tx-4} :-BBB.............
2025-12-28 12:47:07.637322|{rx-5} 1, 0, 0, 3, 6, 6, 0, 0, 0, 0, 0, 1, 0, 1, 1
2025-12-28 12:47:07.643381|{rssi-5} 111, -58, -127, -127, -127, 111, 111, 111, 111, 111, 111, 111, 111, 111, 111, 111, 111, 111, 
2025-12-28 12:47:07.650914|{td-5} 0, -9, 0, 0, 0, 0, 0, 0, 0, 0, 0, 0, 0, 0, 0, 0, 0, 0, 
2025-12-28 12:47:07.656517|{tx-5} :-BBB.............
2025-12-28 12:47:07.827051|{rx-6} 1, 0, 0, 3, 7, 7, 0, 0, 0, 0, 0, 1, 0, 1, 1
2025-12-28 12:47:07.831514|{rssi-6} 111, -58, -127, -127, -127, 111, 111, 111, 111, 111, 111, 111, 111, 111, 111, 111, 111, 111, 
2025-12-28 12:47:07.840775|{td-6} 0, -7, 0, 0, 0, 0, 0, 0, 0, 0, 0, 0, 0, 0, 0, 0, 0, 0, 
2025-12-28 12:47:07.846323|{tx-6} :-BBB.............
2025-12-28 12:47:08.017808|{rx-7} 1, 0, 0, 3, 8, 8, 0, 0, 0, 0, 0, 1, 0, 1, 1
2025-12-28 12:47:08.020759|{rssi-7} 111, -58, -127, -127, -127, 111, 111, 111, 111, 111, 111, 111, 111, 111, 111, 111, 111, 111, 
2025-12-28 12:47:08.030910|{td-7} 0, -9, 0, 0, 0, 0, 0, 0, 0, 0, 0, 0, 0, 0, 0, 0, 0, 0, 
2025-12-28 12:47:08.036634|{tx-7} :-BBB.............
2025-12-28 12:47:08.207062|{rx-8} 1, 0, 0, 3, 9, 9, 0, 0, 0, 0, 0, 1, 0, 1, 1
2025-12-28 12:47:08.211091|{rssi-8} 111, -58, -127, -127, -127, 111, 111, 111, 111, 111, 111, 111, 111, 111, 111, 111, 111, 111, 
2025-12-28 12:47:08.220068|{td-8} 0, -9, 0, 0, 0, 0, 0, 0, 0, 0, 0, 0, 0, 0, 0, 0, 0, 0, 
2025-12-28 12:47:08.226800|{tx-8} :-BBB.............
2025-12-28 12:47:08.397525|{rx-9} 1, 0, 0, 3, 10, 10, 0, 0, 0, 0, 0, 1, 0, 1, 1
2025-12-28 12:47:08.401070|{rssi-9} 111, -61, -127, -127, -127, 111, 111, 111, 111, 111, 111, 111, 111, 111, 111, 111, 111, 111, 
2025-12-28 12:47:08.410730|{td-9} 0, -7, 0, 0, 0, 0, 0, 0, 0, 0, 0, 0, 0, 0, 0, 0, 0, 0, 
2025-12-28 12:47:08.416932|{tx-9} :-BBB.............
2025-12-28 12:47:08.586579|{rx-10} 1, 0, 0, 3, 11, 11, 0, 0, 0, 0, 0, 1, 0, 1, 1
2025-12-28 12:47:08.590889|{rssi-10} 111, -58, -127, -127, -127, 111, 111, 111, 111, 111, 111, 111, 111, 111, 111, 111, 111, 111, 
2025-12-28 12:47:08.600694|{td-10} 0, -9, 0, 0, 0, 0, 0, 0, 0, 0, 0, 0, 0, 0, 0, 0, 0, 0, 
2025-12-28 12:47:08.606699|{tx-10} :-BBB.............
2025-12-28 12:47:08.776215|{rx-11} 1, 0, 0, 3, 12, 12, 0, 0, 0, 0, 0, 1, 0, 1, 1
2025-12-28 12:47:08.782012|{rssi-11} 111, -58, -127, -127, -127, 111, 111, 111, 111, 111, 111, 111, 111, 111, 111, 111, 111, 111, 
2025-12-28 12:47:08.791297|{td-11} 0, -7, 0, 0, 0, 0, 0, 0, 0, 0, 0, 0, 0, 0, 0, 0, 0, 0, 
2025-12-28 12:47:08.796429|{tx-11} :-BBB.............
2025-12-28 12:47:08.966462|{rx-12} 1, 0, 0, 3, 13, 13, 0, 0, 0, 0, 0, 1, 0, 1, 1
2025-12-28 12:47:08.971757|{rssi-12} 111, -58, -127, -127, -127, 111, 111, 111, 111, 111, 111, 111, 111, 111, 111, 111, 111, 111, 
2025-12-28 12:47:08.981079|{td-12} 0, -9, 0, 0, 0, 0, 0, 0, 0, 0, 0, 0, 0, 0, 0, 0, 0, 0, 
2025-12-28 12:47:08.986055|{tx-12} :-BBB.............
2025-12-28 12:47:09.156448|{rx-13} 1, 0, 0, 3, 14, 14, 0, 0, 0, 0, 0, 1, 0, 1, 1
2025-12-28 12:47:09.161765|{rssi-13} 111, -58, -127, -127, -127, 111, 111, 111, 111, 111, 111, 111, 111, 111, 111, 111, 111, 111, 
2025-12-28 12:47:09.171126|{td-13} 0, -7, 0, 0, 0, 0, 0, 0, 0, 0, 0, 0, 0, 0, 0, 0, 0, 0, 
2025-12-28 12:47:09.176836|{tx-13} :-BBB.............
2025-12-28 12:47:09.348200|{rx-14} 1, 0, 0, 3, 15, 15, 0, 0, 0, 0, 0, 1, 0, 1, 1
2025-12-28 12:47:09.352056|{rssi-14} 111, -58, -127, -127, -127, 111, 111, 111, 111, 111, 111, 111, 111, 111, 111, 111, 111, 111, 
2025-12-28 12:47:09.362213|{td-14} 0, -9, 0, 0, 0, 0, 0, 0, 0, 0, 0, 0, 0, 0, 0, 0, 0, 0, 
2025-12-28 12:47:09.366574|{tx-14} :-BBB.............
2025-12-28 12:47:09.536866|{rx-15} 1, 0, 0, 3, 16, 16, 0, 0, 0, 0, 0, 1, 0, 1, 1
2025-12-28 12:47:09.541574|{rssi-15} 111, -58, -127, -127, -127, 111, 111, 111, 111, 111, 111, 111, 111, 111, 111, 111, 111, 111, 
2025-12-28 12:47:09.550584|{td-15} 0, -7, 0, 0, 0, 0, 0, 0, 0, 0, 0, 0, 0, 0, 0, 0, 0, 0, 
2025-12-28 12:47:09.556621|{tx-15} :-BBB.............
2025-12-28 12:47:09.726450|{rx-16} 1, 0, 0, 3, 17, 17, 0, 0, 0, 0, 0, 1, 0, 1, 1
2025-12-28 12:47:09.731653|{rssi-16} 111, -58, -127, -127, -127, 111, 111, 111, 111, 111, 111, 111, 111, 111, 111, 111, 111, 111, 
2025-12-28 12:47:09.740452|{td-16} 0, -9, 0, 0, 0, 0, 0, 0, 0, 0, 0, 0, 0, 0, 0, 0, 0, 0, 
2025-12-28 12:47:09.746583|{tx-16} :-BBB.............
2025-12-28 12:47:09.916336|{rx-17} 1, 0, 0, 3, 18, 18, 0, 0, 0, 0, 0, 1, 0, 1, 1
2025-12-28 12:47:09.921500|{rssi-17} 111, -58, -127, -127, -127, 111, 111, 111, 111, 111, 111, 111, 111, 111, 111, 111, 111, 111, 
2025-12-28 12:47:09.931265|{td-17} 0, -7, 0, 0, 0, 0, 0, 0, 0, 0, 0, 0, 0, 0, 0, 0, 0, 0, 
2025-12-28 12:47:09.935998|{tx-17} :-BBB.............
2025-12-28 12:47:10.106836|{rx-18} 1, 0, 0, 3, 19, 19, 0, 0, 0, 0, 0, 1, 0, 1, 1
2025-12-28 12:47:10.111744|{rssi-18} 111, -58, -127, -127, -127, 111, 111, 111, 111, 111, 111, 111, 111, 111, 111, 111, 111, 111, 
2025-12-28 12:47:10.121312|{td-18} 0, -9, 0, 0, 0, 0, 0, 0, 0, 0, 0, 0, 0, 0, 0, 0, 0, 0, 
2025-12-28 12:47:10.127525|{tx-18} :-BBB.............
2025-12-28 12:47:10.297547|{rx-19} 1, 0, 0, 3, 20, 20, 0, 0, 0, 0, 0, 1, 0, 1, 1
2025-12-28 12:47:10.301851|{rssi-19} 111, -58, -127, -127, -127, 111, 111, 111, 111, 111, 111, 111, 111, 111, 111, 111, 111, 111, 
2025-12-28 12:47:10.311318|{td-19} 0, -7, 0, 0, 0, 0, 0, 0, 0, 0, 0, 0, 0, 0, 0, 0, 0, 0, 
2025-12-28 12:47:10.317078|{tx-19} :-BBB.............
2025-12-28 12:47:10.486762|{rx-20} 1, 0, 0, 3, 21, 21, 0, 0, 0, 0, 0, 1, 0, 1, 1
2025-12-28 12:47:10.492073|{rssi-20} 111, -58, -127, -127, -127, 111, 111, 111, 111, 111, 111, 111, 111, 111, 111, 111, 111, 111, 
2025-12-28 12:47:10.500745|{td-20} 0, -9, 0, 0, 0, 0, 0, 0, 0, 0, 0, 0, 0, 0, 0, 0, 0, 0, 
2025-12-28 12:47:10.506927|{tx-20} :-BBB.............
2025-12-28 12:47:10.677118|{rx-21} 1, 0, 0, 3, 22, 22, 0, 0, 0, 0, 0, 1, 0, 1, 1
2025-12-28 12:47:10.682027|{rssi-21} 111, -58, -127, -127, -127, 111, 111, 111, 111, 111, 111, 111, 111, 111, 111, 111, 111, 111, 
2025-12-28 12:47:10.691089|{td-21} 0, -9, 0, 0, 0, 0, 0, 0, 0, 0, 0, 0, 0, 0, 0, 0, 0, 0, 
2025-12-28 12:47:10.696773|{tx-21} :-BBB.............
2025-12-28 12:47:10.867417|{rx-22} 1, 0, 0, 3, 23, 23, 0, 0, 0, 0, 0, 1, 0, 1, 1
2025-12-28 12:47:10.871212|{rssi-22} 111, -58, -127, -127, -127, 111, 111, 111, 111, 111, 111, 111, 111, 111, 111, 111, 111, 111, 
2025-12-28 12:47:10.881391|{td-22} 0, -7, 0, 0, 0, 0, 0, 0, 0, 0, 0, 0, 0, 0, 0, 0, 0, 0, 
2025-12-28 12:47:10.885569|{tx-22} :-BBB.............
2025-12-28 12:47:11.057268|{rx-23} 1, 0, 0, 3, 24, 24, 0, 0, 0, 0, 0, 1, 0, 1, 1
2025-12-28 12:47:11.063839|{rssi-23} 111, -58, -127, -127, -127, 111, 111, 111, 111, 111, 111, 111, 111, 111, 111, 111, 111, 111, 
2025-12-28 12:47:11.071027|{td-23} 0, -9, 0, 0, 0, 0, 0, 0, 0, 0, 0, 0, 0, 0, 0, 0, 0, 0, 
2025-12-28 12:47:11.076682|{tx-23} :-BBB.............
2025-12-28 12:47:11.247099|{rx-24} 1, 0, 0, 3, 25, 25, 0, 0, 0, 0, 0, 1, 0, 1, 1
2025-12-28 12:47:11.251020|{rssi-24} 111, -58, -127, -127, -127, 111, 111, 111, 111, 111, 111, 111, 111, 111, 111, 111, 111, 111, 
2025-12-28 12:47:11.261329|{td-24} 0, -7, 0, 0, 0, 0, 0, 0, 0, 0, 0, 0, 0, 0, 0, 0, 0, 0, 
2025-12-28 12:47:11.265658|{tx-24} :-BBB.............
2025-12-28 12:47:11.437013|{rx-25} 1, 0, 0, 3, 26, 26, 0, 0, 0, 0, 0, 1, 0, 1, 1
2025-12-28 12:47:11.441978|{rssi-25} 111, -58, -127, -127, -127, 111, 111, 111, 111, 111, 111, 111, 111, 111, 111, 111, 111, 111, 
2025-12-28 12:47:11.450507|{td-25} 0, -9, 0, 0, 0, 0, 0, 0, 0, 0, 0, 0, 0, 0, 0, 0, 0, 0, 
2025-12-28 12:47:11.457043|{tx-25} :-BBB.............
2025-12-28 12:47:11.627615|{rx-26} 1, 0, 0, 3, 27, 27, 0, 0, 0, 0, 0, 1, 0, 1, 1
2025-12-28 12:47:11.632145|{rssi-26} 111, -58, -127, -127, -127, 111, 111, 111, 111, 111, 111, 111, 111, 111, 111, 111, 111, 111, 
2025-12-28 12:47:11.641275|{td-26} 0, -7, 0, 0, 0, 0, 0, 0, 0, 0, 0, 0, 0, 0, 0, 0, 0, 0, 
2025-12-28 12:47:11.646731|{tx-26} :-BBB.............
2025-12-28 12:47:11.816799|{rx-27} 1, 0, 0, 3, 28, 28, 0, 0, 0, 0, 0, 1, 0, 1, 1
2025-12-28 12:47:11.820665|{rssi-27} 111, -58, -127, -127, -127, 111, 111, 111, 111, 111, 111, 111, 111, 111, 111, 111, 111, 111, 
2025-12-28 12:47:11.831076|{td-27} 0, -7, 0, 0, 0, 0, 0, 0, 0, 0, 0, 0, 0, 0, 0, 0, 0, 0, 
2025-12-28 12:47:11.836015|{tx-27} :-BBB.............
2025-12-28 12:47:12.007039|{rx-28} 1, 0, 0, 3, 29, 29, 0, 0, 0, 0, 0, 1, 0, 1, 1
2025-12-28 12:47:12.011490|{rssi-28} 111, -58, -127, -127, -127, 111, 111, 111, 111, 111, 111, 111, 111, 111, 111, 111, 111, 111, 
2025-12-28 12:47:12.021467|{td-28} 0, -9, 0, 0, 0, 0, 0, 0, 0, 0, 0, 0, 0, 0, 0, 0, 0, 0, 
2025-12-28 12:47:12.027082|{tx-28} :-BBB.............
2025-12-28 12:47:12.197014|{rx-29} 1, 0, 0, 3, 30, 30, 0, 0, 0, 0, 0, 1, 0, 1, 1
2025-12-28 12:47:12.201396|{rssi-29} 111, -61, -127, -127, -127, 111, 111, 111, 111, 111, 111, 111, 111, 111, 111, 111, 111, 111, 
2025-12-28 12:47:12.210771|{td-29} 0, -9, 0, 0, 0, 0, 0, 0, 0, 0, 0, 0, 0, 0, 0, 0, 0, 0, 
2025-12-28 12:47:12.217225|{tx-29} :-BBB.............
2025-12-28 12:47:12.387195|{rx-30} 1, 0, 0, 3, 31, 31, 0, 0, 0, 0, 0, 1, 0, 1, 1
2025-12-28 12:47:12.391839|{rssi-30} 111, -58, -127, -127, -127, 111, 111, 111, 111, 111, 111, 111, 111, 111, 111, 111, 111, 111, 
2025-12-28 12:47:12.399985|{td-30} 0, -7, 0, 0, 0, 0, 0, 0, 0, 0, 0, 0, 0, 0, 0, 0, 0, 0, 
2025-12-28 12:47:12.405498|{tx-30} :-BBB.............
2025-12-28 12:47:12.576816|{rx-31} 1, 0, 0, 3, 32, 32, 0, 0, 0, 0, 0, 1, 0, 1, 1
2025-12-28 12:47:12.580918|{rssi-31} 111, -58, -127, -127, -127, 111, 111, 111, 111, 111, 111, 111, 111, 111, 111, 111, 111, 111, 
2025-12-28 12:47:12.591222|{td-31} 0, -9, 0, 0, 0, 0, 0, 0, 0, 0, 0, 0, 0, 0, 0, 0, 0, 0, 
2025-12-28 12:47:12.596965|{tx-31} :-BBB.............
2025-12-28 12:47:12.767592|{rx-32} 1, 0, 0, 3, 33, 33, 0, 0, 0, 0, 0, 1, 0, 1, 1
2025-12-28 12:47:12.771563|{rssi-32} 111, -58, -127, -127, -127, 111, 111, 111, 111, 111, 111, 111, 111, 111, 111, 111, 111, 111, 
2025-12-28 12:47:12.780677|{td-32} 0, -7, 0, 0, 0, 0, 0, 0, 0, 0, 0, 0, 0, 0, 0, 0, 0, 0, 
2025-12-28 12:47:12.785399|{tx-32} :-BBB.............
2025-12-28 12:47:12.956890|{rx-33} 1, 0, 0, 3, 34, 34, 0, 0, 0, 0, 0, 1, 0, 1, 1
2025-12-28 12:47:12.961035|{rssi-33} 111, -58, -127, -127, -127, 111, 111, 111, 111, 111, 111, 111, 111, 111, 111, 111, 111, 111, 
2025-12-28 12:47:12.969617|{td-33} 0, -9, 0, 0, 0, 0, 0, 0, 0, 0, 0, 0, 0, 0, 0, 0, 0, 0, 
2025-12-28 12:47:12.975439|{tx-33} :-BBB.............
2025-12-28 12:47:13.147099|{rx-34} 1, 0, 0, 3, 35, 35, 0, 0, 0, 0, 0, 1, 0, 1, 1
2025-12-28 12:47:13.151382|{rssi-34} 111, -58, -127, -127, -127, 111, 111, 111, 111, 111, 111, 111, 111, 111, 111, 111, 111, 111, 
2025-12-28 12:47:13.160975|{td-34} 0, -7, 0, 0, 0, 0, 0, 0, 0, 0, 0, 0, 0, 0, 0, 0, 0, 0, 
2025-12-28 12:47:13.165250|{tx-34} :-BBB.............
2025-12-28 12:47:13.337152|{rx-35} 1, 0, 0, 3, 36, 36, 0, 0, 0, 0, 0, 1, 0, 1, 1
2025-12-28 12:47:13.341283|{rssi-35} 111, -58, -127, -127, -127, 111, 111, 111, 111, 111, 111, 111, 111, 111, 111, 111, 111, 111, 
2025-12-28 12:47:13.350241|{td-35} 0, -9, 0, 0, 0, 0, 0, 0, 0, 0, 0, 0, 0, 0, 0, 0, 0, 0, 
2025-12-28 12:47:13.355378|{tx-35} :-BBB.............
2025-12-28 12:47:13.526880|{rx-36} 1, 0, 0, 3, 37, 37, 0, 0, 0, 0, 0, 1, 0, 1, 1
2025-12-28 12:47:13.532397|{rssi-36} 111, -58, -127, -127, -127, 111, 111, 111, 111, 111, 111, 111, 111, 111, 111, 111, 111, 111, 
2025-12-28 12:47:13.540505|{td-36} 0, -7, 0, 0, 0, 0, 0, 0, 0, 0, 0, 0, 0, 0, 0, 0, 0, 0, 
2025-12-28 12:47:13.545418|{tx-36} :-BBB.............
2025-12-28 12:47:13.716187|{rx-37} 1, 0, 0, 3, 38, 38, 0, 0, 0, 0, 0, 1, 0, 1, 1
2025-12-28 12:47:13.720126|{rssi-37} 111, -58, -127, -127, -127, 111, 111, 111, 111, 111, 111, 111, 111, 111, 111, 111, 111, 111, 
2025-12-28 12:47:13.730518|{td-37} 0, -9, 0, 0, 0, 0, 0, 0, 0, 0, 0, 0, 0, 0, 0, 0, 0, 0, 
2025-12-28 12:47:13.735887|{tx-37} :-BBB.............
2025-12-28 12:47:13.905967|{rx-38} 1, 0, 0, 3, 39, 39, 0, 0, 0, 0, 0, 1, 0, 1, 1
2025-12-28 12:47:13.910474|{rssi-38} 111, -58, -127, -127, -127, 111, 111, 111, 111, 111, 111, 111, 111, 111, 111, 111, 111, 111, 
2025-12-28 12:47:13.920745|{td-38} 0, -7, 0, 0, 0, 0, 0, 0, 0, 0, 0, 0, 0, 0, 0, 0, 0, 0, 
2025-12-28 12:47:13.926161|{tx-38} :-BBB.............
2025-12-28 12:47:14.096837|{rx-39} 1, 0, 0, 3, 40, 40, 0, 0, 0, 0, 0, 1, 0, 1, 1
2025-12-28 12:47:14.101288|{rssi-39} 111, -58, -127, -127, -127, 111, 111, 111, 111, 111, 111, 111, 111, 111, 111, 111, 111, 111, 
2025-12-28 12:47:14.110714|{td-39} 0, -9, 0, 0, 0, 0, 0, 0, 0, 0, 0, 0, 0, 0, 0, 0, 0, 0, 
2025-12-28 12:47:14.116029|{tx-39} :-BBB.............
2025-12-28 12:47:14.285958|{rx-40} 1, 0, 0, 3, 41, 41, 0, 0, 0, 0, 0, 1, 0, 1, 1
2025-12-28 12:47:14.291129|{rssi-40} 111, -58, -127, -127, -127, 111, 111, 111, 111, 111, 111, 111, 111, 111, 111, 111, 111, 111, 
2025-12-28 12:47:14.300014|{td-40} 0, -7, 0, 0, 0, 0, 0, 0, 0, 0, 0, 0, 0, 0, 0, 0, 0, 0, 
2025-12-28 12:47:14.305152|{tx-40} :-BBB.............
2025-12-28 12:47:14.476661|{rx-41} 1, 0, 0, 3, 42, 42, 0, 0, 0, 0, 0, 1, 0, 1, 1
2025-12-28 12:47:14.481257|{rssi-41} 111, -58, -127, -127, -127, 111, 111, 111, 111, 111, 111, 111, 111, 111, 111, 111, 111, 111, 
2025-12-28 12:47:14.490107|{td-41} 0, -9, 0, 0, 0, 0, 0, 0, 0, 0, 0, 0, 0, 0, 0, 0, 0, 0, 
2025-12-28 12:47:14.496064|{tx-41} :-BBB.............
2025-12-28 12:47:14.666639|{rx-42} 1, 0, 0, 3, 43, 43, 0, 0, 0, 0, 0, 1, 0, 1, 1
2025-12-28 12:47:14.671358|{rssi-42} 111, -58, -127, -127, -127, 111, 111, 111, 111, 111, 111, 111, 111, 111, 111, 111, 111, 111, 
2025-12-28 12:47:14.680220|{td-42} 0, -9, 0, 0, 0, 0, 0, 0, 0, 0, 0, 0, 0, 0, 0, 0, 0, 0, 
2025-12-28 12:47:14.685101|{tx-42} :-BBB.............
2025-12-28 12:47:14.856645|{rx-43} 1, 0, 0, 3, 44, 44, 0, 0, 0, 0, 0, 1, 0, 1, 1
2025-12-28 12:47:14.861063|{rssi-43} 111, -58, -127, -127, -127, 111, 111, 111, 111, 111, 111, 111, 111, 111, 111, 111, 111, 111, 
2025-12-28 12:47:14.871434|{td-43} 0, -7, 0, 0, 0, 0, 0, 0, 0, 0, 0, 0, 0, 0, 0, 0, 0, 0, 
2025-12-28 12:47:14.875176|{tx-43} :-BBB.............
2025-12-28 12:47:15.046416|{rx-44} 1, 0, 0, 3, 45, 45, 0, 0, 0, 0, 0, 1, 0, 1, 1
2025-12-28 12:47:15.051240|{rssi-44} 111, -58, -127, -127, -127, 111, 111, 111, 111, 111, 111, 111, 111, 111, 111, 111, 111, 111, 
2025-12-28 12:47:15.059664|{td-44} 0, -7, 0, 0, 0, 0, 0, 0, 0, 0, 0, 0, 0, 0, 0, 0, 0, 0, 
2025-12-28 12:47:15.066143|{tx-44} :-BBB.............
2025-12-28 12:47:15.236833|{rx-45} 1, 0, 0, 3, 46, 46, 0, 0, 0, 0, 0, 1, 0, 1, 1
2025-12-28 12:47:15.240929|{rssi-45} 111, -58, -127, -127, -127, 111, 111, 111, 111, 111, 111, 111, 111, 111, 111, 111, 111, 111, 
2025-12-28 12:47:15.250046|{td-45} 0, -9, 0, 0, 0, 0, 0, 0, 0, 0, 0, 0, 0, 0, 0, 0, 0, 0, 
2025-12-28 12:47:15.255831|{tx-45} :-BBB.............
2025-12-28 12:47:15.426009|{rx-46} 1, 0, 0, 3, 47, 47, 0, 0, 0, 0, 0, 1, 0, 1, 1
2025-12-28 12:47:15.431019|{rssi-46} 111, -58, -127, -127, -127, 111, 111, 111, 111, 111, 111, 111, 111, 111, 111, 111, 111, 111, 
2025-12-28 12:47:15.439688|{td-46} 0, -9, 0, 0, 0, 0, 0, 0, 0, 0, 0, 0, 0, 0, 0, 0, 0, 0, 
2025-12-28 12:47:15.445661|{tx-46} :-BBB.............
2025-12-28 12:47:15.616582|{rx-47} 1, 0, 0, 3, 48, 48, 0, 0, 0, 0, 0, 1, 0, 1, 1
2025-12-28 12:47:15.620558|{rssi-47} 111, -58, -127, -127, -127, 111, 111, 111, 111, 111, 111, 111, 111, 111, 111, 111, 111, 111, 
2025-12-28 12:47:15.630117|{td-47} 0, -7, 0, 0, 0, 0, 0, 0, 0, 0, 0, 0, 0, 0, 0, 0, 0, 0, 
2025-12-28 12:47:15.636120|{tx-47} :-BBB.............
2025-12-28 12:47:15.806730|{rx-48} 1, 0, 0, 3, 49, 49, 0, 0, 0, 0, 0, 1, 0, 1, 1
2025-12-28 12:47:15.810270|{rssi-48} 111, -58, -127, -127, -127, 111, 111, 111, 111, 111, 111, 111, 111, 111, 111, 111, 111, 111, 
2025-12-28 12:47:15.820622|{td-48} 0, -7, 0, 0, 0, 0, 0, 0, 0, 0, 0, 0, 0, 0, 0, 0, 0, 0, 
2025-12-28 12:47:15.826353|{tx-48} :-BBB.............
2025-12-28 12:47:15.996623|{rx-49} 1, 0, 0, 3, 50, 50, 0, 0, 0, 0, 0, 1, 0, 1, 1
2025-12-28 12:47:16.001249|{rssi-49} 111, -58, -127, -127, -127, 111, 111, 111, 111, 111, 111, 111, 111, 111, 111, 111, 111, 111, 
2025-12-28 12:47:16.009024|{td-49} 0, -9, 0, 0, 0, 0, 0, 0, 0, 0, 0, 0, 0, 0, 0, 0, 0, 0, 
2025-12-28 12:47:16.016020|{tx-49} :-BBB.............
2025-12-28 12:47:16.186366|{rx-50} 1, 0, 0, 3, 51, 51, 0, 0, 0, 0, 0, 1, 0, 1, 1
2025-12-28 12:47:16.193849|{rssi-50} 111, -58, -127, -127, -127, 111, 111, 111, 111, 111, 111, 111, 111, 111, 111, 111, 111, 111, 
2025-12-28 12:47:16.199891|{td-50} 0, -7, 0, 0, 0, 0, 0, 0, 0, 0, 0, 0, 0, 0, 0, 0, 0, 0, 
2025-12-28 12:47:16.205888|{tx-50} :-BBB.............
2025-12-28 12:47:16.376070|{rx-51} 1, 0, 0, 3, 52, 52, 0, 0, 0, 0, 0, 1, 0, 1, 1
2025-12-28 12:47:16.381141|{rssi-51} 111, -58, -127, -127, -127, 111, 111, 111, 111, 111, 111, 111, 111, 111, 111, 111, 111, 111, 
2025-12-28 12:47:16.390232|{td-51} 0, -9, 0, 0, 0, 0, 0, 0, 0, 0, 0, 0, 0, 0, 0, 0, 0, 0, 
2025-12-28 12:47:16.395853|{tx-51} :-BBB.............
2025-12-28 12:47:16.566414|{rx-52} 1, 0, 0, 3, 53, 53, 0, 0, 0, 0, 0, 1, 0, 1, 1
2025-12-28 12:47:16.570539|{rssi-52} 111, -61, -127, -127, -127, 111, 111, 111, 111, 111, 111, 111, 111, 111, 111, 111, 111, 111, 
2025-12-28 12:47:16.580030|{td-52} 0, -9, 0, 0, 0, 0, 0, 0, 0, 0, 0, 0, 0, 0, 0, 0, 0, 0, 
2025-12-28 12:47:16.585210|{tx-52} :-BBB.............
2025-12-28 12:47:16.755831|{rx-53} 1, 0, 0, 3, 54, 54, 0, 0, 0, 0, 0, 1, 0, 1, 1
2025-12-28 12:47:16.760753|{rssi-53} 111, -58, -127, -127, -127, 111, 111, 111, 111, 111, 111, 111, 111, 111, 111, 111, 111, 111, 
2025-12-28 12:47:16.770254|{td-53} 0, -7, 0, 0, 0, 0, 0, 0, 0, 0, 0, 0, 0, 0, 0, 0, 0, 0, 
2025-12-28 12:47:16.774646|{tx-53} :-BBB.............
2025-12-28 12:47:16.945817|{rx-54} 1, 0, 0, 3, 55, 55, 0, 0, 0, 0, 0, 1, 0, 1, 1
2025-12-28 12:47:16.951022|{rssi-54} 111, -58, -127, -127, -127, 111, 111, 111, 111, 111, 111, 111, 111, 111, 111, 111, 111, 111, 
2025-12-28 12:47:16.960163|{td-54} 0, -7, 0, 0, 0, 0, 0, 0, 0, 0, 0, 0, 0, 0, 0, 0, 0, 0, 
2025-12-28 12:47:16.966012|{tx-54} :-BBB.............
2025-12-28 12:47:17.136232|{rx-55} 1, 0, 0, 3, 56, 56, 0, 0, 0, 0, 0, 1, 0, 1, 1
2025-12-28 12:47:17.140425|{rssi-55} 111, -58, -127, -127, -127, 111, 111, 111, 111, 111, 111, 111, 111, 111, 111, 111, 111, 111, 
2025-12-28 12:47:17.150105|{td-55} 0, -9, 0, 0, 0, 0, 0, 0, 0, 0, 0, 0, 0, 0, 0, 0, 0, 0, 
2025-12-28 12:47:17.154794|{tx-55} :-BBB.............
2025-12-28 12:47:17.326252|{rx-56} 1, 0, 0, 3, 57, 57, 0, 0, 0, 0, 0, 1, 0, 1, 1
2025-12-28 12:47:17.329713|{rssi-56} 111, -58, -127, -127, -127, 111, 111, 111, 111, 111, 111, 111, 111, 111, 111, 111, 111, 111, 
2025-12-28 12:47:17.339719|{td-56} 0, -9, 0, 0, 0, 0, 0, 0, 0, 0, 0, 0, 0, 0, 0, 0, 0, 0, 
2025-12-28 12:47:17.344857|{tx-56} :-BBB.............
2025-12-28 12:47:17.516200|{rx-57} 1, 0, 0, 3, 58, 58, 0, 0, 0, 0, 0, 1, 0, 1, 1
2025-12-28 12:47:17.520572|{rssi-57} 111, -58, -127, -127, -127, 111, 111, 111, 111, 111, 111, 111, 111, 111, 111, 111, 111, 111, 
2025-12-28 12:47:17.528884|{td-57} 0, -7, 0, 0, 0, 0, 0, 0, 0, 0, 0, 0, 0, 0, 0, 0, 0, 0, 
2025-12-28 12:47:17.535037|{tx-57} :-BBB.............
2025-12-28 12:47:17.706193|{rx-58} 1, 0, 0, 3, 59, 59, 0, 0, 0, 0, 0, 1, 0, 1, 1
2025-12-28 12:47:17.710388|{rssi-58} 111, -58, -127, -127, -127, 111, 111, 111, 111, 111, 111, 111, 111, 111, 111, 111, 111, 111, 
2025-12-28 12:47:17.719008|{td-58} 0, -9, 0, 0, 0, 0, 0, 0, 0, 0, 0, 0, 0, 0, 0, 0, 0, 0, 
2025-12-28 12:47:17.724818|{tx-58} :-BBB.............
2025-12-28 12:47:17.896536|{rx-59} 1, 0, 0, 3, 60, 60, 0, 0, 0, 0, 0, 1, 0, 1, 1
2025-12-28 12:47:17.899576|{rssi-59} 111, -58, -127, -127, -127, 111, 111, 111, 111, 111, 111, 111, 111, 111, 111, 111, 111, 111, 
2025-12-28 12:47:17.909125|{td-59} 0, -9, 0, 0, 0, 0, 0, 0, 0, 0, 0, 0, 0, 0, 0, 0, 0, 0, 
2025-12-28 12:47:17.915037|{tx-59} :-BBB.............
2025-12-28 12:47:18.085628|{rx-60} 1, 0, 0, 3, 61, 61, 0, 0, 0, 0, 0, 1, 0, 1, 1
2025-12-28 12:47:18.089865|{rssi-60} 111, -61, -127, -127, -127, 111, 111, 111, 111, 111, 111, 111, 111, 111, 111, 111, 111, 111, 
2025-12-28 12:47:18.099826|{td-60} 0, -7, 0, 0, 0, 0, 0, 0, 0, 0, 0, 0, 0, 0, 0, 0, 0, 0, 
2025-12-28 12:47:18.104511|{tx-60} :-BBB.............
2025-12-28 12:47:18.276288|{rx-61} 1, 0, 0, 3, 62, 62, 0, 0, 0, 0, 0, 1, 0, 1, 1
2025-12-28 12:47:18.282070|{rssi-61} 111, -58, -127, -127, -127, 111, 111, 111, 111, 111, 111, 111, 111, 111, 111, 111, 111, 111, 
2025-12-28 12:47:18.289915|{td-61} 0, -7, 0, 0, 0, 0, 0, 0, 0, 0, 0, 0, 0, 0, 0, 0, 0, 0, 
2025-12-28 12:47:18.295441|{tx-61} :-BBB.............
2025-12-28 12:47:18.466710|{rx-62} 1, 0, 0, 3, 63, 63, 0, 0, 0, 0, 0, 1, 0, 1, 1
2025-12-28 12:47:18.469348|{rssi-62} 111, -58, -127, -127, -127, 111, 111, 111, 111, 111, 111, 111, 111, 111, 111, 111, 111, 111, 
2025-12-28 12:47:18.479882|{td-62} 0, -9, 0, 0, 0, 0, 0, 0, 0, 0, 0, 0, 0, 0, 0, 0, 0, 0, 
2025-12-28 12:47:18.484389|{tx-62} :-BBB.............
2025-12-28 12:47:18.655152|{rx-63} 1, 0, 0, 3, 64, 64, 0, 0, 0, 0, 0, 1, 0, 1, 1
2025-12-28 12:47:18.660061|{rssi-63} 111, -58, -127, -127, -127, 111, 111, 111, 111, 111, 111, 111, 111, 111, 111, 111, 111, 111, 
2025-12-28 12:47:18.668985|{td-63} 0, -7, 0, 0, 0, 0, 0, 0, 0, 0, 0, 0, 0, 0, 0, 0, 0, 0, 
2025-12-28 12:47:18.674863|{tx-63} :-BBB.............
2025-12-28 12:47:18.845999|{rx-64} 1, 0, 0, 3, 65, 65, 0, 0, 0, 0, 0, 1, 0, 1, 1
2025-12-28 12:47:18.850026|{rssi-64} 111, -58, -127, -127, -127, 111, 111, 111, 111, 111, 111, 111, 111, 111, 111, 111, 111, 111, 
2025-12-28 12:47:18.859847|{td-64} 0, -9, 0, 0, 0, 0, 0, 0, 0, 0, 0, 0, 0, 0, 0, 0, 0, 0, 
2025-12-28 12:47:18.864826|{tx-64} :-BBB.............
2025-12-28 12:47:19.035357|{rx-65} 1, 0, 0, 3, 66, 66, 0, 0, 0, 0, 0, 1, 0, 1, 1
2025-12-28 12:47:19.039575|{rssi-65} 111, -61, -127, -127, -127, 111, 111, 111, 111, 111, 111, 111, 111, 111, 111, 111, 111, 111, 
2025-12-28 12:47:19.049451|{td-65} 0, -7, 0, 0, 0, 0, 0, 0, 0, 0, 0, 0, 0, 0, 0, 0, 0, 0, 
2025-12-28 12:47:19.055969|{tx-65} :-BBB.............
2025-12-28 12:47:19.225522|{rx-66} 1, 0, 0, 3, 67, 67, 0, 0, 0, 0, 0, 1, 0, 1, 1
2025-12-28 12:47:19.230541|{rssi-66} 111, -58, -127, -127, -127, 111, 111, 111, 111, 111, 111, 111, 111, 111, 111, 111, 111, 111, 
2025-12-28 12:47:19.239797|{td-66} 0, -9, 0, 0, 0, 0, 0, 0, 0, 0, 0, 0, 0, 0, 0, 0, 0, 0, 
2025-12-28 12:47:19.244384|{tx-66} :-BBB.............
2025-12-28 12:47:19.415278|{rx-67} 1, 0, 0, 3, 68, 68, 0, 0, 0, 0, 0, 1, 0, 1, 1
2025-12-28 12:47:19.420031|{rssi-67} 111, -61, -127, -127, -127, 111, 111, 111, 111, 111, 111, 111, 111, 111, 111, 111, 111, 111, 
2025-12-28 12:47:19.429129|{td-67} 0, -7, 0, 0, 0, 0, 0, 0, 0, 0, 0, 0, 0, 0, 0, 0, 0, 0, 
2025-12-28 12:47:19.435051|{tx-67} :-BBB.............
2025-12-28 12:47:19.605618|{rx-68} 1, 0, 0, 3, 69, 69, 0, 0, 0, 0, 0, 1, 0, 1, 1
2025-12-28 12:47:19.610263|{rssi-68} 111, -58, -127, -127, -127, 111, 111, 111, 111, 111, 111, 111, 111, 111, 111, 111, 111, 111, 
2025-12-28 12:47:19.619541|{td-68} 0, -9, 0, 0, 0, 0, 0, 0, 0, 0, 0, 0, 0, 0, 0, 0, 0, 0, 
2025-12-28 12:47:19.625352|{tx-68} :-BBB.............
2025-12-28 12:47:19.795775|{rx-69} 1, 0, 0, 3, 70, 70, 0, 0, 0, 0, 0, 1, 0, 1, 1
2025-12-28 12:47:19.800034|{rssi-69} 111, -58, -127, -127, -127, 111, 111, 111, 111, 111, 111, 111, 111, 111, 111, 111, 111, 111, 
2025-12-28 12:47:19.808676|{td-69} 0, -9, 0, 0, 0, 0, 0, 0, 0, 0, 0, 0, 0, 0, 0, 0, 0, 0, 
2025-12-28 12:47:19.815364|{tx-69} :-BBB.............
2025-12-28 12:47:19.985462|{rx-70} 1, 0, 0, 3, 71, 71, 0, 0, 0, 0, 0, 1, 0, 1, 1
2025-12-28 12:47:19.989808|{rssi-70} 111, -58, -127, -127, -127, 111, 111, 111, 111, 111, 111, 111, 111, 111, 111, 111, 111, 111, 
2025-12-28 12:47:19.999219|{td-70} 0, -7, 0, 0, 0, 0, 0, 0, 0, 0, 0, 0, 0, 0, 0, 0, 0, 0, 
2025-12-28 12:47:20.005322|{tx-70} :-BBB.............
2025-12-28 12:47:20.175812|{rx-71} 1, 0, 0, 3, 72, 72, 0, 0, 0, 0, 0, 1, 0, 1, 1
2025-12-28 12:47:20.179575|{rssi-71} 111, -58, -127, -127, -127, 111, 111, 111, 111, 111, 111, 111, 111, 111, 111, 111, 111, 111, 
2025-12-28 12:47:20.189389|{td-71} 0, -7, 0, 0, 0, 0, 0, 0, 0, 0, 0, 0, 0, 0, 0, 0, 0, 0, 
2025-12-28 12:47:20.194239|{tx-71} :-BBB.............
2025-12-28 12:47:20.365084|{rx-72} 1, 0, 0, 3, 73, 73, 0, 0, 0, 0, 0, 1, 0, 1, 1
2025-12-28 12:47:20.369706|{rssi-72} 111, -58, -127, -127, -127, 111, 111, 111, 111, 111, 111, 111, 111, 111, 111, 111, 111, 111, 
2025-12-28 12:47:20.378440|{td-72} 0, -9, 0, 0, 0, 0, 0, 0, 0, 0, 0, 0, 0, 0, 0, 0, 0, 0, 
2025-12-28 12:47:20.384364|{tx-72} :-BBB.............
2025-12-28 12:47:20.555040|{rx-73} 1, 0, 0, 3, 74, 74, 0, 0, 0, 0, 0, 1, 0, 1, 1
2025-12-28 12:47:20.559866|{rssi-73} 111, -61, -127, -127, -127, 111, 111, 111, 111, 111, 111, 111, 111, 111, 111, 111, 111, 111, 
2025-12-28 12:47:20.568842|{td-73} 0, -9, 0, 0, 0, 0, 0, 0, 0, 0, 0, 0, 0, 0, 0, 0, 0, 0, 
2025-12-28 12:47:20.574112|{tx-73} :-BBB.............
2025-12-28 12:47:20.745266|{rx-74} 1, 0, 0, 3, 75, 75, 0, 0, 0, 0, 0, 1, 0, 1, 1
2025-12-28 12:47:20.749244|{rssi-74} 111, -61, -127, -127, -127, 111, 111, 111, 111, 111, 111, 111, 111, 111, 111, 111, 111, 111, 
2025-12-28 12:47:20.758926|{td-74} 0, -7, 0, 0, 0, 0, 0, 0, 0, 0, 0, 0, 0, 0, 0, 0, 0, 0, 
2025-12-28 12:47:20.765800|{tx-74} :-BBB.............
2025-12-28 12:47:20.935802|{rx-75} 1, 0, 0, 3, 76, 76, 0, 0, 0, 0, 0, 1, 0, 1, 1
2025-12-28 12:47:20.939080|{rssi-75} 111, -58, -127, -127, -127, 111, 111, 111, 111, 111, 111, 111, 111, 111, 111, 111, 111, 111, 
2025-12-28 12:47:20.948866|{td-75} 0, -9, 0, 0, 0, 0, 0, 0, 0, 0, 0, 0, 0, 0, 0, 0, 0, 0, 
2025-12-28 12:47:20.954453|{tx-75} :-BBB.............
2025-12-28 12:47:21.125695|{rx-76} 1, 0, 0, 3, 77, 77, 0, 0, 0, 0, 0, 1, 0, 1, 1
2025-12-28 12:47:21.129863|{rssi-76} 111, -58, -127, -127, -127, 111, 111, 111, 111, 111, 111, 111, 111, 111, 111, 111, 111, 111, 
2025-12-28 12:47:21.139345|{td-76} 0, -7, 0, 0, 0, 0, 0, 0, 0, 0, 0, 0, 0, 0, 0, 0, 0, 0, 
2025-12-28 12:47:21.144043|{tx-76} :-BBB.............
2025-12-28 12:47:21.315357|{rx-77} 1, 0, 0, 3, 78, 78, 0, 0, 0, 0, 0, 1, 0, 1, 1
2025-12-28 12:47:21.320615|{rssi-77} 111, -58, -127, -127, -127, 111, 111, 111, 111, 111, 111, 111, 111, 111, 111, 111, 111, 111, 
2025-12-28 12:47:21.328988|{td-77} 0, -9, 0, 0, 0, 0, 0, 0, 0, 0, 0, 0, 0, 0, 0, 0, 0, 0, 
2025-12-28 12:47:21.334488|{tx-77} :-BBB.............
2025-12-28 12:47:21.505458|{rx-78} 1, 0, 0, 3, 79, 79, 0, 0, 0, 0, 0, 1, 0, 1, 1
2025-12-28 12:47:21.510362|{rssi-78} 111, -64, -127, -127, -127, 111, 111, 111, 111, 111, 111, 111, 111, 111, 111, 111, 111, 111, 
2025-12-28 12:47:21.519603|{td-78} 0, -7, 0, 0, 0, 0, 0, 0, 0, 0, 0, 0, 0, 0, 0, 0, 0, 0, 
2025-12-28 12:47:21.524727|{tx-78} :-BBB.............
2025-12-28 12:47:21.695104|{rx-79} 1, 0, 0, 3, 80, 80, 0, 0, 0, 0, 0, 1, 0, 1, 1
2025-12-28 12:47:21.700173|{rssi-79} 111, -58, -127, -127, -127, 111, 111, 111, 111, 111, 111, 111, 111, 111, 111, 111, 111, 111, 
2025-12-28 12:47:21.709265|{td-79} 0, -9, 0, 0, 0, 0, 0, 0, 0, 0, 0, 0, 0, 0, 0, 0, 0, 0, 
2025-12-28 12:47:21.714669|{tx-79} :-BBB.............
2025-12-28 12:47:21.885194|{rx-80} 1, 0, 0, 3, 81, 81, 0, 0, 0, 0, 0, 1, 0, 1, 1
2025-12-28 12:47:21.889867|{rssi-80} 111, -58, -127, -127, -127, 111, 111, 111, 111, 111, 111, 111, 111, 111, 111, 111, 111, 111, 
2025-12-28 12:47:21.898964|{td-80} 0, -7, 0, 0, 0, 0, 0, 0, 0, 0, 0, 0, 0, 0, 0, 0, 0, 0, 
2025-12-28 12:47:21.904414|{tx-80} :-BBB.............
2025-12-28 12:47:22.075743|{rx-81} 1, 0, 0, 3, 82, 82, 0, 0, 0, 0, 0, 1, 0, 1, 1
2025-12-28 12:47:22.079547|{rssi-81} 111, -58, -127, -127, -127, 111, 111, 111, 111, 111, 111, 111, 111, 111, 111, 111, 111, 111, 
2025-12-28 12:47:22.089253|{td-81} 0, -9, 0, 0, 0, 0, 0, 0, 0, 0, 0, 0, 0, 0, 0, 0, 0, 0, 
2025-12-28 12:47:22.095232|{tx-81} :-BBB.............
2025-12-28 12:47:22.265749|{rx-82} 1, 0, 0, 3, 83, 83, 0, 0, 0, 0, 0, 1, 0, 1, 1
2025-12-28 12:47:22.269779|{rssi-82} 111, -58, -127, -127, -127, 111, 111, 111, 111, 111, 111, 111, 111, 111, 111, 111, 111, 111, 
2025-12-28 12:47:22.279339|{td-82} 0, -7, 0, 0, 0, 0, 0, 0, 0, 0, 0, 0, 0, 0, 0, 0, 0, 0, 
2025-12-28 12:47:22.284442|{tx-82} :-BBB.............
2025-12-28 12:47:22.455229|{rx-83} 1, 0, 0, 3, 84, 84, 0, 0, 0, 0, 0, 1, 0, 1, 1
2025-12-28 12:47:22.459638|{rssi-83} 111, -58, -127, -127, -127, 111, 111, 111, 111, 111, 111, 111, 111, 111, 111, 111, 111, 111, 
2025-12-28 12:47:22.468478|{td-83} 0, -9, 0, 0, 0, 0, 0, 0, 0, 0, 0, 0, 0, 0, 0, 0, 0, 0, 
2025-12-28 12:47:22.474846|{tx-83} :-BBB.............
2025-12-28 12:47:22.644811|{rx-84} 1, 0, 0, 3, 85, 85, 0, 0, 0, 0, 0, 1, 0, 1, 1
2025-12-28 12:47:22.649851|{rssi-84} 111, -58, -127, -127, -127, 111, 111, 111, 111, 111, 111, 111, 111, 111, 111, 111, 111, 111, 
2025-12-28 12:47:22.658067|{td-84} 0, -7, 0, 0, 0, 0, 0, 0, 0, 0, 0, 0, 0, 0, 0, 0, 0, 0, 
2025-12-28 12:47:22.664055|{tx-84} :-BBB.............
2025-12-28 12:47:22.835356|{rx-85} 1, 0, 0, 3, 86, 86, 0, 0, 0, 0, 0, 1, 0, 1, 1
2025-12-28 12:47:22.839700|{rssi-85} 111, -58, -127, -127, -127, 111, 111, 111, 111, 111, 111, 111, 111, 111, 111, 111, 111, 111, 
2025-12-28 12:47:22.847755|{td-85} 0, -9, 0, 0, 0, 0, 0, 0, 0, 0, 0, 0, 0, 0, 0, 0, 0, 0, 
2025-12-28 12:47:22.854411|{tx-85} :-BBB.............
2025-12-28 12:47:23.025349|{rx-86} 1, 0, 0, 3, 87, 87, 0, 0, 0, 0, 0, 1, 0, 1, 1
2025-12-28 12:47:23.029479|{rssi-86} 111, -58, -127, -127, -127, 111, 111, 111, 111, 111, 111, 111, 111, 111, 111, 111, 111, 111, 
2025-12-28 12:47:23.038930|{td-86} 0, -7, 0, 0, 0, 0, 0, 0, 0, 0, 0, 0, 0, 0, 0, 0, 0, 0, 
2025-12-28 12:47:23.044578|{tx-86} :-BBB.............
2025-12-28 12:47:23.215164|{rx-87} 1, 0, 0, 3, 88, 88, 0, 0, 0, 0, 0, 1, 0, 1, 1
2025-12-28 12:47:23.219857|{rssi-87} 111, -58, -127, -127, -127, 111, 111, 111, 111, 111, 111, 111, 111, 111, 111, 111, 111, 111, 
2025-12-28 12:47:23.228338|{td-87} 0, -9, 0, 0, 0, 0, 0, 0, 0, 0, 0, 0, 0, 0, 0, 0, 0, 0, 
2025-12-28 12:47:23.234417|{tx-87} :-BBB.............
2025-12-28 12:47:23.405368|{rx-88} 1, 0, 0, 3, 89, 89, 0, 0, 0, 0, 0, 1, 0, 1, 1
2025-12-28 12:47:23.410286|{rssi-88} 111, -58, -127, -127, -127, 111, 111, 111, 111, 111, 111, 111, 111, 111, 111, 111, 111, 111, 
2025-12-28 12:47:23.419067|{td-88} 0, -9, 0, 0, 0, 0, 0, 0, 0, 0, 0, 0, 0, 0, 0, 0, 0, 0, 
2025-12-28 12:47:23.423869|{tx-88} :-BBB.............
2025-12-28 12:47:23.595224|{rx-89} 1, 0, 0, 3, 90, 90, 0, 0, 0, 0, 0, 1, 0, 1, 1
2025-12-28 12:47:23.599067|{rssi-89} 111, -58, -127, -127, -127, 111, 111, 111, 111, 111, 111, 111, 111, 111, 111, 111, 111, 111, 
2025-12-28 12:47:23.608921|{td-89} 0, -7, 0, 0, 0, 0, 0, 0, 0, 0, 0, 0, 0, 0, 0, 0, 0, 0, 
2025-12-28 12:47:23.614922|{tx-89} :-BBB.............
2025-12-28 12:47:23.784630|{rx-90} 1, 0, 0, 3, 91, 91, 0, 0, 0, 0, 0, 1, 0, 1, 1
2025-12-28 12:47:23.789335|{rssi-90} 111, -58, -127, -127, -127, 111, 111, 111, 111, 111, 111, 111, 111, 111, 111, 111, 111, 111, 
2025-12-28 12:47:23.798940|{td-90} 0, -7, 0, 0, 0, 0, 0, 0, 0, 0, 0, 0, 0, 0, 0, 0, 0, 0, 
2025-12-28 12:47:23.804203|{tx-90} :-BBB.............
2025-12-28 12:47:23.974381|{rx-91} 1, 0, 0, 3, 92, 92, 0, 0, 0, 0, 0, 1, 0, 1, 1
2025-12-28 12:47:23.978445|{rssi-91} 111, -58, -127, -127, -127, 111, 111, 111, 111, 111, 111, 111, 111, 111, 111, 111, 111, 111, 
2025-12-28 12:47:23.988874|{td-91} 0, -9, 0, 0, 0, 0, 0, 0, 0, 0, 0, 0, 0, 0, 0, 0, 0, 0, 
2025-12-28 12:47:23.994269|{tx-91} :-BBB.............
2025-12-28 12:47:24.164697|{rx-92} 1, 0, 0, 3, 93, 93, 0, 0, 0, 0, 0, 1, 0, 1, 1
2025-12-28 12:47:24.168810|{rssi-92} 111, -58, -127, -127, -127, 111, 111, 111, 111, 111, 111, 111, 111, 111, 111, 111, 111, 111, 
2025-12-28 12:47:24.178735|{td-92} 0, -9, 0, 0, 0, 0, 0, 0, 0, 0, 0, 0, 0, 0, 0, 0, 0, 0, 
2025-12-28 12:47:24.184287|{tx-92} :-BBB.............
2025-12-28 12:47:24.355066|{rx-93} 1, 0, 0, 3, 94, 94, 0, 0, 0, 0, 0, 1, 0, 1, 1
2025-12-28 12:47:24.359381|{rssi-93} 111, -58, -127, -127, -127, 111, 111, 111, 111, 111, 111, 111, 111, 111, 111, 111, 111, 111, 
2025-12-28 12:47:24.368500|{td-93} 0, -7, 0, 0, 0, 0, 0, 0, 0, 0, 0, 0, 0, 0, 0, 0, 0, 0, 
2025-12-28 12:47:24.374757|{tx-93} :-BBB.............
2025-12-28 12:47:24.544950|{rx-94} 1, 0, 0, 3, 95, 95, 0, 0, 0, 0, 0, 1, 0, 1, 1
2025-12-28 12:47:24.549895|{rssi-94} 111, -58, -127, -127, -127, 111, 111, 111, 111, 111, 111, 111, 111, 111, 111, 111, 111, 111, 
2025-12-28 12:47:24.557962|{td-94} 0, -7, 0, 0, 0, 0, 0, 0, 0, 0, 0, 0, 0, 0, 0, 0, 0, 0, 
2025-12-28 12:47:24.564686|{tx-94} :-BBB.............
2025-12-28 12:47:24.734644|{rx-95} 1, 0, 0, 3, 96, 96, 0, 0, 0, 0, 0, 1, 0, 1, 1
2025-12-28 12:47:24.739339|{rssi-95} 111, -58, -127, -127, -127, 111, 111, 111, 111, 111, 111, 111, 111, 111, 111, 111, 111, 111, 
2025-12-28 12:47:24.748683|{td-95} 0, -9, 0, 0, 0, 0, 0, 0, 0, 0, 0, 0, 0, 0, 0, 0, 0, 0, 
2025-12-28 12:47:24.754751|{tx-95} :-BBB.............
2025-12-28 12:47:24.923994|{rx-96} 1, 0, 0, 3, 97, 97, 0, 0, 0, 0, 0, 1, 0, 1, 1
2025-12-28 12:47:24.929225|{rssi-96} 111, -58, -127, -127, -127, 111, 111, 111, 111, 111, 111, 111, 111, 111, 111, 111, 111, 111, 
2025-12-28 12:47:24.937833|{td-96} 0, -7, 0, 0, 0, 0, 0, 0, 0, 0, 0, 0, 0, 0, 0, 0, 0, 0, 
2025-12-28 12:47:24.944440|{tx-96} :-BBB.............
2025-12-28 12:47:25.114669|{rx-97} 1, 0, 0, 3, 98, 98, 0, 0, 0, 0, 0, 1, 0, 1, 1
2025-12-28 12:47:25.118940|{rssi-97} 111, -58, -127, -127, -127, 111, 111, 111, 111, 111, 111, 111, 111, 111, 111, 111, 111, 111, 
2025-12-28 12:47:25.128238|{td-97} 0, -9, 0, 0, 0, 0, 0, 0, 0, 0, 0, 0, 0, 0, 0, 0, 0, 0, 
2025-12-28 12:47:25.134814|{tx-97} :-BBB.............
2025-12-28 12:47:25.304963|{rx-98} 1, 0, 0, 3, 99, 99, 0, 0, 0, 0, 0, 1, 0, 1, 1
2025-12-28 12:47:25.309513|{rssi-98} 111, -58, -127, -127, -127, 111, 111, 111, 111, 111, 111, 111, 111, 111, 111, 111, 111, 111, 
2025-12-28 12:47:25.318378|{td-98} 0, -9, 0, 0, 0, 0, 0, 0, 0, 0, 0, 0, 0, 0, 0, 0, 0, 0, 
2025-12-28 12:47:25.322932|{tx-98} :-BBB.............
2025-12-28 12:47:25.494617|{rx-99} 1, 0, 0, 3, 100, 100, 0, 0, 0, 0, 0, 1, 0, 1, 1
2025-12-28 12:47:25.498863|{rssi-99} 111, -58, -127, -127, -127, 111, 111, 111, 111, 111, 111, 111, 111, 111, 111, 111, 111, 111, 
2025-12-28 12:47:25.508725|{td-99} 0, -7, 0, 0, 0, 0, 0, 0, 0, 0, 0, 0, 0, 0, 0, 0, 0, 0, 
2025-12-28 12:47:25.514463|{tx-99} :-BBB.............
2025-12-28 12:47:25.684775|{rx-100} 1, 0, 0, 3, 101, 101, 0, 0, 0, 0, 0, 1, 0, 1, 1
2025-12-28 12:47:25.688796|{rssi-100} 111, -58, -127, -127, -127, 111, 111, 111, 111, 111, 111, 111, 111, 111, 111, 111, 111, 111, 
2025-12-28 12:47:25.698870|{td-100} 0, -7, 0, 0, 0, 0, 0, 0, 0, 0, 0, 0, 0, 0, 0, 0, 0, 0, 
2025-12-28 12:47:25.704467|{tx-100} :-BBB.............
2025-12-28 12:47:25.874050|{rx-101} 1, 0, 0, 3, 102, 102, 0, 0, 0, 0, 0, 1, 0, 1, 1
2025-12-28 12:47:25.879300|{rssi-101} 111, -58, -127, -127, -127, 111, 111, 111, 111, 111, 111, 111, 111, 111, 111, 111, 111, 111, 
2025-12-28 12:47:25.889233|{td-101} 0, -9, 0, 0, 0, 0, 0, 0, 0, 0, 0, 0, 0, 0, 0, 0, 0, 0, 
2025-12-28 12:47:25.894652|{tx-101} :-BBB.............
2025-12-28 12:47:26.064301|{rx-102} 1, 0, 0, 3, 103, 103, 0, 0, 0, 0, 0, 1, 0, 1, 1
2025-12-28 12:47:26.093865|{rssi-102} 111, -61, -127, -127, -127, 111, 111, 111, 111, 111, 111, 111, 111, 111, 111, 111, 111, 111, 
2025-12-28 12:47:26.097672|{td-102} 0, -9, 0, 0, 0, 0, 0, 0, 0, 0, 0, 0, 0, 0, 0, 0, 0, 0, 
2025-12-28 12:47:26.100429|{tx-102} :-BBB.............
2025-12-28 12:47:26.254733|{rx-103} 1, 0, 0, 3, 104, 104, 0, 0, 0, 0, 0, 1, 0, 1, 1
2025-12-28 12:47:26.258662|{rssi-103} 111, -58, -127, -127, -127, 111, 111, 111, 111, 111, 111, 111, 111, 111, 111, 111, 111, 111, 
2025-12-28 12:47:26.268709|{td-103} 0, -7, 0, 0, 0, 0, 0, 0, 0, 0, 0, 0, 0, 0, 0, 0, 0, 0, 
2025-12-28 12:47:26.275303|{tx-103} :-BBB.............
2025-12-28 12:47:26.444946|{rx-104} 1, 0, 0, 3, 105, 105, 0, 0, 0, 0, 0, 1, 0, 1, 1
2025-12-28 12:47:26.454870|{rssi-104} 111, -58, -127, -127, -127, 111, 111, 111, 111, 111, 111, 111, 111, 111, 111, 111, 111, 111, 
2025-12-28 12:47:26.458801|{td-104} 0, -9, 0, 0, 0, 0, 0, 0, 0, 0, 0, 0, 0, 0, 0, 0, 0, 0, 
2025-12-28 12:47:26.464013|{tx-104} :-BBB.............
2025-12-28 12:47:26.634519|{rx-105} 1, 0, 0, 3, 106, 106, 0, 0, 0, 0, 0, 1, 0, 1, 1
2025-12-28 12:47:26.638207|{rssi-105} 111, -58, -127, -127, -127, 111, 111, 111, 111, 111, 111, 111, 111, 111, 111, 111, 111, 111, 
2025-12-28 12:47:26.648606|{td-105} 0, -7, 0, 0, 0, 0, 0, 0, 0, 0, 0, 0, 0, 0, 0, 0, 0, 0, 
2025-12-28 12:47:26.654442|{tx-105} :-BBB.............
2025-12-28 12:47:26.824566|{rx-106} 1, 0, 0, 3, 107, 107, 0, 0, 0, 0, 0, 1, 0, 1, 1
2025-12-28 12:47:26.829265|{rssi-106} 111, -58, -127, -127, -127, 111, 111, 111, 111, 111, 111, 111, 111, 111, 111, 111, 111, 111, 
2025-12-28 12:47:26.838447|{td-106} 0, -9, 0, 0, 0, 0, 0, 0, 0, 0, 0, 0, 0, 0, 0, 0, 0, 0, 
2025-12-28 12:47:26.844361|{tx-106} :-BBB.............
2025-12-28 12:47:27.014880|{rx-107} 1, 0, 0, 3, 108, 108, 0, 0, 0, 0, 0, 1, 0, 1, 1
2025-12-28 12:47:27.019041|{rssi-107} 111, -58, -127, -127, -127, 111, 111, 111, 111, 111, 111, 111, 111, 111, 111, 111, 111, 111, 
2025-12-28 12:47:27.028086|{td-107} 0, -7, 0, 0, 0, 0, 0, 0, 0, 0, 0, 0, 0, 0, 0, 0, 0, 0, 
2025-12-28 12:47:27.034368|{tx-107} :-BBB.............
2025-12-28 12:47:27.204668|{rx-108} 1, 0, 0, 3, 109, 109, 0, 0, 0, 0, 0, 1, 0, 1, 1
2025-12-28 12:47:27.209356|{rssi-108} 111, -58, -127, -127, -127, 111, 111, 111, 111, 111, 111, 111, 111, 111, 111, 111, 111, 111, 
2025-12-28 12:47:27.218659|{td-108} 0, -9, 0, 0, 0, 0, 0, 0, 0, 0, 0, 0, 0, 0, 0, 0, 0, 0, 
2025-12-28 12:47:27.224740|{tx-108} :-BBB.............
2025-12-28 12:47:27.394795|{rx-109} 1, 0, 0, 3, 110, 110, 0, 0, 0, 0, 0, 1, 0, 1, 1
2025-12-28 12:47:27.399394|{rssi-109} 111, -58, -127, -127, -127, 111, 111, 111, 111, 111, 111, 111, 111, 111, 111, 111, 111, 111, 
2025-12-28 12:47:27.407981|{td-109} 0, -7, 0, 0, 0, 0, 0, 0, 0, 0, 0, 0, 0, 0, 0, 0, 0, 0, 
2025-12-28 12:47:27.414484|{tx-109} :-BBB.............
2025-12-28 12:47:27.584763|{rx-110} 1, 0, 0, 3, 111, 111, 0, 0, 0, 0, 0, 1, 0, 1, 1
2025-12-28 12:47:27.588739|{rssi-110} 111, -58, -127, -127, -127, 111, 111, 111, 111, 111, 111, 111, 111, 111, 111, 111, 111, 111, 
2025-12-28 12:47:27.598574|{td-110} 0, -9, 0, 0, 0, 0, 0, 0, 0, 0, 0, 0, 0, 0, 0, 0, 0, 0, 
2025-12-28 12:47:27.603772|{tx-110} :-BBB.............
2025-12-28 12:47:27.774860|{rx-111} 1, 0, 0, 3, 112, 112, 0, 0, 0, 0, 0, 1, 0, 1, 1
2025-12-28 12:47:27.779092|{rssi-111} 111, -58, -127, -127, -127, 111, 111, 111, 111, 111, 111, 111, 111, 111, 111, 111, 111, 111, 
2025-12-28 12:47:27.787786|{td-111} 0, -7, 0, 0, 0, 0, 0, 0, 0, 0, 0, 0, 0, 0, 0, 0, 0, 0, 
2025-12-28 12:47:27.794361|{tx-111} :-BBB.............
2025-12-28 12:47:27.964806|{rx-112} 1, 0, 0, 3, 113, 113, 0, 0, 0, 0, 0, 1, 0, 1, 1
2025-12-28 12:47:27.968950|{rssi-112} 111, -58, -127, -127, -127, 111, 111, 111, 111, 111, 111, 111, 111, 111, 111, 111, 111, 111, 
2025-12-28 12:47:27.977367|{td-112} 0, -9, 0, 0, 0, 0, 0, 0, 0, 0, 0, 0, 0, 0, 0, 0, 0, 0, 
2025-12-28 12:47:27.984125|{tx-112} :-BBB.............
2025-12-28 12:47:28.154638|{rx-113} 1, 0, 0, 3, 114, 114, 0, 0, 0, 0, 0, 1, 0, 1, 1
2025-12-28 12:47:28.159575|{rssi-113} 111, -58, -127, -127, -127, 111, 111, 111, 111, 111, 111, 111, 111, 111, 111, 111, 111, 111, 
2025-12-28 12:47:28.168911|{td-113} 0, -7, 0, 0, 0, 0, 0, 0, 0, 0, 0, 0, 0, 0, 0, 0, 0, 0, 
2025-12-28 12:47:28.174501|{tx-113} :-BBB.............
2025-12-28 12:47:28.344187|{rx-114} 1, 0, 0, 3, 115, 115, 0, 0, 0, 0, 0, 1, 0, 1, 1
2025-12-28 12:47:28.348322|{rssi-114} 111, -58, -127, -127, -127, 111, 111, 111, 111, 111, 111, 111, 111, 111, 111, 111, 111, 111, 
2025-12-28 12:47:28.358668|{td-114} 0, -9, 0, 0, 0, 0, 0, 0, 0, 0, 0, 0, 0, 0, 0, 0, 0, 0, 
2025-12-28 12:47:28.363941|{tx-114} :-BBB.............
2025-12-28 12:47:28.535142|{rx-115} 1, 0, 0, 3, 116, 116, 0, 0, 0, 0, 0, 1, 0, 1, 1
2025-12-28 12:47:28.538034|{rssi-115} 111, -58, -127, -127, -127, 111, 111, 111, 111, 111, 111, 111, 111, 111, 111, 111, 111, 111, 
2025-12-28 12:47:28.547786|{td-115} 0, -7, 0, 0, 0, 0, 0, 0, 0, 0, 0, 0, 0, 0, 0, 0, 0, 0, 
2025-12-28 12:47:28.554597|{tx-115} :-BBB.............
2025-12-28 12:47:28.724827|{rx-116} 1, 0, 0, 3, 117, 117, 0, 0, 0, 0, 0, 1, 0, 1, 1
2025-12-28 12:47:28.728886|{rssi-116} 111, -58, -127, -127, -127, 111, 111, 111, 111, 111, 111, 111, 111, 111, 111, 111, 111, 111, 
2025-12-28 12:47:28.738471|{td-116} 0, -9, 0, 0, 0, 0, 0, 0, 0, 0, 0, 0, 0, 0, 0, 0, 0, 0, 
2025-12-28 12:47:28.742686|{tx-116} :-BBB.............
2025-12-28 12:47:28.913841|{rx-117} 1, 0, 0, 3, 118, 118, 0, 0, 0, 0, 0, 1, 0, 1, 1
2025-12-28 12:47:28.918430|{rssi-117} 111, -58, -127, -127, -127, 111, 111, 111, 111, 111, 111, 111, 111, 111, 111, 111, 111, 111, 
2025-12-28 12:47:28.927926|{td-117} 0, -7, 0, 0, 0, 0, 0, 0, 0, 0, 0, 0, 0, 0, 0, 0, 0, 0, 
2025-12-28 12:47:28.933841|{tx-117} :-BBB.............
2025-12-28 12:47:29.103624|{rx-118} 1, 0, 0, 3, 119, 119, 0, 0, 0, 0, 0, 1, 0, 1, 1
2025-12-28 12:47:29.109380|{rssi-118} 111, -58, -127, -127, -127, 111, 111, 111, 111, 111, 111, 111, 111, 111, 111, 111, 111, 111, 
2025-12-28 12:47:29.118248|{td-118} 0, -9, 0, 0, 0, 0, 0, 0, 0, 0, 0, 0, 0, 0, 0, 0, 0, 0, 
2025-12-28 12:47:29.123554|{tx-118} :-BBB.............
2025-12-28 12:47:29.294382|{rx-119} 1, 0, 0, 3, 120, 120, 0, 0, 0, 0, 0, 1, 0, 1, 1
2025-12-28 12:47:29.298529|{rssi-119} 111, -58, -127, -127, -127, 111, 111, 111, 111, 111, 111, 111, 111, 111, 111, 111, 111, 111, 
2025-12-28 12:47:29.308119|{td-119} 0, -7, 0, 0, 0, 0, 0, 0, 0, 0, 0, 0, 0, 0, 0, 0, 0, 0, 
2025-12-28 12:47:29.313470|{tx-119} :-BBB.............
2025-12-28 12:47:29.484025|{rx-120} 1, 0, 0, 3, 121, 121, 0, 0, 0, 0, 0, 1, 0, 1, 1
2025-12-28 12:47:29.488290|{rssi-120} 111, -58, -127, -127, -127, 111, 111, 111, 111, 111, 111, 111, 111, 111, 111, 111, 111, 111, 
2025-12-28 12:47:29.498070|{td-120} 0, -9, 0, 0, 0, 0, 0, 0, 0, 0, 0, 0, 0, 0, 0, 0, 0, 0, 
2025-12-28 12:47:29.503761|{tx-120} :-BBB.............
2025-12-28 12:47:29.673881|{rx-121} 1, 0, 0, 3, 122, 122, 0, 0, 0, 0, 0, 1, 0, 1, 1
2025-12-28 12:47:29.679162|{rssi-121} 111, -58, -127, -127, -127, 111, 111, 111, 111, 111, 111, 111, 111, 111, 111, 111, 111, 111, 
2025-12-28 12:47:29.688114|{td-121} 0, -7, 0, 0, 0, 0, 0, 0, 0, 0, 0, 0, 0, 0, 0, 0, 0, 0, 
2025-12-28 12:47:29.692599|{tx-121} :-BBB.............
2025-12-28 12:47:29.863933|{rx-122} 1, 0, 0, 3, 123, 123, 0, 0, 0, 0, 0, 1, 0, 1, 1
2025-12-28 12:47:29.870134|{rssi-122} 111, -58, -127, -127, -127, 111, 111, 111, 111, 111, 111, 111, 111, 111, 111, 111, 111, 111, 
2025-12-28 12:47:29.878115|{td-122} 0, -9, 0, 0, 0, 0, 0, 0, 0, 0, 0, 0, 0, 0, 0, 0, 0, 0, 
2025-12-28 12:47:29.882410|{tx-122} :-BBB.............
2025-12-28 12:47:30.053048|{rx-123} 1, 0, 0, 3, 124, 124, 0, 0, 0, 0, 0, 1, 0, 1, 1
2025-12-28 12:47:30.058458|{rssi-123} 111, -58, -127, -127, -127, 111, 111, 111, 111, 111, 111, 111, 111, 111, 111, 111, 111, 111, 
2025-12-28 12:47:30.067589|{td-123} 0, -7, 0, 0, 0, 0, 0, 0, 0, 0, 0, 0, 0, 0, 0, 0, 0, 0, 
2025-12-28 12:47:30.072292|{tx-123} :-BBB.............
2025-12-28 12:47:30.243743|{rx-124} 1, 0, 0, 3, 125, 125, 0, 0, 0, 0, 0, 1, 0, 1, 1
2025-12-28 12:47:30.247934|{rssi-124} 111, -58, -127, -127, -127, 111, 111, 111, 111, 111, 111, 111, 111, 111, 111, 111, 111, 111, 
2025-12-28 12:47:30.258397|{td-124} 0, -9, 0, 0, 0, 0, 0, 0, 0, 0, 0, 0, 0, 0, 0, 0, 0, 0, 
2025-12-28 12:47:30.262817|{tx-124} :-BBB.............
2025-12-28 12:47:30.434493|{rx-125} 1, 0, 0, 3, 126, 126, 0, 0, 0, 0, 0, 1, 0, 1, 1
2025-12-28 12:47:30.438463|{rssi-125} 111, -58, -127, -127, -127, 111, 111, 111, 111, 111, 111, 111, 111, 111, 111, 111, 111, 111, 
2025-12-28 12:47:30.447907|{td-125} 0, -7, 0, 0, 0, 0, 0, 0, 0, 0, 0, 0, 0, 0, 0, 0, 0, 0, 
2025-12-28 12:47:30.454274|{tx-125} :-BBB.............
2025-12-28 12:47:30.623496|{rx-126} 1, 0, 0, 3, 127, 127, 0, 0, 0, 0, 0, 1, 0, 1, 1
2025-12-28 12:47:30.627514|{rssi-126} 111, -58, -127, -127, -127, 111, 111, 111, 111, 111, 111, 111, 111, 111, 111, 111, 111, 111, 
2025-12-28 12:47:30.637662|{td-126} 0, -9, 0, 0, 0, 0, 0, 0, 0, 0, 0, 0, 0, 0, 0, 0, 0, 0, 
2025-12-28 12:47:30.642632|{tx-126} :-BBB.............
2025-12-28 12:47:30.812709|{rx-127} 1, 0, 0, 3, 128, 128, 0, 0, 0, 0, 0, 1, 0, 1, 1
2025-12-28 12:47:30.818367|{rssi-127} 111, -58, -127, -127, -127, 111, 111, 111, 111, 111, 111, 111, 111, 111, 111, 111, 111, 111, 
2025-12-28 12:47:30.827033|{td-127} 0, -7, 0, 0, 0, 0, 0, 0, 0, 0, 0, 0, 0, 0, 0, 0, 0, 0, 
2025-12-28 12:47:30.832459|{tx-127} :-BBB.............
2025-12-28 12:47:31.003983|{rx-128} 1, 0, 0, 3, 129, 129, 0, 0, 0, 0, 0, 1, 0, 1, 1
2025-12-28 12:47:31.008734|{rssi-128} 111, -58, -127, -127, -127, 111, 111, 111, 111, 111, 111, 111, 111, 111, 111, 111, 111, 111, 
2025-12-28 12:47:31.017900|{td-128} 0, -9, 0, 0, 0, 0, 0, 0, 0, 0, 0, 0, 0, 0, 0, 0, 0, 0, 
2025-12-28 12:47:31.022993|{tx-128} :-BBB.............
2025-12-28 12:47:31.193156|{rx-129} 1, 0, 0, 3, 130, 130, 0, 0, 0, 0, 0, 1, 0, 1, 1
2025-12-28 12:47:31.199056|{rssi-129} 111, -58, -127, -127, -127, 111, 111, 111, 111, 111, 111, 111, 111, 111, 111, 111, 111, 111, 
2025-12-28 12:47:31.207224|{td-129} 0, -7, 0, 0, 0, 0, 0, 0, 0, 0, 0, 0, 0, 0, 0, 0, 0, 0, 
2025-12-28 12:47:31.212370|{tx-129} :-BBB.............
2025-12-28 12:47:31.382866|{rx-130} 1, 0, 0, 3, 131, 131, 0, 0, 0, 0, 0, 1, 0, 1, 1
2025-12-28 12:47:31.388404|{rssi-130} 111, -58, -127, -127, -127, 111, 111, 111, 111, 111, 111, 111, 111, 111, 111, 111, 111, 111, 
2025-12-28 12:47:31.397077|{td-130} 0, -9, 0, 0, 0, 0, 0, 0, 0, 0, 0, 0, 0, 0, 0, 0, 0, 0, 
2025-12-28 12:47:31.403952|{tx-130} :-BBB.............
2025-12-28 12:47:31.573173|{rx-131} 1, 0, 0, 3, 132, 132, 0, 0, 0, 0, 0, 1, 0, 1, 1
2025-12-28 12:47:31.581464|{rssi-131} 111, -58, -127, -127, -127, 111, 111, 111, 111, 111, 111, 111, 111, 111, 111, 111, 111, 111, 
2025-12-28 12:47:31.587617|{td-131} 0, -7, 0, 0, 0, 0, 0, 0, 0, 0, 0, 0, 0, 0, 0, 0, 0, 0, 
2025-12-28 12:47:31.592405|{tx-131} :-BBB.............
2025-12-28 12:47:31.762897|{rx-132} 1, 0, 0, 3, 133, 133, 0, 0, 0, 0, 0, 1, 0, 1, 1
2025-12-28 12:47:31.768429|{rssi-132} 111, -58, -127, -127, -127, 111, 111, 111, 111, 111, 111, 111, 111, 111, 111, 111, 111, 111, 
2025-12-28 12:47:31.778047|{td-132} 0, -9, 0, 0, 0, 0, 0, 0, 0, 0, 0, 0, 0, 0, 0, 0, 0, 0, 
2025-12-28 12:47:31.783094|{tx-132} :-BBB.............
2025-12-28 12:47:31.953053|{rx-133} 1, 0, 0, 3, 134, 134, 0, 0, 0, 0, 0, 1, 0, 1, 1
2025-12-28 12:47:31.958172|{rssi-133} 111, -58, -127, -127, -127, 111, 111, 111, 111, 111, 111, 111, 111, 111, 111, 111, 111, 111, 
2025-12-28 12:47:31.967427|{td-133} 0, -7, 0, 0, 0, 0, 0, 0, 0, 0, 0, 0, 0, 0, 0, 0, 0, 0, 
2025-12-28 12:47:31.972221|{tx-133} :-BBB.............
2025-12-28 12:47:32.143588|{rx-134} 1, 0, 0, 3, 135, 135, 0, 0, 0, 0, 0, 1, 0, 1, 1
2025-12-28 12:47:32.147324|{rssi-134} 111, -58, -127, -127, -127, 111, 111, 111, 111, 111, 111, 111, 111, 111, 111, 111, 111, 111, 
2025-12-28 12:47:32.158830|{td-134} 0, -9, 0, 0, 0, 0, 0, 0, 0, 0, 0, 0, 0, 0, 0, 0, 0, 0, 
2025-12-28 12:47:32.162413|{tx-134} :-BBB.............
2025-12-28 12:47:32.334261|{rx-135} 1, 0, 0, 3, 136, 136, 0, 0, 0, 0, 0, 1, 0, 1, 1
2025-12-28 12:47:32.338176|{rssi-135} 111, -58, -127, -127, -127, 111, 111, 111, 111, 111, 111, 111, 111, 111, 111, 111, 111, 111, 
2025-12-28 12:47:32.347478|{td-135} 0, -9, 0, 0, 0, 0, 0, 0, 0, 0, 0, 0, 0, 0, 0, 0, 0, 0, 
2025-12-28 12:47:32.353943|{tx-135} :-BBB.............
2025-12-28 12:47:32.524011|{rx-136} 1, 0, 0, 3, 137, 137, 0, 0, 0, 0, 0, 1, 0, 1, 1
2025-12-28 12:47:32.528219|{rssi-136} 111, -58, -127, -127, -127, 111, 111, 111, 111, 111, 111, 111, 111, 111, 111, 111, 111, 111, 
2025-12-28 12:47:32.536797|{td-136} 0, -7, 0, 0, 0, 0, 0, 0, 0, 0, 0, 0, 0, 0, 0, 0, 0, 0, 
2025-12-28 12:47:32.543676|{tx-136} :-BBB.............
2025-12-28 12:47:32.713828|{rx-137} 1, 0, 0, 3, 138, 138, 0, 0, 0, 0, 0, 1, 0, 1, 1
2025-12-28 12:47:32.716967|{rssi-137} 111, -58, -127, -127, -127, 111, 111, 111, 111, 111, 111, 111, 111, 111, 111, 111, 111, 111, 
2025-12-28 12:47:32.727701|{td-137} 0, -7, 0, 0, 0, 0, 0, 0, 0, 0, 0, 0, 0, 0, 0, 0, 0, 0, 
2025-12-28 12:47:32.733878|{tx-137} :-BBB.............
2025-12-28 12:47:32.904293|{rx-138} 1, 0, 0, 3, 139, 139, 0, 0, 0, 0, 0, 1, 0, 1, 1
2025-12-28 12:47:32.908426|{rssi-138} 111, -58, -127, -127, -127, 111, 111, 111, 111, 111, 111, 111, 111, 111, 111, 111, 111, 111, 
2025-12-28 12:47:32.917598|{td-138} 0, -9, 0, 0, 0, 0, 0, 0, 0, 0, 0, 0, 0, 0, 0, 0, 0, 0, 
2025-12-28 12:47:32.922610|{tx-138} :-BBB.............
2025-12-28 12:47:33.093129|{rx-139} 1, 0, 0, 3, 140, 140, 0, 0, 0, 0, 0, 1, 0, 1, 1
2025-12-28 12:47:33.097536|{rssi-139} 111, -58, -127, -127, -127, 111, 111, 111, 111, 111, 111, 111, 111, 111, 111, 111, 111, 111, 
2025-12-28 12:47:33.107627|{td-139} 0, -7, 0, 0, 0, 0, 0, 0, 0, 0, 0, 0, 0, 0, 0, 0, 0, 0, 
2025-12-28 12:47:33.113671|{tx-139} :-BBB.............
2025-12-28 12:47:33.283943|{rx-140} 1, 0, 0, 3, 141, 141, 0, 0, 0, 0, 0, 1, 0, 1, 1
2025-12-28 12:47:33.287778|{rssi-140} 111, -58, -127, -127, -127, 111, 111, 111, 111, 111, 111, 111, 111, 111, 111, 111, 111, 111, 
2025-12-28 12:47:33.297527|{td-140} 0, -9, 0, 0, 0, 0, 0, 0, 0, 0, 0, 0, 0, 0, 0, 0, 0, 0, 
2025-12-28 12:47:33.303125|{tx-140} :-BBB.............
2025-12-28 12:47:33.473656|{rx-141} 1, 0, 0, 3, 142, 142, 0, 0, 0, 0, 0, 1, 0, 1, 1
2025-12-28 12:47:33.477430|{rssi-141} 111, -58, -127, -127, -127, 111, 111, 111, 111, 111, 111, 111, 111, 111, 111, 111, 111, 111, 
2025-12-28 12:47:33.487211|{td-141} 0, -7, 0, 0, 0, 0, 0, 0, 0, 0, 0, 0, 0, 0, 0, 0, 0, 0, 
2025-12-28 12:47:33.492630|{tx-141} :-BBB.............
2025-12-28 12:47:33.662791|{rx-142} 1, 0, 0, 3, 143, 143, 0, 0, 0, 0, 0, 1, 0, 1, 1
2025-12-28 12:47:33.668259|{rssi-142} 111, -58, -127, -127, -127, 111, 111, 111, 111, 111, 111, 111, 111, 111, 111, 111, 111, 111, 
2025-12-28 12:47:33.677361|{td-142} 0, -9, 0, 0, 0, 0, 0, 0, 0, 0, 0, 0, 0, 0, 0, 0, 0, 0, 
2025-12-28 12:47:33.681945|{tx-142} :-BBB.............
2025-12-28 12:47:33.853579|{rx-143} 1, 0, 0, 3, 144, 144, 0, 0, 0, 0, 0, 1, 0, 1, 1
2025-12-28 12:47:33.857538|{rssi-143} 111, -58, -127, -127, -127, 111, 111, 111, 111, 111, 111, 111, 111, 111, 111, 111, 111, 111, 
2025-12-28 12:47:33.867449|{td-143} 0, -7, 0, 0, 0, 0, 0, 0, 0, 0, 0, 0, 0, 0, 0, 0, 0, 0, 
2025-12-28 12:47:33.872006|{tx-143} :-BBB.............
2025-12-28 12:47:34.042390|{rx-144} 1, 0, 0, 3, 145, 145, 0, 0, 0, 0, 0, 1, 0, 1, 1
2025-12-28 12:47:34.047658|{rssi-144} 111, -58, -127, -127, -127, 111, 111, 111, 111, 111, 111, 111, 111, 111, 111, 111, 111, 111, 
2025-12-28 12:47:34.056938|{td-144} 0, -9, 0, 0, 0, 0, 0, 0, 0, 0, 0, 0, 0, 0, 0, 0, 0, 0, 
2025-12-28 12:47:34.062447|{tx-144} :-BBB.............
2025-12-28 12:47:34.232858|{rx-145} 1, 0, 0, 3, 146, 146, 0, 0, 0, 0, 0, 1, 0, 1, 1
2025-12-28 12:47:34.237809|{rssi-145} 111, -58, -127, -127, -127, 111, 111, 111, 111, 111, 111, 111, 111, 111, 111, 111, 111, 111, 
2025-12-28 12:47:34.247084|{td-145} 0, -9, 0, 0, 0, 0, 0, 0, 0, 0, 0, 0, 0, 0, 0, 0, 0, 0, 
2025-12-28 12:47:34.252209|{tx-145} :-BBB.............
2025-12-28 12:47:34.423002|{rx-146} 1, 0, 0, 3, 147, 147, 0, 0, 0, 0, 0, 1, 0, 1, 1
2025-12-28 12:47:34.427283|{rssi-146} 111, -58, -127, -127, -127, 111, 111, 111, 111, 111, 111, 111, 111, 111, 111, 111, 111, 111, 
2025-12-28 12:47:34.440474|{td-146} 0, -7, 0, 0, 0, 0, 0, 0, 0, 0, 0, 0, 0, 0, 0, 0, 0, 0, 
2025-12-28 12:47:34.444190|{tx-146} :-BBB.............
2025-12-28 12:47:34.612560|{rx-147} 1, 0, 0, 3, 148, 148, 0, 0, 0, 0, 0, 1, 0, 1, 1
2025-12-28 12:47:34.617810|{rssi-147} 111, -58, -127, -127, -127, 111, 111, 111, 111, 111, 111, 111, 111, 111, 111, 111, 111, 111, 
2025-12-28 12:47:34.626995|{td-147} 0, -7, 0, 0, 0, 0, 0, 0, 0, 0, 0, 0, 0, 0, 0, 0, 0, 0, 
2025-12-28 12:47:34.631685|{tx-147} :-BBB.............
2025-12-28 12:47:34.802708|{rx-148} 1, 0, 0, 3, 149, 149, 0, 0, 0, 0, 0, 1, 0, 1, 1
2025-12-28 12:47:34.807730|{rssi-148} 111, -58, -127, -127, -127, 111, 111, 111, 111, 111, 111, 111, 111, 111, 111, 111, 111, 111, 
2025-12-28 12:47:34.817136|{td-148} 0, -9, 0, 0, 0, 0, 0, 0, 0, 0, 0, 0, 0, 0, 0, 0, 0, 0, 
2025-12-28 12:47:34.823470|{tx-148} :-BBB.............
2025-12-28 12:47:34.992619|{rx-149} 1, 0, 0, 3, 150, 150, 0, 0, 0, 0, 0, 1, 0, 1, 1
2025-12-28 12:47:34.996739|{rssi-149} 111, -58, -127, -127, -127, 111, 111, 111, 111, 111, 111, 111, 111, 111, 111, 111, 111, 111, 
2025-12-28 12:47:35.007393|{td-149} 0, -7, 0, 0, 0, 0, 0, 0, 0, 0, 0, 0, 0, 0, 0, 0, 0, 0, 
2025-12-28 12:47:35.011401|{tx-149} :-BBB.............
2025-12-28 12:47:35.182243|{rx-150} 1, 0, 0, 3, 151, 151, 0, 0, 0, 0, 0, 1, 0, 1, 1
2025-12-28 12:47:35.189051|{rssi-150} 111, -58, -127, -127, -127, 111, 111, 111, 111, 111, 111, 111, 111, 111, 111, 111, 111, 111, 
2025-12-28 12:47:35.197120|{td-150} 0, -9, 0, 0, 0, 0, 0, 0, 0, 0, 0, 0, 0, 0, 0, 0, 0, 0, 
2025-12-28 12:47:35.202526|{tx-150} :-BBB.............
2025-12-28 12:47:35.372867|{rx-151} 1, 0, 0, 3, 152, 152, 0, 0, 0, 0, 0, 1, 0, 1, 1
2025-12-28 12:47:35.378006|{rssi-151} 111, -58, -127, -127, -127, 111, 111, 111, 111, 111, 111, 111, 111, 111, 111, 111, 111, 111, 
2025-12-28 12:47:35.387440|{td-151} 0, -9, 0, 0, 0, 0, 0, 0, 0, 0, 0, 0, 0, 0, 0, 0, 0, 0, 
2025-12-28 12:47:35.392129|{tx-151} :-BBB.............
2025-12-28 12:47:35.562057|{rx-152} 1, 0, 0, 3, 153, 153, 0, 0, 0, 0, 0, 1, 0, 1, 1
2025-12-28 12:47:35.567428|{rssi-152} 111, -58, -127, -127, -127, 111, 111, 111, 111, 111, 111, 111, 111, 111, 111, 111, 111, 111, 
2025-12-28 12:47:35.576393|{td-152} 0, -7, 0, 0, 0, 0, 0, 0, 0, 0, 0, 0, 0, 0, 0, 0, 0, 0, 
2025-12-28 12:47:35.582489|{tx-152} :-BBB.............
2025-12-28 12:47:35.752531|{rx-153} 1, 0, 0, 3, 154, 154, 0, 0, 0, 0, 0, 1, 0, 1, 1
2025-12-28 12:47:35.757880|{rssi-153} 111, -58, -127, -127, -127, 111, 111, 111, 111, 111, 111, 111, 111, 111, 111, 111, 111, 111, 
2025-12-28 12:47:35.766978|{td-153} 0, -7, 0, 0, 0, 0, 0, 0, 0, 0, 0, 0, 0, 0, 0, 0, 0, 0, 
2025-12-28 12:47:35.771552|{tx-153} :-BBB.............
2025-12-28 12:47:35.941925|{rx-154} 1, 0, 0, 3, 155, 155, 0, 0, 0, 0, 0, 1, 0, 1, 1
2025-12-28 12:47:35.947583|{rssi-154} 111, -58, -127, -127, -127, 111, 111, 111, 111, 111, 111, 111, 111, 111, 111, 111, 111, 111, 
2025-12-28 12:47:35.957185|{td-154} 0, -9, 0, 0, 0, 0, 0, 0, 0, 0, 0, 0, 0, 0, 0, 0, 0, 0, 
2025-12-28 12:47:35.962053|{tx-154} :-BBB.............
2025-12-28 12:47:36.133055|{rx-155} 1, 0, 0, 3, 156, 156, 0, 0, 0, 0, 0, 1, 0, 1, 1
2025-12-28 12:47:36.137626|{rssi-155} 111, -58, -127, -127, -127, 111, 111, 111, 111, 111, 111, 111, 111, 111, 111, 111, 111, 111, 
2025-12-28 12:47:36.147067|{td-155} 0, -9, 0, 0, 0, 0, 0, 0, 0, 0, 0, 0, 0, 0, 0, 0, 0, 0, 
2025-12-28 12:47:36.151617|{tx-155} :-BBB.............
2025-12-28 12:47:36.322068|{rx-156} 1, 0, 0, 3, 157, 157, 0, 0, 0, 0, 0, 1, 0, 1, 1
2025-12-28 12:47:36.327611|{rssi-156} 111, -58, -127, -127, -127, 111, 111, 111, 111, 111, 111, 111, 111, 111, 111, 111, 111, 111, 
2025-12-28 12:47:36.336853|{td-156} 0, -7, 0, 0, 0, 0, 0, 0, 0, 0, 0, 0, 0, 0, 0, 0, 0, 0, 
2025-12-28 12:47:36.341398|{tx-156} :-BBB.............
2025-12-28 12:47:36.512471|{rx-157} 1, 0, 0, 3, 158, 158, 0, 0, 0, 0, 0, 1, 0, 1, 1
2025-12-28 12:47:36.517325|{rssi-157} 111, -58, -127, -127, -127, 111, 111, 111, 111, 111, 111, 111, 111, 111, 111, 111, 111, 111, 
2025-12-28 12:47:36.526590|{td-157} 0, -9, 0, 0, 0, 0, 0, 0, 0, 0, 0, 0, 0, 0, 0, 0, 0, 0, 
2025-12-28 12:47:36.531990|{tx-157} :-BBB.............
2025-12-28 12:47:36.702762|{rx-158} 1, 0, 0, 3, 159, 159, 0, 0, 0, 0, 0, 1, 0, 1, 1
2025-12-28 12:47:36.710541|{rssi-158} 111, -58, -127, -127, -127, 111, 111, 111, 111, 111, 111, 111, 111, 111, 111, 111, 111, 111, 
2025-12-28 12:47:36.717015|{td-158} 0, -7, 0, 0, 0, 0, 0, 0, 0, 0, 0, 0, 0, 0, 0, 0, 0, 0, 
2025-12-28 12:47:36.722176|{tx-158} :-BBB.............
2025-12-28 12:47:36.892202|{rx-159} 1, 0, 0, 3, 160, 160, 0, 0, 0, 0, 0, 1, 0, 1, 1
2025-12-28 12:47:36.896899|{rssi-159} 111, -58, -127, -127, -127, 111, 111, 111, 111, 111, 111, 111, 111, 111, 111, 111, 111, 111, 
2025-12-28 12:47:36.906666|{td-159} 0, -9, 0, 0, 0, 0, 0, 0, 0, 0, 0, 0, 0, 0, 0, 0, 0, 0, 
2025-12-28 12:47:36.911695|{tx-159} :-BBB.............
2025-12-28 12:47:37.081702|{rx-160} 1, 0, 0, 3, 161, 161, 0, 0, 0, 0, 0, 1, 0, 1, 1
2025-12-28 12:47:37.087658|{rssi-160} 111, -58, -127, -127, -127, 111, 111, 111, 111, 111, 111, 111, 111, 111, 111, 111, 111, 111, 
2025-12-28 12:47:37.096779|{td-160} 0, -7, 0, 0, 0, 0, 0, 0, 0, 0, 0, 0, 0, 0, 0, 0, 0, 0, 
2025-12-28 12:47:37.102488|{tx-160} :-BBB.............
2025-12-28 12:47:37.273137|{rx-161} 1, 0, 0, 3, 162, 162, 0, 0, 0, 0, 0, 1, 0, 1, 1
2025-12-28 12:47:37.277786|{rssi-161} 111, -58, -127, -127, -127, 111, 111, 111, 111, 111, 111, 111, 111, 111, 111, 111, 111, 111, 
2025-12-28 12:47:37.286881|{td-161} 0, -9, 0, 0, 0, 0, 0, 0, 0, 0, 0, 0, 0, 0, 0, 0, 0, 0, 
2025-12-28 12:47:37.291482|{tx-161} :-BBB.............
2025-12-28 12:47:37.462769|{rx-162} 1, 0, 0, 3, 163, 163, 0, 0, 0, 0, 0, 1, 0, 1, 1
2025-12-28 12:47:37.467011|{rssi-162} 111, -58, -127, -127, -127, 111, 111, 111, 111, 111, 111, 111, 111, 111, 111, 111, 111, 111, 
2025-12-28 12:47:37.475674|{td-162} 0, -7, 0, 0, 0, 0, 0, 0, 0, 0, 0, 0, 0, 0, 0, 0, 0, 0, 
2025-12-28 12:47:37.481704|{tx-162} :-BBB.............
2025-12-28 12:47:37.653819|{rx-163} 1, 0, 0, 3, 164, 164, 0, 0, 0, 0, 0, 1, 0, 1, 1
2025-12-28 12:47:37.657233|{rssi-163} 111, -58, -127, -127, -127, 111, 111, 111, 111, 111, 111, 111, 111, 111, 111, 111, 111, 111, 
2025-12-28 12:47:37.666864|{td-163} 0, -7, 0, 0, 0, 0, 0, 0, 0, 0, 0, 0, 0, 0, 0, 0, 0, 0, 
2025-12-28 12:47:37.672235|{tx-163} :-BBB.............
2025-12-28 12:47:37.842395|{rx-164} 1, 0, 0, 3, 165, 165, 0, 0, 0, 0, 0, 1, 0, 1, 1
2025-12-28 12:47:37.846765|{rssi-164} 111, -58, -127, -127, -127, 111, 111, 111, 111, 111, 111, 111, 111, 111, 111, 111, 111, 111, 
2025-12-28 12:47:37.857173|{td-164} 0, -9, 0, 0, 0, 0, 0, 0, 0, 0, 0, 0, 0, 0, 0, 0, 0, 0, 
2025-12-28 12:47:37.862303|{tx-164} :-BBB.............
2025-12-28 12:47:38.033633|{rx-165} 1, 0, 0, 3, 166, 166, 0, 0, 0, 0, 0, 1, 0, 1, 1
2025-12-28 12:47:38.037112|{rssi-165} 111, -58, -127, -127, -127, 111, 111, 111, 111, 111, 111, 111, 111, 111, 111, 111, 111, 111, 
2025-12-28 12:47:38.046962|{td-165} 0, -9, 0, 0, 0, 0, 0, 0, 0, 0, 0, 0, 0, 0, 0, 0, 0, 0, 
2025-12-28 12:47:38.052846|{tx-165} :-BBB.............
2025-12-28 12:47:38.222795|{rx-166} 1, 0, 0, 3, 167, 167, 0, 0, 0, 0, 0, 1, 0, 1, 1
2025-12-28 12:47:38.227146|{rssi-166} 111, -58, -127, -127, -127, 111, 111, 111, 111, 111, 111, 111, 111, 111, 111, 111, 111, 111, 
2025-12-28 12:47:38.236912|{td-166} 0, -7, 0, 0, 0, 0, 0, 0, 0, 0, 0, 0, 0, 0, 0, 0, 0, 0, 
2025-12-28 12:47:38.241585|{tx-166} :-BBB.............
2025-12-28 12:47:38.412610|{rx-167} 1, 0, 0, 3, 168, 168, 0, 0, 0, 0, 0, 1, 0, 1, 1
2025-12-28 12:47:38.416641|{rssi-167} 111, -58, -127, -127, -127, 111, 111, 111, 111, 111, 111, 111, 111, 111, 111, 111, 111, 111, 
2025-12-28 12:47:38.426880|{td-167} 0, -9, 0, 0, 0, 0, 0, 0, 0, 0, 0, 0, 0, 0, 0, 0, 0, 0, 
2025-12-28 12:47:38.431099|{tx-167} :-BBB.............
2025-12-28 12:47:38.603008|{rx-168} 1, 0, 0, 3, 169, 169, 0, 0, 0, 0, 0, 1, 0, 1, 1
2025-12-28 12:47:38.607376|{rssi-168} 111, -58, -127, -127, -127, 111, 111, 111, 111, 111, 111, 111, 111, 111, 111, 111, 111, 111, 
2025-12-28 12:47:38.616733|{td-168} 0, -7, 0, 0, 0, 0, 0, 0, 0, 0, 0, 0, 0, 0, 0, 0, 0, 0, 
2025-12-28 12:47:38.621701|{tx-168} :-BBB.............
2025-12-28 12:47:38.792695|{rx-169} 1, 0, 0, 3, 170, 170, 0, 0, 0, 0, 0, 1, 0, 1, 1
2025-12-28 12:47:38.796420|{rssi-169} 111, -58, -127, -127, -127, 111, 111, 111, 111, 111, 111, 111, 111, 111, 111, 111, 111, 111, 
2025-12-28 12:47:38.805939|{td-169} 0, -9, 0, 0, 0, 0, 0, 0, 0, 0, 0, 0, 0, 0, 0, 0, 0, 0, 
2025-12-28 12:47:38.811443|{tx-169} :-BBB.............
2025-12-28 12:47:38.982726|{rx-170} 1, 0, 0, 3, 171, 171, 0, 0, 0, 0, 0, 1, 0, 1, 1
2025-12-28 12:47:38.986292|{rssi-170} 111, -58, -127, -127, -127, 111, 111, 111, 111, 111, 111, 111, 111, 111, 111, 111, 111, 111, 
2025-12-28 12:47:38.996244|{td-170} 0, -7, 0, 0, 0, 0, 0, 0, 0, 0, 0, 0, 0, 0, 0, 0, 0, 0, 
2025-12-28 12:47:39.002193|{tx-170} :-BBB.............
2025-12-28 12:47:39.171403|{rx-171} 1, 0, 0, 3, 172, 172, 0, 0, 0, 0, 0, 1, 0, 1, 1
2025-12-28 12:47:39.177477|{rssi-171} 111, -58, -127, -127, -127, 111, 111, 111, 111, 111, 111, 111, 111, 111, 111, 111, 111, 111, 
2025-12-28 12:47:39.186087|{td-171} 0, -9, 0, 0, 0, 0, 0, 0, 0, 0, 0, 0, 0, 0, 0, 0, 0, 0, 
2025-12-28 12:47:39.191930|{tx-171} :-BBB.............
2025-12-28 12:47:39.361324|{rx-172} 1, 0, 0, 3, 173, 173, 0, 0, 0, 0, 0, 1, 0, 1, 1
2025-12-28 12:47:39.366727|{rssi-172} 111, -58, -127, -127, -127, 111, 111, 111, 111, 111, 111, 111, 111, 111, 111, 111, 111, 111, 
2025-12-28 12:47:39.376540|{td-172} 0, -7, 0, 0, 0, 0, 0, 0, 0, 0, 0, 0, 0, 0, 0, 0, 0, 0, 
2025-12-28 12:47:39.381277|{tx-172} :-BBB.............
2025-12-28 12:47:39.551917|{rx-173} 1, 0, 0, 3, 174, 174, 0, 0, 0, 0, 0, 1, 0, 1, 1
2025-12-28 12:47:39.556931|{rssi-173} 111, -58, -127, -127, -127, 111, 111, 111, 111, 111, 111, 111, 111, 111, 111, 111, 111, 111, 
2025-12-28 12:47:39.566162|{td-173} 0, -9, 0, 0, 0, 0, 0, 0, 0, 0, 0, 0, 0, 0, 0, 0, 0, 0, 
2025-12-28 12:47:39.572384|{tx-173} :-BBB.............
2025-12-28 12:47:39.741529|{rx-174} 1, 0, 0, 3, 175, 175, 0, 0, 0, 0, 0, 1, 0, 1, 1
2025-12-28 12:47:39.746509|{rssi-174} 111, -58, -127, -127, -127, 111, 111, 111, 111, 111, 111, 111, 111, 111, 111, 111, 111, 111, 
2025-12-28 12:47:39.756288|{td-174} 0, -7, 0, 0, 0, 0, 0, 0, 0, 0, 0, 0, 0, 0, 0, 0, 0, 0, 
2025-12-28 12:47:39.761924|{tx-174} :-BBB.............
2025-12-28 12:47:39.931557|{rx-175} 1, 0, 0, 3, 176, 176, 0, 0, 0, 0, 0, 1, 0, 1, 1
2025-12-28 12:47:39.937004|{rssi-175} 111, -58, -127, -127, -127, 111, 111, 111, 111, 111, 111, 111, 111, 111, 111, 111, 111, 111, 
2025-12-28 12:47:39.946335|{td-175} 0, -9, 0, 0, 0, 0, 0, 0, 0, 0, 0, 0, 0, 0, 0, 0, 0, 0, 
2025-12-28 12:47:39.950402|{tx-175} :-BBB.............
2025-12-28 12:47:40.121164|{rx-176} 1, 0, 0, 3, 177, 177, 0, 0, 0, 0, 0, 1, 0, 1, 1
2025-12-28 12:47:40.127186|{rssi-176} 111, -58, -127, -127, -127, 111, 111, 111, 111, 111, 111, 111, 111, 111, 111, 111, 111, 111, 
2025-12-28 12:47:40.136291|{td-176} 0, -7, 0, 0, 0, 0, 0, 0, 0, 0, 0, 0, 0, 0, 0, 0, 0, 0, 
2025-12-28 12:47:40.141406|{tx-176} :-BBB.............
2025-12-28 12:47:40.310746|{rx-177} 1, 0, 0, 3, 178, 178, 0, 0, 0, 0, 0, 1, 0, 1, 1
2025-12-28 12:47:40.316465|{rssi-177} 111, -58, -127, -127, -127, 111, 111, 111, 111, 111, 111, 111, 111, 111, 111, 111, 111, 111, 
2025-12-28 12:47:40.325763|{td-177} 0, -9, 0, 0, 0, 0, 0, 0, 0, 0, 0, 0, 0, 0, 0, 0, 0, 0, 
2025-12-28 12:47:40.330634|{tx-177} :-BBB.............
2025-12-28 12:47:40.501251|{rx-178} 1, 0, 0, 3, 179, 179, 0, 0, 0, 0, 0, 1, 0, 1, 1
2025-12-28 12:47:40.506898|{rssi-178} 111, -58, -127, -127, -127, 111, 111, 111, 111, 111, 111, 111, 111, 111, 111, 111, 111, 111, 
2025-12-28 12:47:40.515989|{td-178} 0, -7, 0, 0, 0, 0, 0, 0, 0, 0, 0, 0, 0, 0, 0, 0, 0, 0, 
2025-12-28 12:47:40.520645|{tx-178} :-BBB.............
2025-12-28 12:47:40.691112|{rx-179} 1, 0, 0, 3, 180, 180, 0, 0, 0, 0, 0, 1, 0, 1, 1
2025-12-28 12:47:40.696580|{rssi-179} 111, -58, -127, -127, -127, 111, 111, 111, 111, 111, 111, 111, 111, 111, 111, 111, 111, 111, 
2025-12-28 12:47:40.706465|{td-179} 0, -9, 0, 0, 0, 0, 0, 0, 0, 0, 0, 0, 0, 0, 0, 0, 0, 0, 
2025-12-28 12:47:40.710522|{tx-179} :-BBB.............
2025-12-28 12:47:40.881598|{rx-180} 1, 0, 0, 3, 181, 181, 0, 0, 0, 0, 0, 1, 0, 1, 1
2025-12-28 12:47:40.886680|{rssi-180} 111, -58, -127, -127, -127, 111, 111, 111, 111, 111, 111, 111, 111, 111, 111, 111, 111, 111, 
2025-12-28 12:47:40.897209|{td-180} 0, -7, 0, 0, 0, 0, 0, 0, 0, 0, 0, 0, 0, 0, 0, 0, 0, 0, 
2025-12-28 12:47:40.900844|{tx-180} :-BBB.............
2025-12-28 12:47:41.071528|{rx-181} 1, 0, 0, 3, 182, 182, 0, 0, 0, 0, 0, 1, 0, 1, 1
2025-12-28 12:47:41.077191|{rssi-181} 111, -58, -127, -127, -127, 111, 111, 111, 111, 111, 111, 111, 111, 111, 111, 111, 111, 111, 
2025-12-28 12:47:41.085029|{td-181} 0, -9, 0, 0, 0, 0, 0, 0, 0, 0, 0, 0, 0, 0, 0, 0, 0, 0, 
2025-12-28 12:47:41.091571|{tx-181} :-BBB.............
2025-12-28 12:47:41.261408|{rx-182} 1, 0, 0, 3, 183, 183, 0, 0, 0, 0, 0, 1, 0, 1, 1
2025-12-28 12:47:41.266474|{rssi-182} 111, -58, -127, -127, -127, 111, 111, 111, 111, 111, 111, 111, 111, 111, 111, 111, 111, 111, 
2025-12-28 12:47:41.275946|{td-182} 0, -7, 0, 0, 0, 0, 0, 0, 0, 0, 0, 0, 0, 0, 0, 0, 0, 0, 
2025-12-28 12:47:41.280573|{tx-182} :-BBB.............
2025-12-28 12:47:41.450803|{rx-183} 1, 0, 0, 3, 184, 184, 0, 0, 0, 0, 0, 1, 0, 1, 1
2025-12-28 12:47:41.456405|{rssi-183} 111, -58, -127, -127, -127, 111, 111, 111, 111, 111, 111, 111, 111, 111, 111, 111, 111, 111, 
2025-12-28 12:47:41.466501|{td-183} 0, -9, 0, 0, 0, 0, 0, 0, 0, 0, 0, 0, 0, 0, 0, 0, 0, 0, 
2025-12-28 12:47:41.471766|{tx-183} :-BBB.............
2025-12-28 12:47:41.641705|{rx-184} 1, 0, 0, 3, 185, 185, 0, 0, 0, 0, 0, 1, 0, 1, 1
2025-12-28 12:47:41.647215|{rssi-184} 111, -58, -127, -127, -127, 111, 111, 111, 111, 111, 111, 111, 111, 111, 111, 111, 111, 111, 
2025-12-28 12:47:41.656127|{td-184} 0, -7, 0, 0, 0, 0, 0, 0, 0, 0, 0, 0, 0, 0, 0, 0, 0, 0, 
2025-12-28 12:47:41.661889|{tx-184} :-BBB.............
2025-12-28 12:47:41.831747|{rx-185} 1, 0, 0, 3, 186, 186, 0, 0, 0, 0, 0, 1, 0, 1, 1
2025-12-28 12:47:41.840829|{rssi-185} 111, -58, -127, -127, -127, 111, 111, 111, 111, 111, 111, 111, 111, 111, 111, 111, 111, 111, 
2025-12-28 12:47:41.846536|{td-185} 0, -9, 0, 0, 0, 0, 0, 0, 0, 0, 0, 0, 0, 0, 0, 0, 0, 0, 
2025-12-28 12:47:41.850799|{tx-185} :-BBB.............
2025-12-28 12:47:42.021403|{rx-186} 1, 0, 0, 3, 187, 187, 0, 0, 0, 0, 0, 1, 0, 1, 1
2025-12-28 12:47:42.025393|{rssi-186} 111, -58, -127, -127, -127, 111, 111, 111, 111, 111, 111, 111, 111, 111, 111, 111, 111, 111, 
2025-12-28 12:47:42.035997|{td-186} 0, -7, 0, 0, 0, 0, 0, 0, 0, 0, 0, 0, 0, 0, 0, 0, 0, 0, 
2025-12-28 12:47:42.040221|{tx-186} :-BBB.............
2025-12-28 12:47:42.212594|{rx-187} 1, 0, 0, 3, 188, 188, 0, 0, 0, 0, 0, 1, 0, 1, 1
2025-12-28 12:47:42.216338|{rssi-187} 111, -58, -127, -127, -127, 111, 111, 111, 111, 111, 111, 111, 111, 111, 111, 111, 111, 111, 
2025-12-28 12:47:42.226081|{td-187} 0, -9, 0, 0, 0, 0, 0, 0, 0, 0, 0, 0, 0, 0, 0, 0, 0, 0, 
2025-12-28 12:47:42.231351|{tx-187} :-BBB.............
2025-12-28 12:47:42.401370|{rx-188} 1, 0, 0, 3, 189, 189, 0, 0, 0, 0, 0, 1, 0, 1, 1
2025-12-28 12:47:42.405682|{rssi-188} 111, -58, -127, -127, -127, 111, 111, 111, 111, 111, 111, 111, 111, 111, 111, 111, 111, 111, 
2025-12-28 12:47:42.415133|{td-188} 0, -7, 0, 0, 0, 0, 0, 0, 0, 0, 0, 0, 0, 0, 0, 0, 0, 0, 
2025-12-28 12:47:42.422325|{tx-188} :-BBB.............
2025-12-28 12:47:42.592864|{rx-189} 1, 0, 0, 3, 190, 190, 0, 0, 0, 0, 0, 1, 0, 1, 1
2025-12-28 12:47:42.596181|{rssi-189} 111, -58, -127, -127, -127, 111, 111, 111, 111, 111, 111, 111, 111, 111, 111, 111, 111, 111, 
2025-12-28 12:47:42.605163|{td-189} 0, -9, 0, 0, 0, 0, 0, 0, 0, 0, 0, 0, 0, 0, 0, 0, 0, 0, 
2025-12-28 12:47:42.611490|{tx-189} :-BBB.............
2025-12-28 12:47:42.781613|{rx-190} 1, 0, 0, 3, 191, 191, 0, 0, 0, 0, 0, 1, 0, 1, 1
2025-12-28 12:47:42.786073|{rssi-190} 111, -58, -127, -127, -127, 111, 111, 111, 111, 111, 111, 111, 111, 111, 111, 111, 111, 111, 
2025-12-28 12:47:42.795885|{td-190} 0, -7, 0, 0, 0, 0, 0, 0, 0, 0, 0, 0, 0, 0, 0, 0, 0, 0, 
2025-12-28 12:47:42.801482|{tx-190} :-BBB.............
2025-12-28 12:47:42.971665|{rx-191} 1, 0, 0, 3, 192, 192, 0, 0, 0, 0, 0, 1, 0, 1, 1
2025-12-28 12:47:42.975844|{rssi-191} 111, -58, -127, -127, -127, 111, 111, 111, 111, 111, 111, 111, 111, 111, 111, 111, 111, 111, 
2025-12-28 12:47:42.985496|{td-191} 0, -9, 0, 0, 0, 0, 0, 0, 0, 0, 0, 0, 0, 0, 0, 0, 0, 0, 
2025-12-28 12:47:42.991601|{tx-191} :-BBB.............
2025-12-28 12:47:43.160959|{rx-192} 1, 0, 0, 3, 193, 193, 0, 0, 0, 0, 0, 1, 0, 1, 1
2025-12-28 12:47:43.165403|{rssi-192} 111, -58, -127, -127, -127, 111, 111, 111, 111, 111, 111, 111, 111, 111, 111, 111, 111, 111, 
2025-12-28 12:47:43.176120|{td-192} 0, -7, 0, 0, 0, 0, 0, 0, 0, 0, 0, 0, 0, 0, 0, 0, 0, 0, 
2025-12-28 12:47:43.181655|{tx-192} :-BBB.............
2025-12-28 12:47:43.351754|{rx-193} 1, 0, 0, 3, 194, 194, 0, 0, 0, 0, 0, 1, 0, 1, 1
2025-12-28 12:47:43.355960|{rssi-193} 111, -58, -127, -127, -127, 111, 111, 111, 111, 111, 111, 111, 111, 111, 111, 111, 111, 111, 
2025-12-28 12:47:43.364758|{td-193} 0, -9, 0, 0, 0, 0, 0, 0, 0, 0, 0, 0, 0, 0, 0, 0, 0, 0, 
2025-12-28 12:47:43.371075|{tx-193} :-BBB.............
2025-12-28 12:47:43.541509|{rx-194} 1, 0, 0, 3, 195, 195, 0, 0, 0, 0, 0, 1, 0, 1, 1
2025-12-28 12:47:43.545506|{rssi-194} 111, -58, -127, -127, -127, 111, 111, 111, 111, 111, 111, 111, 111, 111, 111, 111, 111, 111, 
2025-12-28 12:47:43.555290|{td-194} 0, -7, 0, 0, 0, 0, 0, 0, 0, 0, 0, 0, 0, 0, 0, 0, 0, 0, 
2025-12-28 12:47:43.561521|{tx-194} :-BBB.............
2025-12-28 12:47:43.732459|{rx-195} 1, 0, 0, 3, 196, 196, 0, 0, 0, 0, 0, 1, 0, 1, 1
2025-12-28 12:47:43.737043|{rssi-195} 111, -58, -127, -127, -127, 111, 111, 111, 111, 111, 111, 111, 111, 111, 111, 111, 111, 111, 
2025-12-28 12:47:43.744983|{td-195} 0, -9, 0, 0, 0, 0, 0, 0, 0, 0, 0, 0, 0, 0, 0, 0, 0, 0, 
2025-12-28 12:47:43.751599|{tx-195} :-BBB.............
2025-12-28 12:47:43.921877|{rx-196} 1, 0, 0, 3, 197, 197, 0, 0, 0, 0, 0, 1, 0, 1, 1
2025-12-28 12:47:43.925936|{rssi-196} 111, -58, -127, -127, -127, 111, 111, 111, 111, 111, 111, 111, 111, 111, 111, 111, 111, 111, 
2025-12-28 12:47:43.935455|{td-196} 0, -7, 0, 0, 0, 0, 0, 0, 0, 0, 0, 0, 0, 0, 0, 0, 0, 0, 
2025-12-28 12:47:43.940697|{tx-196} :-BBB.............
2025-12-28 12:47:44.111045|{rx-197} 1, 0, 0, 3, 198, 198, 0, 0, 0, 0, 0, 1, 0, 1, 1
2025-12-28 12:47:44.116101|{rssi-197} 111, -58, -127, -127, -127, 111, 111, 111, 111, 111, 111, 111, 111, 111, 111, 111, 111, 111, 
2025-12-28 12:47:44.125938|{td-197} 0, -9, 0, 0, 0, 0, 0, 0, 0, 0, 0, 0, 0, 0, 0, 0, 0, 0, 
2025-12-28 12:47:44.130076|{tx-197} :-BBB.............
2025-12-28 12:47:44.300809|{rx-198} 1, 0, 0, 3, 199, 199, 0, 0, 0, 0, 0, 1, 0, 1, 1
2025-12-28 12:47:44.306340|{rssi-198} 111, -58, -127, -127, -127, 111, 111, 111, 111, 111, 111, 111, 111, 111, 111, 111, 111, 111, 
2025-12-28 12:47:44.315715|{td-198} 0, -7, 0, 0, 0, 0, 0, 0, 0, 0, 0, 0, 0, 0, 0, 0, 0, 0, 
2025-12-28 12:47:44.320374|{tx-198} :-BBB.............
2025-12-28 12:47:44.491212|{rx-199} 1, 0, 0, 3, 200, 200, 0, 0, 0, 0, 0, 1, 0, 1, 1
2025-12-28 12:47:44.495575|{rssi-199} 111, -58, -127, -127, -127, 111, 111, 111, 111, 111, 111, 111, 111, 111, 111, 111, 111, 111, 
2025-12-28 12:47:44.505436|{td-199} 0, -9, 0, 0, 0, 0, 0, 0, 0, 0, 0, 0, 0, 0, 0, 0, 0, 0, 
2025-12-28 12:47:44.510572|{tx-199} :-BBB.............
2025-12-28 12:47:44.680481|{rx-200} 1, 0, 0, 3, 201, 201, 0, 0, 0, 0, 0, 1, 0, 1, 1
2025-12-28 12:47:44.685667|{rssi-200} 111, -58, -127, -127, -127, 111, 111, 111, 111, 111, 111, 111, 111, 111, 111, 111, 111, 111, 
2025-12-28 12:47:44.694785|{td-200} 0, -7, 0, 0, 0, 0, 0, 0, 0, 0, 0, 0, 0, 0, 0, 0, 0, 0, 
2025-12-28 12:47:44.701258|{tx-200} :-BBB.............
2025-12-28 12:47:44.870510|{rx-201} 1, 0, 0, 3, 202, 202, 0, 0, 0, 0, 0, 1, 0, 1, 1
2025-12-28 12:47:44.876537|{rssi-201} 111, -58, -127, -127, -127, 111, 111, 111, 111, 111, 111, 111, 111, 111, 111, 111, 111, 111, 
2025-12-28 12:47:44.885003|{td-201} 0, -9, 0, 0, 0, 0, 0, 0, 0, 0, 0, 0, 0, 0, 0, 0, 0, 0, 
2025-12-28 12:47:44.890152|{tx-201} :-BBB.............
2025-12-28 12:47:45.060436|{rx-202} 1, 0, 0, 3, 203, 203, 0, 0, 0, 0, 0, 1, 0, 1, 1
2025-12-28 12:47:45.065959|{rssi-202} 111, -58, -127, -127, -127, 111, 111, 111, 111, 111, 111, 111, 111, 111, 111, 111, 111, 111, 
2025-12-28 12:47:45.074376|{td-202} 0, -7, 0, 0, 0, 0, 0, 0, 0, 0, 0, 0, 0, 0, 0, 0, 0, 0, 
2025-12-28 12:47:45.079900|{tx-202} :-BBB.............
2025-12-28 12:47:45.250135|{rx-203} 1, 0, 0, 3, 204, 204, 0, 0, 0, 0, 0, 1, 0, 1, 1
2025-12-28 12:47:45.255478|{rssi-203} 111, -58, -127, -127, -127, 111, 111, 111, 111, 111, 111, 111, 111, 111, 111, 111, 111, 111, 
2025-12-28 12:47:45.264883|{td-203} 0, -9, 0, 0, 0, 0, 0, 0, 0, 0, 0, 0, 0, 0, 0, 0, 0, 0, 
2025-12-28 12:47:45.270571|{tx-203} :-BBB.............
2025-12-28 12:47:45.440555|{rx-204} 1, 0, 0, 3, 205, 205, 0, 0, 0, 0, 0, 1, 0, 1, 1
2025-12-28 12:47:45.445526|{rssi-204} 111, -58, -127, -127, -127, 111, 111, 111, 111, 111, 111, 111, 111, 111, 111, 111, 111, 111, 
2025-12-28 12:47:45.455299|{td-204} 0, -7, 0, 0, 0, 0, 0, 0, 0, 0, 0, 0, 0, 0, 0, 0, 0, 0, 
2025-12-28 12:47:45.460095|{tx-204} :-BBB.............
2025-12-28 12:47:45.630401|{rx-205} 1, 0, 0, 3, 206, 206, 0, 0, 0, 0, 0, 1, 0, 1, 1
2025-12-28 12:47:45.636135|{rssi-205} 111, -58, -127, -127, -127, 111, 111, 111, 111, 111, 111, 111, 111, 111, 111, 111, 111, 111, 
2025-12-28 12:47:45.644962|{td-205} 0, -9, 0, 0, 0, 0, 0, 0, 0, 0, 0, 0, 0, 0, 0, 0, 0, 0, 
2025-12-28 12:47:45.649805|{tx-205} :-BBB.............
2025-12-28 12:47:45.820056|{rx-206} 1, 0, 0, 3, 207, 207, 0, 0, 0, 0, 0, 1, 0, 1, 1
2025-12-28 12:47:45.825965|{rssi-206} 111, -58, -127, -127, -127, 111, 111, 111, 111, 111, 111, 111, 111, 111, 111, 111, 111, 111, 
2025-12-28 12:47:45.835206|{td-206} 0, -7, 0, 0, 0, 0, 0, 0, 0, 0, 0, 0, 0, 0, 0, 0, 0, 0, 
2025-12-28 12:47:45.839705|{tx-206} :-BBB.............
2025-12-28 12:47:46.010013|{rx-207} 1, 0, 0, 3, 208, 208, 0, 0, 0, 0, 0, 1, 0, 1, 1
2025-12-28 12:47:46.016371|{rssi-207} 111, -58, -127, -127, -127, 111, 111, 111, 111, 111, 111, 111, 111, 111, 111, 111, 111, 111, 
2025-12-28 12:47:46.025417|{td-207} 0, -9, 0, 0, 0, 0, 0, 0, 0, 0, 0, 0, 0, 0, 0, 0, 0, 0, 
2025-12-28 12:47:46.029904|{tx-207} :-BBB.............
2025-12-28 12:47:46.200775|{rx-208} 1, 0, 0, 3, 209, 209, 0, 0, 0, 0, 0, 1, 0, 1, 1
2025-12-28 12:47:46.205881|{rssi-208} 111, -58, -127, -127, -127, 111, 111, 111, 111, 111, 111, 111, 111, 111, 111, 111, 111, 111, 
2025-12-28 12:47:46.215119|{td-208} 0, -7, 0, 0, 0, 0, 0, 0, 0, 0, 0, 0, 0, 0, 0, 0, 0, 0, 
2025-12-28 12:47:46.220338|{tx-208} :-BBB.............
2025-12-28 12:47:46.390933|{rx-209} 1, 0, 0, 3, 210, 210, 0, 0, 0, 0, 0, 1, 0, 1, 1
2025-12-28 12:47:46.395763|{rssi-209} 111, -58, -127, -127, -127, 111, 111, 111, 111, 111, 111, 111, 111, 111, 111, 111, 111, 111, 
2025-12-28 12:47:46.404584|{td-209} 0, -9, 0, 0, 0, 0, 0, 0, 0, 0, 0, 0, 0, 0, 0, 0, 0, 0, 
2025-12-28 12:47:46.410137|{tx-209} :-BBB.............
2025-12-28 12:47:46.580583|{rx-210} 1, 0, 0, 3, 211, 211, 0, 0, 0, 0, 0, 1, 0, 1, 1
2025-12-28 12:47:46.584595|{rssi-210} 111, -58, -127, -127, -127, 111, 111, 111, 111, 111, 111, 111, 111, 111, 111, 111, 111, 111, 
2025-12-28 12:47:46.594591|{td-210} 0, -7, 0, 0, 0, 0, 0, 0, 0, 0, 0, 0, 0, 0, 0, 0, 0, 0, 
2025-12-28 12:47:46.599546|{tx-210} :-BBB.............
2025-12-28 12:47:46.771039|{rx-211} 1, 0, 0, 3, 212, 212, 0, 0, 0, 0, 0, 1, 0, 1, 1
2025-12-28 12:47:46.777338|{rssi-211} 111, -58, -127, -127, -127, 111, 111, 111, 111, 111, 111, 111, 111, 111, 111, 111, 111, 111, 
2025-12-28 12:47:46.784552|{td-211} 0, -9, 0, 0, 0, 0, 0, 0, 0, 0, 0, 0, 0, 0, 0, 0, 0, 0, 
2025-12-28 12:47:46.789612|{tx-211} :-BBB.............
2025-12-28 12:47:46.960835|{rx-212} 1, 0, 0, 3, 213, 213, 0, 0, 0, 0, 0, 1, 0, 1, 1
2025-12-28 12:47:46.966341|{rssi-212} 111, -58, -127, -127, -127, 111, 111, 111, 111, 111, 111, 111, 111, 111, 111, 111, 111, 111, 
2025-12-28 12:47:46.974923|{td-212} 0, -7, 0, 0, 0, 0, 0, 0, 0, 0, 0, 0, 0, 0, 0, 0, 0, 0, 
2025-12-28 12:47:46.979765|{tx-212} :-BBB.............
2025-12-28 12:47:47.150331|{rx-213} 1, 0, 0, 3, 214, 214, 0, 0, 0, 0, 0, 1, 0, 1, 1
2025-12-28 12:47:47.154662|{rssi-213} 111, -58, -127, -127, -127, 111, 111, 111, 111, 111, 111, 111, 111, 111, 111, 111, 111, 111, 
2025-12-28 12:47:47.165120|{td-213} 0, -9, 0, 0, 0, 0, 0, 0, 0, 0, 0, 0, 0, 0, 0, 0, 0, 0, 
2025-12-28 12:47:47.170713|{tx-213} :-BBB.............
2025-12-28 12:47:47.342054|{rx-214} 1, 0, 0, 3, 215, 215, 0, 0, 0, 0, 0, 1, 0, 1, 1
2025-12-28 12:47:47.345510|{rssi-214} 111, -58, -127, -127, -127, 111, 111, 111, 111, 111, 111, 111, 111, 111, 111, 111, 111, 111, 
2025-12-28 12:47:47.354594|{td-214} 0, -7, 0, 0, 0, 0, 0, 0, 0, 0, 0, 0, 0, 0, 0, 0, 0, 0, 
2025-12-28 12:47:47.360398|{tx-214} :-BBB.............
2025-12-28 12:47:47.530498|{rx-215} 1, 0, 0, 3, 216, 216, 0, 0, 0, 0, 0, 1, 0, 1, 1
2025-12-28 12:47:47.535486|{rssi-215} 111, -58, -127, -127, -127, 111, 111, 111, 111, 111, 111, 111, 111, 111, 111, 111, 111, 111, 
2025-12-28 12:47:47.544424|{td-215} 0, -9, 0, 0, 0, 0, 0, 0, 0, 0, 0, 0, 0, 0, 0, 0, 0, 0, 
2025-12-28 12:47:47.549993|{tx-215} :-BBB.............
2025-12-28 12:47:47.720025|{rx-216} 1, 0, 0, 3, 217, 217, 0, 0, 0, 0, 0, 1, 0, 1, 1
2025-12-28 12:47:47.724573|{rssi-216} 111, -58, -127, -127, -127, 111, 111, 111, 111, 111, 111, 111, 111, 111, 111, 111, 111, 111, 
2025-12-28 12:47:47.734840|{td-216} 0, -7, 0, 0, 0, 0, 0, 0, 0, 0, 0, 0, 0, 0, 0, 0, 0, 0, 
2025-12-28 12:47:47.740094|{tx-216} :-BBB.............
2025-12-28 12:47:47.910632|{rx-217} 1, 0, 0, 3, 218, 218, 0, 0, 0, 0, 0, 1, 0, 1, 1
2025-12-28 12:47:47.915343|{rssi-217} 111, -58, -127, -127, -127, 111, 111, 111, 111, 111, 111, 111, 111, 111, 111, 111, 111, 111, 
2025-12-28 12:47:47.924790|{td-217} 0, -9, 0, 0, 0, 0, 0, 0, 0, 0, 0, 0, 0, 0, 0, 0, 0, 0, 
2025-12-28 12:47:47.930289|{tx-217} :-BBB.............
2025-12-28 12:47:48.100831|{rx-218} 1, 0, 0, 3, 219, 219, 0, 0, 0, 0, 0, 1, 0, 1, 1
2025-12-28 12:47:48.106057|{rssi-218} 111, -58, -127, -127, -127, 111, 111, 111, 111, 111, 111, 111, 111, 111, 111, 111, 111, 111, 
2025-12-28 12:47:48.114700|{td-218} 0, -7, 0, 0, 0, 0, 0, 0, 0, 0, 0, 0, 0, 0, 0, 0, 0, 0, 
2025-12-28 12:47:48.120394|{tx-218} :-BBB.............
2025-12-28 12:47:48.290703|{rx-219} 1, 0, 0, 3, 220, 220, 0, 0, 0, 0, 0, 1, 0, 1, 1
2025-12-28 12:47:48.295375|{rssi-219} 111, -58, -127, -127, -127, 111, 111, 111, 111, 111, 111, 111, 111, 111, 111, 111, 111, 111, 
2025-12-28 12:47:48.303831|{td-219} 0, -9, 0, 0, 0, 0, 0, 0, 0, 0, 0, 0, 0, 0, 0, 0, 0, 0, 
2025-12-28 12:47:48.310239|{tx-219} :-BBB.............
2025-12-28 12:47:48.480479|{rx-220} 1, 0, 0, 3, 221, 221, 0, 0, 0, 0, 0, 1, 0, 1, 1
2025-12-28 12:47:48.484915|{rssi-220} 111, -58, -127, -127, -127, 111, 111, 111, 111, 111, 111, 111, 111, 111, 111, 111, 111, 111, 
2025-12-28 12:47:48.494765|{td-220} 0, -7, 0, 0, 0, 0, 0, 0, 0, 0, 0, 0, 0, 0, 0, 0, 0, 0, 
2025-12-28 12:47:48.500662|{tx-220} :-BBB.............
2025-12-28 12:47:48.671721|{rx-221} 1, 0, 0, 3, 222, 222, 0, 0, 0, 0, 0, 1, 0, 1, 1
2025-12-28 12:47:48.676349|{rssi-221} 111, -58, -127, -127, -127, 111, 111, 111, 111, 111, 111, 111, 111, 111, 111, 111, 111, 111, 
2025-12-28 12:47:48.686041|{td-221} 0, -9, 0, 0, 0, 0, 0, 0, 0, 0, 0, 0, 0, 0, 0, 0, 0, 0, 
2025-12-28 12:47:48.691030|{tx-221} :-BBB.............
2025-12-28 12:47:48.860593|{rx-222} 1, 0, 0, 3, 223, 223, 0, 0, 0, 0, 0, 1, 0, 1, 1
2025-12-28 12:47:48.865850|{rssi-222} 111, -58, -127, -127, -127, 111, 111, 111, 111, 111, 111, 111, 111, 111, 111, 111, 111, 111, 
2025-12-28 12:47:48.875291|{td-222} 0, -7, 0, 0, 0, 0, 0, 0, 0, 0, 0, 0, 0, 0, 0, 0, 0, 0, 
2025-12-28 12:47:48.879718|{tx-222} :-BBB.............
2025-12-28 12:47:49.051850|{rx-223} 1, 0, 0, 3, 224, 224, 0, 0, 0, 0, 0, 1, 0, 1, 1
2025-12-28 12:47:49.055438|{rssi-223} 111, -58, -127, -127, -127, 111, 111, 111, 111, 111, 111, 111, 111, 111, 111, 111, 111, 111, 
2025-12-28 12:47:49.065033|{td-223} 0, -9, 0, 0, 0, 0, 0, 0, 0, 0, 0, 0, 0, 0, 0, 0, 0, 0, 
2025-12-28 12:47:49.070618|{tx-223} :-BBB.............
2025-12-28 12:47:49.241744|{rx-224} 1, 0, 0, 3, 225, 225, 0, 0, 0, 0, 0, 1, 0, 1, 1
2025-12-28 12:47:49.245689|{rssi-224} 111, -58, -127, -127, -127, 111, 111, 111, 111, 111, 111, 111, 111, 111, 111, 111, 111, 111, 
2025-12-28 12:47:49.254281|{td-224} 0, -7, 0, 0, 0, 0, 0, 0, 0, 0, 0, 0, 0, 0, 0, 0, 0, 0, 
2025-12-28 12:47:49.260682|{tx-224} :-BBB.............
2025-12-28 12:47:49.432252|{rx-225} 1, 0, 0, 3, 226, 226, 0, 0, 0, 0, 0, 1, 0, 1, 1
2025-12-28 12:47:49.439005|{rssi-225} 111, -58, -127, -127, -127, 111, 111, 111, 111, 111, 111, 111, 111, 111, 111, 111, 111, 111, 
2025-12-28 12:47:49.444969|{td-225} 0, -9, 0, 0, 0, 0, 0, 0, 0, 0, 0, 0, 0, 0, 0, 0, 0, 0, 
2025-12-28 12:47:49.450220|{tx-225} :-BBB.............
2025-12-28 12:47:49.620221|{rx-226} 1, 0, 0, 3, 227, 227, 0, 0, 0, 0, 0, 1, 0, 1, 1
2025-12-28 12:47:49.627838|{rssi-226} 111, -58, -127, -127, -127, 111, 111, 111, 111, 111, 111, 111, 111, 111, 111, 111, 111, 111, 
2025-12-28 12:47:49.634042|{td-226} 0, -7, 0, 0, 0, 0, 0, 0, 0, 0, 0, 0, 0, 0, 0, 0, 0, 0, 
2025-12-28 12:47:49.639851|{tx-226} :-BBB.............
2025-12-28 12:47:49.810332|{rx-227} 1, 0, 0, 3, 228, 228, 0, 0, 0, 0, 0, 1, 0, 1, 1
2025-12-28 12:47:49.816150|{rssi-227} 111, -58, -127, -127, -127, 111, 111, 111, 111, 111, 111, 111, 111, 111, 111, 111, 111, 111, 
2025-12-28 12:47:49.825714|{td-227} 0, -9, 0, 0, 0, 0, 0, 0, 0, 0, 0, 0, 0, 0, 0, 0, 0, 0, 
2025-12-28 12:47:49.830128|{tx-227} :-BBB.............
2025-12-28 12:47:49.000533|{rx-228} 1, 0, 0, 3, 229, 229, 0, 0, 0, 0, 0, 1, 0, 1, 1
2025-12-28 12:47:50.006413|{rssi-228} 111, -58, -127, -127, -127, 111, 111, 111, 111, 111, 111, 111, 111, 111, 111, 111, 111, 111, 
2025-12-28 12:47:50.014786|{td-228} 0, -7, 0, 0, 0, 0, 0, 0, 0, 0, 0, 0, 0, 0, 0, 0, 0, 0, 
2025-12-28 12:47:50.019923|{tx-228} :-BBB.............
2025-12-28 12:47:50.189466|{rx-229} 1, 0, 0, 3, 230, 230, 0, 0, 0, 0, 0, 1, 0, 1, 1
2025-12-28 12:47:50.195011|{rssi-229} 111, -58, -127, -127, -127, 111, 111, 111, 111, 111, 111, 111, 111, 111, 111, 111, 111, 111, 
2025-12-28 12:47:50.203086|{td-229} 0, -9, 0, 0, 0, 0, 0, 0, 0, 0, 0, 0, 0, 0, 0, 0, 0, 0, 
2025-12-28 12:47:50.211075|{tx-229} :-BBB.............
2025-12-28 12:47:50.379920|{rx-230} 1, 0, 0, 3, 231, 231, 0, 0, 0, 0, 0, 1, 0, 1, 1
2025-12-28 12:47:50.385206|{rssi-230} 111, -58, -127, -127, -127, 111, 111, 111, 111, 111, 111, 111, 111, 111, 111, 111, 111, 111, 
2025-12-28 12:47:50.396197|{td-230} 0, -7, 0, 0, 0, 0, 0, 0, 0, 0, 0, 0, 0, 0, 0, 0, 0, 0, 
2025-12-28 12:47:50.400785|{tx-230} :-BBB.............
2025-12-28 12:47:50.573838|{rx-231} 1, 0, 0, 3, 232, 232, 0, 0, 0, 0, 0, 1, 0, 1, 1
2025-12-28 12:47:50.576964|{rssi-231} 111, -58, -127, -127, -127, 111, 111, 111, 111, 111, 111, 111, 111, 111, 111, 111, 111, 111, 
2025-12-28 12:47:50.583969|{td-231} 0, -9, 0, 0, 0, 0, 0, 0, 0, 0, 0, 0, 0, 0, 0, 0, 0, 0, 
2025-12-28 12:47:50.590305|{tx-231} :-BBB.............
2025-12-28 12:47:50.760053|{rx-232} 1, 0, 0, 3, 233, 233, 0, 0, 0, 0, 0, 1, 0, 1, 1
2025-12-28 12:47:50.766023|{rssi-232} 111, -58, -127, -127, -127, 111, 111, 111, 111, 111, 111, 111, 111, 111, 111, 111, 111, 111, 
2025-12-28 12:47:50.775212|{td-232} 0, -7, 0, 0, 0, 0, 0, 0, 0, 0, 0, 0, 0, 0, 0, 0, 0, 0, 
2025-12-28 12:47:50.780673|{tx-232} :-BBB.............
2025-12-28 12:47:50.950897|{rx-233} 1, 0, 0, 3, 234, 234, 0, 0, 0, 0, 0, 1, 0, 1, 1
2025-12-28 12:47:50.954248|{rssi-233} 111, -58, -127, -127, -127, 111, 111, 111, 111, 111, 111, 111, 111, 111, 111, 111, 111, 111, 
2025-12-28 12:47:50.965028|{td-233} 0, -9, 0, 0, 0, 0, 0, 0, 0, 0, 0, 0, 0, 0, 0, 0, 0, 0, 
2025-12-28 12:47:50.968967|{tx-233} :-BBB.............
2025-12-28 12:47:51.139775|{rx-234} 1, 0, 0, 3, 235, 235, 0, 0, 0, 0, 0, 1, 0, 1, 1
2025-12-28 12:47:51.145426|{rssi-234} 111, -58, -127, -127, -127, 111, 111, 111, 111, 111, 111, 111, 111, 111, 111, 111, 111, 111, 
2025-12-28 12:47:51.155027|{td-234} 0, -7, 0, 0, 0, 0, 0, 0, 0, 0, 0, 0, 0, 0, 0, 0, 0, 0, 
2025-12-28 12:47:51.160404|{tx-234} :-BBB.............
2025-12-28 12:47:51.330427|{rx-235} 1, 0, 0, 3, 236, 236, 0, 0, 0, 0, 0, 1, 0, 1, 1
2025-12-28 12:47:51.335996|{rssi-235} 111, -58, -127, -127, -127, 111, 111, 111, 111, 111, 111, 111, 111, 111, 111, 111, 111, 111, 
2025-12-28 12:47:51.345278|{td-235} 0, -9, 0, 0, 0, 0, 0, 0, 0, 0, 0, 0, 0, 0, 0, 0, 0, 0, 
2025-12-28 12:47:51.349053|{tx-235} :-BBB.............
2025-12-28 12:47:51.522676|{rx-236} 1, 0, 0, 3, 237, 237, 0, 0, 0, 0, 0, 1, 0, 1, 1
2025-12-28 12:47:51.527549|{rssi-236} 111, -58, -127, -127, -127, 111, 111, 111, 111, 111, 111, 111, 111, 111, 111, 111, 111, 111, 
2025-12-28 12:47:51.534491|{td-236} 0, -7, 0, 0, 0, 0, 0, 0, 0, 0, 0, 0, 0, 0, 0, 0, 0, 0, 
2025-12-28 12:47:51.540083|{tx-236} :-BBB.............
2025-12-28 12:47:51.711983|{rx-237} 1, 0, 0, 3, 238, 238, 0, 0, 0, 0, 0, 1, 0, 1, 1
2025-12-28 12:47:51.715519|{rssi-237} 111, -58, -127, -127, -127, 111, 111, 111, 111, 111, 111, 111, 111, 111, 111, 111, 111, 111, 
2025-12-28 12:47:51.725050|{td-237} 0, -9, 0, 0, 0, 0, 0, 0, 0, 0, 0, 0, 0, 0, 0, 0, 0, 0, 
2025-12-28 12:47:51.729387|{tx-237} :-BBB.............
2025-12-28 12:47:51.900017|{rx-238} 1, 0, 0, 3, 239, 239, 0, 0, 0, 0, 0, 1, 0, 1, 1
2025-12-28 12:47:51.906889|{rssi-238} 111, -58, -127, -127, -127, 111, 111, 111, 111, 111, 111, 111, 111, 111, 111, 111, 111, 111, 
2025-12-28 12:47:51.915205|{td-238} 0, -7, 0, 0, 0, 0, 0, 0, 0, 0, 0, 0, 0, 0, 0, 0, 0, 0, 
2025-12-28 12:47:51.919608|{tx-238} :-BBB.............
2025-12-28 12:47:52.089263|{rx-239} 1, 0, 0, 3, 240, 240, 0, 0, 0, 0, 0, 1, 0, 1, 1
2025-12-28 12:47:52.100332|{rssi-239} 111, -58, -127, -127, -127, 111, 111, 111, 111, 111, 111, 111, 111, 111, 111, 111, 111, 111, 
2025-12-28 12:47:52.104487|{td-239} 0, -9, 0, 0, 0, 0, 0, 0, 0, 0, 0, 0, 0, 0, 0, 0, 0, 0, 
2025-12-28 12:47:52.109448|{tx-239} :-BBB.............
2025-12-28 12:47:52.279355|{rx-240} 1, 0, 0, 3, 241, 241, 0, 0, 0, 0, 0, 1, 0, 1, 1
2025-12-28 12:47:52.284920|{rssi-240} 111, -58, -127, -127, -127, 111, 111, 111, 111, 111, 111, 111, 111, 111, 111, 111, 111, 111, 
2025-12-28 12:47:52.294368|{td-240} 0, -7, 0, 0, 0, 0, 0, 0, 0, 0, 0, 0, 0, 0, 0, 0, 0, 0, 
2025-12-28 12:47:52.298799|{tx-240} :-BBB.............
2025-12-28 12:47:52.470094|{rx-241} 1, 0, 0, 3, 242, 242, 0, 0, 0, 0, 0, 1, 0, 1, 1
2025-12-28 12:47:52.475304|{rssi-241} 111, -58, -127, -127, -127, 111, 111, 111, 111, 111, 111, 111, 111, 111, 111, 111, 111, 111, 
2025-12-28 12:47:52.484696|{td-241} 0, -9, 0, 0, 0, 0, 0, 0, 0, 0, 0, 0, 0, 0, 0, 0, 0, 0, 
2025-12-28 12:47:52.489850|{tx-241} :-BBB.............
2025-12-28 12:47:52.659480|{rx-242} 1, 0, 0, 3, 243, 243, 0, 0, 0, 0, 0, 1, 0, 1, 1
2025-12-28 12:47:52.663834|{rssi-242} 111, -58, -127, -127, -127, 111, 111, 111, 111, 111, 111, 111, 111, 111, 111, 111, 111, 111, 
2025-12-28 12:47:52.674235|{td-242} 0, -9, 0, 0, 0, 0, 0, 0, 0, 0, 0, 0, 0, 0, 0, 0, 0, 0, 
2025-12-28 12:47:52.678261|{tx-242} :-BBB.............
2025-12-28 12:47:52.850396|{rx-243} 1, 0, 0, 3, 244, 244, 0, 0, 0, 0, 0, 1, 0, 1, 1
2025-12-28 12:47:52.854358|{rssi-243} 111, -58, -127, -127, -127, 111, 111, 111, 111, 111, 111, 111, 111, 111, 111, 111, 111, 111, 
2025-12-28 12:47:52.863662|{td-243} 0, -7, 0, 0, 0, 0, 0, 0, 0, 0, 0, 0, 0, 0, 0, 0, 0, 0, 
2025-12-28 12:47:52.868727|{tx-243} :-BBB.............
2025-12-28 12:47:53.038980|{rx-244} 1, 0, 0, 3, 245, 245, 0, 0, 0, 0, 0, 1, 0, 1, 1
2025-12-28 12:47:53.044420|{rssi-244} 111, -58, -127, -127, -127, 111, 111, 111, 111, 111, 111, 111, 111, 111, 111, 111, 111, 111, 
2025-12-28 12:47:53.052690|{td-244} 0, -7, 0, 0, 0, 0, 0, 0, 0, 0, 0, 0, 0, 0, 0, 0, 0, 0, 
2025-12-28 12:47:53.058883|{tx-244} :-BBB.............
2025-12-28 12:47:53.230226|{rx-245} 1, 0, 0, 3, 246, 246, 0, 0, 0, 0, 0, 1, 0, 1, 1
2025-12-28 12:47:53.234541|{rssi-245} 111, -58, -127, -127, -127, 111, 111, 111, 111, 111, 111, 111, 111, 111, 111, 111, 111, 111, 
2025-12-28 12:47:53.244386|{td-245} 0, -9, 0, 0, 0, 0, 0, 0, 0, 0, 0, 0, 0, 0, 0, 0, 0, 0, 
2025-12-28 12:47:53.249479|{tx-245} :-BBB.............
2025-12-28 12:47:53.419945|{rx-246} 1, 0, 0, 3, 247, 247, 0, 0, 0, 0, 0, 1, 0, 1, 1
2025-12-28 12:47:53.424274|{rssi-246} 111, -58, -127, -127, -127, 111, 111, 111, 111, 111, 111, 111, 111, 111, 111, 111, 111, 111, 
2025-12-28 12:47:53.433700|{td-246} 0, -9, 0, 0, 0, 0, 0, 0, 0, 0, 0, 0, 0, 0, 0, 0, 0, 0, 
2025-12-28 12:47:53.438788|{tx-246} :-BBB.............
2025-12-28 12:47:53.609477|{rx-247} 1, 0, 0, 3, 248, 248, 0, 0, 0, 0, 0, 1, 0, 1, 1
2025-12-28 12:47:53.613147|{rssi-247} 111, -58, -127, -127, -127, 111, 111, 111, 111, 111, 111, 111, 111, 111, 111, 111, 111, 111, 
2025-12-28 12:47:53.623854|{td-247} 0, -7, 0, 0, 0, 0, 0, 0, 0, 0, 0, 0, 0, 0, 0, 0, 0, 0, 
2025-12-28 12:47:53.628982|{tx-247} :-BBB.............
2025-12-28 12:47:53.800167|{rx-248} 1, 0, 0, 3, 249, 249, 0, 0, 0, 0, 0, 1, 0, 1, 1
2025-12-28 12:47:53.805656|{rssi-248} 111, -58, -127, -127, -127, 111, 111, 111, 111, 111, 111, 111, 111, 111, 111, 111, 111, 111, 
2025-12-28 12:47:53.814112|{td-248} 0, -7, 0, 0, 0, 0, 0, 0, 0, 0, 0, 0, 0, 0, 0, 0, 0, 0, 
2025-12-28 12:47:53.819034|{tx-248} :-BBB.............
2025-12-28 12:47:53.990198|{rx-249} 1, 0, 0, 3, 250, 250, 0, 0, 0, 0, 0, 1, 0, 1, 1
2025-12-28 12:47:53.994684|{rssi-249} 111, -58, -127, -127, -127, 111, 111, 111, 111, 111, 111, 111, 111, 111, 111, 111, 111, 111, 
2025-12-28 12:47:54.003783|{td-249} 0, -9, 0, 0, 0, 0, 0, 0, 0, 0, 0, 0, 0, 0, 0, 0, 0, 0, 
2025-12-28 12:47:54.009364|{tx-249} :-BBB.............
2025-12-28 12:47:54.178999|{rx-250} 1, 0, 0, 3, 251, 251, 0, 0, 0, 0, 0, 1, 0, 1, 1
2025-12-28 12:47:54.184538|{rssi-250} 111, -58, -127, -127, -127, 111, 111, 111, 111, 111, 111, 111, 111, 111, 111, 111, 111, 111, 
2025-12-28 12:47:54.194137|{td-250} 0, -9, 0, 0, 0, 0, 0, 0, 0, 0, 0, 0, 0, 0, 0, 0, 0, 0, 
2025-12-28 12:47:54.198335|{tx-250} :-BBB.............
2025-12-28 12:47:54.369843|{rx-251} 1, 0, 0, 3, 252, 252, 0, 0, 0, 0, 0, 1, 0, 1, 1
2025-12-28 12:47:54.374756|{rssi-251} 111, -58, -127, -127, -127, 111, 111, 111, 111, 111, 111, 111, 111, 111, 111, 111, 111, 111, 
2025-12-28 12:47:54.384575|{td-251} 0, -7, 0, 0, 0, 0, 0, 0, 0, 0, 0, 0, 0, 0, 0, 0, 0, 0, 
2025-12-28 12:47:54.388748|{tx-251} :-BBB.............
2025-12-28 12:47:54.558217|{rx-252} 1, 0, 0, 3, 253, 253, 0, 0, 0, 0, 0, 1, 0, 1, 1
2025-12-28 12:47:54.564378|{rssi-252} 111, -58, -127, -127, -127, 111, 111, 111, 111, 111, 111, 111, 111, 111, 111, 111, 111, 111, 
2025-12-28 12:47:54.573823|{td-252} 0, -9, 0, 0, 0, 0, 0, 0, 0, 0, 0, 0, 0, 0, 0, 0, 0, 0, 
2025-12-28 12:47:54.579135|{tx-252} :-BBB.............
2025-12-28 12:47:54.748911|{rx-253} 1, 0, 0, 3, 254, 254, 0, 0, 0, 0, 0, 1, 0, 1, 1
2025-12-28 12:47:54.754534|{rssi-253} 111, -58, -127, -127, -127, 111, 111, 111, 111, 111, 111, 111, 111, 111, 111, 111, 111, 111, 
2025-12-28 12:47:54.763686|{td-253} 0, -7, 0, 0, 0, 0, 0, 0, 0, 0, 0, 0, 0, 0, 0, 0, 0, 0, 
2025-12-28 12:47:54.768736|{tx-253} :-BBB.............
2025-12-28 12:47:54.938692|{rx-254} 1, 0, 0, 3, 255, 255, 0, 0, 0, 0, 0, 1, 0, 1, 1
2025-12-28 12:47:54.944480|{rssi-254} 111, -58, -127, -127, -127, 111, 111, 111, 111, 111, 111, 111, 111, 111, 111, 111, 111, 111, 
2025-12-28 12:47:54.953558|{td-254} 0, -7, 0, 0, 0, 0, 0, 0, 0, 0, 0, 0, 0, 0, 0, 0, 0, 0, 
2025-12-28 12:47:54.959626|{tx-254} :-BBB.............
2025-12-28 12:47:55.128965|{rx-255} 1, 0, 0, 3, 256, 256, 0, 0, 0, 0, 0, 1, 0, 1, 1
2025-12-28 12:47:55.133902|{rssi-255} 111, -58, -127, -127, -127, 111, 111, 111, 111, 111, 111, 111, 111, 111, 111, 111, 111, 111, 
2025-12-28 12:47:55.143127|{td-255} 0, -9, 0, 0, 0, 0, 0, 0, 0, 0, 0, 0, 0, 0, 0, 0, 0, 0, 
2025-12-28 12:47:55.149160|{tx-255} :-BBB.............
2025-12-28 12:47:55.319136|{rx-256} 1, 0, 0, 3, 257, 257, 0, 0, 0, 0, 0, 1, 0, 1, 1
2025-12-28 12:47:55.324030|{rssi-256} 111, -58, -127, -127, -127, 111, 111, 111, 111, 111, 111, 111, 111, 111, 111, 111, 111, 111, 
2025-12-28 12:47:55.332404|{td-256} 0, -7, 0, 0, 0, 0, 0, 0, 0, 0, 0, 0, 0, 0, 0, 0, 0, 0, 
2025-12-28 12:47:55.339121|{tx-256} :-BBB.............
2025-12-28 12:47:55.508925|{rx-257} 1, 0, 0, 3, 258, 258, 0, 0, 0, 0, 0, 1, 0, 1, 1
2025-12-28 12:47:55.514195|{rssi-257} 111, -58, -127, -127, -127, 111, 111, 111, 111, 111, 111, 111, 111, 111, 111, 111, 111, 111, 
2025-12-28 12:47:55.523708|{td-257} 0, -9, 0, 0, 0, 0, 0, 0, 0, 0, 0, 0, 0, 0, 0, 0, 0, 0, 
2025-12-28 12:47:55.528412|{tx-257} :-BBB.............
2025-12-28 12:47:55.698772|{rx-258} 1, 0, 0, 3, 259, 259, 0, 0, 0, 0, 0, 1, 0, 1, 1
2025-12-28 12:47:55.705053|{rssi-258} 111, -58, -127, -127, -127, 111, 111, 111, 111, 111, 111, 111, 111, 111, 111, 111, 111, 111, 
2025-12-28 12:47:55.712808|{td-258} 0, -7, 0, 0, 0, 0, 0, 0, 0, 0, 0, 0, 0, 0, 0, 0, 0, 0, 
2025-12-28 12:47:55.717724|{tx-258} :-BBB.............
2025-12-28 12:47:55.888736|{rx-259} 1, 0, 0, 3, 260, 260, 0, 0, 0, 0, 0, 1, 0, 1, 1
2025-12-28 12:47:55.894017|{rssi-259} 111, -58, -127, -127, -127, 111, 111, 111, 111, 111, 111, 111, 111, 111, 111, 111, 111, 111, 
2025-12-28 12:47:55.903786|{td-259} 0, -9, 0, 0, 0, 0, 0, 0, 0, 0, 0, 0, 0, 0, 0, 0, 0, 0, 
2025-12-28 12:47:55.909043|{tx-259} :-BBB.............
2025-12-28 12:47:56.088949|{rx-260} 1, 0, 0, 3, 261, 261, 0, 0, 0, 0, 0, 1, 0, 1, 1
2025-12-28 12:47:56.091674|{rssi-260} 111, -58, -127, -127, -127, 111, 111, 111, 111, 111, 111, 111, 111, 111, 111, 111, 111, 111, 
2025-12-28 12:47:56.096164|{td-260} 0, -7, 0, 0, 0, 0, 0, 0, 0, 0, 0, 0, 0, 0, 0, 0, 0, 0, 
2025-12-28 12:47:56.099030|{tx-260} :-BBB.............
2025-12-28 12:47:56.269551|{rx-261} 1, 0, 0, 3, 262, 262, 0, 0, 0, 0, 0, 1, 0, 1, 1
2025-12-28 12:47:56.272920|{rssi-261} 111, -58, -127, -127, -127, 111, 111, 111, 111, 111, 111, 111, 111, 111, 111, 111, 111, 111, 
2025-12-28 12:47:56.283678|{td-261} 0, -9, 0, 0, 0, 0, 0, 0, 0, 0, 0, 0, 0, 0, 0, 0, 0, 0, 
2025-12-28 12:47:56.288385|{tx-261} :-BBB.............
2025-12-28 12:47:56.459176|{rx-262} 1, 0, 0, 3, 263, 263, 0, 0, 0, 0, 0, 1, 0, 1, 1
2025-12-28 12:47:56.463050|{rssi-262} 111, -58, -127, -127, -127, 111, 111, 111, 111, 111, 111, 111, 111, 111, 111, 111, 111, 111, 
2025-12-28 12:47:56.472123|{td-262} 0, -7, 0, 0, 0, 0, 0, 0, 0, 0, 0, 0, 0, 0, 0, 0, 0, 0, 
2025-12-28 12:47:56.478597|{tx-262} :-BBB.............
2025-12-28 12:47:56.648943|{rx-263} 1, 0, 0, 3, 264, 264, 0, 0, 0, 0, 0, 1, 0, 1, 1
2025-12-28 12:47:56.653089|{rssi-263} 111, -58, -127, -127, -127, 111, 111, 111, 111, 111, 111, 111, 111, 111, 111, 111, 111, 111, 
2025-12-28 12:47:56.663577|{td-263} 0, -9, 0, 0, 0, 0, 0, 0, 0, 0, 0, 0, 0, 0, 0, 0, 0, 0, 
2025-12-28 12:47:56.668644|{tx-263} :-BBB.............
2025-12-28 12:47:56.839156|{rx-264} 1, 0, 0, 3, 265, 265, 0, 0, 0, 0, 0, 1, 0, 1, 1
2025-12-28 12:47:56.844026|{rssi-264} 111, -58, -127, -127, -127, 111, 111, 111, 111, 111, 111, 111, 111, 111, 111, 111, 111, 111, 
2025-12-28 12:47:56.853529|{td-264} 0, -7, 0, 0, 0, 0, 0, 0, 0, 0, 0, 0, 0, 0, 0, 0, 0, 0, 
2025-12-28 12:47:56.858894|{tx-264} :-BBB.............
2025-12-28 12:47:57.028548|{rx-265} 1, 0, 0, 3, 266, 266, 0, 0, 0, 0, 0, 1, 0, 1, 1
2025-12-28 12:47:57.033466|{rssi-265} 111, -58, -127, -127, -127, 111, 111, 111, 111, 111, 111, 111, 111, 111, 111, 111, 111, 111, 
2025-12-28 12:47:57.043797|{td-265} 0, -9, 0, 0, 0, 0, 0, 0, 0, 0, 0, 0, 0, 0, 0, 0, 0, 0, 
2025-12-28 12:47:57.048860|{tx-265} :-BBB.............
2025-12-28 12:47:57.218618|{rx-266} 1, 0, 0, 3, 267, 267, 0, 0, 0, 0, 0, 1, 0, 1, 1
2025-12-28 12:47:57.228637|{rssi-266} 111, -58, -127, -127, -127, 111, 111, 111, 111, 111, 111, 111, 111, 111, 111, 111, 111, 111, 
2025-12-28 12:47:57.232180|{td-266} 0, -9, 0, 0, 0, 0, 0, 0, 0, 0, 0, 0, 0, 0, 0, 0, 0, 0, 
2025-12-28 12:47:57.238886|{tx-266} :-BBB.............
2025-12-28 12:47:57.409052|{rx-267} 1, 0, 0, 3, 268, 268, 0, 0, 0, 0, 0, 1, 0, 1, 1
2025-12-28 12:47:57.413767|{rssi-267} 111, -58, -127, -127, -127, 111, 111, 111, 111, 111, 111, 111, 111, 111, 111, 111, 111, 111, 
2025-12-28 12:47:57.422557|{td-267} 0, -7, 0, 0, 0, 0, 0, 0, 0, 0, 0, 0, 0, 0, 0, 0, 0, 0, 
2025-12-28 12:47:57.428195|{tx-267} :-BBB.............
2025-12-28 12:47:57.598758|{rx-268} 1, 0, 0, 3, 269, 269, 0, 0, 0, 0, 0, 1, 0, 1, 1
2025-12-28 12:47:57.603076|{rssi-268} 111, -58, -127, -127, -127, 111, 111, 111, 111, 111, 111, 111, 111, 111, 111, 111, 111, 111, 
2025-12-28 12:47:57.612517|{td-268} 0, -9, 0, 0, 0, 0, 0, 0, 0, 0, 0, 0, 0, 0, 0, 0, 0, 0, 
2025-12-28 12:47:57.618696|{tx-268} :-BBB.............
2025-12-28 12:47:57.788388|{rx-269} 1, 0, 0, 3, 270, 270, 0, 0, 0, 0, 0, 1, 0, 1, 1
2025-12-28 12:47:57.792611|{rssi-269} 111, -58, -127, -127, -127, 111, 111, 111, 111, 111, 111, 111, 111, 111, 111, 111, 111, 111, 
2025-12-28 12:47:57.803038|{td-269} 0, -7, 0, 0, 0, 0, 0, 0, 0, 0, 0, 0, 0, 0, 0, 0, 0, 0, 
2025-12-28 12:47:57.807554|{tx-269} :-BBB.............
2025-12-28 12:47:57.978882|{rx-270} 1, 0, 0, 3, 271, 271, 0, 0, 0, 0, 0, 1, 0, 1, 1
2025-12-28 12:47:57.983606|{rssi-270} 111, -58, -127, -127, -127, 111, 111, 111, 111, 111, 111, 111, 111, 111, 111, 111, 111, 111, 
2025-12-28 12:47:57.991447|{td-270} 0, -9, 0, 0, 0, 0, 0, 0, 0, 0, 0, 0, 0, 0, 0, 0, 0, 0, 
2025-12-28 12:47:57.998575|{tx-270} :-BBB.............
2025-12-28 12:47:58.168701|{rx-271} 1, 0, 0, 3, 272, 272, 0, 0, 0, 0, 0, 1, 0, 1, 1
2025-12-28 12:47:58.173963|{rssi-271} 111, -58, -127, -127, -127, 111, 111, 111, 111, 111, 111, 111, 111, 111, 111, 111, 111, 111, 
2025-12-28 12:47:58.182631|{td-271} 0, -7, 0, 0, 0, 0, 0, 0, 0, 0, 0, 0, 0, 0, 0, 0, 0, 0, 
2025-12-28 12:47:58.188728|{tx-271} :-BBB.............
2025-12-28 12:47:58.359066|{rx-272} 1, 0, 0, 3, 273, 273, 0, 0, 0, 0, 0, 1, 0, 1, 1
2025-12-28 12:47:58.362694|{rssi-272} 111, -58, -127, -127, -127, 111, 111, 111, 111, 111, 111, 111, 111, 111, 111, 111, 111, 111, 
2025-12-28 12:47:58.372677|{td-272} 0, -7, 0, 0, 0, 0, 0, 0, 0, 0, 0, 0, 0, 0, 0, 0, 0, 0, 
2025-12-28 12:47:58.379007|{tx-272} :-BBB.............
2025-12-28 12:47:58.548516|{rx-273} 1, 0, 0, 3, 274, 274, 0, 0, 0, 0, 0, 1, 0, 1, 1
2025-12-28 12:47:58.553565|{rssi-273} 111, -61, -127, -127, -127, 111, 111, 111, 111, 111, 111, 111, 111, 111, 111, 111, 111, 111, 
2025-12-28 12:47:58.562998|{td-273} 0, -9, 0, 0, 0, 0, 0, 0, 0, 0, 0, 0, 0, 0, 0, 0, 0, 0, 
2025-12-28 12:47:58.568210|{tx-273} :-BBB.............
2025-12-28 12:47:58.738699|{rx-274} 1, 0, 0, 3, 275, 275, 0, 0, 0, 0, 0, 1, 0, 1, 1
2025-12-28 12:47:58.743727|{rssi-274} 111, -58, -127, -127, -127, 111, 111, 111, 111, 111, 111, 111, 111, 111, 111, 111, 111, 111, 
2025-12-28 12:47:58.752668|{td-274} 0, -7, 0, 0, 0, 0, 0, 0, 0, 0, 0, 0, 0, 0, 0, 0, 0, 0, 
2025-12-28 12:47:58.758473|{tx-274} :-BBB.............
2025-12-28 12:47:58.928970|{rx-275} 1, 0, 0, 3, 276, 276, 0, 0, 0, 0, 0, 1, 0, 1, 1
2025-12-28 12:47:58.932437|{rssi-275} 111, -58, -127, -127, -127, 111, 111, 111, 111, 111, 111, 111, 111, 111, 111, 111, 111, 111, 
2025-12-28 12:47:58.942770|{td-275} 0, -9, 0, 0, 0, 0, 0, 0, 0, 0, 0, 0, 0, 0, 0, 0, 0, 0, 
2025-12-28 12:47:58.947934|{tx-275} :-BBB.............
2025-12-28 12:47:59.118782|{rx-276} 1, 0, 0, 3, 277, 277, 0, 0, 0, 0, 0, 1, 0, 1, 1
2025-12-28 12:47:59.123531|{rssi-276} 111, -58, -127, -127, -127, 111, 111, 111, 111, 111, 111, 111, 111, 111, 111, 111, 111, 111, 
2025-12-28 12:47:59.132054|{td-276} 0, -9, 0, 0, 0, 0, 0, 0, 0, 0, 0, 0, 0, 0, 0, 0, 0, 0, 
2025-12-28 12:47:59.138514|{tx-276} :-BBB.............
2025-12-28 12:47:59.308659|{rx-277} 1, 0, 0, 3, 278, 278, 0, 0, 0, 0, 0, 1, 0, 1, 1
2025-12-28 12:47:59.312406|{rssi-277} 111, -61, -127, -127, -127, 111, 111, 111, 111, 111, 111, 111, 111, 111, 111, 111, 111, 111, 
2025-12-28 12:47:59.322790|{td-277} 0, -7, 0, 0, 0, 0, 0, 0, 0, 0, 0, 0, 0, 0, 0, 0, 0, 0, 
2025-12-28 12:47:59.327309|{tx-277} :-BBB.............
2025-12-28 12:47:59.498126|{rx-278} 1, 0, 0, 3, 279, 279, 0, 0, 0, 0, 0, 1, 0, 1, 1
2025-12-28 12:47:59.503939|{rssi-278} 111, -58, -127, -127, -127, 111, 111, 111, 111, 111, 111, 111, 111, 111, 111, 111, 111, 111, 
2025-12-28 12:47:59.511719|{td-278} 0, -9, 0, 0, 0, 0, 0, 0, 0, 0, 0, 0, 0, 0, 0, 0, 0, 0, 
2025-12-28 12:47:59.517719|{tx-278} :-BBB.............
2025-12-28 12:47:59.687214|{rx-279} 1, 0, 0, 3, 280, 280, 0, 0, 0, 0, 0, 1, 0, 1, 1
2025-12-28 12:47:59.693105|{rssi-279} 111, -58, -127, -127, -127, 111, 111, 111, 111, 111, 111, 111, 111, 111, 111, 111, 111, 111, 
2025-12-28 12:47:59.702529|{td-279} 0, -7, 0, 0, 0, 0, 0, 0, 0, 0, 0, 0, 0, 0, 0, 0, 0, 0, 
2025-12-28 12:47:59.707468|{tx-279} :-BBB.............
2025-12-28 12:47:59.878219|{rx-280} 1, 0, 0, 3, 281, 281, 0, 0, 0, 0, 0, 1, 0, 1, 1
2025-12-28 12:47:59.882543|{rssi-280} 111, -58, -127, -127, -127, 111, 111, 111, 111, 111, 111, 111, 111, 111, 111, 111, 111, 111, 
2025-12-28 12:47:59.891927|{td-280} 0, -9, 0, 0, 0, 0, 0, 0, 0, 0, 0, 0, 0, 0, 0, 0, 0, 0, 
2025-12-28 12:47:59.897945|{tx-280} :-BBB.............
2025-12-28 12:48:00.068620|{rx-281} 1, 0, 0, 3, 282, 282, 0, 0, 0, 0, 0, 1, 0, 1, 1
2025-12-28 12:48:00.073079|{rssi-281} 111, -58, -127, -127, -127, 111, 111, 111, 111, 111, 111, 111, 111, 111, 111, 111, 111, 111, 
2025-12-28 12:48:00.082793|{td-281} 0, -7, 0, 0, 0, 0, 0, 0, 0, 0, 0, 0, 0, 0, 0, 0, 0, 0, 
2025-12-28 12:48:00.088471|{tx-281} :-BBB.............
2025-12-28 12:48:00.257873|{rx-282} 1, 0, 0, 3, 283, 283, 0, 0, 0, 0, 0, 1, 0, 1, 1
2025-12-28 12:48:00.262316|{rssi-282} 111, -58, -127, -127, -127, 111, 111, 111, 111, 111, 111, 111, 111, 111, 111, 111, 111, 111, 
2025-12-28 12:48:00.272512|{td-282} 0, -9, 0, 0, 0, 0, 0, 0, 0, 0, 0, 0, 0, 0, 0, 0, 0, 0, 
2025-12-28 12:48:00.277499|{tx-282} :-BBB.............
2025-12-28 12:48:00.448600|{rx-283} 1, 0, 0, 3, 284, 284, 0, 0, 0, 0, 0, 1, 0, 1, 1
2025-12-28 12:48:00.452676|{rssi-283} 111, -58, -127, -127, -127, 111, 111, 111, 111, 111, 111, 111, 111, 111, 111, 111, 111, 111, 
2025-12-28 12:48:00.461732|{td-283} 0, -7, 0, 0, 0, 0, 0, 0, 0, 0, 0, 0, 0, 0, 0, 0, 0, 0, 
2025-12-28 12:48:00.468529|{tx-283} :-BBB.............
2025-12-28 12:48:00.637644|{rx-284} 1, 0, 0, 3, 285, 285, 0, 0, 0, 0, 0, 1, 0, 1, 1
2025-12-28 12:48:00.642965|{rssi-284} 111, -58, -127, -127, -127, 111, 111, 111, 111, 111, 111, 111, 111, 111, 111, 111, 111, 111, 
2025-12-28 12:48:00.652504|{td-284} 0, -9, 0, 0, 0, 0, 0, 0, 0, 0, 0, 0, 0, 0, 0, 0, 0, 0, 
2025-12-28 12:48:00.657048|{tx-284} :-BBB.............
2025-12-28 12:48:00.828100|{rx-285} 1, 0, 0, 3, 286, 286, 0, 0, 0, 0, 0, 1, 0, 1, 1
2025-12-28 12:48:00.832620|{rssi-285} 111, -58, -127, -127, -127, 111, 111, 111, 111, 111, 111, 111, 111, 111, 111, 111, 111, 111, 
2025-12-28 12:48:00.841978|{td-285} 0, -7, 0, 0, 0, 0, 0, 0, 0, 0, 0, 0, 0, 0, 0, 0, 0, 0, 
2025-12-28 12:48:00.847862|{tx-285} :-BBB.............
2025-12-28 12:48:01.017857|{rx-286} 1, 0, 0, 3, 287, 287, 0, 0, 0, 0, 0, 1, 0, 1, 1
2025-12-28 12:48:01.022831|{rssi-286} 111, -58, -127, -127, -127, 111, 111, 111, 111, 111, 111, 111, 111, 111, 111, 111, 111, 111, 
2025-12-28 12:48:01.032461|{td-286} 0, -9, 0, 0, 0, 0, 0, 0, 0, 0, 0, 0, 0, 0, 0, 0, 0, 0, 
2025-12-28 12:48:01.038050|{tx-286} :-BBB.............
2025-12-28 12:48:01.208190|{rx-287} 1, 0, 0, 3, 288, 288, 0, 0, 0, 0, 0, 1, 0, 1, 1
2025-12-28 12:48:01.212177|{rssi-287} 111, -58, -127, -127, -127, 111, 111, 111, 111, 111, 111, 111, 111, 111, 111, 111, 111, 111, 
2025-12-28 12:48:01.222235|{td-287} 0, -7, 0, 0, 0, 0, 0, 0, 0, 0, 0, 0, 0, 0, 0, 0, 0, 0, 
2025-12-28 12:48:01.227116|{tx-287} :-BBB.............
2025-12-28 12:48:01.398517|{rx-288} 1, 0, 0, 3, 289, 289, 0, 0, 0, 0, 0, 1, 0, 1, 1
2025-12-28 12:48:01.402450|{rssi-288} 111, -58, -127, -127, -127, 111, 111, 111, 111, 111, 111, 111, 111, 111, 111, 111, 111, 111, 
2025-12-28 12:48:01.412418|{td-288} 0, -7, 0, 0, 0, 0, 0, 0, 0, 0, 0, 0, 0, 0, 0, 0, 0, 0, 
2025-12-28 12:48:01.418012|{tx-288} :-BBB.............
2025-12-28 12:48:01.588108|{rx-289} 1, 0, 0, 3, 290, 290, 0, 0, 0, 0, 0, 1, 0, 1, 1
2025-12-28 12:48:01.592032|{rssi-289} 111, -58, -127, -127, -127, 111, 111, 111, 111, 111, 111, 111, 111, 111, 111, 111, 111, 111, 
2025-12-28 12:48:01.601930|{td-289} 0, -9, 0, 0, 0, 0, 0, 0, 0, 0, 0, 0, 0, 0, 0, 0, 0, 0, 
2025-12-28 12:48:01.606754|{tx-289} :-BBB.............
2025-12-28 12:48:01.778131|{rx-290} 1, 0, 0, 3, 291, 291, 0, 0, 0, 0, 0, 1, 0, 1, 1
2025-12-28 12:48:01.782358|{rssi-290} 111, -58, -127, -127, -127, 111, 111, 111, 111, 111, 111, 111, 111, 111, 111, 111, 111, 111, 
2025-12-28 12:48:01.791756|{td-290} 0, -9, 0, 0, 0, 0, 0, 0, 0, 0, 0, 0, 0, 0, 0, 0, 0, 0, 
2025-12-28 12:48:01.797488|{tx-290} :-BBB.............
2025-12-28 12:48:01.967490|{rx-291} 1, 0, 0, 3, 292, 292, 0, 0, 0, 0, 0, 1, 0, 1, 1
2025-12-28 12:48:01.973079|{rssi-291} 111, -58, -127, -127, -127, 111, 111, 111, 111, 111, 111, 111, 111, 111, 111, 111, 111, 111, 
2025-12-28 12:48:01.981605|{td-291} 0, -7, 0, 0, 0, 0, 0, 0, 0, 0, 0, 0, 0, 0, 0, 0, 0, 0, 
2025-12-28 12:48:01.987490|{tx-291} :-BBB.............
2025-12-28 12:48:02.157611|{rx-292} 1, 0, 0, 3, 293, 293, 0, 0, 0, 0, 0, 1, 0, 1, 1
2025-12-28 12:48:02.161812|{rssi-292} 111, -58, -127, -127, -127, 111, 111, 111, 111, 111, 111, 111, 111, 111, 111, 111, 111, 111, 
2025-12-28 12:48:02.171951|{td-292} 0, -9, 0, 0, 0, 0, 0, 0, 0, 0, 0, 0, 0, 0, 0, 0, 0, 0, 
2025-12-28 12:48:02.177047|{tx-292} :-BBB.............
2025-12-28 12:48:02.348871|{rx-293} 1, 0, 0, 3, 294, 294, 0, 0, 0, 0, 0, 1, 0, 1, 1
2025-12-28 12:48:02.355011|{rssi-293} 111, -58, -127, -127, -127, 111, 111, 111, 111, 111, 111, 111, 111, 111, 111, 111, 111, 111, 
2025-12-28 12:48:02.362088|{td-293} 0, -7, 0, 0, 0, 0, 0, 0, 0, 0, 0, 0, 0, 0, 0, 0, 0, 0, 
2025-12-28 12:48:02.367279|{tx-293} :-BBB.............
2025-12-28 12:48:02.538140|{rx-294} 1, 0, 0, 3, 295, 295, 0, 0, 0, 0, 0, 1, 0, 1, 1
2025-12-28 12:48:02.542726|{rssi-294} 111, -58, -127, -127, -127, 111, 111, 111, 111, 111, 111, 111, 111, 111, 111, 111, 111, 111, 
2025-12-28 12:48:02.552165|{td-294} 0, -9, 0, 0, 0, 0, 0, 0, 0, 0, 0, 0, 0, 0, 0, 0, 0, 0, 
2025-12-28 12:48:02.557230|{tx-294} :-BBB.............
2025-12-28 12:48:02.727478|{rx-295} 1, 0, 0, 3, 296, 296, 0, 0, 0, 0, 0, 1, 0, 1, 1
2025-12-28 12:48:02.732512|{rssi-295} 111, -58, -127, -127, -127, 111, 111, 111, 111, 111, 111, 111, 111, 111, 111, 111, 111, 111, 
2025-12-28 12:48:02.741013|{td-295} 0, -7, 0, 0, 0, 0, 0, 0, 0, 0, 0, 0, 0, 0, 0, 0, 0, 0, 
2025-12-28 12:48:02.748396|{tx-295} :-BBB.............
2025-12-28 12:48:02.918192|{rx-296} 1, 0, 0, 3, 297, 297, 0, 0, 0, 0, 0, 1, 0, 1, 1
2025-12-28 12:48:02.922321|{rssi-296} 111, -58, -127, -127, -127, 111, 111, 111, 111, 111, 111, 111, 111, 111, 111, 111, 111, 111, 
2025-12-28 12:48:02.931141|{td-296} 0, -9, 0, 0, 0, 0, 0, 0, 0, 0, 0, 0, 0, 0, 0, 0, 0, 0, 
2025-12-28 12:48:02.937450|{tx-296} :-BBB.............
2025-12-28 12:48:03.107766|{rx-297} 1, 0, 0, 3, 298, 298, 0, 0, 0, 0, 0, 1, 0, 1, 1
2025-12-28 12:48:03.112579|{rssi-297} 111, -58, -127, -127, -127, 111, 111, 111, 111, 111, 111, 111, 111, 111, 111, 111, 111, 111, 
2025-12-28 12:48:03.121522|{td-297} 0, -7, 0, 0, 0, 0, 0, 0, 0, 0, 0, 0, 0, 0, 0, 0, 0, 0, 
2025-12-28 12:48:03.126606|{tx-297} :-BBB.............
2025-12-28 12:48:03.298259|{rx-298} 1, 0, 0, 3, 299, 299, 0, 0, 0, 0, 0, 1, 0, 1, 1
2025-12-28 12:48:03.302572|{rssi-298} 111, -58, -127, -127, -127, 111, 111, 111, 111, 111, 111, 111, 111, 111, 111, 111, 111, 111, 
2025-12-28 12:48:03.312190|{td-298} 0, -9, 0, 0, 0, 0, 0, 0, 0, 0, 0, 0, 0, 0, 0, 0, 0, 0, 
2025-12-28 12:48:03.317069|{tx-298} :-BBB.............
2025-12-28 12:48:03.487223|{rx-299} 1, 0, 0, 3, 300, 300, 0, 0, 0, 0, 0, 1, 0, 1, 1
2025-12-28 12:48:03.492592|{rssi-299} 111, -58, -127, -127, -127, 111, 111, 111, 111, 111, 111, 111, 111, 111, 111, 111, 111, 111, 
2025-12-28 12:48:03.501721|{td-299} 0, -7, 0, 0, 0, 0, 0, 0, 0, 0, 0, 0, 0, 0, 0, 0, 0, 0, 
2025-12-28 12:48:03.506818|{tx-299} :-BBB.............
2025-12-28 12:48:03.678096|{rx-300} 1, 0, 0, 3, 301, 301, 0, 0, 0, 0, 0, 1, 0, 1, 1
2025-12-28 12:48:03.682875|{rssi-300} 111, -58, -127, -127, -127, 111, 111, 111, 111, 111, 111, 111, 111, 111, 111, 111, 111, 111, 
2025-12-28 12:48:03.691606|{td-300} 0, -9, 0, 0, 0, 0, 0, 0, 0, 0, 0, 0, 0, 0, 0, 0, 0, 0, 
2025-12-28 12:48:03.697558|{tx-300} :-BBB.............
2025-12-28 12:48:03.869088|{rx-301} 1, 0, 0, 3, 302, 302, 0, 0, 0, 0, 0, 1, 0, 1, 1
2025-12-28 12:48:03.871440|{rssi-301} 111, -58, -127, -127, -127, 111, 111, 111, 111, 111, 111, 111, 111, 111, 111, 111, 111, 111, 
2025-12-28 12:48:03.882130|{td-301} 0, -7, 0, 0, 0, 0, 0, 0, 0, 0, 0, 0, 0, 0, 0, 0, 0, 0, 
2025-12-28 12:48:03.886840|{tx-301} :-BBB.............
2025-12-28 12:48:04.057374|{rx-302} 1, 0, 0, 3, 303, 303, 0, 0, 0, 0, 0, 1, 0, 1, 1
2025-12-28 12:48:04.061183|{rssi-302} 111, -58, -127, -127, -127, 111, 111, 111, 111, 111, 111, 111, 111, 111, 111, 111, 111, 111, 
2025-12-28 12:48:04.071684|{td-302} 0, -9, 0, 0, 0, 0, 0, 0, 0, 0, 0, 0, 0, 0, 0, 0, 0, 0, 
2025-12-28 12:48:04.077529|{tx-302} :-BBB.............
2025-12-28 12:48:04.248178|{rx-303} 1, 0, 0, 3, 304, 304, 0, 0, 0, 0, 0, 1, 0, 1, 1
2025-12-28 12:48:04.252036|{rssi-303} 111, -58, -127, -127, -127, 111, 111, 111, 111, 111, 111, 111, 111, 111, 111, 111, 111, 111, 
2025-12-28 12:48:04.261700|{td-303} 0, -7, 0, 0, 0, 0, 0, 0, 0, 0, 0, 0, 0, 0, 0, 0, 0, 0, 
2025-12-28 12:48:04.267471|{tx-303} :-BBB.............
2025-12-28 12:48:04.437735|{rx-304} 1, 0, 0, 3, 305, 305, 0, 0, 0, 0, 0, 1, 0, 1, 1
2025-12-28 12:48:04.441347|{rssi-304} 111, -58, -127, -127, -127, 111, 111, 111, 111, 111, 111, 111, 111, 111, 111, 111, 111, 111, 
2025-12-28 12:48:04.452143|{td-304} 0, -9, 0, 0, 0, 0, 0, 0, 0, 0, 0, 0, 0, 0, 0, 0, 0, 0, 
2025-12-28 12:48:04.456431|{tx-304} :-BBB.............
2025-12-28 12:48:04.627473|{rx-305} 1, 0, 0, 3, 306, 306, 0, 0, 0, 0, 0, 1, 0, 1, 1
2025-12-28 12:48:04.632188|{rssi-305} 111, -58, -127, -127, -127, 111, 111, 111, 111, 111, 111, 111, 111, 111, 111, 111, 111, 111, 
2025-12-28 12:48:04.641822|{td-305} 0, -7, 0, 0, 0, 0, 0, 0, 0, 0, 0, 0, 0, 0, 0, 0, 0, 0, 
2025-12-28 12:48:04.646825|{tx-305} :-BBB.............
2025-12-28 12:48:04.816378|{rx-306} 1, 0, 0, 3, 307, 307, 0, 0, 0, 0, 0, 1, 0, 1, 1
2025-12-28 12:48:04.821631|{rssi-306} 111, -58, -127, -127, -127, 111, 111, 111, 111, 111, 111, 111, 111, 111, 111, 111, 111, 111, 
2025-12-28 12:48:04.831462|{td-306} 0, -9, 0, 0, 0, 0, 0, 0, 0, 0, 0, 0, 0, 0, 0, 0, 0, 0, 
2025-12-28 12:48:04.837012|{tx-306} :-BBB.............
2025-12-28 12:48:05.006707|{rx-307} 1, 0, 0, 3, 308, 308, 0, 0, 0, 0, 0, 1, 0, 1, 1
2025-12-28 12:48:05.012405|{rssi-307} 111, -58, -127, -127, -127, 111, 111, 111, 111, 111, 111, 111, 111, 111, 111, 111, 111, 111, 
2025-12-28 12:48:05.021543|{td-307} 0, -7, 0, 0, 0, 0, 0, 0, 0, 0, 0, 0, 0, 0, 0, 0, 0, 0, 
2025-12-28 12:48:05.026503|{tx-307} :-BBB.............
2025-12-28 12:48:05.197117|{rx-308} 1, 0, 0, 3, 309, 309, 0, 0, 0, 0, 0, 1, 0, 1, 1
2025-12-28 12:48:05.201864|{rssi-308} 111, -58, -127, -127, -127, 111, 111, 111, 111, 111, 111, 111, 111, 111, 111, 111, 111, 111, 
2025-12-28 12:48:05.211940|{td-308} 0, -9, 0, 0, 0, 0, 0, 0, 0, 0, 0, 0, 0, 0, 0, 0, 0, 0, 
2025-12-28 12:48:05.216961|{tx-308} :-BBB.............
2025-12-28 12:48:05.387547|{rx-309} 1, 0, 0, 3, 310, 310, 0, 0, 0, 0, 0, 1, 0, 1, 1
2025-12-28 12:48:05.391781|{rssi-309} 111, -58, -127, -127, -127, 111, 111, 111, 111, 111, 111, 111, 111, 111, 111, 111, 111, 111, 
2025-12-28 12:48:05.401498|{td-309} 0, -7, 0, 0, 0, 0, 0, 0, 0, 0, 0, 0, 0, 0, 0, 0, 0, 0, 
2025-12-28 12:48:05.406288|{tx-309} :-BBB.............
2025-12-28 12:48:05.577056|{rx-310} 1, 0, 0, 3, 311, 311, 0, 0, 0, 0, 0, 1, 0, 1, 1
2025-12-28 12:48:05.581906|{rssi-310} 111, -58, -127, -127, -127, 111, 111, 111, 111, 111, 111, 111, 111, 111, 111, 111, 111, 111, 
2025-12-28 12:48:05.591428|{td-310} 0, -7, 0, 0, 0, 0, 0, 0, 0, 0, 0, 0, 0, 0, 0, 0, 0, 0, 
2025-12-28 12:48:05.597308|{tx-310} :-BBB.............
2025-12-28 12:48:05.766824|{rx-311} 1, 0, 0, 3, 312, 312, 0, 0, 0, 0, 0, 1, 0, 1, 1
2025-12-28 12:48:05.772092|{rssi-311} 111, -58, -127, -127, -127, 111, 111, 111, 111, 111, 111, 111, 111, 111, 111, 111, 111, 111, 
2025-12-28 12:48:05.781437|{td-311} 0, -9, 0, 0, 0, 0, 0, 0, 0, 0, 0, 0, 0, 0, 0, 0, 0, 0, 
2025-12-28 12:48:05.787528|{tx-311} :-BBB.............
2025-12-28 12:48:05.956900|{rx-312} 1, 0, 0, 3, 313, 313, 0, 0, 0, 0, 0, 1, 0, 1, 1
2025-12-28 12:48:05.961421|{rssi-312} 111, -58, -127, -127, -127, 111, 111, 111, 111, 111, 111, 111, 111, 111, 111, 111, 111, 111, 
2025-12-28 12:48:05.971537|{td-312} 0, -9, 0, 0, 0, 0, 0, 0, 0, 0, 0, 0, 0, 0, 0, 0, 0, 0, 
2025-12-28 12:48:05.976392|{tx-312} :-BBB.............
2025-12-28 12:48:06.146334|{rx-313} 1, 0, 0, 3, 314, 314, 0, 0, 0, 0, 0, 1, 0, 1, 1
2025-12-28 12:48:06.151449|{rssi-313} 111, -58, -127, -127, -127, 111, 111, 111, 111, 111, 111, 111, 111, 111, 111, 111, 111, 111, 
2025-12-28 12:48:06.160943|{td-313} 0, -7, 0, 0, 0, 0, 0, 0, 0, 0, 0, 0, 0, 0, 0, 0, 0, 0, 
2025-12-28 12:48:06.165871|{tx-313} :-BBB.............
2025-12-28 12:48:06.336232|{rx-314} 1, 0, 0, 3, 315, 315, 0, 0, 0, 0, 0, 1, 0, 1, 1
2025-12-28 12:48:06.341859|{rssi-314} 111, -58, -127, -127, -127, 111, 111, 111, 111, 111, 111, 111, 111, 111, 111, 111, 111, 111, 
2025-12-28 12:48:06.350669|{td-314} 0, -9, 0, 0, 0, 0, 0, 0, 0, 0, 0, 0, 0, 0, 0, 0, 0, 0, 
2025-12-28 12:48:06.355678|{tx-314} :-BBB.............
2025-12-28 12:48:06.526474|{rx-315} 1, 0, 0, 3, 316, 316, 0, 0, 0, 0, 0, 1, 0, 1, 1
2025-12-28 12:48:06.532115|{rssi-315} 111, -61, -127, -127, -127, 111, 111, 111, 111, 111, 111, 111, 111, 111, 111, 111, 111, 111, 
2025-12-28 12:48:06.541418|{td-315} 0, -7, 0, 0, 0, 0, 0, 0, 0, 0, 0, 0, 0, 0, 0, 0, 0, 0, 
2025-12-28 12:48:06.546964|{tx-315} :-BBB.............
2025-12-28 12:48:06.717524|{rx-316} 1, 0, 0, 3, 317, 317, 0, 0, 0, 0, 0, 1, 0, 1, 1
2025-12-28 12:48:06.722300|{rssi-316} 111, -58, -127, -127, -127, 111, 111, 111, 111, 111, 111, 111, 111, 111, 111, 111, 111, 111, 
2025-12-28 12:48:06.730888|{td-316} 0, -9, 0, 0, 0, 0, 0, 0, 0, 0, 0, 0, 0, 0, 0, 0, 0, 0, 
2025-12-28 12:48:06.735830|{tx-316} :-BBB.............
2025-12-28 12:48:06.907209|{rx-317} 1, 0, 0, 3, 318, 318, 0, 0, 0, 0, 0, 1, 0, 1, 1
2025-12-28 12:48:06.911360|{rssi-317} 111, -58, -127, -127, -127, 111, 111, 111, 111, 111, 111, 111, 111, 111, 111, 111, 111, 111, 
2025-12-28 12:48:06.920921|{td-317} 0, -7, 0, 0, 0, 0, 0, 0, 0, 0, 0, 0, 0, 0, 0, 0, 0, 0, 
2025-12-28 12:48:06.926895|{tx-317} :-BBB.............
2025-12-28 12:48:07.096261|{rx-318} 1, 0, 0, 3, 319, 319, 0, 0, 0, 0, 0, 1, 0, 1, 1
2025-12-28 12:48:07.101956|{rssi-318} 111, -58, -127, -127, -127, 111, 111, 111, 111, 111, 111, 111, 111, 111, 111, 111, 111, 111, 
2025-12-28 12:48:07.111078|{td-318} 0, -9, 0, 0, 0, 0, 0, 0, 0, 0, 0, 0, 0, 0, 0, 0, 0, 0, 
2025-12-28 12:48:07.116793|{tx-318} :-BBB.............
2025-12-28 12:48:07.286674|{rx-319} 1, 0, 0, 3, 320, 320, 0, 0, 0, 0, 0, 1, 0, 1, 1
2025-12-28 12:48:07.291083|{rssi-319} 111, -58, -127, -127, -127, 111, 111, 111, 111, 111, 111, 111, 111, 111, 111, 111, 111, 111, 
2025-12-28 12:48:07.300964|{td-319} 0, -7, 0, 0, 0, 0, 0, 0, 0, 0, 0, 0, 0, 0, 0, 0, 0, 0, 
2025-12-28 12:48:07.306350|{tx-319} :-BBB.............
2025-12-28 12:48:07.477480|{rx-320} 1, 0, 0, 3, 321, 321, 0, 0, 0, 0, 0, 1, 0, 1, 1
2025-12-28 12:48:07.483432|{rssi-320} 111, -58, -127, -127, -127, 111, 111, 111, 111, 111, 111, 111, 111, 111, 111, 111, 111, 111, 
2025-12-28 12:48:07.490918|{td-320} 0, -9, 0, 0, 0, 0, 0, 0, 0, 0, 0, 0, 0, 0, 0, 0, 0, 0, 
2025-12-28 12:48:07.495470|{tx-320} :-BBB.............
2025-12-28 12:48:07.667037|{rx-321} 1, 0, 0, 3, 322, 322, 0, 0, 0, 0, 0, 1, 0, 1, 1
2025-12-28 12:48:07.671071|{rssi-321} 111, -58, -127, -127, -127, 111, 111, 111, 111, 111, 111, 111, 111, 111, 111, 111, 111, 111, 
2025-12-28 12:48:07.680732|{td-321} 0, -7, 0, 0, 0, 0, 0, 0, 0, 0, 0, 0, 0, 0, 0, 0, 0, 0, 
2025-12-28 12:48:07.686198|{tx-321} :-BBB.............
2025-12-28 12:48:07.856650|{rx-322} 1, 0, 0, 3, 323, 323, 0, 0, 0, 0, 0, 1, 0, 1, 1
2025-12-28 12:48:07.861483|{rssi-322} 111, -58, -127, -127, -127, 111, 111, 111, 111, 111, 111, 111, 111, 111, 111, 111, 111, 111, 
2025-12-28 12:48:07.872026|{td-322} 0, -9, 0, 0, 0, 0, 0, 0, 0, 0, 0, 0, 0, 0, 0, 0, 0, 0, 
2025-12-28 12:48:07.876329|{tx-322} :-BBB.............
2025-12-28 12:48:08.046856|{rx-323} 1, 0, 0, 3, 324, 324, 0, 0, 0, 0, 0, 1, 0, 1, 1
2025-12-28 12:48:08.051768|{rssi-323} 111, -58, -127, -127, -127, 111, 111, 111, 111, 111, 111, 111, 111, 111, 111, 111, 111, 111, 
2025-12-28 12:48:08.061334|{td-323} 0, -7, 0, 0, 0, 0, 0, 0, 0, 0, 0, 0, 0, 0, 0, 0, 0, 0, 
2025-12-28 12:48:08.066673|{tx-323} :-BBB.............
2025-12-28 12:48:08.236533|{rx-324} 1, 0, 0, 3, 325, 325, 0, 0, 0, 0, 0, 1, 0, 1, 1
2025-12-28 12:48:08.241558|{rssi-324} 111, -58, -127, -127, -127, 111, 111, 111, 111, 111, 111, 111, 111, 111, 111, 111, 111, 111, 
2025-12-28 12:48:08.250603|{td-324} 0, -9, 0, 0, 0, 0, 0, 0, 0, 0, 0, 0, 0, 0, 0, 0, 0, 0, 
2025-12-28 12:48:08.256141|{tx-324} :-BBB.............
2025-12-28 12:48:08.427204|{rx-325} 1, 0, 0, 3, 326, 326, 0, 0, 0, 0, 0, 1, 0, 1, 1
2025-12-28 12:48:08.431537|{rssi-325} 111, -58, -127, -127, -127, 111, 111, 111, 111, 111, 111, 111, 111, 111, 111, 111, 111, 111, 
2025-12-28 12:48:08.441036|{td-325} 0, -7, 0, 0, 0, 0, 0, 0, 0, 0, 0, 0, 0, 0, 0, 0, 0, 0, 
2025-12-28 12:48:08.447599|{tx-325} :-BBB.............
2025-12-28 12:48:08.616808|{rx-326} 1, 0, 0, 3, 327, 327, 0, 0, 0, 0, 0, 1, 0, 1, 1
2025-12-28 12:48:08.621076|{rssi-326} 111, -58, -127, -127, -127, 111, 111, 111, 111, 111, 111, 111, 111, 111, 111, 111, 111, 111, 
2025-12-28 12:48:08.630794|{td-326} 0, -9, 0, 0, 0, 0, 0, 0, 0, 0, 0, 0, 0, 0, 0, 0, 0, 0, 
2025-12-28 12:48:08.635276|{tx-326} :-BBB.............
2025-12-28 12:48:08.807300|{rx-327} 1, 0, 0, 3, 328, 328, 0, 0, 0, 0, 0, 1, 0, 1, 1
2025-12-28 12:48:08.811527|{rssi-327} 111, -61, -127, -127, -127, 111, 111, 111, 111, 111, 111, 111, 111, 111, 111, 111, 111, 111, 
2025-12-28 12:48:08.820050|{td-327} 0, -7, 0, 0, 0, 0, 0, 0, 0, 0, 0, 0, 0, 0, 0, 0, 0, 0, 
2025-12-28 12:48:08.825505|{tx-327} :-BBB.............
2025-12-28 12:48:08.998057|{rx-328} 1, 0, 0, 3, 329, 329, 0, 0, 0, 0, 0, 1, 0, 1, 1
2025-12-28 12:48:09.001754|{rssi-328} 111, -58, -127, -127, -127, 111, 111, 111, 111, 111, 111, 111, 111, 111, 111, 111, 111, 111, 
2025-12-28 12:48:09.010952|{td-328} 0, -9, 0, 0, 0, 0, 0, 0, 0, 0, 0, 0, 0, 0, 0, 0, 0, 0, 
2025-12-28 12:48:09.017089|{tx-328} :-BBB.............
2025-12-28 12:48:09.186433|{rx-329} 1, 0, 0, 3, 330, 330, 0, 0, 0, 0, 0, 1, 0, 1, 1
2025-12-28 12:48:09.191503|{rssi-329} 111, -58, -127, -127, -127, 111, 111, 111, 111, 111, 111, 111, 111, 111, 111, 111, 111, 111, 
2025-12-28 12:48:09.200882|{td-329} 0, -7, 0, 0, 0, 0, 0, 0, 0, 0, 0, 0, 0, 0, 0, 0, 0, 0, 
2025-12-28 12:48:09.207213|{tx-329} :-BBB.............
2025-12-28 12:48:09.377178|{rx-330} 1, 0, 0, 3, 331, 331, 0, 0, 0, 0, 0, 1, 0, 1, 1
2025-12-28 12:48:09.380702|{rssi-330} 111, -58, -127, -127, -127, 111, 111, 111, 111, 111, 111, 111, 111, 111, 111, 111, 111, 111, 
2025-12-28 12:48:09.390691|{td-330} 0, -9, 0, 0, 0, 0, 0, 0, 0, 0, 0, 0, 0, 0, 0, 0, 0, 0, 
2025-12-28 12:48:09.396649|{tx-330} :-BBB.............
2025-12-28 12:48:09.567717|{rx-331} 1, 0, 0, 3, 332, 332, 0, 0, 0, 0, 0, 1, 0, 1, 1
2025-12-28 12:48:09.571908|{rssi-331} 111, -58, -127, -127, -127, 111, 111, 111, 111, 111, 111, 111, 111, 111, 111, 111, 111, 111, 
2025-12-28 12:48:09.580462|{td-331} 0, -7, 0, 0, 0, 0, 0, 0, 0, 0, 0, 0, 0, 0, 0, 0, 0, 0, 
2025-12-28 12:48:09.586697|{tx-331} :-BBB.............
2025-12-28 12:48:09.756746|{rx-332} 1, 0, 0, 3, 333, 333, 0, 0, 0, 0, 0, 1, 0, 1, 1
2025-12-28 12:48:09.761231|{rssi-332} 111, -58, -127, -127, -127, 111, 111, 111, 111, 111, 111, 111, 111, 111, 111, 111, 111, 111, 
2025-12-28 12:48:09.770923|{td-332} 0, -9, 0, 0, 0, 0, 0, 0, 0, 0, 0, 0, 0, 0, 0, 0, 0, 0, 
2025-12-28 12:48:09.775863|{tx-332} :-BBB.............
2025-12-28 12:48:09.945839|{rx-333} 1, 0, 0, 3, 334, 334, 0, 0, 0, 0, 0, 1, 0, 1, 1
2025-12-28 12:48:09.950498|{rssi-333} 111, -58, -127, -127, -127, 111, 111, 111, 111, 111, 111, 111, 111, 111, 111, 111, 111, 111, 
2025-12-28 12:48:09.960533|{td-333} 0, -9, 0, 0, 0, 0, 0, 0, 0, 0, 0, 0, 0, 0, 0, 0, 0, 0, 
2025-12-28 12:48:09.966686|{tx-333} :-BBB.............
2025-12-28 12:48:10.135962|{rx-334} 1, 0, 0, 3, 335, 335, 0, 0, 0, 0, 0, 1, 0, 1, 1
2025-12-28 12:48:10.141042|{rssi-334} 111, -58, -127, -127, -127, 111, 111, 111, 111, 111, 111, 111, 111, 111, 111, 111, 111, 111, 
2025-12-28 12:48:10.150681|{td-334} 0, -7, 0, 0, 0, 0, 0, 0, 0, 0, 0, 0, 0, 0, 0, 0, 0, 0, 
2025-12-28 12:48:10.156504|{tx-334} :-BBB.............
2025-12-28 12:48:10.325608|{rx-335} 1, 0, 0, 3, 336, 336, 0, 0, 0, 0, 0, 1, 0, 1, 1
2025-12-28 12:48:10.331402|{rssi-335} 111, -58, -127, -127, -127, 111, 111, 111, 111, 111, 111, 111, 111, 111, 111, 111, 111, 111, 
2025-12-28 12:48:10.340849|{td-335} 0, -9, 0, 0, 0, 0, 0, 0, 0, 0, 0, 0, 0, 0, 0, 0, 0, 0, 
2025-12-28 12:48:10.346157|{tx-335} :-BBB.............
2025-12-28 12:48:10.515410|{rx-336} 1, 0, 0, 3, 337, 337, 0, 0, 0, 0, 0, 1, 0, 1, 1
2025-12-28 12:48:10.520577|{rssi-336} 111, -58, -127, -127, -127, 111, 111, 111, 111, 111, 111, 111, 111, 111, 111, 111, 111, 111, 
2025-12-28 12:48:10.529660|{td-336} 0, -7, 0, 0, 0, 0, 0, 0, 0, 0, 0, 0, 0, 0, 0, 0, 0, 0, 
2025-12-28 12:48:10.535674|{tx-336} :-BBB.............
2025-12-28 12:48:10.706062|{rx-337} 1, 0, 0, 3, 338, 338, 0, 0, 0, 0, 0, 1, 0, 1, 1
2025-12-28 12:48:10.712612|{rssi-337} 111, -58, -127, -127, -127, 111, 111, 111, 111, 111, 111, 111, 111, 111, 111, 111, 111, 111, 
2025-12-28 12:48:10.720808|{td-337} 0, -9, 0, 0, 0, 0, 0, 0, 0, 0, 0, 0, 0, 0, 0, 0, 0, 0, 
2025-12-28 12:48:10.726482|{tx-337} :-BBB.............
2025-12-28 12:48:10.896718|{rx-338} 1, 0, 0, 3, 339, 339, 0, 0, 0, 0, 0, 1, 0, 1, 1
2025-12-28 12:48:10.902626|{rssi-338} 111, -58, -127, -127, -127, 111, 111, 111, 111, 111, 111, 111, 111, 111, 111, 111, 111, 111, 
2025-12-28 12:48:10.910209|{td-338} 0, -7, 0, 0, 0, 0, 0, 0, 0, 0, 0, 0, 0, 0, 0, 0, 0, 0, 
2025-12-28 12:48:10.917184|{tx-338} :-BBB.............
2025-12-28 12:48:11.086092|{rx-339} 1, 0, 0, 3, 340, 340, 0, 0, 0, 0, 0, 1, 0, 1, 1
2025-12-28 12:48:11.090406|{rssi-339} 111, -58, -127, -127, -127, 111, 111, 111, 111, 111, 111, 111, 111, 111, 111, 111, 111, 111, 
2025-12-28 12:48:11.100521|{td-339} 0, -7, 0, 0, 0, 0, 0, 0, 0, 0, 0, 0, 0, 0, 0, 0, 0, 0, 
2025-12-28 12:48:11.106332|{tx-339} :-BBB.............
2025-12-28 12:48:11.276891|{rx-340} 1, 0, 0, 3, 341, 341, 0, 0, 0, 0, 0, 1, 0, 1, 1
2025-12-28 12:48:11.280490|{rssi-340} 111, -58, -127, -127, -127, 111, 111, 111, 111, 111, 111, 111, 111, 111, 111, 111, 111, 111, 
2025-12-28 12:48:11.290418|{td-340} 0, -9, 0, 0, 0, 0, 0, 0, 0, 0, 0, 0, 0, 0, 0, 0, 0, 0, 
2025-12-28 12:48:11.295175|{tx-340} :-BBB.............
2025-12-28 12:48:11.465446|{rx-341} 1, 0, 0, 3, 342, 342, 0, 0, 0, 0, 0, 1, 0, 1, 1
2025-12-28 12:48:11.470590|{rssi-341} 111, -58, -127, -127, -127, 111, 111, 111, 111, 111, 111, 111, 111, 111, 111, 111, 111, 111, 
2025-12-28 12:48:11.480045|{td-341} 0, -7, 0, 0, 0, 0, 0, 0, 0, 0, 0, 0, 0, 0, 0, 0, 0, 0, 
2025-12-28 12:48:11.486075|{tx-341} :-BBB.............
2025-12-28 12:48:11.655851|{rx-342} 1, 0, 0, 3, 343, 343, 0, 0, 0, 0, 0, 1, 0, 1, 1
2025-12-28 12:48:11.660064|{rssi-342} 111, -58, -127, -127, -127, 111, 111, 111, 111, 111, 111, 111, 111, 111, 111, 111, 111, 111, 
2025-12-28 12:48:11.669642|{td-342} 0, -9, 0, 0, 0, 0, 0, 0, 0, 0, 0, 0, 0, 0, 0, 0, 0, 0, 
2025-12-28 12:48:11.675674|{tx-342} :-BBB.............
2025-12-28 12:48:11.846262|{rx-343} 1, 0, 0, 3, 344, 344, 0, 0, 0, 0, 0, 1, 0, 1, 1
2025-12-28 12:48:11.850282|{rssi-343} 111, -58, -127, -127, -127, 111, 111, 111, 111, 111, 111, 111, 111, 111, 111, 111, 111, 111, 
2025-12-28 12:48:11.859582|{td-343} 0, -7, 0, 0, 0, 0, 0, 0, 0, 0, 0, 0, 0, 0, 0, 0, 0, 0, 
2025-12-28 12:48:11.865345|{tx-343} :-BBB.............
2025-12-28 12:48:12.036362|{rx-344} 1, 0, 0, 3, 345, 345, 0, 0, 0, 0, 0, 1, 0, 1, 1
2025-12-28 12:48:12.040978|{rssi-344} 111, -58, -127, -127, -127, 111, 111, 111, 111, 111, 111, 111, 111, 111, 111, 111, 111, 111, 
2025-12-28 12:48:12.050442|{td-344} 0, -9, 0, 0, 0, 0, 0, 0, 0, 0, 0, 0, 0, 0, 0, 0, 0, 0, 
2025-12-28 12:48:12.056145|{tx-344} :-BBB.............
2025-12-28 12:48:12.226272|{rx-345} 1, 0, 0, 3, 346, 346, 0, 0, 0, 0, 0, 1, 0, 1, 1
2025-12-28 12:48:12.231015|{rssi-345} 111, -58, -127, -127, -127, 111, 111, 111, 111, 111, 111, 111, 111, 111, 111, 111, 111, 111, 
2025-12-28 12:48:12.240338|{td-345} 0, -9, 0, 0, 0, 0, 0, 0, 0, 0, 0, 0, 0, 0, 0, 0, 0, 0, 
2025-12-28 12:48:12.244953|{tx-345} :-BBB.............
2025-12-28 12:48:12.415386|{rx-346} 1, 0, 0, 3, 347, 347, 0, 0, 0, 0, 0, 1, 0, 1, 1
2025-12-28 12:48:12.421071|{rssi-346} 111, -58, -127, -127, -127, 111, 111, 111, 111, 111, 111, 111, 111, 111, 111, 111, 111, 111, 
2025-12-28 12:48:12.429894|{td-346} 0, -7, 0, 0, 0, 0, 0, 0, 0, 0, 0, 0, 0, 0, 0, 0, 0, 0, 
2025-12-28 12:48:12.435196|{tx-346} :-BBB.............
2025-12-28 12:48:12.605557|{rx-347} 1, 0, 0, 3, 348, 348, 0, 0, 0, 0, 0, 1, 0, 1, 1
2025-12-28 12:48:12.611856|{rssi-347} 111, -58, -127, -127, -127, 111, 111, 111, 111, 111, 111, 111, 111, 111, 111, 111, 111, 111, 
2025-12-28 12:48:12.620319|{td-347} 0, -9, 0, 0, 0, 0, 0, 0, 0, 0, 0, 0, 0, 0, 0, 0, 0, 0, 
2025-12-28 12:48:12.626168|{tx-347} :-BBB.............
2025-12-28 12:48:12.795961|{rx-348} 1, 0, 0, 3, 349, 349, 0, 0, 0, 0, 0, 1, 0, 1, 1
2025-12-28 12:48:12.800945|{rssi-348} 111, -58, -127, -127, -127, 111, 111, 111, 111, 111, 111, 111, 111, 111, 111, 111, 111, 111, 
2025-12-28 12:48:12.810057|{td-348} 0, -7, 0, 0, 0, 0, 0, 0, 0, 0, 0, 0, 0, 0, 0, 0, 0, 0, 
2025-12-28 12:48:12.816015|{tx-348} :-BBB.............
2025-12-28 12:48:12.986758|{rx-349} 1, 0, 0, 3, 350, 350, 0, 0, 0, 0, 0, 1, 0, 1, 1
2025-12-28 12:48:12.990621|{rssi-349} 111, -58, -127, -127, -127, 111, 111, 111, 111, 111, 111, 111, 111, 111, 111, 111, 111, 111, 
2025-12-28 12:48:12.999549|{td-349} 0, -7, 0, 0, 0, 0, 0, 0, 0, 0, 0, 0, 0, 0, 0, 0, 0, 0, 
2025-12-28 12:48:13.005573|{tx-349} :-BBB.............
2025-12-28 12:48:13.175559|{rx-350} 1, 0, 0, 3, 351, 351, 0, 0, 0, 0, 0, 1, 0, 1, 1
2025-12-28 12:48:13.179735|{rssi-350} 111, -58, -127, -127, -127, 111, 111, 111, 111, 111, 111, 111, 111, 111, 111, 111, 111, 111, 
2025-12-28 12:48:13.190122|{td-350} 0, -9, 0, 0, 0, 0, 0, 0, 0, 0, 0, 0, 0, 0, 0, 0, 0, 0, 
2025-12-28 12:48:13.195288|{tx-350} :-BBB.............
2025-12-28 12:48:13.365294|{rx-351} 1, 0, 0, 3, 352, 352, 0, 0, 0, 0, 0, 1, 0, 1, 1
2025-12-28 12:48:13.370807|{rssi-351} 111, -58, -127, -127, -127, 111, 111, 111, 111, 111, 111, 111, 111, 111, 111, 111, 111, 111, 
2025-12-28 12:48:13.379464|{td-351} 0, -9, 0, 0, 0, 0, 0, 0, 0, 0, 0, 0, 0, 0, 0, 0, 0, 0, 
2025-12-28 12:48:13.385754|{tx-351} :-BBB.............
2025-12-28 12:48:13.556502|{rx-352} 1, 0, 0, 3, 353, 353, 0, 0, 0, 0, 0, 1, 0, 1, 1
2025-12-28 12:48:13.560625|{rssi-352} 111, -58, -127, -127, -127, 111, 111, 111, 111, 111, 111, 111, 111, 111, 111, 111, 111, 111, 
2025-12-28 12:48:13.569908|{td-352} 0, -7, 0, 0, 0, 0, 0, 0, 0, 0, 0, 0, 0, 0, 0, 0, 0, 0, 
2025-12-28 12:48:13.575834|{tx-352} :-BBB.............
2025-12-28 12:48:13.746453|{rx-353} 1, 0, 0, 3, 354, 354, 0, 0, 0, 0, 0, 1, 0, 1, 1
2025-12-28 12:48:13.750702|{rssi-353} 111, -58, -127, -127, -127, 111, 111, 111, 111, 111, 111, 111, 111, 111, 111, 111, 111, 111, 
2025-12-28 12:48:13.758920|{td-353} 0, -9, 0, 0, 0, 0, 0, 0, 0, 0, 0, 0, 0, 0, 0, 0, 0, 0, 
2025-12-28 12:48:13.764787|{tx-353} :-BBB.............
2025-12-28 12:48:13.936227|{rx-354} 1, 0, 0, 3, 355, 355, 0, 0, 0, 0, 0, 1, 0, 1, 1
2025-12-28 12:48:13.940146|{rssi-354} 111, -58, -127, -127, -127, 111, 111, 111, 111, 111, 111, 111, 111, 111, 111, 111, 111, 111, 
2025-12-28 12:48:13.949743|{td-354} 0, -7, 0, 0, 0, 0, 0, 0, 0, 0, 0, 0, 0, 0, 0, 0, 0, 0, 
2025-12-28 12:48:13.954718|{tx-354} :-BBB.............
2025-12-28 12:48:14.126471|{rx-355} 1, 0, 0, 3, 356, 356, 0, 0, 0, 0, 0, 1, 0, 1, 1
2025-12-28 12:48:14.129538|{rssi-355} 111, -63, -127, -127, -127, 111, 111, 111, 111, 111, 111, 111, 111, 111, 111, 111, 111, 111, 
2025-12-28 12:48:14.139685|{td-355} 0, -7, 0, 0, 0, 0, 0, 0, 0, 0, 0, 0, 0, 0, 0, 0, 0, 0, 
2025-12-28 12:48:14.145810|{tx-355} :-BBB.............
2025-12-28 12:48:14.315495|{rx-356} 1, 0, 0, 3, 357, 357, 0, 0, 0, 0, 0, 1, 0, 1, 1
2025-12-28 12:48:14.320247|{rssi-356} 111, -58, -127, -127, -127, 111, 111, 111, 111, 111, 111, 111, 111, 111, 111, 111, 111, 111, 
2025-12-28 12:48:14.330224|{td-356} 0, -9, 0, 0, 0, 0, 0, 0, 0, 0, 0, 0, 0, 0, 0, 0, 0, 0, 
2025-12-28 12:48:14.336225|{tx-356} :-BBB.............
2025-12-28 12:48:14.505612|{rx-357} 1, 0, 0, 3, 358, 358, 0, 0, 0, 0, 0, 1, 0, 1, 1
2025-12-28 12:48:14.510543|{rssi-357} 111, -58, -127, -127, -127, 111, 111, 111, 111, 111, 111, 111, 111, 111, 111, 111, 111, 111, 
2025-12-28 12:48:14.519752|{td-357} 0, -7, 0, 0, 0, 0, 0, 0, 0, 0, 0, 0, 0, 0, 0, 0, 0, 0, 
2025-12-28 12:48:14.524604|{tx-357} :-BBB.............
2025-12-28 12:48:14.695714|{rx-358} 1, 0, 0, 3, 359, 359, 0, 0, 0, 0, 0, 1, 0, 1, 1
2025-12-28 12:48:14.700497|{rssi-358} 111, -58, -127, -127, -127, 111, 111, 111, 111, 111, 111, 111, 111, 111, 111, 111, 111, 111, 
2025-12-28 12:48:14.710412|{td-358} 0, -9, 0, 0, 0, 0, 0, 0, 0, 0, 0, 0, 0, 0, 0, 0, 0, 0, 
2025-12-28 12:48:14.715061|{tx-358} :-BBB.............
2025-12-28 12:48:14.886084|{rx-359} 1, 0, 0, 3, 360, 360, 0, 0, 0, 0, 0, 1, 0, 1, 1
2025-12-28 12:48:14.890094|{rssi-359} 111, -58, -127, -127, -127, 111, 111, 111, 111, 111, 111, 111, 111, 111, 111, 111, 111, 111, 
2025-12-28 12:48:14.898503|{td-359} 0, -7, 0, 0, 0, 0, 0, 0, 0, 0, 0, 0, 0, 0, 0, 0, 0, 0, 
2025-12-28 12:48:14.905660|{tx-359} :-BBB.............
2025-12-28 12:48:15.074530|{rx-360} 1, 0, 0, 3, 361, 361, 0, 0, 0, 0, 0, 1, 0, 1, 1
2025-12-28 12:48:15.080199|{rssi-360} 111, -58, -127, -127, -127, 111, 111, 111, 111, 111, 111, 111, 111, 111, 111, 111, 111, 111, 
2025-12-28 12:48:15.089993|{td-360} 0, -9, 0, 0, 0, 0, 0, 0, 0, 0, 0, 0, 0, 0, 0, 0, 0, 0, 
2025-12-28 12:48:15.094497|{tx-360} :-BBB.............
2025-12-28 12:48:15.265190|{rx-361} 1, 0, 0, 3, 362, 362, 0, 0, 0, 0, 0, 1, 0, 1, 1
2025-12-28 12:48:15.270312|{rssi-361} 111, -58, -127, -127, -127, 111, 111, 111, 111, 111, 111, 111, 111, 111, 111, 111, 111, 111, 
2025-12-28 12:48:15.279968|{td-361} 0, -9, 0, 0, 0, 0, 0, 0, 0, 0, 0, 0, 0, 0, 0, 0, 0, 0, 
2025-12-28 12:48:15.285712|{tx-361} :-BBB.............
2025-12-28 12:48:15.454834|{rx-362} 1, 0, 0, 3, 363, 363, 0, 0, 0, 0, 0, 1, 0, 1, 1
2025-12-28 12:48:15.460374|{rssi-362} 111, -58, -127, -127, -127, 111, 111, 111, 111, 111, 111, 111, 111, 111, 111, 111, 111, 111, 
2025-12-28 12:48:15.468791|{td-362} 0, -7, 0, 0, 0, 0, 0, 0, 0, 0, 0, 0, 0, 0, 0, 0, 0, 0, 
2025-12-28 12:48:15.475495|{tx-362} :-BBB.............
2025-12-28 12:48:15.645206|{rx-363} 1, 0, 0, 3, 364, 364, 0, 0, 0, 0, 0, 1, 0, 1, 1
2025-12-28 12:48:15.649564|{rssi-363} 111, -58, -127, -127, -127, 111, 111, 111, 111, 111, 111, 111, 111, 111, 111, 111, 111, 111, 
2025-12-28 12:48:15.658996|{td-363} 0, -9, 0, 0, 0, 0, 0, 0, 0, 0, 0, 0, 0, 0, 0, 0, 0, 0, 
2025-12-28 12:48:15.664643|{tx-363} :-BBB.............
2025-12-28 12:48:15.834824|{rx-364} 1, 0, 0, 3, 365, 365, 0, 0, 0, 0, 0, 1, 0, 1, 1
2025-12-28 12:48:15.839217|{rssi-364} 111, -58, -127, -127, -127, 111, 111, 111, 111, 111, 111, 111, 111, 111, 111, 111, 111, 111, 
2025-12-28 12:48:15.849708|{td-364} 0, -7, 0, 0, 0, 0, 0, 0, 0, 0, 0, 0, 0, 0, 0, 0, 0, 0, 
2025-12-28 12:48:15.854879|{tx-364} :-BBB.............
2025-12-28 12:48:16.024644|{rx-365} 1, 0, 0, 3, 366, 366, 0, 0, 0, 0, 0, 1, 0, 1, 1
2025-12-28 12:48:16.029015|{rssi-365} 111, -58, -127, -127, -127, 111, 111, 111, 111, 111, 111, 111, 111, 111, 111, 111, 111, 111, 
2025-12-28 12:48:16.039826|{td-365} 0, -7, 0, 0, 0, 0, 0, 0, 0, 0, 0, 0, 0, 0, 0, 0, 0, 0, 
2025-12-28 12:48:16.044614|{tx-365} :-BBB.............
2025-12-28 12:48:16.214804|{rx-366} 1, 0, 0, 3, 367, 367, 0, 0, 0, 0, 0, 1, 0, 1, 1
2025-12-28 12:48:16.219987|{rssi-366} 111, -58, -127, -127, -127, 111, 111, 111, 111, 111, 111, 111, 111, 111, 111, 111, 111, 111, 
2025-12-28 12:48:16.229462|{td-366} 0, -9, 0, 0, 0, 0, 0, 0, 0, 0, 0, 0, 0, 0, 0, 0, 0, 0, 
2025-12-28 12:48:16.234520|{tx-366} :-BBB.............
2025-12-28 12:48:16.405023|{rx-367} 1, 0, 0, 3, 368, 368, 0, 0, 0, 0, 0, 1, 0, 1, 1
2025-12-28 12:48:16.409861|{rssi-367} 111, -58, -127, -127, -127, 111, 111, 111, 111, 111, 111, 111, 111, 111, 111, 111, 111, 111, 
2025-12-28 12:48:16.419607|{td-367} 0, -9, 0, 0, 0, 0, 0, 0, 0, 0, 0, 0, 0, 0, 0, 0, 0, 0, 
2025-12-28 12:48:16.425763|{tx-367} :-BBB.............
2025-12-28 12:48:16.594847|{rx-368} 1, 0, 0, 3, 369, 369, 0, 0, 0, 0, 0, 1, 0, 1, 1
2025-12-28 12:48:16.599776|{rssi-368} 111, -58, -127, -127, -127, 111, 111, 111, 111, 111, 111, 111, 111, 111, 111, 111, 111, 111, 
2025-12-28 12:48:16.609574|{td-368} 0, -7, 0, 0, 0, 0, 0, 0, 0, 0, 0, 0, 0, 0, 0, 0, 0, 0, 
2025-12-28 12:48:16.614803|{tx-368} :-BBB.............
2025-12-28 12:48:16.784924|{rx-369} 1, 0, 0, 3, 370, 370, 0, 0, 0, 0, 0, 1, 0, 1, 1
2025-12-28 12:48:16.789619|{rssi-369} 111, -58, -127, -127, -127, 111, 111, 111, 111, 111, 111, 111, 111, 111, 111, 111, 111, 111, 
2025-12-28 12:48:16.799142|{td-369} 0, -9, 0, 0, 0, 0, 0, 0, 0, 0, 0, 0, 0, 0, 0, 0, 0, 0, 
2025-12-28 12:48:16.804754|{tx-369} :-BBB.............
2025-12-28 12:48:16.974951|{rx-370} 1, 0, 0, 3, 371, 371, 0, 0, 0, 0, 0, 1, 0, 1, 1
2025-12-28 12:48:16.979895|{rssi-370} 111, -58, -127, -127, -127, 111, 111, 111, 111, 111, 111, 111, 111, 111, 111, 111, 111, 111, 
2025-12-28 12:48:16.989515|{td-370} 0, -7, 0, 0, 0, 0, 0, 0, 0, 0, 0, 0, 0, 0, 0, 0, 0, 0, 
2025-12-28 12:48:16.994361|{tx-370} :-BBB.............
2025-12-28 12:48:17.164918|{rx-371} 1, 0, 0, 3, 372, 372, 0, 0, 0, 0, 0, 1, 0, 1, 1
2025-12-28 12:48:17.169802|{rssi-371} 111, -58, -127, -127, -127, 111, 111, 111, 111, 111, 111, 111, 111, 111, 111, 111, 111, 111, 
2025-12-28 12:48:17.179579|{td-371} 0, -7, 0, 0, 0, 0, 0, 0, 0, 0, 0, 0, 0, 0, 0, 0, 0, 0, 
2025-12-28 12:48:17.184639|{tx-371} :-BBB.............
2025-12-28 12:48:17.354796|{rx-372} 1, 0, 0, 3, 373, 373, 0, 0, 0, 0, 0, 1, 0, 1, 1
2025-12-28 12:48:17.359474|{rssi-372} 111, -58, -127, -127, -127, 111, 111, 111, 111, 111, 111, 111, 111, 111, 111, 111, 111, 111, 
2025-12-28 12:48:17.369217|{td-372} 0, -9, 0, 0, 0, 0, 0, 0, 0, 0, 0, 0, 0, 0, 0, 0, 0, 0, 
2025-12-28 12:48:17.375259|{tx-372} :-BBB.............
2025-12-28 12:48:17.545487|{rx-373} 1, 0, 0, 3, 374, 374, 0, 0, 0, 0, 0, 1, 0, 1, 1
2025-12-28 12:48:17.549289|{rssi-373} 111, -58, -127, -127, -127, 111, 111, 111, 111, 111, 111, 111, 111, 111, 111, 111, 111, 111, 
2025-12-28 12:48:17.559745|{td-373} 0, -7, 0, 0, 0, 0, 0, 0, 0, 0, 0, 0, 0, 0, 0, 0, 0, 0, 
2025-12-28 12:48:17.564447|{tx-373} :-BBB.............
2025-12-28 12:48:17.734986|{rx-374} 1, 0, 0, 3, 375, 375, 0, 0, 0, 0, 0, 1, 0, 1, 1
2025-12-28 12:48:17.741983|{rssi-374} 111, -58, -127, -127, -127, 111, 111, 111, 111, 111, 111, 111, 111, 111, 111, 111, 111, 111, 
2025-12-28 12:48:17.749234|{td-374} 0, -9, 0, 0, 0, 0, 0, 0, 0, 0, 0, 0, 0, 0, 0, 0, 0, 0, 
2025-12-28 12:48:17.755041|{tx-374} :-BBB.............
2025-12-28 12:48:17.925408|{rx-375} 1, 0, 0, 3, 376, 376, 0, 0, 0, 0, 0, 1, 0, 1, 1
2025-12-28 12:48:17.929848|{rssi-375} 111, -58, -127, -127, -127, 111, 111, 111, 111, 111, 111, 111, 111, 111, 111, 111, 111, 111, 
2025-12-28 12:48:17.940363|{td-375} 0, -7, 0, 0, 0, 0, 0, 0, 0, 0, 0, 0, 0, 0, 0, 0, 0, 0, 
2025-12-28 12:48:17.944936|{tx-375} :-BBB.............
2025-12-28 12:48:18.115129|{rx-376} 1, 0, 0, 3, 377, 377, 0, 0, 0, 0, 0, 1, 0, 1, 1
2025-12-28 12:48:18.120149|{rssi-376} 111, -58, -127, -127, -127, 111, 111, 111, 111, 111, 111, 111, 111, 111, 111, 111, 111, 111, 
2025-12-28 12:48:18.129177|{td-376} 0, -9, 0, 0, 0, 0, 0, 0, 0, 0, 0, 0, 0, 0, 0, 0, 0, 0, 
2025-12-28 12:48:18.133919|{tx-376} :-BBB.............
2025-12-28 12:48:18.304907|{rx-377} 1, 0, 0, 3, 378, 378, 0, 0, 0, 0, 0, 1, 0, 1, 1
2025-12-28 12:48:18.309092|{rssi-377} 111, -58, -127, -127, -127, 111, 111, 111, 111, 111, 111, 111, 111, 111, 111, 111, 111, 111, 
2025-12-28 12:48:18.319063|{td-377} 0, -7, 0, 0, 0, 0, 0, 0, 0, 0, 0, 0, 0, 0, 0, 0, 0, 0, 
2025-12-28 12:48:18.324436|{tx-377} :-BBB.............
2025-12-28 12:48:18.494941|{rx-378} 1, 0, 0, 3, 379, 379, 0, 0, 0, 0, 0, 1, 0, 1, 1
2025-12-28 12:48:18.499934|{rssi-378} 111, -58, -127, -127, -127, 111, 111, 111, 111, 111, 111, 111, 111, 111, 111, 111, 111, 111, 
2025-12-28 12:48:18.508830|{td-378} 0, -9, 0, 0, 0, 0, 0, 0, 0, 0, 0, 0, 0, 0, 0, 0, 0, 0, 
2025-12-28 12:48:18.515191|{tx-378} :-BBB.............
2025-12-28 12:48:18.684751|{rx-379} 1, 0, 0, 3, 380, 380, 0, 0, 0, 0, 0, 1, 0, 1, 1
2025-12-28 12:48:18.691011|{rssi-379} 111, -58, -127, -127, -127, 111, 111, 111, 111, 111, 111, 111, 111, 111, 111, 111, 111, 111, 
2025-12-28 12:48:18.699104|{td-379} 0, -7, 0, 0, 0, 0, 0, 0, 0, 0, 0, 0, 0, 0, 0, 0, 0, 0, 
2025-12-28 12:48:18.704717|{tx-379} :-BBB.............
2025-12-28 12:48:18.874877|{rx-380} 1, 0, 0, 3, 381, 381, 0, 0, 0, 0, 0, 1, 0, 1, 1
2025-12-28 12:48:18.879641|{rssi-380} 111, -58, -127, -127, -127, 111, 111, 111, 111, 111, 111, 111, 111, 111, 111, 111, 111, 111, 
2025-12-28 12:48:18.889112|{td-380} 0, -9, 0, 0, 0, 0, 0, 0, 0, 0, 0, 0, 0, 0, 0, 0, 0, 0, 
2025-12-28 12:48:18.894121|{tx-380} :-BBB.............
2025-12-28 12:48:19.065067|{rx-381} 1, 0, 0, 3, 382, 382, 0, 0, 0, 0, 0, 1, 0, 1, 1
2025-12-28 12:48:19.068774|{rssi-381} 111, -58, -127, -127, -127, 111, 111, 111, 111, 111, 111, 111, 111, 111, 111, 111, 111, 111, 
2025-12-28 12:48:19.078327|{td-381} 0, -7, 0, 0, 0, 0, 0, 0, 0, 0, 0, 0, 0, 0, 0, 0, 0, 0, 
2025-12-28 12:48:19.084226|{tx-381} :-BBB.............
2025-12-28 12:48:19.255321|{rx-382} 1, 0, 0, 3, 383, 383, 0, 0, 0, 0, 0, 1, 0, 1, 1
2025-12-28 12:48:19.260340|{rssi-382} 111, -58, -127, -127, -127, 111, 111, 111, 111, 111, 111, 111, 111, 111, 111, 111, 111, 111, 
2025-12-28 12:48:19.269144|{td-382} 0, -9, 0, 0, 0, 0, 0, 0, 0, 0, 0, 0, 0, 0, 0, 0, 0, 0, 
2025-12-28 12:48:19.274597|{tx-382} :-BBB.............
2025-12-28 12:48:19.444732|{rx-383} 1, 0, 0, 3, 384, 384, 0, 0, 0, 0, 0, 1, 0, 1, 1
2025-12-28 12:48:19.449487|{rssi-383} 111, -58, -127, -127, -127, 111, 111, 111, 111, 111, 111, 111, 111, 111, 111, 111, 111, 111, 
2025-12-28 12:48:19.458736|{td-383} 0, -7, 0, 0, 0, 0, 0, 0, 0, 0, 0, 0, 0, 0, 0, 0, 0, 0, 
2025-12-28 12:48:19.463730|{tx-383} :-BBB.............
2025-12-28 12:48:19.635375|{rx-384} 1, 0, 0, 3, 385, 385, 0, 0, 0, 0, 0, 1, 0, 1, 1
2025-12-28 12:48:19.639911|{rssi-384} 111, -58, -127, -127, -127, 111, 111, 111, 111, 111, 111, 111, 111, 111, 111, 111, 111, 111, 
2025-12-28 12:48:19.648750|{td-384} 0, -9, 0, 0, 0, 0, 0, 0, 0, 0, 0, 0, 0, 0, 0, 0, 0, 0, 
2025-12-28 12:48:19.654861|{tx-384} :-BBB.............
2025-12-28 12:48:19.824874|{rx-385} 1, 0, 0, 3, 386, 386, 0, 0, 0, 0, 0, 1, 0, 1, 1
2025-12-28 12:48:19.829534|{rssi-385} 111, -58, -127, -127, -127, 111, 111, 111, 111, 111, 111, 111, 111, 111, 111, 111, 111, 111, 
2025-12-28 12:48:19.838992|{td-385} 0, -9, 0, 0, 0, 0, 0, 0, 0, 0, 0, 0, 0, 0, 0, 0, 0, 0, 
2025-12-28 12:48:19.844973|{tx-385} :-BBB.............
2025-12-28 12:48:20.014392|{rx-386} 1, 0, 0, 3, 387, 387, 0, 0, 0, 0, 0, 1, 0, 1, 1
2025-12-28 12:48:20.018935|{rssi-386} 111, -58, -127, -127, -127, 111, 111, 111, 111, 111, 111, 111, 111, 111, 111, 111, 111, 111, 
2025-12-28 12:48:20.028775|{td-386} 0, -7, 0, 0, 0, 0, 0, 0, 0, 0, 0, 0, 0, 0, 0, 0, 0, 0, 
2025-12-28 12:48:20.033564|{tx-386} :-BBB.............
2025-12-28 12:48:20.203984|{rx-387} 1, 0, 0, 3, 388, 388, 0, 0, 0, 0, 0, 1, 0, 1, 1
2025-12-28 12:48:20.208722|{rssi-387} 111, -58, -127, -127, -127, 111, 111, 111, 111, 111, 111, 111, 111, 111, 111, 111, 111, 111, 
2025-12-28 12:48:20.218979|{td-387} 0, -9, 0, 0, 0, 0, 0, 0, 0, 0, 0, 0, 0, 0, 0, 0, 0, 0, 
2025-12-28 12:48:20.224077|{tx-387} :-BBB.............
2025-12-28 12:48:20.393927|{rx-388} 1, 0, 0, 3, 389, 389, 0, 0, 0, 0, 0, 1, 0, 1, 1
2025-12-28 12:48:20.400761|{rssi-388} 111, -58, -127, -127, -127, 111, 111, 111, 111, 111, 111, 111, 111, 111, 111, 111, 111, 111, 
2025-12-28 12:48:20.408674|{td-388} 0, -7, 0, 0, 0, 0, 0, 0, 0, 0, 0, 0, 0, 0, 0, 0, 0, 0, 
2025-12-28 12:48:20.414986|{tx-388} :-BBB.............
2025-12-28 12:48:20.583497|{rx-389} 1, 0, 0, 3, 390, 390, 0, 0, 0, 0, 0, 1, 0, 1, 1
2025-12-28 12:48:20.588917|{rssi-389} 111, -58, -127, -127, -127, 111, 111, 111, 111, 111, 111, 111, 111, 111, 111, 111, 111, 111, 
2025-12-28 12:48:20.597764|{td-389} 0, -9, 0, 0, 0, 0, 0, 0, 0, 0, 0, 0, 0, 0, 0, 0, 0, 0, 
2025-12-28 12:48:20.604464|{tx-389} :-BBB.............
2025-12-28 12:48:20.774576|{rx-390} 1, 0, 0, 3, 391, 391, 0, 0, 0, 0, 0, 1, 0, 1, 1
2025-12-28 12:48:20.779552|{rssi-390} 111, -58, -127, -127, -127, 111, 111, 111, 111, 111, 111, 111, 111, 111, 111, 111, 111, 111, 
2025-12-28 12:48:20.788401|{td-390} 0, -7, 0, 0, 0, 0, 0, 0, 0, 0, 0, 0, 0, 0, 0, 0, 0, 0, 
2025-12-28 12:48:20.794617|{tx-390} :-BBB.............
2025-12-28 12:48:20.964397|{rx-391} 1, 0, 0, 3, 392, 392, 0, 0, 0, 0, 0, 1, 0, 1, 1
2025-12-28 12:48:20.969172|{rssi-391} 111, -58, -127, -127, -127, 111, 111, 111, 111, 111, 111, 111, 111, 111, 111, 111, 111, 111, 
2025-12-28 12:48:20.978908|{td-391} 0, -7, 0, 0, 0, 0, 0, 0, 0, 0, 0, 0, 0, 0, 0, 0, 0, 0, 
2025-12-28 12:48:20.984142|{tx-391} :-BBB.............
2025-12-28 12:48:21.155228|{rx-392} 1, 0, 0, 3, 393, 393, 0, 0, 0, 0, 0, 1, 0, 1, 1
2025-12-28 12:48:21.159573|{rssi-392} 111, -61, -127, -127, -127, 111, 111, 111, 111, 111, 111, 111, 111, 111, 111, 111, 111, 111, 
2025-12-28 12:48:21.167992|{td-392} 0, -9, 0, 0, 0, 0, 0, 0, 0, 0, 0, 0, 0, 0, 0, 0, 0, 0, 
2025-12-28 12:48:21.174296|{tx-392} :-BBB.............
2025-12-28 12:48:21.343952|{rx-393} 1, 0, 0, 3, 394, 394, 0, 0, 0, 0, 0, 1, 0, 1, 1
2025-12-28 12:48:21.348424|{rssi-393} 111, -58, -127, -127, -127, 111, 111, 111, 111, 111, 111, 111, 111, 111, 111, 111, 111, 111, 
2025-12-28 12:48:21.358390|{td-393} 0, -9, 0, 0, 0, 0, 0, 0, 0, 0, 0, 0, 0, 0, 0, 0, 0, 0, 
2025-12-28 12:48:21.363012|{tx-393} :-BBB.............
2025-12-28 12:48:21.534069|{rx-394} 1, 0, 0, 3, 395, 395, 0, 0, 0, 0, 0, 1, 0, 1, 1
2025-12-28 12:48:21.538520|{rssi-394} 111, -58, -127, -127, -127, 111, 111, 111, 111, 111, 111, 111, 111, 111, 111, 111, 111, 111, 
2025-12-28 12:48:21.548384|{td-394} 0, -7, 0, 0, 0, 0, 0, 0, 0, 0, 0, 0, 0, 0, 0, 0, 0, 0, 
2025-12-28 12:48:21.553141|{tx-394} :-BBB.............
2025-12-28 12:48:21.724589|{rx-395} 1, 0, 0, 3, 396, 396, 0, 0, 0, 0, 0, 1, 0, 1, 1
2025-12-28 12:48:21.728108|{rssi-395} 111, -58, -127, -127, -127, 111, 111, 111, 111, 111, 111, 111, 111, 111, 111, 111, 111, 111, 
2025-12-28 12:48:21.737948|{td-395} 0, -7, 0, 0, 0, 0, 0, 0, 0, 0, 0, 0, 0, 0, 0, 0, 0, 0, 
2025-12-28 12:48:21.743864|{tx-395} :-BBB.............
2025-12-28 12:48:21.915376|{rx-396} 1, 0, 0, 3, 397, 397, 0, 0, 0, 0, 0, 1, 0, 1, 1
2025-12-28 12:48:21.919540|{rssi-396} 111, -58, -127, -127, -127, 111, 111, 111, 111, 111, 111, 111, 111, 111, 111, 111, 111, 111, 
2025-12-28 12:48:21.928541|{td-396} 0, -9, 0, 0, 0, 0, 0, 0, 0, 0, 0, 0, 0, 0, 0, 0, 0, 0, 
2025-12-28 12:48:21.933101|{tx-396} :-BBB.............
2025-12-28 12:48:22.104013|{rx-397} 1, 0, 0, 3, 398, 398, 0, 0, 0, 0, 0, 1, 0, 1, 1
2025-12-28 12:48:22.108875|{rssi-397} 111, -58, -127, -127, -127, 111, 111, 111, 111, 111, 111, 111, 111, 111, 111, 111, 111, 111, 
2025-12-28 12:48:22.118264|{td-397} 0, -7, 0, 0, 0, 0, 0, 0, 0, 0, 0, 0, 0, 0, 0, 0, 0, 0, 
2025-12-28 12:48:22.124085|{tx-397} :-BBB.............
2025-12-28 12:48:22.294910|{rx-398} 1, 0, 0, 3, 399, 399, 0, 0, 0, 0, 0, 1, 0, 1, 1
2025-12-28 12:48:22.299328|{rssi-398} 111, -58, -127, -127, -127, 111, 111, 111, 111, 111, 111, 111, 111, 111, 111, 111, 111, 111, 
2025-12-28 12:48:22.308232|{td-398} 0, -9, 0, 0, 0, 0, 0, 0, 0, 0, 0, 0, 0, 0, 0, 0, 0, 0, 
2025-12-28 12:48:22.313814|{tx-398} :-BBB.............
2025-12-28 12:48:22.484875|{rx-399} 1, 0, 0, 3, 400, 400, 0, 0, 0, 0, 0, 1, 0, 1, 1
2025-12-28 12:48:22.488800|{rssi-399} 111, -58, -127, -127, -127, 111, 111, 111, 111, 111, 111, 111, 111, 111, 111, 111, 111, 111, 
2025-12-28 12:48:22.497508|{td-399} 0, -7, 0, 0, 0, 0, 0, 0, 0, 0, 0, 0, 0, 0, 0, 0, 0, 0, 
2025-12-28 12:48:22.503034|{tx-399} :-BBB.............
2025-12-28 12:48:22.674167|{rx-400} 1, 0, 0, 3, 401, 401, 0, 0, 0, 0, 0, 1, 0, 1, 1
2025-12-28 12:48:22.678629|{rssi-400} 111, -58, -127, -127, -127, 111, 111, 111, 111, 111, 111, 111, 111, 111, 111, 111, 111, 111, 
2025-12-28 12:48:22.687235|{td-400} 0, -9, 0, 0, 0, 0, 0, 0, 0, 0, 0, 0, 0, 0, 0, 0, 0, 0, 
2025-12-28 12:48:22.693515|{tx-400} :-BBB.............
2025-12-28 12:48:22.863889|{rx-401} 1, 0, 0, 3, 402, 402, 0, 0, 0, 0, 0, 1, 0, 1, 1
2025-12-28 12:48:22.871997|{rssi-401} 111, -58, -127, -127, -127, 111, 111, 111, 111, 111, 111, 111, 111, 111, 111, 111, 111, 111, 
2025-12-28 12:48:22.877973|{td-401} 0, -7, 0, 0, 0, 0, 0, 0, 0, 0, 0, 0, 0, 0, 0, 0, 0, 0, 
2025-12-28 12:48:22.883625|{tx-401} :-BBB.............
2025-12-28 12:48:23.054136|{rx-402} 1, 0, 0, 3, 403, 403, 0, 0, 0, 0, 0, 1, 0, 1, 1
2025-12-28 12:48:23.058806|{rssi-402} 111, -58, -127, -127, -127, 111, 111, 111, 111, 111, 111, 111, 111, 111, 111, 111, 111, 111, 
2025-12-28 12:48:23.067543|{td-402} 0, -9, 0, 0, 0, 0, 0, 0, 0, 0, 0, 0, 0, 0, 0, 0, 0, 0, 
2025-12-28 12:48:23.074168|{tx-402} :-BBB.............
2025-12-28 12:48:23.244757|{rx-403} 1, 0, 0, 3, 404, 404, 0, 0, 0, 0, 0, 1, 0, 1, 1
2025-12-28 12:48:23.248897|{rssi-403} 111, -58, -127, -127, -127, 111, 111, 111, 111, 111, 111, 111, 111, 111, 111, 111, 111, 111, 
2025-12-28 12:48:23.257886|{td-403} 0, -7, 0, 0, 0, 0, 0, 0, 0, 0, 0, 0, 0, 0, 0, 0, 0, 0, 
2025-12-28 12:48:23.263160|{tx-403} :-BBB.............
2025-12-28 12:48:23.435190|{rx-404} 1, 0, 0, 3, 405, 405, 0, 0, 0, 0, 0, 1, 0, 1, 1
2025-12-28 12:48:23.438739|{rssi-404} 111, -58, -127, -127, -127, 111, 111, 111, 111, 111, 111, 111, 111, 111, 111, 111, 111, 111, 
2025-12-28 12:48:23.447992|{td-404} 0, -9, 0, 0, 0, 0, 0, 0, 0, 0, 0, 0, 0, 0, 0, 0, 0, 0, 
2025-12-28 12:48:23.454446|{tx-404} :-BBB.............
2025-12-28 12:48:23.624031|{rx-405} 1, 0, 0, 3, 406, 406, 0, 0, 0, 0, 0, 1, 0, 1, 1
2025-12-28 12:48:23.628376|{rssi-405} 111, -58, -127, -127, -127, 111, 111, 111, 111, 111, 111, 111, 111, 111, 111, 111, 111, 111, 
2025-12-28 12:48:23.638354|{td-405} 0, -7, 0, 0, 0, 0, 0, 0, 0, 0, 0, 0, 0, 0, 0, 0, 0, 0, 
2025-12-28 12:48:23.644282|{tx-405} :-BBB.............
2025-12-28 12:48:23.814520|{rx-406} 1, 0, 0, 3, 407, 407, 0, 0, 0, 0, 0, 1, 0, 1, 1
2025-12-28 12:48:23.818514|{rssi-406} 111, -58, -127, -127, -127, 111, 111, 111, 111, 111, 111, 111, 111, 111, 111, 111, 111, 111, 
2025-12-28 12:48:23.827995|{td-406} 0, -9, 0, 0, 0, 0, 0, 0, 0, 0, 0, 0, 0, 0, 0, 0, 0, 0, 
2025-12-28 12:48:23.832635|{tx-406} :-BBB.............
2025-12-28 12:48:24.005132|{rx-407} 1, 0, 0, 3, 408, 408, 0, 0, 0, 0, 0, 1, 0, 1, 1
2025-12-28 12:48:24.009152|{rssi-407} 111, -58, -127, -127, -127, 111, 111, 111, 111, 111, 111, 111, 111, 111, 111, 111, 111, 111, 
2025-12-28 12:48:24.017589|{td-407} 0, -7, 0, 0, 0, 0, 0, 0, 0, 0, 0, 0, 0, 0, 0, 0, 0, 0, 
2025-12-28 12:48:24.022710|{tx-407} :-BBB.............
2025-12-28 12:48:24.194069|{rx-408} 1, 0, 0, 3, 409, 409, 0, 0, 0, 0, 0, 1, 0, 1, 1
2025-12-28 12:48:24.197814|{rssi-408} 111, -58, -127, -127, -127, 111, 111, 111, 111, 111, 111, 111, 111, 111, 111, 111, 111, 111, 
2025-12-28 12:48:24.207984|{td-408} 0, -9, 0, 0, 0, 0, 0, 0, 0, 0, 0, 0, 0, 0, 0, 0, 0, 0, 
2025-12-28 12:48:24.213786|{tx-408} :-BBB.............
2025-12-28 12:48:24.384161|{rx-409} 1, 0, 0, 3, 410, 410, 0, 0, 0, 0, 0, 1, 0, 1, 1
2025-12-28 12:48:24.388489|{rssi-409} 111, -58, -127, -127, -127, 111, 111, 111, 111, 111, 111, 111, 111, 111, 111, 111, 111, 111, 
2025-12-28 12:48:24.397362|{td-409} 0, -7, 0, 0, 0, 0, 0, 0, 0, 0, 0, 0, 0, 0, 0, 0, 0, 0, 
2025-12-28 12:48:24.404194|{tx-409} :-BBB.............
2025-12-28 12:48:24.574183|{rx-410} 1, 0, 0, 3, 411, 411, 0, 0, 0, 0, 0, 1, 0, 1, 1
2025-12-28 12:48:24.578404|{rssi-410} 111, -58, -127, -127, -127, 111, 111, 111, 111, 111, 111, 111, 111, 111, 111, 111, 111, 111, 
2025-12-28 12:48:24.587054|{td-410} 0, -9, 0, 0, 0, 0, 0, 0, 0, 0, 0, 0, 0, 0, 0, 0, 0, 0, 
2025-12-28 12:48:24.593094|{tx-410} :-BBB.............
2025-12-28 12:48:24.764271|{rx-411} 1, 0, 0, 3, 412, 412, 0, 0, 0, 0, 0, 1, 0, 1, 1
2025-12-28 12:48:24.768648|{rssi-411} 111, -58, -127, -127, -127, 111, 111, 111, 111, 111, 111, 111, 111, 111, 111, 111, 111, 111, 
2025-12-28 12:48:24.777437|{td-411} 0, -7, 0, 0, 0, 0, 0, 0, 0, 0, 0, 0, 0, 0, 0, 0, 0, 0, 
2025-12-28 12:48:24.783056|{tx-411} :-BBB.............
2025-12-28 12:48:24.954811|{rx-412} 1, 0, 0, 3, 413, 413, 0, 0, 0, 0, 0, 1, 0, 1, 1
2025-12-28 12:48:24.958475|{rssi-412} 111, -58, -127, -127, -127, 111, 111, 111, 111, 111, 111, 111, 111, 111, 111, 111, 111, 111, 
2025-12-28 12:48:24.966960|{td-412} 0, -9, 0, 0, 0, 0, 0, 0, 0, 0, 0, 0, 0, 0, 0, 0, 0, 0, 
2025-12-28 12:48:24.972371|{tx-412} :-BBB.............
2025-12-28 12:48:25.142971|{rx-413} 1, 0, 0, 3, 414, 414, 0, 0, 0, 0, 0, 1, 0, 1, 1
2025-12-28 12:48:25.148202|{rssi-413} 111, -58, -127, -127, -127, 111, 111, 111, 111, 111, 111, 111, 111, 111, 111, 111, 111, 111, 
2025-12-28 12:48:25.157006|{td-413} 0, -7, 0, 0, 0, 0, 0, 0, 0, 0, 0, 0, 0, 0, 0, 0, 0, 0, 
2025-12-28 12:48:25.163922|{tx-413} :-BBB.............
2025-12-28 12:48:25.332453|{rx-414} 1, 0, 0, 3, 415, 415, 0, 0, 0, 0, 0, 1, 0, 1, 1
2025-12-28 12:48:25.338183|{rssi-414} 111, -58, -127, -127, -127, 111, 111, 111, 111, 111, 111, 111, 111, 111, 111, 111, 111, 111, 
2025-12-28 12:48:25.346902|{td-414} 0, -9, 0, 0, 0, 0, 0, 0, 0, 0, 0, 0, 0, 0, 0, 0, 0, 0, 
2025-12-28 12:48:25.353844|{tx-414} :-BBB.............
2025-12-28 12:48:25.524130|{rx-415} 1, 0, 0, 3, 416, 416, 0, 0, 0, 0, 0, 1, 0, 1, 1
2025-12-28 12:48:25.527665|{rssi-415} 111, -58, -127, -127, -127, 111, 111, 111, 111, 111, 111, 111, 111, 111, 111, 111, 111, 111, 
2025-12-28 12:48:25.537280|{td-415} 0, -7, 0, 0, 0, 0, 0, 0, 0, 0, 0, 0, 0, 0, 0, 0, 0, 0, 
2025-12-28 12:48:25.542312|{tx-415} :-BBB.............
2025-12-28 12:48:25.712942|{rx-416} 1, 0, 0, 3, 417, 417, 0, 0, 0, 0, 0, 1, 0, 1, 1
2025-12-28 12:48:25.718474|{rssi-416} 111, -58, -127, -127, -127, 111, 111, 111, 111, 111, 111, 111, 111, 111, 111, 111, 111, 111, 
2025-12-28 12:48:25.727753|{td-416} 0, -9, 0, 0, 0, 0, 0, 0, 0, 0, 0, 0, 0, 0, 0, 0, 0, 0, 
2025-12-28 12:48:25.733864|{tx-416} :-BBB.............
2025-12-28 12:48:25.903468|{rx-417} 1, 0, 0, 3, 418, 418, 0, 0, 0, 0, 0, 1, 0, 1, 1
2025-12-28 12:48:25.907364|{rssi-417} 111, -58, -127, -127, -127, 111, 111, 111, 111, 111, 111, 111, 111, 111, 111, 111, 111, 111, 
2025-12-28 12:48:25.918041|{td-417} 0, -9, 0, 0, 0, 0, 0, 0, 0, 0, 0, 0, 0, 0, 0, 0, 0, 0, 
2025-12-28 12:48:25.923077|{tx-417} :-BBB.............
2025-12-28 12:48:26.094008|{rx-418} 1, 0, 0, 3, 419, 419, 0, 0, 0, 0, 0, 1, 0, 1, 1
2025-12-28 12:48:26.098293|{rssi-418} 111, -58, -127, -127, -127, 111, 111, 111, 111, 111, 111, 111, 111, 111, 111, 111, 111, 111, 
2025-12-28 12:48:26.106700|{td-418} 0, -7, 0, 0, 0, 0, 0, 0, 0, 0, 0, 0, 0, 0, 0, 0, 0, 0, 
2025-12-28 12:48:26.113070|{tx-418} :-BBB.............
2025-12-28 12:48:26.283970|{rx-419} 1, 0, 0, 3, 420, 420, 0, 0, 0, 0, 0, 1, 0, 1, 1
2025-12-28 12:48:26.289263|{rssi-419} 111, -58, -127, -127, -127, 111, 111, 111, 111, 111, 111, 111, 111, 111, 111, 111, 111, 111, 
2025-12-28 12:48:26.296885|{td-419} 0, -7, 0, 0, 0, 0, 0, 0, 0, 0, 0, 0, 0, 0, 0, 0, 0, 0, 
2025-12-28 12:48:26.302165|{tx-419} :-BBB.............
2025-12-28 12:48:26.473171|{rx-420} 1, 0, 0, 3, 421, 421, 0, 0, 0, 0, 0, 1, 0, 1, 1
2025-12-28 12:48:26.478173|{rssi-420} 111, -58, -127, -127, -127, 111, 111, 111, 111, 111, 111, 111, 111, 111, 111, 111, 111, 111, 
2025-12-28 12:48:26.487835|{td-420} 0, -9, 0, 0, 0, 0, 0, 0, 0, 0, 0, 0, 0, 0, 0, 0, 0, 0, 
2025-12-28 12:48:26.492583|{tx-420} :-BBB.............
2025-12-28 12:48:26.663493|{rx-421} 1, 0, 0, 3, 422, 422, 0, 0, 0, 0, 0, 1, 0, 1, 1
2025-12-28 12:48:26.667725|{rssi-421} 111, -58, -127, -127, -127, 111, 111, 111, 111, 111, 111, 111, 111, 111, 111, 111, 111, 111, 
2025-12-28 12:48:26.677930|{td-421} 0, -9, 0, 0, 0, 0, 0, 0, 0, 0, 0, 0, 0, 0, 0, 0, 0, 0, 
2025-12-28 12:48:26.682572|{tx-421} :-BBB.............
2025-12-28 12:48:26.854543|{rx-422} 1, 0, 0, 3, 423, 423, 0, 0, 0, 0, 0, 1, 0, 1, 1
2025-12-28 12:48:26.858115|{rssi-422} 111, -58, -127, -127, -127, 111, 111, 111, 111, 111, 111, 111, 111, 111, 111, 111, 111, 111, 
2025-12-28 12:48:26.867964|{td-422} 0, -7, 0, 0, 0, 0, 0, 0, 0, 0, 0, 0, 0, 0, 0, 0, 0, 0, 
2025-12-28 12:48:26.872208|{tx-422} :-BBB.............
2025-12-28 12:48:27.043613|{rx-423} 1, 0, 0, 3, 424, 424, 0, 0, 0, 0, 0, 1, 0, 1, 1
2025-12-28 12:48:27.048061|{rssi-423} 111, -58, -127, -127, -127, 111, 111, 111, 111, 111, 111, 111, 111, 111, 111, 111, 111, 111, 
2025-12-28 12:48:27.057759|{td-423} 0, -7, 0, 0, 0, 0, 0, 0, 0, 0, 0, 0, 0, 0, 0, 0, 0, 0, 
2025-12-28 12:48:27.062789|{tx-423} :-BBB.............
2025-12-28 12:48:27.232863|{rx-424} 1, 0, 0, 3, 425, 425, 0, 0, 0, 0, 0, 1, 0, 1, 1
2025-12-28 12:48:27.238214|{rssi-424} 111, -59, -127, -127, -127, 111, 111, 111, 111, 111, 111, 111, 111, 111, 111, 111, 111, 111, 
2025-12-28 12:48:27.247423|{td-424} 0, -9, 0, 0, 0, 0, 0, 0, 0, 0, 0, 0, 0, 0, 0, 0, 0, 0, 
2025-12-28 12:48:27.253114|{tx-424} :-BBB.............
2025-12-28 12:48:27.423696|{rx-425} 1, 0, 0, 3, 426, 426, 0, 0, 0, 0, 0, 1, 0, 1, 1
2025-12-28 12:48:27.427892|{rssi-425} 111, -58, -127, -127, -127, 111, 111, 111, 111, 111, 111, 111, 111, 111, 111, 111, 111, 111, 
2025-12-28 12:48:27.437515|{td-425} 0, -7, 0, 0, 0, 0, 0, 0, 0, 0, 0, 0, 0, 0, 0, 0, 0, 0, 
2025-12-28 12:48:27.444104|{tx-425} :-BBB.............
2025-12-28 12:48:27.613879|{rx-426} 1, 0, 0, 3, 427, 427, 0, 0, 0, 0, 0, 1, 0, 1, 1
2025-12-28 12:48:27.618162|{rssi-426} 111, -58, -127, -127, -127, 111, 111, 111, 111, 111, 111, 111, 111, 111, 111, 111, 111, 111, 
2025-12-28 12:48:27.627461|{td-426} 0, -9, 0, 0, 0, 0, 0, 0, 0, 0, 0, 0, 0, 0, 0, 0, 0, 0, 
2025-12-28 12:48:27.633699|{tx-426} :-BBB.............
2025-12-28 12:48:27.802660|{rx-427} 1, 0, 0, 3, 428, 428, 0, 0, 0, 0, 0, 1, 0, 1, 1
2025-12-28 12:48:27.807010|{rssi-427} 111, -58, -127, -127, -127, 111, 111, 111, 111, 111, 111, 111, 111, 111, 111, 111, 111, 111, 
2025-12-28 12:48:27.817347|{td-427} 0, -7, 0, 0, 0, 0, 0, 0, 0, 0, 0, 0, 0, 0, 0, 0, 0, 0, 
2025-12-28 12:48:27.824718|{tx-427} :-BBB.............
2025-12-28 12:48:27.993354|{rx-428} 1, 0, 0, 3, 429, 429, 0, 0, 0, 0, 0, 1, 0, 1, 1
2025-12-28 12:48:27.997699|{rssi-428} 111, -58, -127, -127, -127, 111, 111, 111, 111, 111, 111, 111, 111, 111, 111, 111, 111, 111, 
2025-12-28 12:48:28.007380|{td-428} 0, -9, 0, 0, 0, 0, 0, 0, 0, 0, 0, 0, 0, 0, 0, 0, 0, 0, 
2025-12-28 12:48:28.014046|{tx-428} :-BBB.............
2025-12-28 12:48:28.182842|{rx-429} 1, 0, 0, 3, 430, 430, 0, 0, 0, 0, 0, 1, 0, 1, 1
2025-12-28 12:48:28.187100|{rssi-429} 111, -58, -127, -127, -127, 111, 111, 111, 111, 111, 111, 111, 111, 111, 111, 111, 111, 111, 
2025-12-28 12:48:28.198315|{td-429} 0, -9, 0, 0, 0, 0, 0, 0, 0, 0, 0, 0, 0, 0, 0, 0, 0, 0, 
2025-12-28 12:48:28.202657|{tx-429} :-BBB.............
2025-12-28 12:48:28.372567|{rx-430} 1, 0, 0, 3, 431, 431, 0, 0, 0, 0, 0, 1, 0, 1, 1
2025-12-28 12:48:28.377381|{rssi-430} 111, -58, -127, -127, -127, 111, 111, 111, 111, 111, 111, 111, 111, 111, 111, 111, 111, 111, 
2025-12-28 12:48:28.387093|{td-430} 0, -7, 0, 0, 0, 0, 0, 0, 0, 0, 0, 0, 0, 0, 0, 0, 0, 0, 
2025-12-28 12:48:28.393747|{tx-430} :-BBB.............
2025-12-28 12:48:28.562743|{rx-431} 1, 0, 0, 3, 432, 432, 0, 0, 0, 0, 0, 1, 0, 1, 1
2025-12-28 12:48:28.567828|{rssi-431} 111, -61, -127, -127, -127, 111, 111, 111, 111, 111, 111, 111, 111, 111, 111, 111, 111, 111, 
2025-12-28 12:48:28.577435|{td-431} 0, -7, 0, 0, 0, 0, 0, 0, 0, 0, 0, 0, 0, 0, 0, 0, 0, 0, 
2025-12-28 12:48:28.581937|{tx-431} :-BBB.............
2025-12-28 12:48:28.752379|{rx-432} 1, 0, 0, 3, 433, 433, 0, 0, 0, 0, 0, 1, 0, 1, 1
2025-12-28 12:48:28.756820|{rssi-432} 111, -58, -127, -127, -127, 111, 111, 111, 111, 111, 111, 111, 111, 111, 111, 111, 111, 111, 
2025-12-28 12:48:28.766252|{td-432} 0, -9, 0, 0, 0, 0, 0, 0, 0, 0, 0, 0, 0, 0, 0, 0, 0, 0, 
2025-12-28 12:48:28.772398|{tx-432} :-BBB.............
2025-12-28 12:48:28.943875|{rx-433} 1, 0, 0, 3, 434, 434, 0, 0, 0, 0, 0, 1, 0, 1, 1
2025-12-28 12:48:28.947645|{rssi-433} 111, -58, -127, -127, -127, 111, 111, 111, 111, 111, 111, 111, 111, 111, 111, 111, 111, 111, 
2025-12-28 12:48:28.956414|{td-433} 0, -9, 0, 0, 0, 0, 0, 0, 0, 0, 0, 0, 0, 0, 0, 0, 0, 0, 
2025-12-28 12:48:28.963289|{tx-433} :-BBB.............
2025-12-28 12:48:29.132903|{rx-434} 1, 0, 0, 3, 435, 435, 0, 0, 0, 0, 0, 1, 0, 1, 1
2025-12-28 12:48:29.137133|{rssi-434} 111, -58, -127, -127, -127, 111, 111, 111, 111, 111, 111, 111, 111, 111, 111, 111, 111, 111, 
2025-12-28 12:48:29.147215|{td-434} 0, -7, 0, 0, 0, 0, 0, 0, 0, 0, 0, 0, 0, 0, 0, 0, 0, 0, 
2025-12-28 12:48:29.152065|{tx-434} :-BBB.............
2025-12-28 12:48:29.322975|{rx-435} 1, 0, 0, 3, 436, 436, 0, 0, 0, 0, 0, 1, 0, 1, 1
2025-12-28 12:48:29.326990|{rssi-435} 111, -58, -127, -127, -127, 111, 111, 111, 111, 111, 111, 111, 111, 111, 111, 111, 111, 111, 
2025-12-28 12:48:29.337315|{td-435} 0, -7, 0, 0, 0, 0, 0, 0, 0, 0, 0, 0, 0, 0, 0, 0, 0, 0, 
2025-12-28 12:48:29.341898|{tx-435} :-BBB.............
2025-12-28 12:48:29.514071|{rx-436} 1, 0, 0, 3, 437, 437, 0, 0, 0, 0, 0, 1, 0, 1, 1
2025-12-28 12:48:29.517532|{rssi-436} 111, -58, -127, -127, -127, 111, 111, 111, 111, 111, 111, 111, 111, 111, 111, 111, 111, 111, 
2025-12-28 12:48:29.527363|{td-436} 0, -9, 0, 0, 0, 0, 0, 0, 0, 0, 0, 0, 0, 0, 0, 0, 0, 0, 
2025-12-28 12:48:29.531591|{tx-436} :-BBB.............
2025-12-28 12:48:29.703092|{rx-437} 1, 0, 0, 3, 438, 438, 0, 0, 0, 0, 0, 1, 0, 1, 1
2025-12-28 12:48:29.707118|{rssi-437} 111, -58, -127, -127, -127, 111, 111, 111, 111, 111, 111, 111, 111, 111, 111, 111, 111, 111, 
2025-12-28 12:48:29.717303|{td-437} 0, -7, 0, 0, 0, 0, 0, 0, 0, 0, 0, 0, 0, 0, 0, 0, 0, 0, 
2025-12-28 12:48:29.721675|{tx-437} :-BBB.............
2025-12-28 12:48:29.893305|{rx-438} 1, 0, 0, 3, 439, 439, 0, 0, 0, 0, 0, 1, 0, 1, 1
2025-12-28 12:48:29.897652|{rssi-438} 111, -58, -127, -127, -127, 111, 111, 111, 111, 111, 111, 111, 111, 111, 111, 111, 111, 111, 
2025-12-28 12:48:29.907305|{td-438} 0, -9, 0, 0, 0, 0, 0, 0, 0, 0, 0, 0, 0, 0, 0, 0, 0, 0, 
2025-12-28 12:48:29.912468|{tx-438} :-BBB.............
2025-12-28 12:48:30.081806|{rx-439} 1, 0, 0, 3, 440, 440, 0, 0, 0, 0, 0, 1, 0, 1, 1
2025-12-28 12:48:30.087485|{rssi-439} 111, -58, -127, -127, -127, 111, 111, 111, 111, 111, 111, 111, 111, 111, 111, 111, 111, 111, 
2025-12-28 12:48:30.097105|{td-439} 0, -7, 0, 0, 0, 0, 0, 0, 0, 0, 0, 0, 0, 0, 0, 0, 0, 0, 
2025-12-28 12:48:30.101647|{tx-439} :-BBB.............
2025-12-28 12:48:30.272244|{rx-440} 1, 0, 0, 3, 441, 441, 0, 0, 0, 0, 0, 1, 0, 1, 1
2025-12-28 12:48:30.277367|{rssi-440} 111, -58, -127, -127, -127, 111, 111, 111, 111, 111, 111, 111, 111, 111, 111, 111, 111, 111, 
2025-12-28 12:48:30.286663|{td-440} 0, -9, 0, 0, 0, 0, 0, 0, 0, 0, 0, 0, 0, 0, 0, 0, 0, 0, 
2025-12-28 12:48:30.293041|{tx-440} :-BBB.............
2025-12-28 12:48:30.462500|{rx-441} 1, 0, 0, 3, 442, 442, 0, 0, 0, 0, 0, 1, 0, 1, 1
2025-12-28 12:48:30.467489|{rssi-441} 111, -58, -127, -127, -127, 111, 111, 111, 111, 111, 111, 111, 111, 111, 111, 111, 111, 111, 
2025-12-28 12:48:30.477516|{td-441} 0, -7, 0, 0, 0, 0, 0, 0, 0, 0, 0, 0, 0, 0, 0, 0, 0, 0, 
2025-12-28 12:48:30.482657|{tx-441} :-BBB.............
2025-12-28 12:48:30.652211|{rx-442} 1, 0, 0, 3, 443, 443, 0, 0, 0, 0, 0, 1, 0, 1, 1
2025-12-28 12:48:30.657693|{rssi-442} 111, -58, -127, -127, -127, 111, 111, 111, 111, 111, 111, 111, 111, 111, 111, 111, 111, 111, 
2025-12-28 12:48:30.666601|{td-442} 0, -9, 0, 0, 0, 0, 0, 0, 0, 0, 0, 0, 0, 0, 0, 0, 0, 0, 
2025-12-28 12:48:30.672036|{tx-442} :-BBB.............
2025-12-28 12:48:30.841802|{rx-443} 1, 0, 0, 3, 444, 444, 0, 0, 0, 0, 0, 1, 0, 1, 1
2025-12-28 12:48:30.847549|{rssi-443} 111, -58, -127, -127, -127, 111, 111, 111, 111, 111, 111, 111, 111, 111, 111, 111, 111, 111, 
2025-12-28 12:48:30.856797|{td-443} 0, -7, 0, 0, 0, 0, 0, 0, 0, 0, 0, 0, 0, 0, 0, 0, 0, 0, 
2025-12-28 12:48:30.861515|{tx-443} :-BBB.............
2025-12-28 12:48:31.031639|{rx-444} 1, 0, 0, 3, 445, 445, 0, 0, 0, 0, 0, 1, 0, 1, 1
2025-12-28 12:48:31.038526|{rssi-444} 111, -58, -127, -127, -127, 111, 111, 111, 111, 111, 111, 111, 111, 111, 111, 111, 111, 111, 
2025-12-28 12:48:31.046622|{td-444} 0, -9, 0, 0, 0, 0, 0, 0, 0, 0, 0, 0, 0, 0, 0, 0, 0, 0, 
2025-12-28 12:48:31.052714|{tx-444} :-BBB.............
2025-12-28 12:48:31.222645|{rx-445} 1, 0, 0, 3, 446, 446, 0, 0, 0, 0, 0, 1, 0, 1, 1
2025-12-28 12:48:31.228866|{rssi-445} 111, -58, -127, -127, -127, 111, 111, 111, 111, 111, 111, 111, 111, 111, 111, 111, 111, 111, 
2025-12-28 12:48:31.237354|{td-445} 0, -9, 0, 0, 0, 0, 0, 0, 0, 0, 0, 0, 0, 0, 0, 0, 0, 0, 
2025-12-28 12:48:31.242950|{tx-445} :-BBB.............
2025-12-28 12:48:31.412566|{rx-446} 1, 0, 0, 3, 447, 447, 0, 0, 0, 0, 0, 1, 0, 1, 1
2025-12-28 12:48:31.418475|{rssi-446} 111, -58, -127, -127, -127, 111, 111, 111, 111, 111, 111, 111, 111, 111, 111, 111, 111, 111, 
2025-12-28 12:48:31.426839|{td-446} 0, -7, 0, 0, 0, 0, 0, 0, 0, 0, 0, 0, 0, 0, 0, 0, 0, 0, 
2025-12-28 12:48:31.432450|{tx-446} :-BBB.............
2025-12-28 12:48:31.602426|{rx-447} 1, 0, 0, 3, 448, 448, 0, 0, 0, 0, 0, 1, 0, 1, 1
2025-12-28 12:48:31.606298|{rssi-447} 111, -58, -127, -127, -127, 111, 111, 111, 111, 111, 111, 111, 111, 111, 111, 111, 111, 111, 
2025-12-28 12:48:31.616580|{td-447} 0, -9, 0, 0, 0, 0, 0, 0, 0, 0, 0, 0, 0, 0, 0, 0, 0, 0, 
2025-12-28 12:48:31.621044|{tx-447} :-BBB.............
2025-12-28 12:48:31.791860|{rx-448} 1, 0, 0, 3, 449, 449, 0, 0, 0, 0, 0, 1, 0, 1, 1
2025-12-28 12:48:31.797356|{rssi-448} 111, -58, -127, -127, -127, 111, 111, 111, 111, 111, 111, 111, 111, 111, 111, 111, 111, 111, 
2025-12-28 12:48:31.806575|{td-448} 0, -7, 0, 0, 0, 0, 0, 0, 0, 0, 0, 0, 0, 0, 0, 0, 0, 0, 
2025-12-28 12:48:31.811999|{tx-448} :-BBB.............
2025-12-28 12:48:31.982352|{rx-449} 1, 0, 0, 3, 450, 450, 0, 0, 0, 0, 0, 1, 0, 1, 1
2025-12-28 12:48:31.987258|{rssi-449} 111, -58, -127, -127, -127, 111, 111, 111, 111, 111, 111, 111, 111, 111, 111, 111, 111, 111, 
2025-12-28 12:48:31.996518|{td-449} 0, -7, 0, 0, 0, 0, 0, 0, 0, 0, 0, 0, 0, 0, 0, 0, 0, 0, 
2025-12-28 12:48:32.002293|{tx-449} :-BBB.............
2025-12-28 12:48:32.172566|{rx-450} 1, 0, 0, 3, 451, 451, 0, 0, 0, 0, 0, 1, 0, 1, 1
2025-12-28 12:48:32.176387|{rssi-450} 111, -58, -127, -127, -127, 111, 111, 111, 111, 111, 111, 111, 111, 111, 111, 111, 111, 111, 
2025-12-28 12:48:32.185276|{td-450} 0, -9, 0, 0, 0, 0, 0, 0, 0, 0, 0, 0, 0, 0, 0, 0, 0, 0, 
2025-12-28 12:48:32.191521|{tx-450} :-BBB.............
2025-12-28 12:48:32.362591|{rx-451} 1, 0, 0, 3, 452, 452, 0, 0, 0, 0, 0, 1, 0, 1, 1
2025-12-28 12:48:32.366459|{rssi-451} 111, -58, -127, -127, -127, 111, 111, 111, 111, 111, 111, 111, 111, 111, 111, 111, 111, 111, 
2025-12-28 12:48:32.377089|{td-451} 0, -7, 0, 0, 0, 0, 0, 0, 0, 0, 0, 0, 0, 0, 0, 0, 0, 0, 
2025-12-28 12:48:32.381260|{tx-451} :-BBB.............
2025-12-28 12:48:32.552602|{rx-452} 1, 0, 0, 3, 453, 453, 0, 0, 0, 0, 0, 1, 0, 1, 1
2025-12-28 12:48:32.557234|{rssi-452} 111, -58, -127, -127, -127, 111, 111, 111, 111, 111, 111, 111, 111, 111, 111, 111, 111, 111, 
2025-12-28 12:48:32.566883|{td-452} 0, -9, 0, 0, 0, 0, 0, 0, 0, 0, 0, 0, 0, 0, 0, 0, 0, 0, 
2025-12-28 12:48:32.571036|{tx-452} :-BBB.............
2025-12-28 12:48:32.741836|{rx-453} 1, 0, 0, 3, 454, 454, 0, 0, 0, 0, 0, 1, 0, 1, 1
2025-12-28 12:48:32.747026|{rssi-453} 111, -58, -127, -127, -127, 111, 111, 111, 111, 111, 111, 111, 111, 111, 111, 111, 111, 111, 
2025-12-28 12:48:32.756376|{td-453} 0, -7, 0, 0, 0, 0, 0, 0, 0, 0, 0, 0, 0, 0, 0, 0, 0, 0, 
2025-12-28 12:48:32.762048|{tx-453} :-BBB.............
2025-12-28 12:48:32.931858|{rx-454} 1, 0, 0, 3, 455, 455, 0, 0, 0, 0, 0, 1, 0, 1, 1
2025-12-28 12:48:32.936287|{rssi-454} 111, -58, -127, -127, -127, 111, 111, 111, 111, 111, 111, 111, 111, 111, 111, 111, 111, 111, 
2025-12-28 12:48:32.946699|{td-454} 0, -9, 0, 0, 0, 0, 0, 0, 0, 0, 0, 0, 0, 0, 0, 0, 0, 0, 
2025-12-28 12:48:32.950937|{tx-454} :-BBB.............
2025-12-28 12:48:33.122659|{rx-455} 1, 0, 0, 3, 456, 456, 0, 0, 0, 0, 0, 1, 0, 1, 1
2025-12-28 12:48:33.130018|{rssi-455} 111, -58, -127, -127, -127, 111, 111, 111, 111, 111, 111, 111, 111, 111, 111, 111, 111, 111, 
2025-12-28 12:48:33.137185|{td-455} 0, -7, 0, 0, 0, 0, 0, 0, 0, 0, 0, 0, 0, 0, 0, 0, 0, 0, 
2025-12-28 12:48:33.142476|{tx-455} :-BBB.............
2025-12-28 12:48:33.311887|{rx-456} 1, 0, 0, 3, 457, 457, 0, 0, 0, 0, 0, 1, 0, 1, 1
2025-12-28 12:48:33.316948|{rssi-456} 111, -58, -127, -127, -127, 111, 111, 111, 111, 111, 111, 111, 111, 111, 111, 111, 111, 111, 
2025-12-28 12:48:33.326124|{td-456} 0, -9, 0, 0, 0, 0, 0, 0, 0, 0, 0, 0, 0, 0, 0, 0, 0, 0, 
2025-12-28 12:48:33.332090|{tx-456} :-BBB.............
2025-12-28 12:48:33.502444|{rx-457} 1, 0, 0, 3, 458, 458, 0, 0, 0, 0, 0, 1, 0, 1, 1
2025-12-28 12:48:33.506592|{rssi-457} 111, -58, -127, -127, -127, 111, 111, 111, 111, 111, 111, 111, 111, 111, 111, 111, 111, 111, 
2025-12-28 12:48:33.516360|{td-457} 0, -7, 0, 0, 0, 0, 0, 0, 0, 0, 0, 0, 0, 0, 0, 0, 0, 0, 
2025-12-28 12:48:33.522011|{tx-457} :-BBB.............
2025-12-28 12:48:33.692878|{rx-458} 1, 0, 0, 3, 459, 459, 0, 0, 0, 0, 0, 1, 0, 1, 1
2025-12-28 12:48:33.697151|{rssi-458} 111, -58, -127, -127, -127, 111, 111, 111, 111, 111, 111, 111, 111, 111, 111, 111, 111, 111, 
2025-12-28 12:48:33.706723|{td-458} 0, -9, 0, 0, 0, 0, 0, 0, 0, 0, 0, 0, 0, 0, 0, 0, 0, 0, 
2025-12-28 12:48:33.712122|{tx-458} :-BBB.............
2025-12-28 12:48:33.881681|{rx-459} 1, 0, 0, 3, 460, 460, 0, 0, 0, 0, 0, 1, 0, 1, 1
2025-12-28 12:48:33.886376|{rssi-459} 111, -58, -127, -127, -127, 111, 111, 111, 111, 111, 111, 111, 111, 111, 111, 111, 111, 111, 
2025-12-28 12:48:33.896185|{td-459} 0, -9, 0, 0, 0, 0, 0, 0, 0, 0, 0, 0, 0, 0, 0, 0, 0, 0, 
2025-12-28 12:48:33.900709|{tx-459} :-BBB.............
2025-12-28 12:48:34.072320|{rx-460} 1, 0, 0, 3, 461, 461, 0, 0, 0, 0, 0, 1, 0, 1, 1
2025-12-28 12:48:34.076767|{rssi-460} 111, -58, -127, -127, -127, 111, 111, 111, 111, 111, 111, 111, 111, 111, 111, 111, 111, 111, 
2025-12-28 12:48:34.086503|{td-460} 0, -7, 0, 0, 0, 0, 0, 0, 0, 0, 0, 0, 0, 0, 0, 0, 0, 0, 
2025-12-28 12:48:34.091805|{tx-460} :-BBB.............
2025-12-28 12:48:34.261870|{rx-461} 1, 0, 0, 3, 462, 462, 0, 0, 0, 0, 0, 1, 0, 1, 1
2025-12-28 12:48:34.266912|{rssi-461} 111, -58, -127, -127, -127, 111, 111, 111, 111, 111, 111, 111, 111, 111, 111, 111, 111, 111, 
2025-12-28 12:48:34.275658|{td-461} 0, -7, 0, 0, 0, 0, 0, 0, 0, 0, 0, 0, 0, 0, 0, 0, 0, 0, 
2025-12-28 12:48:34.284933|{tx-461} :-BBB.............
2025-12-28 12:48:34.452565|{rx-462} 1, 0, 0, 3, 463, 463, 0, 0, 0, 0, 0, 1, 0, 1, 1
2025-12-28 12:48:34.456196|{rssi-462} 111, -58, -127, -127, -127, 111, 111, 111, 111, 111, 111, 111, 111, 111, 111, 111, 111, 111, 
2025-12-28 12:48:34.466406|{td-462} 0, -9, 0, 0, 0, 0, 0, 0, 0, 0, 0, 0, 0, 0, 0, 0, 0, 0, 
2025-12-28 12:48:34.472334|{tx-462} :-BBB.............
2025-12-28 12:48:34.642494|{rx-463} 1, 0, 0, 3, 464, 464, 0, 0, 0, 0, 0, 1, 0, 1, 1
2025-12-28 12:48:34.646364|{rssi-463} 111, -58, -127, -127, -127, 111, 111, 111, 111, 111, 111, 111, 111, 111, 111, 111, 111, 111, 
2025-12-28 12:48:34.656339|{td-463} 0, -7, 0, 0, 0, 0, 0, 0, 0, 0, 0, 0, 0, 0, 0, 0, 0, 0, 
2025-12-28 12:48:34.662126|{tx-463} :-BBB.............
2025-12-28 12:48:34.832346|{rx-464} 1, 0, 0, 3, 465, 465, 0, 0, 0, 0, 0, 1, 0, 1, 1
2025-12-28 12:48:34.836615|{rssi-464} 111, -58, -127, -127, -127, 111, 111, 111, 111, 111, 111, 111, 111, 111, 111, 111, 111, 111, 
2025-12-28 12:48:34.846390|{td-464} 0, -9, 0, 0, 0, 0, 0, 0, 0, 0, 0, 0, 0, 0, 0, 0, 0, 0, 
2025-12-28 12:48:34.851554|{tx-464} :-BBB.............
2025-12-28 12:48:35.022462|{rx-465} 1, 0, 0, 3, 466, 466, 0, 0, 0, 0, 0, 1, 0, 1, 1
2025-12-28 12:48:35.027027|{rssi-465} 111, -58, -127, -127, -127, 111, 111, 111, 111, 111, 111, 111, 111, 111, 111, 111, 111, 111, 
2025-12-28 12:48:35.036179|{td-465} 0, -9, 0, 0, 0, 0, 0, 0, 0, 0, 0, 0, 0, 0, 0, 0, 0, 0, 
2025-12-28 12:48:35.040520|{tx-465} :-BBB.............
2025-12-28 12:48:35.211091|{rx-466} 1, 0, 0, 3, 467, 467, 0, 0, 0, 0, 0, 1, 0, 1, 1
2025-12-28 12:48:35.216541|{rssi-466} 111, -58, -127, -127, -127, 111, 111, 111, 111, 111, 111, 111, 111, 111, 111, 111, 111, 111, 
2025-12-28 12:48:35.226029|{td-466} 0, -7, 0, 0, 0, 0, 0, 0, 0, 0, 0, 0, 0, 0, 0, 0, 0, 0, 
2025-12-28 12:48:35.230365|{tx-466} :-BBB.............
2025-12-28 12:48:35.401619|{rx-467} 1, 0, 0, 3, 468, 468, 0, 0, 0, 0, 0, 1, 0, 1, 1
2025-12-28 12:48:35.406476|{rssi-467} 111, -58, -127, -127, -127, 111, 111, 111, 111, 111, 111, 111, 111, 111, 111, 111, 111, 111, 
2025-12-28 12:48:35.416044|{td-467} 0, -7, 0, 0, 0, 0, 0, 0, 0, 0, 0, 0, 0, 0, 0, 0, 0, 0, 
2025-12-28 12:48:35.420925|{tx-467} :-BBB.............
2025-12-28 12:48:35.591614|{rx-468} 1, 0, 0, 3, 469, 469, 0, 0, 0, 0, 0, 1, 0, 1, 1
2025-12-28 12:48:35.597078|{rssi-468} 111, -58, -127, -127, -127, 111, 111, 111, 111, 111, 111, 111, 111, 111, 111, 111, 111, 111, 
2025-12-28 12:48:35.606393|{td-468} 0, -9, 0, 0, 0, 0, 0, 0, 0, 0, 0, 0, 0, 0, 0, 0, 0, 0, 
2025-12-28 12:48:35.611747|{tx-468} :-BBB.............
2025-12-28 12:48:35.781240|{rx-469} 1, 0, 0, 3, 470, 470, 0, 0, 0, 0, 0, 1, 0, 1, 1
2025-12-28 12:48:35.786478|{rssi-469} 111, -58, -127, -127, -127, 111, 111, 111, 111, 111, 111, 111, 111, 111, 111, 111, 111, 111, 
2025-12-28 12:48:35.795522|{td-469} 0, -7, 0, 0, 0, 0, 0, 0, 0, 0, 0, 0, 0, 0, 0, 0, 0, 0, 
2025-12-28 12:48:35.800996|{tx-469} :-BBB.............
2025-12-28 12:48:35.971122|{rx-470} 1, 0, 0, 3, 471, 471, 0, 0, 0, 0, 0, 1, 0, 1, 1
2025-12-28 12:48:35.976582|{rssi-470} 111, -58, -127, -127, -127, 111, 111, 111, 111, 111, 111, 111, 111, 111, 111, 111, 111, 111, 
2025-12-28 12:48:35.985939|{td-470} 0, -9, 0, 0, 0, 0, 0, 0, 0, 0, 0, 0, 0, 0, 0, 0, 0, 0, 
2025-12-28 12:48:35.990550|{tx-470} :-BBB.............
2025-12-28 12:48:36.161327|{rx-471} 1, 0, 0, 3, 472, 472, 0, 0, 0, 0, 0, 1, 0, 1, 1
2025-12-28 12:48:36.167579|{rssi-471} 111, -58, -127, -127, -127, 111, 111, 111, 111, 111, 111, 111, 111, 111, 111, 111, 111, 111, 
2025-12-28 12:48:36.176430|{td-471} 0, -7, 0, 0, 0, 0, 0, 0, 0, 0, 0, 0, 0, 0, 0, 0, 0, 0, 
2025-12-28 12:48:36.180368|{tx-471} :-BBB.............
2025-12-28 12:48:36.351406|{rx-472} 1, 0, 0, 3, 473, 473, 0, 0, 0, 0, 0, 1, 0, 1, 1
2025-12-28 12:48:36.357652|{rssi-472} 111, -58, -127, -127, -127, 111, 111, 111, 111, 111, 111, 111, 111, 111, 111, 111, 111, 111, 
2025-12-28 12:48:36.366000|{td-472} 0, -9, 0, 0, 0, 0, 0, 0, 0, 0, 0, 0, 0, 0, 0, 0, 0, 0, 
2025-12-28 12:48:36.370219|{tx-472} :-BBB.............
2025-12-28 12:48:36.540806|{rx-473} 1, 0, 0, 3, 474, 474, 0, 0, 0, 0, 0, 1, 0, 1, 1
2025-12-28 12:48:36.546447|{rssi-473} 111, -58, -127, -127, -127, 111, 111, 111, 111, 111, 111, 111, 111, 111, 111, 111, 111, 111, 
2025-12-28 12:48:36.555977|{td-473} 0, -7, 0, 0, 0, 0, 0, 0, 0, 0, 0, 0, 0, 0, 0, 0, 0, 0, 
2025-12-28 12:48:36.561918|{tx-473} :-BBB.............
2025-12-28 12:48:36.731450|{rx-474} 1, 0, 0, 3, 475, 475, 0, 0, 0, 0, 0, 1, 0, 1, 1
2025-12-28 12:48:36.736197|{rssi-474} 111, -58, -127, -127, -127, 111, 111, 111, 111, 111, 111, 111, 111, 111, 111, 111, 111, 111, 
2025-12-28 12:48:36.745375|{td-474} 0, -9, 0, 0, 0, 0, 0, 0, 0, 0, 0, 0, 0, 0, 0, 0, 0, 0, 
2025-12-28 12:48:36.751085|{tx-474} :-BBB.............
2025-12-28 12:48:36.921806|{rx-475} 1, 0, 0, 3, 476, 476, 0, 0, 0, 0, 0, 1, 0, 1, 1
2025-12-28 12:48:36.926264|{rssi-475} 111, -58, -127, -127, -127, 111, 111, 111, 111, 111, 111, 111, 111, 111, 111, 111, 111, 111, 
2025-12-28 12:48:36.935862|{td-475} 0, -7, 0, 0, 0, 0, 0, 0, 0, 0, 0, 0, 0, 0, 0, 0, 0, 0, 
2025-12-28 12:48:36.941530|{tx-475} :-BBB.............
2025-12-28 12:48:37.111267|{rx-476} 1, 0, 0, 3, 477, 477, 0, 0, 0, 0, 0, 1, 0, 1, 1
2025-12-28 12:48:37.115791|{rssi-476} 111, -58, -127, -127, -127, 111, 111, 111, 111, 111, 111, 111, 111, 111, 111, 111, 111, 111, 
2025-12-28 12:48:37.125836|{td-476} 0, -9, 0, 0, 0, 0, 0, 0, 0, 0, 0, 0, 0, 0, 0, 0, 0, 0, 
2025-12-28 12:48:37.130517|{tx-476} :-BBB.............
2025-12-28 12:48:37.301178|{rx-477} 1, 0, 0, 3, 478, 478, 0, 0, 0, 0, 0, 1, 0, 1, 1
2025-12-28 12:48:37.306253|{rssi-477} 111, -58, -127, -127, -127, 111, 111, 111, 111, 111, 111, 111, 111, 111, 111, 111, 111, 111, 
2025-12-28 12:48:37.315253|{td-477} 0, -7, 0, 0, 0, 0, 0, 0, 0, 0, 0, 0, 0, 0, 0, 0, 0, 0, 
2025-12-28 12:48:37.321046|{tx-477} :-BBB.............
2025-12-28 12:48:37.490823|{rx-478} 1, 0, 0, 3, 479, 479, 0, 0, 0, 0, 0, 1, 0, 1, 1
2025-12-28 12:48:37.496547|{rssi-478} 111, -58, -127, -127, -127, 111, 111, 111, 111, 111, 111, 111, 111, 111, 111, 111, 111, 111, 
2025-12-28 12:48:37.505859|{td-478} 0, -9, 0, 0, 0, 0, 0, 0, 0, 0, 0, 0, 0, 0, 0, 0, 0, 0, 
2025-12-28 12:48:37.510599|{tx-478} :-BBB.............
2025-12-28 12:48:37.681183|{rx-479} 1, 0, 0, 3, 480, 480, 0, 0, 0, 0, 0, 1, 0, 1, 1
2025-12-28 12:48:37.686283|{rssi-479} 111, -58, -127, -127, -127, 111, 111, 111, 111, 111, 111, 111, 111, 111, 111, 111, 111, 111, 
2025-12-28 12:48:37.695452|{td-479} 0, -7, 0, 0, 0, 0, 0, 0, 0, 0, 0, 0, 0, 0, 0, 0, 0, 0, 
2025-12-28 12:48:37.700535|{tx-479} :-BBB.............
2025-12-28 12:48:37.871614|{rx-480} 1, 0, 0, 3, 481, 481, 0, 0, 0, 0, 0, 1, 0, 1, 1
2025-12-28 12:48:37.876189|{rssi-480} 111, -58, -127, -127, -127, 111, 111, 111, 111, 111, 111, 111, 111, 111, 111, 111, 111, 111, 
2025-12-28 12:48:37.885474|{td-480} 0, -9, 0, 0, 0, 0, 0, 0, 0, 0, 0, 0, 0, 0, 0, 0, 0, 0, 
2025-12-28 12:48:37.890257|{tx-480} :-BBB.............
2025-12-28 12:48:38.060787|{rx-481} 1, 0, 0, 3, 482, 482, 0, 0, 0, 0, 0, 1, 0, 1, 1
2025-12-28 12:48:38.065216|{rssi-481} 111, -58, -127, -127, -127, 111, 111, 111, 111, 111, 111, 111, 111, 111, 111, 111, 111, 111, 
2025-12-28 12:48:38.076193|{td-481} 0, -7, 0, 0, 0, 0, 0, 0, 0, 0, 0, 0, 0, 0, 0, 0, 0, 0, 
2025-12-28 12:48:38.080383|{tx-481} :-BBB.............
2025-12-28 12:48:38.250994|{rx-482} 1, 0, 0, 3, 483, 483, 0, 0, 0, 0, 0, 1, 0, 1, 1
2025-12-28 12:48:38.258110|{rssi-482} 111, -58, -127, -127, -127, 111, 111, 111, 111, 111, 111, 111, 111, 111, 111, 111, 111, 111, 
2025-12-28 12:48:38.264271|{td-482} 0, -9, 0, 0, 0, 0, 0, 0, 0, 0, 0, 0, 0, 0, 0, 0, 0, 0, 
2025-12-28 12:48:38.270910|{tx-482} :-BBB.............
2025-12-28 12:48:38.441800|{rx-483} 1, 0, 0, 3, 484, 484, 0, 0, 0, 0, 0, 1, 0, 1, 1
2025-12-28 12:48:38.445410|{rssi-483} 111, -58, -127, -127, -127, 111, 111, 111, 111, 111, 111, 111, 111, 111, 111, 111, 111, 111, 
2025-12-28 12:48:38.455503|{td-483} 0, -7, 0, 0, 0, 0, 0, 0, 0, 0, 0, 0, 0, 0, 0, 0, 0, 0, 
2025-12-28 12:48:38.460989|{tx-483} :-BBB.............
2025-12-28 12:48:38.631691|{rx-484} 1, 0, 0, 3, 485, 485, 0, 0, 0, 0, 0, 1, 0, 1, 1
2025-12-28 12:48:38.635828|{rssi-484} 111, -61, -127, -127, -127, 111, 111, 111, 111, 111, 111, 111, 111, 111, 111, 111, 111, 111, 
2025-12-28 12:48:38.644775|{td-484} 0, -9, 0, 0, 0, 0, 0, 0, 0, 0, 0, 0, 0, 0, 0, 0, 0, 0, 
2025-12-28 12:48:38.650119|{tx-484} :-BBB.............
2025-12-28 12:48:38.821884|{rx-485} 1, 0, 0, 3, 486, 486, 0, 0, 0, 0, 0, 1, 0, 1, 1
2025-12-28 12:48:38.826318|{rssi-485} 111, -58, -127, -127, -127, 111, 111, 111, 111, 111, 111, 111, 111, 111, 111, 111, 111, 111, 
2025-12-28 12:48:38.835991|{td-485} 0, -7, 0, 0, 0, 0, 0, 0, 0, 0, 0, 0, 0, 0, 0, 0, 0, 0, 
2025-12-28 12:48:38.841472|{tx-485} :-BBB.............
2025-12-28 12:48:39.011574|{rx-486} 1, 0, 0, 3, 487, 487, 0, 0, 0, 0, 0, 1, 0, 1, 1
2025-12-28 12:48:39.015909|{rssi-486} 111, -58, -127, -127, -127, 111, 111, 111, 111, 111, 111, 111, 111, 111, 111, 111, 111, 111, 
2025-12-28 12:48:39.025627|{td-486} 0, -9, 0, 0, 0, 0, 0, 0, 0, 0, 0, 0, 0, 0, 0, 0, 0, 0, 
2025-12-28 12:48:39.030248|{tx-486} :-BBB.............
2025-12-28 12:48:39.201723|{rx-487} 1, 0, 0, 3, 488, 488, 0, 0, 0, 0, 0, 1, 0, 1, 1
2025-12-28 12:48:39.206348|{rssi-487} 111, -58, -127, -127, -127, 111, 111, 111, 111, 111, 111, 111, 111, 111, 111, 111, 111, 111, 
2025-12-28 12:48:39.215311|{td-487} 0, -7, 0, 0, 0, 0, 0, 0, 0, 0, 0, 0, 0, 0, 0, 0, 0, 0, 
2025-12-28 12:48:39.219776|{tx-487} :-BBB.............
2025-12-28 12:48:39.391648|{rx-488} 1, 0, 0, 3, 489, 489, 0, 0, 0, 0, 0, 1, 0, 1, 1
2025-12-28 12:48:39.396123|{rssi-488} 111, -58, -127, -127, -127, 111, 111, 111, 111, 111, 111, 111, 111, 111, 111, 111, 111, 111, 
2025-12-28 12:48:39.405518|{td-488} 0, -9, 0, 0, 0, 0, 0, 0, 0, 0, 0, 0, 0, 0, 0, 0, 0, 0, 
2025-12-28 12:48:39.410537|{tx-488} :-BBB.............
2025-12-28 12:48:39.581470|{rx-489} 1, 0, 0, 3, 490, 490, 0, 0, 0, 0, 0, 1, 0, 1, 1
2025-12-28 12:48:39.585871|{rssi-489} 111, -58, -127, -127, -127, 111, 111, 111, 111, 111, 111, 111, 111, 111, 111, 111, 111, 111, 
2025-12-28 12:48:39.594603|{td-489} 0, -7, 0, 0, 0, 0, 0, 0, 0, 0, 0, 0, 0, 0, 0, 0, 0, 0, 
2025-12-28 12:48:39.601064|{tx-489} :-BBB.............
2025-12-28 12:48:39.771408|{rx-490} 1, 0, 0, 3, 491, 491, 0, 0, 0, 0, 0, 1, 0, 1, 1
2025-12-28 12:48:39.775473|{rssi-490} 111, -58, -127, -127, -127, 111, 111, 111, 111, 111, 111, 111, 111, 111, 111, 111, 111, 111, 
2025-12-28 12:48:39.785049|{td-490} 0, -9, 0, 0, 0, 0, 0, 0, 0, 0, 0, 0, 0, 0, 0, 0, 0, 0, 
2025-12-28 12:48:39.789966|{tx-490} :-BBB.............
2025-12-28 12:48:39.961253|{rx-491} 1, 0, 0, 3, 492, 492, 0, 0, 0, 0, 0, 1, 0, 1, 1
2025-12-28 12:48:39.965761|{rssi-491} 111, -58, -127, -127, -127, 111, 111, 111, 111, 111, 111, 111, 111, 111, 111, 111, 111, 111, 
2025-12-28 12:48:39.975145|{td-491} 0, -7, 0, 0, 0, 0, 0, 0, 0, 0, 0, 0, 0, 0, 0, 0, 0, 0, 
2025-12-28 12:48:39.982211|{tx-491} :-BBB.............
2025-12-28 12:48:40.152492|{rx-492} 1, 0, 0, 3, 493, 493, 0, 0, 0, 0, 0, 1, 0, 1, 1
2025-12-28 12:48:40.157363|{rssi-492} 111, -58, -127, -127, -127, 111, 111, 111, 111, 111, 111, 111, 111, 111, 111, 111, 111, 111, 
2025-12-28 12:48:40.166190|{td-492} 0, -9, 0, 0, 0, 0, 0, 0, 0, 0, 0, 0, 0, 0, 0, 0, 0, 0, 
2025-12-28 12:48:40.171158|{tx-492} :-BBB.............
2025-12-28 12:48:40.341645|{rx-493} 1, 0, 0, 3, 494, 494, 0, 0, 0, 0, 0, 1, 0, 1, 1
2025-12-28 12:48:40.349611|{rssi-493} 111, -58, -127, -127, -127, 111, 111, 111, 111, 111, 111, 111, 111, 111, 111, 111, 111, 111, 
2025-12-28 12:48:40.356520|{td-493} 0, -7, 0, 0, 0, 0, 0, 0, 0, 0, 0, 0, 0, 0, 0, 0, 0, 0, 
2025-12-28 12:48:40.361839|{tx-493} :-BBB.............
2025-12-28 12:48:40.531552|{rx-494} 1, 0, 0, 3, 495, 495, 0, 0, 0, 0, 0, 1, 0, 1, 1
2025-12-28 12:48:40.535393|{rssi-494} 111, -58, -127, -127, -127, 111, 111, 111, 111, 111, 111, 111, 111, 111, 111, 111, 111, 111, 
2025-12-28 12:48:40.545638|{td-494} 0, -9, 0, 0, 0, 0, 0, 0, 0, 0, 0, 0, 0, 0, 0, 0, 0, 0, 
2025-12-28 12:48:40.549628|{tx-494} :-BBB.............
2025-12-28 12:48:40.721965|{rx-495} 1, 0, 0, 3, 496, 496, 0, 0, 0, 0, 0, 1, 0, 1, 1
2025-12-28 12:48:40.726990|{rssi-495} 111, -58, -127, -127, -127, 111, 111, 111, 111, 111, 111, 111, 111, 111, 111, 111, 111, 111, 
2025-12-28 12:48:40.737208|{td-495} 0, -7, 0, 0, 0, 0, 0, 0, 0, 0, 0, 0, 0, 0, 0, 0, 0, 0, 
2025-12-28 12:48:40.741361|{tx-495} :-BBB.............
2025-12-28 12:48:40.910009|{rx-496} 1, 0, 0, 3, 497, 497, 0, 0, 0, 0, 0, 1, 0, 1, 1
2025-12-28 12:48:40.916986|{rssi-496} 111, -58, -127, -127, -127, 111, 111, 111, 111, 111, 111, 111, 111, 111, 111, 111, 111, 111, 
2025-12-28 12:48:40.925616|{td-496} 0, -9, 0, 0, 0, 0, 0, 0, 0, 0, 0, 0, 0, 0, 0, 0, 0, 0, 
2025-12-28 12:48:40.929674|{tx-496} :-BBB.............
2025-12-28 12:48:41.099891|{rx-497} 1, 0, 0, 3, 498, 498, 0, 0, 0, 0, 0, 1, 0, 1, 1
2025-12-28 12:48:41.106368|{rssi-497} 111, -58, -127, -127, -127, 111, 111, 111, 111, 111, 111, 111, 111, 111, 111, 111, 111, 111, 
2025-12-28 12:48:41.115959|{td-497} 0, -7, 0, 0, 0, 0, 0, 0, 0, 0, 0, 0, 0, 0, 0, 0, 0, 0, 
2025-12-28 12:48:41.121612|{tx-497} :-BBB.............
2025-12-28 12:48:41.290581|{rx-498} 1, 0, 0, 3, 499, 499, 0, 0, 0, 0, 0, 1, 0, 1, 1
2025-12-28 12:48:41.298445|{rssi-498} 111, -58, -127, -127, -127, 111, 111, 111, 111, 111, 111, 111, 111, 111, 111, 111, 111, 111, 
2025-12-28 12:48:41.306762|{td-498} 0, -9, 0, 0, 0, 0, 0, 0, 0, 0, 0, 0, 0, 0, 0, 0, 0, 0, 
2025-12-28 12:48:41.311109|{tx-498} :-BBB.............
2025-12-28 12:48:41.479861|{rx-499} 1, 0, 0, 3, 500, 500, 0, 0, 0, 0, 0, 1, 0, 1, 1
2025-12-28 12:48:41.485896|{rssi-499} 111, -58, -127, -127, -127, 111, 111, 111, 111, 111, 111, 111, 111, 111, 111, 111, 111, 111, 
2025-12-28 12:48:41.496102|{td-499} 0, -7, 0, 0, 0, 0, 0, 0, 0, 0, 0, 0, 0, 0, 0, 0, 0, 0, 
2025-12-28 12:48:41.501613|{tx-499} :-BBB.............
2025-12-28 12:48:41.673996|{rx-500} 1, 0, 0, 3, 501, 501, 0, 0, 0, 0, 0, 1, 0, 1, 1
2025-12-28 12:48:41.677594|{rssi-500} 111, -58, -127, -127, -127, 111, 111, 111, 111, 111, 111, 111, 111, 111, 111, 111, 111, 111, 
2025-12-28 12:48:41.685982|{td-500} 0, -7, 0, 0, 0, 0, 0, 0, 0, 0, 0, 0, 0, 0, 0, 0, 0, 0, 
2025-12-28 12:48:41.690200|{tx-500} :-BBB.............
2025-12-28 12:48:41.860688|{rx-501} 1, 0, 0, 3, 502, 502, 0, 0, 0, 0, 0, 1, 0, 1, 1
2025-12-28 12:48:41.865111|{rssi-501} 111, -58, -127, -127, -127, 111, 111, 111, 111, 111, 111, 111, 111, 111, 111, 111, 111, 111, 
2025-12-28 12:48:41.876151|{td-501} 0, -9, 0, 0, 0, 0, 0, 0, 0, 0, 0, 0, 0, 0, 0, 0, 0, 0, 
2025-12-28 12:48:41.880357|{tx-501} :-BBB.............
2025-12-28 12:48:42.050512|{rx-502} 1, 0, 0, 3, 503, 503, 0, 0, 0, 0, 0, 1, 0, 1, 1
2025-12-28 12:48:42.057233|{rssi-502} 111, -58, -127, -127, -127, 111, 111, 111, 111, 111, 111, 111, 111, 111, 111, 111, 111, 111, 
2025-12-28 12:48:42.065577|{td-502} 0, -7, 0, 0, 0, 0, 0, 0, 0, 0, 0, 0, 0, 0, 0, 0, 0, 0, 
2025-12-28 12:48:42.070382|{tx-502} :-BBB.............
2025-12-28 12:48:42.239915|{rx-503} 1, 0, 0, 3, 504, 504, 0, 0, 0, 0, 0, 1, 0, 1, 1
2025-12-28 12:48:42.246693|{rssi-503} 111, -58, -127, -127, -127, 111, 111, 111, 111, 111, 111, 111, 111, 111, 111, 111, 111, 111, 
2025-12-28 12:48:42.255161|{td-503} 0, -9, 0, 0, 0, 0, 0, 0, 0, 0, 0, 0, 0, 0, 0, 0, 0, 0, 
2025-12-28 12:48:42.259229|{tx-503} :-BBB.............
2025-12-28 12:48:42.430292|{rx-504} 1, 0, 0, 3, 505, 505, 0, 0, 0, 0, 0, 1, 0, 1, 1
2025-12-28 12:48:42.435967|{rssi-504} 111, -58, -127, -127, -127, 111, 111, 111, 111, 111, 111, 111, 111, 111, 111, 111, 111, 111, 
2025-12-28 12:48:42.446037|{td-504} 0, -9, 0, 0, 0, 0, 0, 0, 0, 0, 0, 0, 0, 0, 0, 0, 0, 0, 
2025-12-28 12:48:42.450634|{tx-504} :-BBB.............
2025-12-28 12:48:42.621199|{rx-505} 1, 0, 0, 3, 506, 506, 0, 0, 0, 0, 0, 1, 0, 1, 1
2025-12-28 12:48:42.628009|{rssi-505} 111, -58, -127, -127, -127, 111, 111, 111, 111, 111, 111, 111, 111, 111, 111, 111, 111, 111, 
2025-12-28 12:48:42.636078|{td-505} 0, -7, 0, 0, 0, 0, 0, 0, 0, 0, 0, 0, 0, 0, 0, 0, 0, 0, 
2025-12-28 12:48:42.640504|{tx-505} :-BBB.............
2025-12-28 12:48:42.810011|{rx-506} 1, 0, 0, 3, 507, 507, 0, 0, 0, 0, 0, 1, 0, 1, 1
2025-12-28 12:48:42.815607|{rssi-506} 111, -58, -127, -127, -127, 111, 111, 111, 111, 111, 111, 111, 111, 111, 111, 111, 111, 111, 
2025-12-28 12:48:42.825073|{td-506} 0, -9, 0, 0, 0, 0, 0, 0, 0, 0, 0, 0, 0, 0, 0, 0, 0, 0, 
2025-12-28 12:48:42.829470|{tx-506} :-BBB.............
2025-12-28 12:48:43.000784|{rx-507} 1, 0, 0, 3, 508, 508, 0, 0, 0, 0, 0, 1, 0, 1, 1
2025-12-28 12:48:43.005607|{rssi-507} 111, -58, -127, -127, -127, 111, 111, 111, 111, 111, 111, 111, 111, 111, 111, 111, 111, 111, 
2025-12-28 12:48:43.014656|{td-507} 0, -7, 0, 0, 0, 0, 0, 0, 0, 0, 0, 0, 0, 0, 0, 0, 0, 0, 
2025-12-28 12:48:43.019385|{tx-507} :-BBB.............
2025-12-28 12:48:43.189804|{rx-508} 1, 0, 0, 3, 509, 509, 0, 0, 0, 0, 0, 1, 0, 1, 1
2025-12-28 12:48:43.195098|{rssi-508} 111, -58, -127, -127, -127, 111, 111, 111, 111, 111, 111, 111, 111, 111, 111, 111, 111, 111, 
2025-12-28 12:48:43.205047|{td-508} 0, -7, 0, 0, 0, 0, 0, 0, 0, 0, 0, 0, 0, 0, 0, 0, 0, 0, 
2025-12-28 12:48:43.209326|{tx-508} :-BBB.............
2025-12-28 12:48:43.381085|{rx-509} 1, 0, 0, 3, 510, 510, 0, 0, 0, 0, 0, 1, 0, 1, 1
2025-12-28 12:48:43.390217|{rssi-509} 111, -58, -127, -127, -127, 111, 111, 111, 111, 111, 111, 111, 111, 111, 111, 111, 111, 111, 
2025-12-28 12:48:43.394342|{td-509} 0, -9, 0, 0, 0, 0, 0, 0, 0, 0, 0, 0, 0, 0, 0, 0, 0, 0, 
2025-12-28 12:48:43.400443|{tx-509} :-BBB.............
2025-12-28 12:48:43.571192|{rx-510} 1, 0, 0, 3, 511, 511, 0, 0, 0, 0, 0, 1, 0, 1, 1
2025-12-28 12:48:43.576007|{rssi-510} 111, -58, -127, -127, -127, 111, 111, 111, 111, 111, 111, 111, 111, 111, 111, 111, 111, 111, 
2025-12-28 12:48:43.586124|{td-510} 0, -9, 0, 0, 0, 0, 0, 0, 0, 0, 0, 0, 0, 0, 0, 0, 0, 0, 
2025-12-28 12:48:43.589219|{tx-510} :-BBB.............
2025-12-28 12:48:43.760423|{rx-511} 1, 0, 0, 3, 512, 512, 0, 0, 0, 0, 0, 1, 0, 1, 1
2025-12-28 12:48:43.765854|{rssi-511} 111, -58, -127, -127, -127, 111, 111, 111, 111, 111, 111, 111, 111, 111, 111, 111, 111, 111, 
2025-12-28 12:48:43.773933|{td-511} 0, -7, 0, 0, 0, 0, 0, 0, 0, 0, 0, 0, 0, 0, 0, 0, 0, 0, 
2025-12-28 12:48:43.779394|{tx-511} :-BBB.............
2025-12-28 12:48:43.950676|{rx-512} 1, 0, 0, 3, 513, 513, 0, 0, 0, 0, 0, 1, 0, 1, 1
2025-12-28 12:48:43.955340|{rssi-512} 111, -58, -127, -127, -127, 111, 111, 111, 111, 111, 111, 111, 111, 111, 111, 111, 111, 111, 
2025-12-28 12:48:43.964968|{td-512} 0, -9, 0, 0, 0, 0, 0, 0, 0, 0, 0, 0, 0, 0, 0, 0, 0, 0, 
2025-12-28 12:48:43.969877|{tx-512} :-BBB.............
2025-12-28 12:48:44.140441|{rx-513} 1, 0, 0, 3, 514, 514, 0, 0, 0, 0, 0, 1, 0, 1, 1
2025-12-28 12:48:44.144483|{rssi-513} 111, -58, -127, -127, -127, 111, 111, 111, 111, 111, 111, 111, 111, 111, 111, 111, 111, 111, 
2025-12-28 12:48:44.154481|{td-513} 0, -7, 0, 0, 0, 0, 0, 0, 0, 0, 0, 0, 0, 0, 0, 0, 0, 0, 
2025-12-28 12:48:44.160633|{tx-513} :-BBB.............
2025-12-28 12:48:44.330354|{rx-514} 1, 0, 0, 3, 515, 515, 0, 0, 0, 0, 0, 1, 0, 1, 1
2025-12-28 12:48:44.336679|{rssi-514} 111, -58, -127, -127, -127, 111, 111, 111, 111, 111, 111, 111, 111, 111, 111, 111, 111, 111, 
2025-12-28 12:48:44.345374|{td-514} 0, -9, 0, 0, 0, 0, 0, 0, 0, 0, 0, 0, 0, 0, 0, 0, 0, 0, 
2025-12-28 12:48:44.350088|{tx-514} :-BBB.............
2025-12-28 12:48:44.521846|{rx-515} 1, 0, 0, 3, 516, 516, 0, 0, 0, 0, 0, 1, 0, 1, 1
2025-12-28 12:48:44.527421|{rssi-515} 111, -58, -127, -127, -127, 111, 111, 111, 111, 111, 111, 111, 111, 111, 111, 111, 111, 111, 
2025-12-28 12:48:44.538525|{td-515} 0, -7, 0, 0, 0, 0, 0, 0, 0, 0, 0, 0, 0, 0, 0, 0, 0, 0, 
2025-12-28 12:48:44.541281|{tx-515} :-BBB.............
2025-12-28 12:48:44.709557|{rx-516} 1, 0, 0, 3, 517, 517, 0, 0, 0, 0, 0, 1, 0, 1, 1
2025-12-28 12:48:44.714901|{rssi-516} 111, -58, -127, -127, -127, 111, 111, 111, 111, 111, 111, 111, 111, 111, 111, 111, 111, 111, 
2025-12-28 12:48:44.724470|{td-516} 0, -9, 0, 0, 0, 0, 0, 0, 0, 0, 0, 0, 0, 0, 0, 0, 0, 0, 
2025-12-28 12:48:44.729627|{tx-516} :-BBB.............
2025-12-28 12:48:44.899849|{rx-517} 1, 0, 0, 3, 518, 518, 0, 0, 0, 0, 0, 1, 0, 1, 1
2025-12-28 12:48:44.905098|{rssi-517} 111, -58, -127, -127, -127, 111, 111, 111, 111, 111, 111, 111, 111, 111, 111, 111, 111, 111, 
2025-12-28 12:48:44.913869|{td-517} 0, -7, 0, 0, 0, 0, 0, 0, 0, 0, 0, 0, 0, 0, 0, 0, 0, 0, 
2025-12-28 12:48:44.920101|{tx-517} :-BBB.............
2025-12-28 12:48:45.090601|{rx-518} 1, 0, 0, 3, 519, 519, 0, 0, 0, 0, 0, 1, 0, 1, 1
2025-12-28 12:48:45.095387|{rssi-518} 111, -58, -127, -127, -127, 111, 111, 111, 111, 111, 111, 111, 111, 111, 111, 111, 111, 111, 
2025-12-28 12:48:45.104111|{td-518} 0, -9, 0, 0, 0, 0, 0, 0, 0, 0, 0, 0, 0, 0, 0, 0, 0, 0, 
2025-12-28 12:48:45.110057|{tx-518} :-BBB.............
2025-12-28 12:48:45.280270|{rx-519} 1, 0, 0, 3, 520, 520, 0, 0, 0, 0, 0, 1, 0, 1, 1
2025-12-28 12:48:45.284642|{rssi-519} 111, -58, -127, -127, -127, 111, 111, 111, 111, 111, 111, 111, 111, 111, 111, 111, 111, 111, 
2025-12-28 12:48:45.294789|{td-519} 0, -7, 0, 0, 0, 0, 0, 0, 0, 0, 0, 0, 0, 0, 0, 0, 0, 0, 
2025-12-28 12:48:45.299428|{tx-519} :-BBB.............
2025-12-28 12:48:45.469218|{rx-520} 1, 0, 0, 3, 521, 521, 0, 0, 0, 0, 0, 1, 0, 1, 1
2025-12-28 12:48:45.475327|{rssi-520} 111, -58, -127, -127, -127, 111, 111, 111, 111, 111, 111, 111, 111, 111, 111, 111, 111, 111, 
2025-12-28 12:48:45.484751|{td-520} 0, -7, 0, 0, 0, 0, 0, 0, 0, 0, 0, 0, 0, 0, 0, 0, 0, 0, 
2025-12-28 12:48:45.490307|{tx-520} :-BBB.............
2025-12-28 12:48:45.659395|{rx-521} 1, 0, 0, 3, 522, 522, 0, 0, 0, 0, 0, 1, 0, 1, 1
2025-12-28 12:48:45.665119|{rssi-521} 111, -58, -127, -127, -127, 111, 111, 111, 111, 111, 111, 111, 111, 111, 111, 111, 111, 111, 
2025-12-28 12:48:45.673145|{td-521} 0, -9, 0, 0, 0, 0, 0, 0, 0, 0, 0, 0, 0, 0, 0, 0, 0, 0, 
2025-12-28 12:48:45.679081|{tx-521} :-BBB.............
2025-12-28 12:48:45.848768|{rx-522} 1, 0, 0, 3, 523, 523, 0, 0, 0, 0, 0, 1, 0, 1, 1
2025-12-28 12:48:45.854901|{rssi-522} 111, -58, -127, -127, -127, 111, 111, 111, 111, 111, 111, 111, 111, 111, 111, 111, 111, 111, 
2025-12-28 12:48:45.864359|{td-522} 0, -9, 0, 0, 0, 0, 0, 0, 0, 0, 0, 0, 0, 0, 0, 0, 0, 0, 
2025-12-28 12:48:45.869462|{tx-522} :-BBB.............
2025-12-28 12:48:46.039210|{rx-523} 1, 0, 0, 3, 524, 524, 0, 0, 0, 0, 0, 1, 0, 1, 1
2025-12-28 12:48:46.044991|{rssi-523} 111, -58, -127, -127, -127, 111, 111, 111, 111, 111, 111, 111, 111, 111, 111, 111, 111, 111, 
2025-12-28 12:48:46.054544|{td-523} 0, -7, 0, 0, 0, 0, 0, 0, 0, 0, 0, 0, 0, 0, 0, 0, 0, 0, 
2025-12-28 12:48:46.058576|{tx-523} :-BBB.............
2025-12-28 12:48:46.231109|{rx-524} 1, 0, 0, 3, 525, 525, 0, 0, 0, 0, 0, 1, 0, 1, 1
2025-12-28 12:48:46.234581|{rssi-524} 111, -58, -127, -127, -127, 111, 111, 111, 111, 111, 111, 111, 111, 111, 111, 111, 111, 111, 
2025-12-28 12:48:46.244361|{td-524} 0, -9, 0, 0, 0, 0, 0, 0, 0, 0, 0, 0, 0, 0, 0, 0, 0, 0, 
2025-12-28 12:48:46.249400|{tx-524} :-BBB.............
2025-12-28 12:48:46.419793|{rx-525} 1, 0, 0, 3, 526, 526, 0, 0, 0, 0, 0, 1, 0, 1, 1
2025-12-28 12:48:46.425285|{rssi-525} 111, -58, -127, -127, -127, 111, 111, 111, 111, 111, 111, 111, 111, 111, 111, 111, 111, 111, 
2025-12-28 12:48:46.435240|{td-525} 0, -7, 0, 0, 0, 0, 0, 0, 0, 0, 0, 0, 0, 0, 0, 0, 0, 0, 
2025-12-28 12:48:46.438906|{tx-525} :-BBB.............
2025-12-28 12:48:46.609324|{rx-526} 1, 0, 0, 3, 527, 527, 0, 0, 0, 0, 0, 1, 0, 1, 1
2025-12-28 12:48:46.614497|{rssi-526} 111, -58, -127, -127, -127, 111, 111, 111, 111, 111, 111, 111, 111, 111, 111, 111, 111, 111, 
2025-12-28 12:48:46.624047|{td-526} 0, -9, 0, 0, 0, 0, 0, 0, 0, 0, 0, 0, 0, 0, 0, 0, 0, 0, 
2025-12-28 12:48:46.629485|{tx-526} :-BBB.............
2025-12-28 12:48:46.799823|{rx-527} 1, 0, 0, 3, 528, 528, 0, 0, 0, 0, 0, 1, 0, 1, 1
2025-12-28 12:48:46.804450|{rssi-527} 111, -58, -127, -127, -127, 111, 111, 111, 111, 111, 111, 111, 111, 111, 111, 111, 111, 111, 
2025-12-28 12:48:46.813601|{td-527} 0, -7, 0, 0, 0, 0, 0, 0, 0, 0, 0, 0, 0, 0, 0, 0, 0, 0, 
2025-12-28 12:48:46.818307|{tx-527} :-BBB.............
2025-12-28 12:48:46.989108|{rx-528} 1, 0, 0, 3, 529, 529, 0, 0, 0, 0, 0, 1, 0, 1, 1
2025-12-28 12:48:46.994541|{rssi-528} 111, -58, -127, -127, -127, 111, 111, 111, 111, 111, 111, 111, 111, 111, 111, 111, 111, 111, 
2025-12-28 12:48:47.004334|{td-528} 0, -7, 0, 0, 0, 0, 0, 0, 0, 0, 0, 0, 0, 0, 0, 0, 0, 0, 
2025-12-28 12:48:47.008584|{tx-528} :-BBB.............
2025-12-28 12:48:47.179579|{rx-529} 1, 0, 0, 3, 530, 530, 0, 0, 0, 0, 0, 1, 0, 1, 1
2025-12-28 12:48:47.184209|{rssi-529} 111, -58, -127, -127, -127, 111, 111, 111, 111, 111, 111, 111, 111, 111, 111, 111, 111, 111, 
2025-12-28 12:48:47.193803|{td-529} 0, -9, 0, 0, 0, 0, 0, 0, 0, 0, 0, 0, 0, 0, 0, 0, 0, 0, 
2025-12-28 12:48:47.198481|{tx-529} :-BBB.............
2025-12-28 12:48:47.369039|{rx-530} 1, 0, 0, 3, 531, 531, 0, 0, 0, 0, 0, 1, 0, 1, 1
2025-12-28 12:48:47.374105|{rssi-530} 111, -58, -127, -127, -127, 111, 111, 111, 111, 111, 111, 111, 111, 111, 111, 111, 111, 111, 
2025-12-28 12:48:47.383110|{td-530} 0, -9, 0, 0, 0, 0, 0, 0, 0, 0, 0, 0, 0, 0, 0, 0, 0, 0, 
2025-12-28 12:48:47.388754|{tx-530} :-BBB.............
2025-12-28 12:48:47.559975|{rx-531} 1, 0, 0, 3, 532, 532, 0, 0, 0, 0, 0, 1, 0, 1, 1
2025-12-28 12:48:47.564049|{rssi-531} 111, -58, -127, -127, -127, 111, 111, 111, 111, 111, 111, 111, 111, 111, 111, 111, 111, 111, 
2025-12-28 12:48:47.573554|{td-531} 0, -7, 0, 0, 0, 0, 0, 0, 0, 0, 0, 0, 0, 0, 0, 0, 0, 0, 
2025-12-28 12:48:47.579574|{tx-531} :-BBB.............
2025-12-28 12:48:47.750148|{rx-532} 1, 0, 0, 3, 533, 533, 0, 0, 0, 0, 0, 1, 0, 1, 1
2025-12-28 12:48:47.754572|{rssi-532} 111, -58, -127, -127, -127, 111, 111, 111, 111, 111, 111, 111, 111, 111, 111, 111, 111, 111, 
2025-12-28 12:48:47.764152|{td-532} 0, -9, 0, 0, 0, 0, 0, 0, 0, 0, 0, 0, 0, 0, 0, 0, 0, 0, 
2025-12-28 12:48:47.768985|{tx-532} :-BBB.............
2025-12-28 12:48:47.939429|{rx-533} 1, 0, 0, 3, 534, 534, 0, 0, 0, 0, 0, 1, 0, 1, 1
2025-12-28 12:48:47.945299|{rssi-533} 111, -58, -127, -127, -127, 111, 111, 111, 111, 111, 111, 111, 111, 111, 111, 111, 111, 111, 
2025-12-28 12:48:47.952802|{td-533} 0, -7, 0, 0, 0, 0, 0, 0, 0, 0, 0, 0, 0, 0, 0, 0, 0, 0, 
2025-12-28 12:48:47.958288|{tx-533} :-BBB.............
2025-12-28 12:48:48.129500|{rx-534} 1, 0, 0, 3, 535, 535, 0, 0, 0, 0, 0, 1, 0, 1, 1
2025-12-28 12:48:48.133070|{rssi-534} 111, -58, -127, -127, -127, 111, 111, 111, 111, 111, 111, 111, 111, 111, 111, 111, 111, 111, 
2025-12-28 12:48:48.143014|{td-534} 0, -7, 0, 0, 0, 0, 0, 0, 0, 0, 0, 0, 0, 0, 0, 0, 0, 0, 
2025-12-28 12:48:48.149504|{tx-534} :-BBB.............
2025-12-28 12:48:48.319614|{rx-535} 1, 0, 0, 3, 536, 536, 0, 0, 0, 0, 0, 1, 0, 1, 1
2025-12-28 12:48:48.324350|{rssi-535} 111, -58, -127, -127, -127, 111, 111, 111, 111, 111, 111, 111, 111, 111, 111, 111, 111, 111, 
2025-12-28 12:48:48.334136|{td-535} 0, -9, 0, 0, 0, 0, 0, 0, 0, 0, 0, 0, 0, 0, 0, 0, 0, 0, 
2025-12-28 12:48:48.339755|{tx-535} :-BBB.............
2025-12-28 12:48:48.509350|{rx-536} 1, 0, 0, 3, 537, 537, 0, 0, 0, 0, 0, 1, 0, 1, 1
2025-12-28 12:48:48.515718|{rssi-536} 111, -58, -127, -127, -127, 111, 111, 111, 111, 111, 111, 111, 111, 111, 111, 111, 111, 111, 
2025-12-28 12:48:48.522259|{td-536} 0, -9, 0, 0, 0, 0, 0, 0, 0, 0, 0, 0, 0, 0, 0, 0, 0, 0, 
2025-12-28 12:48:48.529662|{tx-536} :-BBB.............
2025-12-28 12:48:48.699578|{rx-537} 1, 0, 0, 3, 538, 538, 0, 0, 0, 0, 0, 1, 0, 1, 1
2025-12-28 12:48:48.705330|{rssi-537} 111, -58, -127, -127, -127, 111, 111, 111, 111, 111, 111, 111, 111, 111, 111, 111, 111, 111, 
2025-12-28 12:48:48.713954|{td-537} 0, -7, 0, 0, 0, 0, 0, 0, 0, 0, 0, 0, 0, 0, 0, 0, 0, 0, 
2025-12-28 12:48:48.719279|{tx-537} :-BBB.............
2025-12-28 12:48:48.889444|{rx-538} 1, 0, 0, 3, 539, 539, 0, 0, 0, 0, 0, 1, 0, 1, 1
2025-12-28 12:48:48.894074|{rssi-538} 111, -58, -127, -127, -127, 111, 111, 111, 111, 111, 111, 111, 111, 111, 111, 111, 111, 111, 
2025-12-28 12:48:48.902535|{td-538} 0, -9, 0, 0, 0, 0, 0, 0, 0, 0, 0, 0, 0, 0, 0, 0, 0, 0, 
2025-12-28 12:48:48.909398|{tx-538} :-BBB.............
2025-12-28 12:48:49.079099|{rx-539} 1, 0, 0, 3, 540, 540, 0, 0, 0, 0, 0, 1, 0, 1, 1
2025-12-28 12:48:49.084664|{rssi-539} 111, -58, -127, -127, -127, 111, 111, 111, 111, 111, 111, 111, 111, 111, 111, 111, 111, 111, 
2025-12-28 12:48:49.092470|{td-539} 0, -7, 0, 0, 0, 0, 0, 0, 0, 0, 0, 0, 0, 0, 0, 0, 0, 0, 
2025-12-28 12:48:49.099418|{tx-539} :-BBB.............
2025-12-28 12:48:49.269803|{rx-540} 1, 0, 0, 3, 541, 541, 0, 0, 0, 0, 0, 1, 0, 1, 1
2025-12-28 12:48:49.274335|{rssi-540} 111, -58, -127, -127, -127, 111, 111, 111, 111, 111, 111, 111, 111, 111, 111, 111, 111, 111, 
2025-12-28 12:48:49.283660|{td-540} 0, -9, 0, 0, 0, 0, 0, 0, 0, 0, 0, 0, 0, 0, 0, 0, 0, 0, 
2025-12-28 12:48:49.289220|{tx-540} :-BBB.............
2025-12-28 12:48:49.459127|{rx-541} 1, 0, 0, 3, 542, 542, 0, 0, 0, 0, 0, 1, 0, 1, 1
2025-12-28 12:48:49.464491|{rssi-541} 111, -58, -127, -127, -127, 111, 111, 111, 111, 111, 111, 111, 111, 111, 111, 111, 111, 111, 
2025-12-28 12:48:49.472815|{td-541} 0, -7, 0, 0, 0, 0, 0, 0, 0, 0, 0, 0, 0, 0, 0, 0, 0, 0, 
2025-12-28 12:48:49.478245|{tx-541} :-BBB.............
2025-12-28 12:48:49.649249|{rx-542} 1, 0, 0, 3, 543, 543, 0, 0, 0, 0, 0, 1, 0, 1, 1
2025-12-28 12:48:49.654406|{rssi-542} 111, -58, -127, -127, -127, 111, 111, 111, 111, 111, 111, 111, 111, 111, 111, 111, 111, 111, 
2025-12-28 12:48:49.663655|{td-542} 0, -7, 0, 0, 0, 0, 0, 0, 0, 0, 0, 0, 0, 0, 0, 0, 0, 0, 
2025-12-28 12:48:49.669445|{tx-542} :-BBB.............
2025-12-28 12:48:49.839566|{rx-543} 1, 0, 0, 3, 544, 544, 0, 0, 0, 0, 0, 1, 0, 1, 1
2025-12-28 12:48:49.843309|{rssi-543} 111, -58, -127, -127, -127, 111, 111, 111, 111, 111, 111, 111, 111, 111, 111, 111, 111, 111, 
2025-12-28 12:48:49.853606|{td-543} 0, -9, 0, 0, 0, 0, 0, 0, 0, 0, 0, 0, 0, 0, 0, 0, 0, 0, 
2025-12-28 12:48:49.858926|{tx-543} :-BBB.............
2025-12-28 12:48:50.029591|{rx-544} 1, 0, 0, 3, 545, 545, 0, 0, 0, 0, 0, 1, 0, 1, 1
2025-12-28 12:48:50.034939|{rssi-544} 111, -58, -127, -127, -127, 111, 111, 111, 111, 111, 111, 111, 111, 111, 111, 111, 111, 111, 
2025-12-28 12:48:50.042938|{td-544} 0, -9, 0, 0, 0, 0, 0, 0, 0, 0, 0, 0, 0, 0, 0, 0, 0, 0, 
2025-12-28 12:48:50.049742|{tx-544} :-BBB.............
2025-12-28 12:48:50.219125|{rx-545} 1, 0, 0, 3, 546, 546, 0, 0, 0, 0, 0, 1, 0, 1, 1
2025-12-28 12:48:50.223459|{rssi-545} 111, -58, -127, -127, -127, 111, 111, 111, 111, 111, 111, 111, 111, 111, 111, 111, 111, 111, 
2025-12-28 12:48:50.234099|{td-545} 0, -7, 0, 0, 0, 0, 0, 0, 0, 0, 0, 0, 0, 0, 0, 0, 0, 0, 
2025-12-28 12:48:50.238361|{tx-545} :-BBB.............
2025-12-28 12:48:50.408429|{rx-546} 1, 0, 0, 3, 547, 547, 0, 0, 0, 0, 0, 1, 0, 1, 1
2025-12-28 12:48:50.413070|{rssi-546} 111, -58, -127, -127, -127, 111, 111, 111, 111, 111, 111, 111, 111, 111, 111, 111, 111, 111, 
2025-12-28 12:48:50.422649|{td-546} 0, -7, 0, 0, 0, 0, 0, 0, 0, 0, 0, 0, 0, 0, 0, 0, 0, 0, 
2025-12-28 12:48:50.429251|{tx-546} :-BBB.............
2025-12-28 12:48:50.598677|{rx-547} 1, 0, 0, 3, 548, 548, 0, 0, 0, 0, 0, 1, 0, 1, 1
2025-12-28 12:48:50.603775|{rssi-547} 111, -58, -127, -127, -127, 111, 111, 111, 111, 111, 111, 111, 111, 111, 111, 111, 111, 111, 
2025-12-28 12:48:50.612904|{td-547} 0, -9, 0, 0, 0, 0, 0, 0, 0, 0, 0, 0, 0, 0, 0, 0, 0, 0, 
2025-12-28 12:48:50.618901|{tx-547} :-BBB.............
2025-12-28 12:48:50.788496|{rx-548} 1, 0, 0, 3, 549, 549, 0, 0, 0, 0, 0, 1, 0, 1, 1
2025-12-28 12:48:50.794588|{rssi-548} 111, -58, -127, -127, -127, 111, 111, 111, 111, 111, 111, 111, 111, 111, 111, 111, 111, 111, 
2025-12-28 12:48:50.803587|{td-548} 0, -9, 0, 0, 0, 0, 0, 0, 0, 0, 0, 0, 0, 0, 0, 0, 0, 0, 
2025-12-28 12:48:50.807585|{tx-548} :-BBB.............
2025-12-28 12:48:50.978485|{rx-549} 1, 0, 0, 3, 550, 550, 0, 0, 0, 0, 0, 1, 0, 1, 1
2025-12-28 12:48:50.982963|{rssi-549} 111, -61, -127, -127, -127, 111, 111, 111, 111, 111, 111, 111, 111, 111, 111, 111, 111, 111, 
2025-12-28 12:48:50.993419|{td-549} 0, -7, 0, 0, 0, 0, 0, 0, 0, 0, 0, 0, 0, 0, 0, 0, 0, 0, 
2025-12-28 12:48:50.999053|{tx-549} :-BBB.............
2025-12-28 12:48:51.168955|{rx-550} 1, 0, 0, 3, 551, 551, 0, 0, 0, 0, 0, 1, 0, 1, 1
2025-12-28 12:48:51.172930|{rssi-550} 111, -58, -127, -127, -127, 111, 111, 111, 111, 111, 111, 111, 111, 111, 111, 111, 111, 111, 
2025-12-28 12:48:51.183579|{td-550} 0, -7, 0, 0, 0, 0, 0, 0, 0, 0, 0, 0, 0, 0, 0, 0, 0, 0, 
2025-12-28 12:48:51.187581|{tx-550} :-BBB.............
2025-12-28 12:48:51.358399|{rx-551} 1, 0, 0, 3, 552, 552, 0, 0, 0, 0, 0, 1, 0, 1, 1
2025-12-28 12:48:51.363924|{rssi-551} 111, -58, -127, -127, -127, 111, 111, 111, 111, 111, 111, 111, 111, 111, 111, 111, 111, 111, 
2025-12-28 12:48:51.372759|{td-551} 0, -9, 0, 0, 0, 0, 0, 0, 0, 0, 0, 0, 0, 0, 0, 0, 0, 0, 
2025-12-28 12:48:51.378771|{tx-551} :-BBB.............
2025-12-28 12:48:51.549300|{rx-552} 1, 0, 0, 3, 553, 553, 0, 0, 0, 0, 0, 1, 0, 1, 1
2025-12-28 12:48:51.553971|{rssi-552} 111, -58, -127, -127, -127, 111, 111, 111, 111, 111, 111, 111, 111, 111, 111, 111, 111, 111, 
2025-12-28 12:48:51.563802|{td-552} 0, -9, 0, 0, 0, 0, 0, 0, 0, 0, 0, 0, 0, 0, 0, 0, 0, 0, 
2025-12-28 12:48:51.567832|{tx-552} :-BBB.............
2025-12-28 12:48:51.739172|{rx-553} 1, 0, 0, 3, 554, 554, 0, 0, 0, 0, 0, 1, 0, 1, 1
2025-12-28 12:48:51.742895|{rssi-553} 111, -58, -127, -127, -127, 111, 111, 111, 111, 111, 111, 111, 111, 111, 111, 111, 111, 111, 
2025-12-28 12:48:51.752424|{td-553} 0, -7, 0, 0, 0, 0, 0, 0, 0, 0, 0, 0, 0, 0, 0, 0, 0, 0, 
2025-12-28 12:48:51.757568|{tx-553} :-BBB.............
2025-12-28 12:48:51.928396|{rx-554} 1, 0, 0, 3, 555, 555, 0, 0, 0, 0, 0, 1, 0, 1, 1
2025-12-28 12:48:51.933673|{rssi-554} 111, -58, -127, -127, -127, 111, 111, 111, 111, 111, 111, 111, 111, 111, 111, 111, 111, 111, 
2025-12-28 12:48:51.943120|{td-554} 0, -9, 0, 0, 0, 0, 0, 0, 0, 0, 0, 0, 0, 0, 0, 0, 0, 0, 
2025-12-28 12:48:51.947418|{tx-554} :-BBB.............
2025-12-28 12:48:52.118312|{rx-555} 1, 0, 0, 3, 556, 556, 0, 0, 0, 0, 0, 1, 0, 1, 1
2025-12-28 12:48:52.124641|{rssi-555} 111, -58, -127, -127, -127, 111, 111, 111, 111, 111, 111, 111, 111, 111, 111, 111, 111, 111, 
2025-12-28 12:48:52.133520|{td-555} 0, -7, 0, 0, 0, 0, 0, 0, 0, 0, 0, 0, 0, 0, 0, 0, 0, 0, 
2025-12-28 12:48:52.138177|{tx-555} :-BBB.............
2025-12-28 12:48:52.308590|{rx-556} 1, 0, 0, 3, 557, 557, 0, 0, 0, 0, 0, 1, 0, 1, 1
2025-12-28 12:48:52.312958|{rssi-556} 111, -58, -127, -127, -127, 111, 111, 111, 111, 111, 111, 111, 111, 111, 111, 111, 111, 111, 
2025-12-28 12:48:52.322212|{td-556} 0, -7, 0, 0, 0, 0, 0, 0, 0, 0, 0, 0, 0, 0, 0, 0, 0, 0, 
2025-12-28 12:48:52.328473|{tx-556} :-BBB.............
2025-12-28 12:48:52.498264|{rx-557} 1, 0, 0, 3, 558, 558, 0, 0, 0, 0, 0, 1, 0, 1, 1
2025-12-28 12:48:52.504512|{rssi-557} 111, -58, -127, -127, -127, 111, 111, 111, 111, 111, 111, 111, 111, 111, 111, 111, 111, 111, 
2025-12-28 12:48:52.512051|{td-557} 0, -9, 0, 0, 0, 0, 0, 0, 0, 0, 0, 0, 0, 0, 0, 0, 0, 0, 
2025-12-28 12:48:52.517715|{tx-557} :-BBB.............
2025-12-28 12:48:52.688538|{rx-558} 1, 0, 0, 3, 559, 559, 0, 0, 0, 0, 0, 1, 0, 1, 1
2025-12-28 12:48:52.692980|{rssi-558} 111, -58, -127, -127, -127, 111, 111, 111, 111, 111, 111, 111, 111, 111, 111, 111, 111, 111, 
2025-12-28 12:48:52.702413|{td-558} 0, -7, 0, 0, 0, 0, 0, 0, 0, 0, 0, 0, 0, 0, 0, 0, 0, 0, 
2025-12-28 12:48:52.708380|{tx-558} :-BBB.............
2025-12-28 12:48:52.878010|{rx-559} 1, 0, 0, 3, 560, 560, 0, 0, 0, 0, 0, 1, 0, 1, 1
2025-12-28 12:48:52.883589|{rssi-559} 111, -58, -127, -127, -127, 111, 111, 111, 111, 111, 111, 111, 111, 111, 111, 111, 111, 111, 
2025-12-28 12:48:52.892709|{td-559} 0, -9, 0, 0, 0, 0, 0, 0, 0, 0, 0, 0, 0, 0, 0, 0, 0, 0, 
2025-12-28 12:48:52.898074|{tx-559} :-BBB.............
2025-12-28 12:48:53.068140|{rx-560} 1, 0, 0, 3, 561, 561, 0, 0, 0, 0, 0, 1, 0, 1, 1
2025-12-28 12:48:53.073541|{rssi-560} 111, -58, -127, -127, -127, 111, 111, 111, 111, 111, 111, 111, 111, 111, 111, 111, 111, 111, 
2025-12-28 12:48:53.082829|{td-560} 0, -7, 0, 0, 0, 0, 0, 0, 0, 0, 0, 0, 0, 0, 0, 0, 0, 0, 
2025-12-28 12:48:53.087926|{tx-560} :-BBB.............
2025-12-28 12:48:53.259020|{rx-561} 1, 0, 0, 3, 562, 562, 0, 0, 0, 0, 0, 1, 0, 1, 1
2025-12-28 12:48:53.264108|{rssi-561} 111, -58, -127, -127, -127, 111, 111, 111, 111, 111, 111, 111, 111, 111, 111, 111, 111, 111, 
2025-12-28 12:48:53.272737|{td-561} 0, -9, 0, 0, 0, 0, 0, 0, 0, 0, 0, 0, 0, 0, 0, 0, 0, 0, 
2025-12-28 12:48:53.277477|{tx-561} :-BBB.............
2025-12-28 12:48:53.448454|{rx-562} 1, 0, 0, 3, 563, 563, 0, 0, 0, 0, 0, 1, 0, 1, 1
2025-12-28 12:48:53.453572|{rssi-562} 111, -58, -127, -127, -127, 111, 111, 111, 111, 111, 111, 111, 111, 111, 111, 111, 111, 111, 
2025-12-28 12:48:53.462808|{td-562} 0, -7, 0, 0, 0, 0, 0, 0, 0, 0, 0, 0, 0, 0, 0, 0, 0, 0, 
2025-12-28 12:48:53.468503|{tx-562} :-BBB.............
2025-12-28 12:48:53.638059|{rx-563} 1, 0, 0, 3, 564, 564, 0, 0, 0, 0, 0, 1, 0, 1, 1
2025-12-28 12:48:53.646857|{rssi-563} 111, -58, -127, -127, -127, 111, 111, 111, 111, 111, 111, 111, 111, 111, 111, 111, 111, 111, 
2025-12-28 12:48:53.652488|{td-563} 0, -9, 0, 0, 0, 0, 0, 0, 0, 0, 0, 0, 0, 0, 0, 0, 0, 0, 
2025-12-28 12:48:53.658357|{tx-563} :-BBB.............
2025-12-28 12:48:53.828538|{rx-564} 1, 0, 0, 3, 565, 565, 0, 0, 0, 0, 0, 1, 0, 1, 1
2025-12-28 12:48:53.834114|{rssi-564} 111, -58, -127, -127, -127, 111, 111, 111, 111, 111, 111, 111, 111, 111, 111, 111, 111, 111, 
2025-12-28 12:48:53.842707|{td-564} 0, -9, 0, 0, 0, 0, 0, 0, 0, 0, 0, 0, 0, 0, 0, 0, 0, 0, 
2025-12-28 12:48:53.847634|{tx-564} :-BBB.............
2025-12-28 12:48:54.019135|{rx-565} 1, 0, 0, 3, 566, 566, 0, 0, 0, 0, 0, 1, 0, 1, 1
2025-12-28 12:48:54.023750|{rssi-565} 111, -58, -127, -127, -127, 111, 111, 111, 111, 111, 111, 111, 111, 111, 111, 111, 111, 111, 
2025-12-28 12:48:54.031463|{td-565} 0, -7, 0, 0, 0, 0, 0, 0, 0, 0, 0, 0, 0, 0, 0, 0, 0, 0, 
2025-12-28 12:48:54.037385|{tx-565} :-BBB.............
2025-12-28 12:48:54.208305|{rx-566} 1, 0, 0, 3, 567, 567, 0, 0, 0, 0, 0, 1, 0, 1, 1
2025-12-28 12:48:54.212172|{rssi-566} 111, -58, -127, -127, -127, 111, 111, 111, 111, 111, 111, 111, 111, 111, 111, 111, 111, 111, 
2025-12-28 12:48:54.221890|{td-566} 0, -9, 0, 0, 0, 0, 0, 0, 0, 0, 0, 0, 0, 0, 0, 0, 0, 0, 
2025-12-28 12:48:54.227436|{tx-566} :-BBB.............
2025-12-28 12:48:54.397468|{rx-567} 1, 0, 0, 3, 568, 568, 0, 0, 0, 0, 0, 1, 0, 1, 1
2025-12-28 12:48:54.401487|{rssi-567} 111, -58, -127, -127, -127, 111, 111, 111, 111, 111, 111, 111, 111, 111, 111, 111, 111, 111, 
2025-12-28 12:48:54.411941|{td-567} 0, -7, 0, 0, 0, 0, 0, 0, 0, 0, 0, 0, 0, 0, 0, 0, 0, 0, 
2025-12-28 12:48:54.416840|{tx-567} :-BBB.............
2025-12-28 12:48:54.588063|{rx-568} 1, 0, 0, 3, 569, 569, 0, 0, 0, 0, 0, 1, 0, 1, 1
2025-12-28 12:48:54.592726|{rssi-568} 111, -58, -127, -127, -127, 111, 111, 111, 111, 111, 111, 111, 111, 111, 111, 111, 111, 111, 
2025-12-28 12:48:54.601426|{td-568} 0, -7, 0, 0, 0, 0, 0, 0, 0, 0, 0, 0, 0, 0, 0, 0, 0, 0, 
2025-12-28 12:48:54.607119|{tx-568} :-BBB.............
2025-12-28 12:48:54.778555|{rx-569} 1, 0, 0, 3, 570, 570, 0, 0, 0, 0, 0, 1, 0, 1, 1
2025-12-28 12:48:54.783877|{rssi-569} 111, -58, -127, -127, -127, 111, 111, 111, 111, 111, 111, 111, 111, 111, 111, 111, 111, 111, 
2025-12-28 12:48:54.792460|{td-569} 0, -9, 0, 0, 0, 0, 0, 0, 0, 0, 0, 0, 0, 0, 0, 0, 0, 0, 
2025-12-28 12:48:54.797549|{tx-569} :-BBB.............
2025-12-28 12:48:54.968488|{rx-570} 1, 0, 0, 3, 571, 571, 0, 0, 0, 0, 0, 1, 0, 1, 1
2025-12-28 12:48:54.974409|{rssi-570} 111, -58, -127, -127, -127, 111, 111, 111, 111, 111, 111, 111, 111, 111, 111, 111, 111, 111, 
2025-12-28 12:48:54.981255|{td-570} 0, -9, 0, 0, 0, 0, 0, 0, 0, 0, 0, 0, 0, 0, 0, 0, 0, 0, 
2025-12-28 12:48:54.987654|{tx-570} :-BBB.............
2025-12-28 12:48:55.159605|{rx-571} 1, 0, 0, 3, 572, 572, 0, 0, 0, 0, 0, 1, 0, 1, 1
2025-12-28 12:48:55.162782|{rssi-571} 111, -58, -127, -127, -127, 111, 111, 111, 111, 111, 111, 111, 111, 111, 111, 111, 111, 111, 
2025-12-28 12:48:55.172220|{td-571} 0, -7, 0, 0, 0, 0, 0, 0, 0, 0, 0, 0, 0, 0, 0, 0, 0, 0, 
2025-12-28 12:48:55.177304|{tx-571} :-BBB.............
2025-12-28 12:48:55.348777|{rx-572} 1, 0, 0, 3, 573, 573, 0, 0, 0, 0, 0, 1, 0, 1, 1
2025-12-28 12:48:55.353439|{rssi-572} 111, -58, -127, -127, -127, 111, 111, 111, 111, 111, 111, 111, 111, 111, 111, 111, 111, 111, 
2025-12-28 12:48:55.362516|{td-572} 0, -9, 0, 0, 0, 0, 0, 0, 0, 0, 0, 0, 0, 0, 0, 0, 0, 0, 
2025-12-28 12:48:55.367678|{tx-572} :-BBB.............
2025-12-28 12:48:55.537199|{rx-573} 1, 0, 0, 3, 574, 574, 0, 0, 0, 0, 0, 1, 0, 1, 1
2025-12-28 12:48:55.541910|{rssi-573} 111, -61, -127, -127, -127, 111, 111, 111, 111, 111, 111, 111, 111, 111, 111, 111, 111, 111, 
2025-12-28 12:48:55.552168|{td-573} 0, -7, 0, 0, 0, 0, 0, 0, 0, 0, 0, 0, 0, 0, 0, 0, 0, 0, 
2025-12-28 12:48:55.558034|{tx-573} :-BBB.............
2025-12-28 12:48:55.727338|{rx-574} 1, 0, 0, 3, 575, 575, 0, 0, 0, 0, 0, 1, 0, 1, 1
2025-12-28 12:48:55.732589|{rssi-574} 111, -58, -127, -127, -127, 111, 111, 111, 111, 111, 111, 111, 111, 111, 111, 111, 111, 111, 
2025-12-28 12:48:55.742264|{td-574} 0, -9, 0, 0, 0, 0, 0, 0, 0, 0, 0, 0, 0, 0, 0, 0, 0, 0, 
2025-12-28 12:48:55.746972|{tx-574} :-BBB.............
2025-12-28 12:48:55.917177|{rx-575} 1, 0, 0, 3, 576, 576, 0, 0, 0, 0, 0, 1, 0, 1, 1
2025-12-28 12:48:55.922778|{rssi-575} 111, -58, -127, -127, -127, 111, 111, 111, 111, 111, 111, 111, 111, 111, 111, 111, 111, 111, 
2025-12-28 12:48:55.932462|{td-575} 0, -7, 0, 0, 0, 0, 0, 0, 0, 0, 0, 0, 0, 0, 0, 0, 0, 0, 
2025-12-28 12:48:55.937578|{tx-575} :-BBB.............
2025-12-28 12:48:56.108122|{rx-576} 1, 0, 0, 3, 577, 577, 0, 0, 0, 0, 0, 1, 0, 1, 1
2025-12-28 12:48:56.112786|{rssi-576} 111, -58, -127, -127, -127, 111, 111, 111, 111, 111, 111, 111, 111, 111, 111, 111, 111, 111, 
2025-12-28 12:48:56.122067|{td-576} 0, -9, 0, 0, 0, 0, 0, 0, 0, 0, 0, 0, 0, 0, 0, 0, 0, 0, 
2025-12-28 12:48:56.128269|{tx-576} :-BBB.............
2025-12-28 12:48:56.297327|{rx-577} 1, 0, 0, 3, 578, 578, 0, 0, 0, 0, 0, 1, 0, 1, 1
2025-12-28 12:48:56.302003|{rssi-577} 111, -58, -127, -127, -127, 111, 111, 111, 111, 111, 111, 111, 111, 111, 111, 111, 111, 111, 
2025-12-28 12:48:56.311194|{td-577} 0, -7, 0, 0, 0, 0, 0, 0, 0, 0, 0, 0, 0, 0, 0, 0, 0, 0, 
2025-12-28 12:48:56.318124|{tx-577} :-BBB.............
2025-12-28 12:48:56.487368|{rx-578} 1, 0, 0, 3, 579, 579, 0, 0, 0, 0, 0, 1, 0, 1, 1
2025-12-28 12:48:56.493656|{rssi-578} 111, -58, -127, -127, -127, 111, 111, 111, 111, 111, 111, 111, 111, 111, 111, 111, 111, 111, 
2025-12-28 12:48:56.501528|{td-578} 0, -9, 0, 0, 0, 0, 0, 0, 0, 0, 0, 0, 0, 0, 0, 0, 0, 0, 
2025-12-28 12:48:56.507826|{tx-578} :-BBB.............
2025-12-28 12:48:56.677282|{rx-579} 1, 0, 0, 3, 580, 580, 0, 0, 0, 0, 0, 1, 0, 1, 1
2025-12-28 12:48:56.682799|{rssi-579} 111, -58, -127, -127, -127, 111, 111, 111, 111, 111, 111, 111, 111, 111, 111, 111, 111, 111, 
2025-12-28 12:48:56.692420|{td-579} 0, -7, 0, 0, 0, 0, 0, 0, 0, 0, 0, 0, 0, 0, 0, 0, 0, 0, 
2025-12-28 12:48:56.697705|{tx-579} :-BBB.............
2025-12-28 12:48:56.867726|{rx-580} 1, 0, 0, 3, 581, 581, 0, 0, 0, 0, 0, 1, 0, 1, 1
2025-12-28 12:48:56.872154|{rssi-580} 111, -58, -127, -127, -127, 111, 111, 111, 111, 111, 111, 111, 111, 111, 111, 111, 111, 111, 
2025-12-28 12:48:56.881483|{td-580} 0, -9, 0, 0, 0, 0, 0, 0, 0, 0, 0, 0, 0, 0, 0, 0, 0, 0, 
2025-12-28 12:48:56.887000|{tx-580} :-BBB.............
2025-12-28 12:48:57.057167|{rx-581} 1, 0, 0, 3, 582, 582, 0, 0, 0, 0, 0, 1, 0, 1, 1
2025-12-28 12:48:57.062929|{rssi-581} 111, -58, -127, -127, -127, 111, 111, 111, 111, 111, 111, 111, 111, 111, 111, 111, 111, 111, 
2025-12-28 12:48:57.072001|{td-581} 0, -7, 0, 0, 0, 0, 0, 0, 0, 0, 0, 0, 0, 0, 0, 0, 0, 0, 
2025-12-28 12:48:57.076321|{tx-581} :-BBB.............
2025-12-28 12:48:57.247582|{rx-582} 1, 0, 0, 3, 583, 583, 0, 0, 0, 0, 0, 1, 0, 1, 1
2025-12-28 12:48:57.252273|{rssi-582} 111, -58, -127, -127, -127, 111, 111, 111, 111, 111, 111, 111, 111, 111, 111, 111, 111, 111, 
2025-12-28 12:48:57.262206|{td-582} 0, -7, 0, 0, 0, 0, 0, 0, 0, 0, 0, 0, 0, 0, 0, 0, 0, 0, 
2025-12-28 12:48:57.267335|{tx-582} :-BBB.............
2025-12-28 12:48:57.437914|{rx-583} 1, 0, 0, 3, 584, 584, 0, 0, 0, 0, 0, 1, 0, 1, 1
2025-12-28 12:48:57.442401|{rssi-583} 111, -58, -127, -127, -127, 111, 111, 111, 111, 111, 111, 111, 111, 111, 111, 111, 111, 111, 
2025-12-28 12:48:57.451580|{td-583} 0, -9, 0, 0, 0, 0, 0, 0, 0, 0, 0, 0, 0, 0, 0, 0, 0, 0, 
2025-12-28 12:48:57.456712|{tx-583} :-BBB.............
2025-12-28 12:48:57.628169|{rx-584} 1, 0, 0, 3, 585, 585, 0, 0, 0, 0, 0, 1, 0, 1, 1
2025-12-28 12:48:57.632174|{rssi-584} 111, -58, -127, -127, -127, 111, 111, 111, 111, 111, 111, 111, 111, 111, 111, 111, 111, 111, 
2025-12-28 12:48:57.641898|{td-584} 0, -9, 0, 0, 0, 0, 0, 0, 0, 0, 0, 0, 0, 0, 0, 0, 0, 0, 
2025-12-28 12:48:57.646327|{tx-584} :-BBB.............
2025-12-28 12:48:57.817040|{rx-585} 1, 0, 0, 3, 586, 586, 0, 0, 0, 0, 0, 1, 0, 1, 1
2025-12-28 12:48:57.822942|{rssi-585} 111, -58, -127, -127, -127, 111, 111, 111, 111, 111, 111, 111, 111, 111, 111, 111, 111, 111, 
2025-12-28 12:48:57.831787|{td-585} 0, -7, 0, 0, 0, 0, 0, 0, 0, 0, 0, 0, 0, 0, 0, 0, 0, 0, 
2025-12-28 12:48:57.837338|{tx-585} :-BBB.............
2025-12-28 12:48:58.007758|{rx-586} 1, 0, 0, 3, 587, 587, 0, 0, 0, 0, 0, 1, 0, 1, 1
2025-12-28 12:48:58.013036|{rssi-586} 111, -58, -127, -127, -127, 111, 111, 111, 111, 111, 111, 111, 111, 111, 111, 111, 111, 111, 
2025-12-28 12:48:58.021722|{td-586} 0, -9, 0, 0, 0, 0, 0, 0, 0, 0, 0, 0, 0, 0, 0, 0, 0, 0, 
2025-12-28 12:48:58.027001|{tx-586} :-BBB.............
2025-12-28 12:48:58.197003|{rx-587} 1, 0, 0, 3, 588, 588, 0, 0, 0, 0, 0, 1, 0, 1, 1
2025-12-28 12:48:58.201537|{rssi-587} 111, -58, -127, -127, -127, 111, 111, 111, 111, 111, 111, 111, 111, 111, 111, 111, 111, 111, 
2025-12-28 12:48:58.211271|{td-587} 0, -7, 0, 0, 0, 0, 0, 0, 0, 0, 0, 0, 0, 0, 0, 0, 0, 0, 
2025-12-28 12:48:58.216631|{tx-587} :-BBB.............
2025-12-28 12:48:58.388079|{rx-588} 1, 0, 0, 3, 589, 589, 0, 0, 0, 0, 0, 1, 0, 1, 1
2025-12-28 12:48:58.391359|{rssi-588} 111, -58, -127, -127, -127, 111, 111, 111, 111, 111, 111, 111, 111, 111, 111, 111, 111, 111, 
2025-12-28 12:48:58.402265|{td-588} 0, -7, 0, 0, 0, 0, 0, 0, 0, 0, 0, 0, 0, 0, 0, 0, 0, 0, 
2025-12-28 12:48:58.407034|{tx-588} :-BBB.............
2025-12-28 12:48:58.578134|{rx-589} 1, 0, 0, 3, 590, 590, 0, 0, 0, 0, 0, 1, 0, 1, 1
2025-12-28 12:48:58.582352|{rssi-589} 111, -58, -127, -127, -127, 111, 111, 111, 111, 111, 111, 111, 111, 111, 111, 111, 111, 111, 
2025-12-28 12:48:58.591762|{td-589} 0, -9, 0, 0, 0, 0, 0, 0, 0, 0, 0, 0, 0, 0, 0, 0, 0, 0, 
2025-12-28 12:48:58.597640|{tx-589} :-BBB.............
2025-12-28 12:48:58.767915|{rx-590} 1, 0, 0, 3, 591, 591, 0, 0, 0, 0, 0, 1, 0, 1, 1
2025-12-28 12:48:58.774530|{rssi-590} 111, -58, -127, -127, -127, 111, 111, 111, 111, 111, 111, 111, 111, 111, 111, 111, 111, 111, 
2025-12-28 12:48:58.781352|{td-590} 0, -7, 0, 0, 0, 0, 0, 0, 0, 0, 0, 0, 0, 0, 0, 0, 0, 0, 
2025-12-28 12:48:58.786444|{tx-590} :-BBB.............
2025-12-28 12:48:58.956890|{rx-591} 1, 0, 0, 3, 592, 592, 0, 0, 0, 0, 0, 1, 0, 1, 1
2025-12-28 12:48:58.962259|{rssi-591} 111, -61, -127, -127, -127, 111, 111, 111, 111, 111, 111, 111, 111, 111, 111, 111, 111, 111, 
2025-12-28 12:48:58.971578|{td-591} 0, -9, 0, 0, 0, 0, 0, 0, 0, 0, 0, 0, 0, 0, 0, 0, 0, 0, 
2025-12-28 12:48:58.977195|{tx-591} :-BBB.............
2025-12-28 12:48:59.147441|{rx-592} 1, 0, 0, 3, 593, 593, 0, 0, 0, 0, 0, 1, 0, 1, 1
2025-12-28 12:48:59.152951|{rssi-592} 111, -58, -127, -127, -127, 111, 111, 111, 111, 111, 111, 111, 111, 111, 111, 111, 111, 111, 
2025-12-28 12:48:59.162080|{td-592} 0, -9, 0, 0, 0, 0, 0, 0, 0, 0, 0, 0, 0, 0, 0, 0, 0, 0, 
2025-12-28 12:48:59.167425|{tx-592} :-BBB.............
2025-12-28 12:48:59.338143|{rx-593} 1, 0, 0, 3, 594, 594, 0, 0, 0, 0, 0, 1, 0, 1, 1
2025-12-28 12:48:59.342101|{rssi-593} 111, -58, -127, -127, -127, 111, 111, 111, 111, 111, 111, 111, 111, 111, 111, 111, 111, 111, 
2025-12-28 12:48:59.351581|{td-593} 0, -7, 0, 0, 0, 0, 0, 0, 0, 0, 0, 0, 0, 0, 0, 0, 0, 0, 
2025-12-28 12:48:59.356226|{tx-593} :-BBB.............
2025-12-28 12:48:59.527105|{rx-594} 1, 0, 0, 3, 595, 595, 0, 0, 0, 0, 0, 1, 0, 1, 1
2025-12-28 12:48:59.532455|{rssi-594} 111, -58, -127, -127, -127, 111, 111, 111, 111, 111, 111, 111, 111, 111, 111, 111, 111, 111, 
2025-12-28 12:48:59.541637|{td-594} 0, -9, 0, 0, 0, 0, 0, 0, 0, 0, 0, 0, 0, 0, 0, 0, 0, 0, 
2025-12-28 12:48:59.546550|{tx-594} :-BBB.............
2025-12-28 12:48:59.717572|{rx-595} 1, 0, 0, 3, 596, 596, 0, 0, 0, 0, 0, 1, 0, 1, 1
2025-12-28 12:48:59.722327|{rssi-595} 111, -58, -127, -127, -127, 111, 111, 111, 111, 111, 111, 111, 111, 111, 111, 111, 111, 111, 
2025-12-28 12:48:59.731306|{td-595} 0, -7, 0, 0, 0, 0, 0, 0, 0, 0, 0, 0, 0, 0, 0, 0, 0, 0, 
2025-12-28 12:48:59.737448|{tx-595} :-BBB.............
2025-12-28 12:48:59.907229|{rx-596} 1, 0, 0, 3, 597, 597, 0, 0, 0, 0, 0, 1, 0, 1, 1
2025-12-28 12:48:59.912063|{rssi-596} 111, -58, -127, -127, -127, 111, 111, 111, 111, 111, 111, 111, 111, 111, 111, 111, 111, 111, 
2025-12-28 12:48:59.921652|{td-596} 0, -9, 0, 0, 0, 0, 0, 0, 0, 0, 0, 0, 0, 0, 0, 0, 0, 0, 
2025-12-28 12:48:59.927373|{tx-596} :-BBB.............
2025-12-28 12:49:00.097120|{rx-597} 1, 0, 0, 3, 598, 598, 0, 0, 0, 0, 0, 1, 0, 1, 1
2025-12-28 12:49:00.101706|{rssi-597} 111, -58, -127, -127, -127, 111, 111, 111, 111, 111, 111, 111, 111, 111, 111, 111, 111, 111, 
2025-12-28 12:49:00.110429|{td-597} 0, -7, 0, 0, 0, 0, 0, 0, 0, 0, 0, 0, 0, 0, 0, 0, 0, 0, 
2025-12-28 12:49:00.117396|{tx-597} :-BBB.............
2025-12-28 12:49:00.288102|{rx-598} 1, 0, 0, 3, 599, 599, 0, 0, 0, 0, 0, 1, 0, 1, 1
2025-12-28 12:49:00.291409|{rssi-598} 111, -58, -127, -127, -127, 111, 111, 111, 111, 111, 111, 111, 111, 111, 111, 111, 111, 111, 
2025-12-28 12:49:00.301592|{td-598} 0, -9, 0, 0, 0, 0, 0, 0, 0, 0, 0, 0, 0, 0, 0, 0, 0, 0, 
2025-12-28 12:49:00.306562|{tx-598} :-BBB.............
2025-12-28 12:49:00.477397|{rx-599} 1, 0, 0, 3, 600, 600, 0, 0, 0, 0, 0, 1, 0, 1, 1
2025-12-28 12:49:00.481154|{rssi-599} 111, -58, -127, -127, -127, 111, 111, 111, 111, 111, 111, 111, 111, 111, 111, 111, 111, 111, 
2025-12-28 12:49:00.490400|{td-599} 0, -7, 0, 0, 0, 0, 0, 0, 0, 0, 0, 0, 0, 0, 0, 0, 0, 0, 
2025-12-28 12:49:00.496622|{tx-599} :-BBB.............
2025-12-28 12:49:00.666743|{rx-600} 1, 0, 0, 3, 601, 601, 0, 0, 0, 0, 0, 1, 0, 1, 1
2025-12-28 12:49:00.670877|{rssi-600} 111, -58, -127, -127, -127, 111, 111, 111, 111, 111, 111, 111, 111, 111, 111, 111, 111, 111, 
2025-12-28 12:49:00.681732|{td-600} 0, -7, 0, 0, 0, 0, 0, 0, 0, 0, 0, 0, 0, 0, 0, 0, 0, 0, 
2025-12-28 12:49:00.687313|{tx-600} :-BBB.............
2025-12-28 12:49:00.856776|{rx-601} 1, 0, 0, 3, 602, 602, 0, 0, 0, 0, 0, 1, 0, 1, 1
2025-12-28 12:49:00.861804|{rssi-601} 111, -58, -127, -127, -127, 111, 111, 111, 111, 111, 111, 111, 111, 111, 111, 111, 111, 111, 
2025-12-28 12:49:00.871286|{td-601} 0, -9, 0, 0, 0, 0, 0, 0, 0, 0, 0, 0, 0, 0, 0, 0, 0, 0, 
2025-12-28 12:49:00.877183|{tx-601} :-BBB.............
2025-12-28 12:49:01.047521|{rx-602} 1, 0, 0, 3, 603, 603, 0, 0, 0, 0, 0, 1, 0, 1, 1
2025-12-28 12:49:01.052158|{rssi-602} 111, -58, -127, -127, -127, 111, 111, 111, 111, 111, 111, 111, 111, 111, 111, 111, 111, 111, 
2025-12-28 12:49:01.061316|{td-602} 0, -9, 0, 0, 0, 0, 0, 0, 0, 0, 0, 0, 0, 0, 0, 0, 0, 0, 
2025-12-28 12:49:01.066155|{tx-602} :-BBB.............
2025-12-28 12:49:01.237133|{rx-603} 1, 0, 0, 3, 604, 604, 0, 0, 0, 0, 0, 1, 0, 1, 1
2025-12-28 12:49:01.241612|{rssi-603} 111, -58, -127, -127, -127, 111, 111, 111, 111, 111, 111, 111, 111, 111, 111, 111, 111, 111, 
2025-12-28 12:49:01.251653|{td-603} 0, -7, 0, 0, 0, 0, 0, 0, 0, 0, 0, 0, 0, 0, 0, 0, 0, 0, 
2025-12-28 12:49:01.256985|{tx-603} :-BBB.............
2025-12-28 12:49:01.426797|{rx-604} 1, 0, 0, 3, 605, 605, 0, 0, 0, 0, 0, 1, 0, 1, 1
2025-12-28 12:49:01.431140|{rssi-604} 111, -58, -127, -127, -127, 111, 111, 111, 111, 111, 111, 111, 111, 111, 111, 111, 111, 111, 
2025-12-28 12:49:01.441189|{td-604} 0, -7, 0, 0, 0, 0, 0, 0, 0, 0, 0, 0, 0, 0, 0, 0, 0, 0, 
2025-12-28 12:49:01.446577|{tx-604} :-BBB.............
2025-12-28 12:49:01.616711|{rx-605} 1, 0, 0, 3, 606, 606, 0, 0, 0, 0, 0, 1, 0, 1, 1
2025-12-28 12:49:01.622812|{rssi-605} 111, -58, -127, -127, -127, 111, 111, 111, 111, 111, 111, 111, 111, 111, 111, 111, 111, 111, 
2025-12-28 12:49:01.631224|{td-605} 0, -9, 0, 0, 0, 0, 0, 0, 0, 0, 0, 0, 0, 0, 0, 0, 0, 0, 
2025-12-28 12:49:01.637235|{tx-605} :-BBB.............
2025-12-28 12:49:01.806993|{rx-606} 1, 0, 0, 3, 607, 607, 0, 0, 0, 0, 0, 1, 0, 1, 1
2025-12-28 12:49:01.811150|{rssi-606} 111, -58, -127, -127, -127, 111, 111, 111, 111, 111, 111, 111, 111, 111, 111, 111, 111, 111, 
2025-12-28 12:49:01.819801|{td-606} 0, -9, 0, 0, 0, 0, 0, 0, 0, 0, 0, 0, 0, 0, 0, 0, 0, 0, 
2025-12-28 12:49:01.827177|{tx-606} :-BBB.............
2025-12-28 12:49:01.995931|{rx-607} 1, 0, 0, 3, 608, 608, 0, 0, 0, 0, 0, 1, 0, 1, 1
2025-12-28 12:49:02.001138|{rssi-607} 111, -58, -127, -127, -127, 111, 111, 111, 111, 111, 111, 111, 111, 111, 111, 111, 111, 111, 
2025-12-28 12:49:02.011064|{td-607} 0, -7, 0, 0, 0, 0, 0, 0, 0, 0, 0, 0, 0, 0, 0, 0, 0, 0, 
2025-12-28 12:49:02.017005|{tx-607} :-BBB.............
2025-12-28 12:49:02.186580|{rx-608} 1, 0, 0, 3, 609, 609, 0, 0, 0, 0, 0, 1, 0, 1, 1
2025-12-28 12:49:02.191292|{rssi-608} 111, -58, -127, -127, -127, 111, 111, 111, 111, 111, 111, 111, 111, 111, 111, 111, 111, 111, 
2025-12-28 12:49:02.201009|{td-608} 0, -7, 0, 0, 0, 0, 0, 0, 0, 0, 0, 0, 0, 0, 0, 0, 0, 0, 
2025-12-28 12:49:02.205488|{tx-608} :-BBB.............
2025-12-28 12:49:02.376587|{rx-609} 1, 0, 0, 3, 610, 610, 0, 0, 0, 0, 0, 1, 0, 1, 1
2025-12-28 12:49:02.381738|{rssi-609} 111, -58, -127, -127, -127, 111, 111, 111, 111, 111, 111, 111, 111, 111, 111, 111, 111, 111, 
2025-12-28 12:49:02.390056|{td-609} 0, -9, 0, 0, 0, 0, 0, 0, 0, 0, 0, 0, 0, 0, 0, 0, 0, 0, 
2025-12-28 12:49:02.396302|{tx-609} :-BBB.............
2025-12-28 12:49:02.566865|{rx-610} 1, 0, 0, 3, 611, 611, 0, 0, 0, 0, 0, 1, 0, 1, 1
2025-12-28 12:49:02.570975|{rssi-610} 111, -58, -127, -127, -127, 111, 111, 111, 111, 111, 111, 111, 111, 111, 111, 111, 111, 111, 
2025-12-28 12:49:02.580673|{td-610} 0, -7, 0, 0, 0, 0, 0, 0, 0, 0, 0, 0, 0, 0, 0, 0, 0, 0, 
2025-12-28 12:49:02.585753|{tx-610} :-BBB.............
2025-12-28 12:49:02.756936|{rx-611} 1, 0, 0, 3, 612, 612, 0, 0, 0, 0, 0, 1, 0, 1, 1
2025-12-28 12:49:02.761459|{rssi-611} 111, -58, -127, -127, -127, 111, 111, 111, 111, 111, 111, 111, 111, 111, 111, 111, 111, 111, 
2025-12-28 12:49:02.770371|{td-611} 0, -9, 0, 0, 0, 0, 0, 0, 0, 0, 0, 0, 0, 0, 0, 0, 0, 0, 
2025-12-28 12:49:02.775823|{tx-611} :-BBB.............
2025-12-28 12:49:02.946580|{rx-612} 1, 0, 0, 3, 613, 613, 0, 0, 0, 0, 0, 1, 0, 1, 1
2025-12-28 12:49:02.951960|{rssi-612} 111, -58, -127, -127, -127, 111, 111, 111, 111, 111, 111, 111, 111, 111, 111, 111, 111, 111, 
2025-12-28 12:49:02.961006|{td-612} 0, -7, 0, 0, 0, 0, 0, 0, 0, 0, 0, 0, 0, 0, 0, 0, 0, 0, 
2025-12-28 12:49:02.966303|{tx-612} :-BBB.............
2025-12-28 12:49:03.137482|{rx-613} 1, 0, 0, 3, 614, 614, 0, 0, 0, 0, 0, 1, 0, 1, 1
2025-12-28 12:49:03.141464|{rssi-613} 111, -58, -127, -127, -127, 111, 111, 111, 111, 111, 111, 111, 111, 111, 111, 111, 111, 111, 
2025-12-28 12:49:03.150107|{td-613} 0, -9, 0, 0, 0, 0, 0, 0, 0, 0, 0, 0, 0, 0, 0, 0, 0, 0, 
2025-12-28 12:49:03.156894|{tx-613} :-BBB.............
2025-12-28 12:49:03.326533|{rx-614} 1, 0, 0, 3, 615, 615, 0, 0, 0, 0, 0, 1, 0, 1, 1
2025-12-28 12:49:03.331405|{rssi-614} 111, -58, -127, -127, -127, 111, 111, 111, 111, 111, 111, 111, 111, 111, 111, 111, 111, 111, 
2025-12-28 12:49:03.340979|{td-614} 0, -7, 0, 0, 0, 0, 0, 0, 0, 0, 0, 0, 0, 0, 0, 0, 0, 0, 
2025-12-28 12:49:03.345481|{tx-614} :-BBB.............
2025-12-28 12:49:03.516732|{rx-615} 1, 0, 0, 3, 616, 616, 0, 0, 0, 0, 0, 1, 0, 1, 1
2025-12-28 12:49:03.521446|{rssi-615} 111, -58, -127, -127, -127, 111, 111, 111, 111, 111, 111, 111, 111, 111, 111, 111, 111, 111, 
2025-12-28 12:49:03.530649|{td-615} 0, -9, 0, 0, 0, 0, 0, 0, 0, 0, 0, 0, 0, 0, 0, 0, 0, 0, 
2025-12-28 12:49:03.536043|{tx-615} :-BBB.............
2025-12-28 12:49:03.707039|{rx-616} 1, 0, 0, 3, 617, 617, 0, 0, 0, 0, 0, 1, 0, 1, 1
2025-12-28 12:49:03.711514|{rssi-616} 111, -58, -127, -127, -127, 111, 111, 111, 111, 111, 111, 111, 111, 111, 111, 111, 111, 111, 
2025-12-28 12:49:03.721013|{td-616} 0, -9, 0, 0, 0, 0, 0, 0, 0, 0, 0, 0, 0, 0, 0, 0, 0, 0, 
2025-12-28 12:49:03.726730|{tx-616} :-BBB.............
2025-12-28 12:49:03.896358|{rx-617} 1, 0, 0, 3, 618, 618, 0, 0, 0, 0, 0, 1, 0, 1, 1
2025-12-28 12:49:03.903553|{rssi-617} 111, -58, -127, -127, -127, 111, 111, 111, 111, 111, 111, 111, 111, 111, 111, 111, 111, 111, 
2025-12-28 12:49:03.911815|{td-617} 0, -7, 0, 0, 0, 0, 0, 0, 0, 0, 0, 0, 0, 0, 0, 0, 0, 0, 
2025-12-28 12:49:03.916064|{tx-617} :-BBB.............
2025-12-28 12:49:04.086650|{rx-618} 1, 0, 0, 3, 619, 619, 0, 0, 0, 0, 0, 1, 0, 1, 1
2025-12-28 12:49:04.091315|{rssi-618} 111, -58, -127, -127, -127, 111, 111, 111, 111, 111, 111, 111, 111, 111, 111, 111, 111, 111, 
2025-12-28 12:49:04.100242|{td-618} 0, -9, 0, 0, 0, 0, 0, 0, 0, 0, 0, 0, 0, 0, 0, 0, 0, 0, 
2025-12-28 12:49:04.106572|{tx-618} :-BBB.............
2025-12-28 12:49:04.276568|{rx-619} 1, 0, 0, 3, 620, 620, 0, 0, 0, 0, 0, 1, 0, 1, 1
2025-12-28 12:49:04.281650|{rssi-619} 111, -58, -127, -127, -127, 111, 111, 111, 111, 111, 111, 111, 111, 111, 111, 111, 111, 111, 
2025-12-28 12:49:04.290144|{td-619} 0, -7, 0, 0, 0, 0, 0, 0, 0, 0, 0, 0, 0, 0, 0, 0, 0, 0, 
2025-12-28 12:49:04.295893|{tx-619} :-BBB.............
2025-12-28 12:49:04.466951|{rx-620} 1, 0, 0, 3, 621, 621, 0, 0, 0, 0, 0, 1, 0, 1, 1
2025-12-28 12:49:04.470962|{rssi-620} 111, -61, -127, -127, -127, 111, 111, 111, 111, 111, 111, 111, 111, 111, 111, 111, 111, 111, 
2025-12-28 12:49:04.480010|{td-620} 0, -7, 0, 0, 0, 0, 0, 0, 0, 0, 0, 0, 0, 0, 0, 0, 0, 0, 
2025-12-28 12:49:04.485440|{tx-620} :-BBB.............
2025-12-28 12:49:04.656322|{rx-621} 1, 0, 0, 3, 622, 622, 0, 0, 0, 0, 0, 1, 0, 1, 1
2025-12-28 12:49:04.660947|{rssi-621} 111, -58, -127, -127, -127, 111, 111, 111, 111, 111, 111, 111, 111, 111, 111, 111, 111, 111, 
2025-12-28 12:49:04.670495|{td-621} 0, -9, 0, 0, 0, 0, 0, 0, 0, 0, 0, 0, 0, 0, 0, 0, 0, 0, 
2025-12-28 12:49:04.677068|{tx-621} :-BBB.............
2025-12-28 12:49:04.846483|{rx-622} 1, 0, 0, 3, 623, 623, 0, 0, 0, 0, 0, 1, 0, 1, 1
2025-12-28 12:49:04.851116|{rssi-622} 111, -58, -127, -127, -127, 111, 111, 111, 111, 111, 111, 111, 111, 111, 111, 111, 111, 111, 
2025-12-28 12:49:04.861036|{td-622} 0, -9, 0, 0, 0, 0, 0, 0, 0, 0, 0, 0, 0, 0, 0, 0, 0, 0, 
2025-12-28 12:49:04.866688|{tx-622} :-BBB.............
2025-12-28 12:49:05.037004|{rx-623} 1, 0, 0, 3, 624, 624, 0, 0, 0, 0, 0, 1, 0, 1, 1
2025-12-28 12:49:05.041152|{rssi-623} 111, -58, -127, -127, -127, 111, 111, 111, 111, 111, 111, 111, 111, 111, 111, 111, 111, 111, 
2025-12-28 12:49:05.050698|{td-623} 0, -7, 0, 0, 0, 0, 0, 0, 0, 0, 0, 0, 0, 0, 0, 0, 0, 0, 
2025-12-28 12:49:05.056427|{tx-623} :-BBB.............
2025-12-28 12:49:05.226082|{rx-624} 1, 0, 0, 3, 625, 625, 0, 0, 0, 0, 0, 1, 0, 1, 1
2025-12-28 12:49:05.230820|{rssi-624} 111, -58, -127, -127, -127, 111, 111, 111, 111, 111, 111, 111, 111, 111, 111, 111, 111, 111, 
2025-12-28 12:49:05.239573|{td-624} 0, -7, 0, 0, 0, 0, 0, 0, 0, 0, 0, 0, 0, 0, 0, 0, 0, 0, 
2025-12-28 12:49:05.245514|{tx-624} :-BBB.............
2025-12-28 12:49:05.416629|{rx-625} 1, 0, 0, 3, 626, 626, 0, 0, 0, 0, 0, 1, 0, 1, 1
2025-12-28 12:49:05.420495|{rssi-625} 111, -58, -127, -127, -127, 111, 111, 111, 111, 111, 111, 111, 111, 111, 111, 111, 111, 111, 
2025-12-28 12:49:05.430633|{td-625} 0, -9, 0, 0, 0, 0, 0, 0, 0, 0, 0, 0, 0, 0, 0, 0, 0, 0, 
2025-12-28 12:49:05.436029|{tx-625} :-BBB.............
2025-12-28 12:49:05.607003|{rx-626} 1, 0, 0, 3, 627, 627, 0, 0, 0, 0, 0, 1, 0, 1, 1
2025-12-28 12:49:05.610877|{rssi-626} 111, -58, -127, -127, -127, 111, 111, 111, 111, 111, 111, 111, 111, 111, 111, 111, 111, 111, 
2025-12-28 12:49:05.620409|{td-626} 0, -7, 0, 0, 0, 0, 0, 0, 0, 0, 0, 0, 0, 0, 0, 0, 0, 0, 
2025-12-28 12:49:05.625681|{tx-626} :-BBB.............
2025-12-28 12:49:05.696170| 