2025-12-28 12:47:06.014004|Testing
2025-12-28 12:47:06.014367|Node 0x80d0b065
2025-12-28 12:47:06.688037|{rx-0} 1, 0, 0, 3, 1, 1, 0, 0, 0, 0, 2, 3, 0, 0, 0
2025-12-28 12:47:06.692894|{rssi-0} 0, 0, 0, -77, -127, -127, -127, 0, 0, 0, 0, 0, 0, 0, 0, 0, 0, 0, 
2025-12-28 12:47:06.698995|{td-0} 0, 0, 0, 5231528, 0, 0, 0, 0, 0, 0, 0, 0, 0, 0, 0, 0, 0, 0, 
2025-12-28 12:47:06.705941|{tx-0} :
2025-12-28 12:47:06.705993|#R 0, ID: 0x80d0b065 41, master: 0xf2de209e, tx power: 0 dBm, channel 37 = 2405 MHz (std), msg: 39 bytes, mode: Ble_1Mbit, CE: 0, @ Dec 28 2025 11:43:06
2025-12-28 12:47:06.879240|{rx-1} 1, 2, 1, 3, 2, 5, 0, 0, 0, 0, 3, 3, 0, 3, 3
2025-12-28 12:47:06.883283|{rssi-1} 111, -127, -87, -89, -79, -127, -127, -127, 111, 111, 111, 111, 111, 111, 111, 111, 111, 111, 
2025-12-28 12:47:06.892739|{td-1} 0, -2995008, -21, -19, -21, 0, 0, 0, 0, 0, 0, 0, 0, 0, 0, 0, 0, 0, 
2025-12-28 12:47:06.898303|{tx-1} :ACC-BBB..........
2025-12-28 12:47:07.067905|{rx-2} 1, 0, 2, 3, 3, 8, 0, 0, 0, 0, 2, 3, 0, 3, 3
2025-12-28 12:47:07.071877|{rssi-2} 111, -127, -127, -74, -127, -127, -127, 111, 111, 111, 111, 111, 111, 111, 111, 111, 111, 111, 
2025-12-28 12:47:07.082149|{td-2} 0, -2986088, -2995008, -17, 0, 0, 0, 0, 0, 0, 0, 0, 0, 0, 0, 0, 0, 0, 
2025-12-28 12:47:07.088214|{tx-2} :AA-BBB...........
2025-12-28 12:47:07.257954|{rx-3} 1, 0, 2, 3, 4, 11, 0, 0, 0, 0, 2, 3, 0, 3, 3
2025-12-28 12:47:07.262772|{rssi-3} 111, -127, -127, -75, -127, -127, -127, 111, 111, 111, 111, 111, 111, 111, 111, 111, 111, 111, 
2025-12-28 12:47:07.273280|{td-3} 0, -2995008, -3003928, -19, 0, 0, 0, 0, 0, 0, 0, 0, 0, 0, 0, 0, 0, 0, 
2025-12-28 12:47:07.278322|{tx-3} :AA-BBB...........
2025-12-28 12:47:07.448160|{rx-4} 1, 1, 1, 3, 5, 14, 0, 0, 0, 0, 2, 3, 0, 3, 3
2025-12-28 12:47:07.452336|{rssi-4} 111, -127, -86, -74, -127, -127, -127, 111, 111, 111, 111, 111, 111, 111, 111, 111, 111, 111, 
2025-12-28 12:47:07.462362|{td-4} 0, -2995008, -17, -17, 0, 0, 0, 0, 0, 0, 0, 0, 0, 0, 0, 0, 0, 0, 
2025-12-28 12:47:07.467695|{tx-4} :AC-BBB...........
2025-12-28 12:47:07.638709|{rx-5} 1, 0, 2, 3, 6, 17, 0, 0, 0, 0, 2, 3, 0, 3, 3
2025-12-28 12:47:07.642171|{rssi-5} 111, -127, -127, -76, -127, -127, -127, 111, 111, 111, 111, 111, 111, 111, 111, 111, 111, 111, 
2025-12-28 12:47:07.651606|{td-5} 0, -2995008, -3003928, -17, 0, 0, 0, 0, 0, 0, 0, 0, 0, 0, 0, 0, 0, 0, 
2025-12-28 12:47:07.658274|{tx-5} :AA-BBB...........
2025-12-28 12:47:07.827770|{rx-6} 1, 0, 2, 3, 7, 20, 0, 0, 0, 0, 2, 3, 0, 3, 3
2025-12-28 12:47:07.831958|{rssi-6} 111, -127, -127, -73, -127, -127, -127, 111, 111, 111, 111, 111, 111, 111, 111, 111, 111, 111, 
2025-12-28 12:47:07.842416|{td-6} 0, -2995008, -3003928, -17, 0, 0, 0, 0, 0, 0, 0, 0, 0, 0, 0, 0, 0, 0, 
2025-12-28 12:47:07.848539|{tx-6} :AA-BBB...........
2025-12-28 12:47:08.019298|{rx-7} 1, 1, 3, 3, 8, 25, 0, 0, 0, 0, 4, 3, 0, 3, 3
2025-12-28 12:47:08.023628|{rssi-7} 111, -127, -127, -127, -86, -74, -127, -127, -127, 111, 111, 111, 111, 111, 111, 111, 111, 111, 
2025-12-28 12:47:08.033335|{td-7} 0, -2995008, -3003928, -3012848, -17, -19, 0, 0, 0, 0, 0, 0, 0, 0, 0, 0, 0, 0, 
2025-12-28 12:47:08.041260|{tx-7} :AAAC-BBB.........
2025-12-28 12:47:08.207734|{rx-8} 1, 1, 1, 3, 9, 28, 0, 0, 0, 0, 2, 3, 0, 3, 3
2025-12-28 12:47:08.212651|{rssi-8} 111, -127, -92, -74, -127, -127, -127, 111, 111, 111, 111, 111, 111, 111, 111, 111, 111, 111, 
2025-12-28 12:47:08.222079|{td-8} 0, -2977168, -17, -17, 0, 0, 0, 0, 0, 0, 0, 0, 0, 0, 0, 0, 0, 0, 
2025-12-28 12:47:08.227870|{tx-8} :AC-BBB...........
2025-12-28 12:47:08.399086|{rx-9} 1, 0, 3, 3, 10, 32, 0, 0, 0, 0, 3, 3, 0, 3, 3
2025-12-28 12:47:08.402716|{rssi-9} 111, -127, -127, -127, -74, -127, -127, -127, 111, 111, 111, 111, 111, 111, 111, 111, 111, 111, 
2025-12-28 12:47:08.413638|{td-9} 0, -2995008, -3003928, -3012848, -17, 0, 0, 0, 0, 0, 0, 0, 0, 0, 0, 0, 0, 0, 
2025-12-28 12:47:08.419139|{tx-9} :AAA-BBB..........
2025-12-28 12:47:08.588960|{rx-10} 1, 1, 1, 3, 11, 35, 0, 0, 0, 0, 2, 3, 0, 3, 3
2025-12-28 12:47:08.593231|{rssi-10} 111, -127, -84, -73, -127, -127, -127, 111, 111, 111, 111, 111, 111, 111, 111, 111, 111, 111, 
2025-12-28 12:47:08.602351|{td-10} 0, -2986088, -21, -19, 0, 0, 0, 0, 0, 0, 0, 0, 0, 0, 0, 0, 0, 0, 
2025-12-28 12:47:08.607995|{tx-10} :AC-BBB...........
2025-12-28 12:47:08.777963|{rx-11} 1, 1, 1, 3, 12, 38, 0, 0, 0, 0, 2, 3, 0, 3, 3
2025-12-28 12:47:08.782527|{rssi-11} 111, -127, -89, -76, -127, -127, -127, 111, 111, 111, 111, 111, 111, 111, 111, 111, 111, 111, 
2025-12-28 12:47:08.791137|{td-11} 0, -2995008, -17, -19, 0, 0, 0, 0, 0, 0, 0, 0, 0, 0, 0, 0, 0, 0, 
2025-12-28 12:47:08.799062|{tx-11} :AC-BBB...........
2025-12-28 12:47:08.968510|{rx-12} 1, 1, 1, 3, 13, 41, 0, 0, 0, 0, 2, 3, 0, 3, 3
2025-12-28 12:47:08.972842|{rssi-12} 111, -127, -91, -74, -127, -127, -127, 111, 111, 111, 111, 111, 111, 111, 111, 111, 111, 111, 
2025-12-28 12:47:08.982291|{td-12} 0, -2995008, -19, -17, 0, 0, 0, 0, 0, 0, 0, 0, 0, 0, 0, 0, 0, 0, 
2025-12-28 12:47:08.987626|{tx-12} :AC-BBB...........
2025-12-28 12:47:09.158516|{rx-13} 1, 1, 4, 3, 14, 47, 0, 0, 0, 0, 4, 3, 0, 3, 3
2025-12-28 12:47:09.163836|{rssi-13} 111, -127, -127, -91, -91, -74, -127, -127, -127, 111, 111, 111, 111, 111, 111, 111, 111, 111, 
2025-12-28 12:47:09.174271|{td-13} 0, -2995008, -3003928, -19, -8939, -19, 0, 0, 0, 0, 0, 0, 0, 0, 0, 0, 0, 0, 
2025-12-28 12:47:09.181145|{tx-13} :AAPA-BBB.........
2025-12-28 12:47:09.348130|{rx-14} 1, 0, 2, 3, 15, 50, 0, 0, 0, 0, 2, 3, 0, 3, 3
2025-12-28 12:47:09.352086|{rssi-14} 111, -127, -127, -75, -127, -127, -127, 111, 111, 111, 111, 111, 111, 111, 111, 111, 111, 111, 
2025-12-28 12:47:09.362267|{td-14} 0, -2977168, -2986088, -19, 0, 0, 0, 0, 0, 0, 0, 0, 0, 0, 0, 0, 0, 0, 
2025-12-28 12:47:09.367955|{tx-14} :AA-BBB...........
2025-12-28 12:47:09.537832|{rx-15} 1, 0, 2, 3, 16, 53, 0, 0, 0, 0, 2, 3, 0, 3, 3
2025-12-28 12:47:09.542530|{rssi-15} 111, -127, -127, -73, -127, -127, -127, 111, 111, 111, 111, 111, 111, 111, 111, 111, 111, 111, 
2025-12-28 12:47:09.552370|{td-15} 0, -2995008, -3003928, -17, 0, 0, 0, 0, 0, 0, 0, 0, 0, 0, 0, 0, 0, 0, 
2025-12-28 12:47:09.558179|{tx-15} :AA-BBB...........
2025-12-28 12:47:09.728532|{rx-16} 1, 1, 3, 3, 17, 58, 0, 0, 0, 0, 4, 3, 0, 3, 3
2025-12-28 12:47:09.733669|{rssi-16} 111, -127, -87, -87, -87, -74, -127, -127, -127, 111, 111, 111, 111, 111, 111, 111, 111, 111, 
2025-12-28 12:47:09.743112|{td-16} 0, -2995008, -17, -8937, -17857, -19, 0, 0, 0, 0, 0, 0, 0, 0, 0, 0, 0, 0, 
2025-12-28 12:47:09.750510|{tx-16} :ACAA-BBB.........
2025-12-28 12:47:09.917766|{rx-17} 1, 1, 2, 3, 18, 62, 0, 0, 0, 0, 3, 3, 0, 3, 3
2025-12-28 12:47:09.923347|{rssi-17} 111, -127, -127, -86, -75, -127, -127, -127, 111, 111, 111, 111, 111, 111, 111, 111, 111, 111, 
2025-12-28 12:47:09.932006|{td-17} 0, -2977168, -2986088, -17, -17, 0, 0, 0, 0, 0, 0, 0, 0, 0, 0, 0, 0, 0, 
2025-12-28 12:47:09.939527|{tx-17} :AAC-BBB..........
2025-12-28 12:47:10.107961|{rx-18} 1, 0, 2, 3, 19, 65, 0, 0, 0, 0, 2, 3, 0, 3, 3
2025-12-28 12:47:10.112237|{rssi-18} 111, -127, -127, -74, -127, -127, -127, 111, 111, 111, 111, 111, 111, 111, 111, 111, 111, 111, 
2025-12-28 12:47:10.121949|{td-18} 0, -2986088, -2995008, -17, 0, 0, 0, 0, 0, 0, 0, 0, 0, 0, 0, 0, 0, 0, 
2025-12-28 12:47:10.130083|{tx-18} :AA-BBB...........
2025-12-28 12:47:10.298388|{rx-19} 1, 0, 2, 3, 20, 68, 0, 0, 0, 0, 2, 3, 0, 3, 3
2025-12-28 12:47:10.302886|{rssi-19} 111, -127, -127, -68, -127, -127, -127, 111, 111, 111, 111, 111, 111, 111, 111, 111, 111, 111, 
2025-12-28 12:47:10.312669|{td-19} 0, -2995008, -3003928, -17, 0, 0, 0, 0, 0, 0, 0, 0, 0, 0, 0, 0, 0, 0, 
2025-12-28 12:47:10.318004|{tx-19} :AA-BBB...........
2025-12-28 12:47:10.489499|{rx-20} 1, 1, 1, 3, 21, 71, 0, 0, 0, 0, 2, 3, 0, 3, 3
2025-12-28 12:47:10.493046|{rssi-20} 111, -127, -89, -65, -127, -127, -127, 111, 111, 111, 111, 111, 111, 111, 111, 111, 111, 111, 
2025-12-28 12:47:10.502144|{td-20} 0, -2995008, -19, -19, 0, 0, 0, 0, 0, 0, 0, 0, 0, 0, 0, 0, 0, 0, 
2025-12-28 12:47:10.509479|{tx-20} :AC-BBB...........
2025-12-28 12:47:10.678630|{rx-21} 1, 1, 1, 3, 22, 74, 0, 0, 0, 0, 2, 3, 0, 3, 3
2025-12-28 12:47:10.683591|{rssi-21} 111, -127, -86, -73, -127, -127, -127, 111, 111, 111, 111, 111, 111, 111, 111, 111, 111, 111, 
2025-12-28 12:47:10.691994|{td-21} 0, -2995008, -19, -19, 0, 0, 0, 0, 0, 0, 0, 0, 0, 0, 0, 0, 0, 0, 
2025-12-28 12:47:10.697723|{tx-21} :AC-BBB...........
2025-12-28 12:47:10.869356|{rx-22} 1, 0, 2, 3, 23, 77, 0, 0, 0, 0, 2, 3, 0, 3, 3
2025-12-28 12:47:10.873014|{rssi-22} 111, -127, -127, -68, -127, -127, -127, 111, 111, 111, 111, 111, 111, 111, 111, 111, 111, 111, 
2025-12-28 12:47:10.881732|{td-22} 0, -2995008, -3003928, -17, 0, 0, 0, 0, 0, 0, 0, 0, 0, 0, 0, 0, 0, 0, 
2025-12-28 12:47:10.888143|{tx-22} :AA-BBB...........
2025-12-28 12:47:11.058635|{rx-23} 1, 0, 2, 3, 24, 80, 0, 0, 0, 0, 2, 3, 0, 3, 3
2025-12-28 12:47:11.062535|{rssi-23} 111, -127, -127, -71, -127, -127, -127, 111, 111, 111, 111, 111, 111, 111, 111, 111, 111, 111, 
2025-12-28 12:47:11.071860|{td-23} 0, -2995008, -3003928, -17, 0, 0, 0, 0, 0, 0, 0, 0, 0, 0, 0, 0, 0, 0, 
2025-12-28 12:47:11.079101|{tx-23} :AA-BBB...........
2025-12-28 12:47:11.249460|{rx-24} 1, 0, 2, 3, 25, 83, 0, 0, 0, 0, 2, 3, 0, 3, 3
2025-12-28 12:47:11.252257|{rssi-24} 111, -127, -127, -73, -127, -127, -127, 111, 111, 111, 111, 111, 111, 111, 111, 111, 111, 111, 
2025-12-28 12:47:11.262754|{td-24} 0, -2995008, -3003928, -19, 0, 0, 0, 0, 0, 0, 0, 0, 0, 0, 0, 0, 0, 0, 
2025-12-28 12:47:11.268876|{tx-24} :AA-BBB...........
2025-12-28 12:47:11.437852|{rx-25} 1, 0, 2, 3, 26, 86, 0, 0, 0, 0, 2, 3, 0, 3, 3
2025-12-28 12:47:11.443295|{rssi-25} 111, -127, -127, -75, -127, -127, -127, 111, 111, 111, 111, 111, 111, 111, 111, 111, 111, 111, 
2025-12-28 12:47:11.450829|{td-25} 0, -2995008, -3003928, -17, 0, 0, 0, 0, 0, 0, 0, 0, 0, 0, 0, 0, 0, 0, 
2025-12-28 12:47:11.458617|{tx-25} :AA-BBB...........
2025-12-28 12:47:11.626648|{rx-26} 1, 0, 2, 3, 27, 89, 0, 0, 0, 0, 2, 3, 0, 3, 3
2025-12-28 12:47:11.631475|{rssi-26} 111, -127, -127, -76, -127, -127, -127, 111, 111, 111, 111, 111, 111, 111, 111, 111, 111, 111, 
2025-12-28 12:47:11.641762|{td-26} 0, -2995008, -3003928, -19, 0, 0, 0, 0, 0, 0, 0, 0, 0, 0, 0, 0, 0, 0, 
2025-12-28 12:47:11.649081|{tx-26} :AA-BBB...........
2025-12-28 12:47:11.817102|{rx-27} 1, 1, 1, 3, 28, 92, 0, 0, 0, 0, 2, 3, 0, 3, 3
2025-12-28 12:47:11.822213|{rssi-27} 111, -127, -93, -77, -127, -127, -127, 111, 111, 111, 111, 111, 111, 111, 111, 111, 111, 111, 
2025-12-28 12:47:11.832182|{td-27} 0, -2995008, -19, -19, 0, 0, 0, 0, 0, 0, 0, 0, 0, 0, 0, 0, 0, 0, 
2025-12-28 12:47:11.838997|{tx-27} :AC-BBB...........
2025-12-28 12:47:12.007115|{rx-28} 1, 0, 2, 3, 29, 95, 0, 0, 0, 0, 2, 3, 0, 3, 3
2025-12-28 12:47:12.011841|{rssi-28} 111, -127, -127, -64, -127, -127, -127, 111, 111, 111, 111, 111, 111, 111, 111, 111, 111, 111, 
2025-12-28 12:47:12.022523|{td-28} 0, -2995008, -3003928, -17, 0, 0, 0, 0, 0, 0, 0, 0, 0, 0, 0, 0, 0, 0, 
2025-12-28 12:47:12.029171|{tx-28} :AA-BBB...........
2025-12-28 12:47:12.198712|{rx-29} 1, 2, 1, 3, 30, 99, 0, 0, 0, 0, 3, 4, 0, 3, 3
2025-12-28 12:47:12.203324|{rssi-29} 111, -127, -89, -81, -64, -127, -127, -127, 111, 111, 111, 111, 111, 111, 111, 111, 111, 111, 
2025-12-28 12:47:12.212737|{td-29} 0, -2995008, -17, -17, -17, 0, 0, 0, 0, 0, 0, 0, 0, 0, 0, 0, 0, 0, 
2025-12-28 12:47:12.219799|{tx-29} :ACC-BBB..........
2025-12-28 12:47:12.387286|{rx-30} 1, 1, 1, 3, 31, 102, 0, 0, 0, 0, 2, 3, 0, 3, 3
2025-12-28 12:47:12.393549|{rssi-30} 111, -127, -89, -75, -127, -127, -127, 111, 111, 111, 111, 111, 111, 111, 111, 111, 111, 111, 
2025-12-28 12:47:12.401883|{td-30} 0, -2986088, -17, -19, 0, 0, 0, 0, 0, 0, 0, 0, 0, 0, 0, 0, 0, 0, 
2025-12-28 12:47:12.408793|{tx-30} :AC-BBB...........
2025-12-28 12:47:12.578521|{rx-31} 1, 1, 1, 3, 32, 105, 0, 0, 0, 0, 2, 3, 0, 3, 3
2025-12-28 12:47:12.582549|{rssi-31} 111, -127, -84, -74, -127, -127, -127, 111, 111, 111, 111, 111, 111, 111, 111, 111, 111, 111, 
2025-12-28 12:47:12.591734|{td-31} 0, -2995008, -17, -17, 0, 0, 0, 0, 0, 0, 0, 0, 0, 0, 0, 0, 0, 0, 
2025-12-28 12:47:12.598733|{tx-31} :AC-BBB...........
2025-12-28 12:47:12.768411|{rx-32} 1, 0, 2, 3, 33, 108, 0, 0, 0, 0, 2, 3, 0, 3, 3
2025-12-28 12:47:12.771676|{rssi-32} 111, -127, -127, -74, -127, -127, -127, 111, 111, 111, 111, 111, 111, 111, 111, 111, 111, 111, 
2025-12-28 12:47:12.781696|{td-32} 0, -2995008, -3003928, -19, 0, 0, 0, 0, 0, 0, 0, 0, 0, 0, 0, 0, 0, 0, 
2025-12-28 12:47:12.788678|{tx-32} :AA-BBB...........
2025-12-28 12:47:12.958141|{rx-33} 1, 0, 2, 3, 34, 111, 0, 0, 0, 0, 2, 3, 0, 3, 3
2025-12-28 12:47:12.962320|{rssi-33} 111, -127, -127, -74, -127, -127, -127, 111, 111, 111, 111, 111, 111, 111, 111, 111, 111, 111, 
2025-12-28 12:47:12.971942|{td-33} 0, -2995008, -3003928, -15, 0, 0, 0, 0, 0, 0, 0, 0, 0, 0, 0, 0, 0, 0, 
2025-12-28 12:47:12.979389|{tx-33} :AA-BBB...........
2025-12-28 12:47:13.148443|{rx-34} 1, 0, 2, 3, 35, 114, 0, 0, 0, 0, 2, 3, 0, 3, 3
2025-12-28 12:47:13.152489|{rssi-34} 111, -127, -127, -67, -127, -127, -127, 111, 111, 111, 111, 111, 111, 111, 111, 111, 111, 111, 
2025-12-28 12:47:13.162666|{td-34} 0, -2995008, -3003928, -21, 0, 0, 0, 0, 0, 0, 0, 0, 0, 0, 0, 0, 0, 0, 
2025-12-28 12:47:13.169070|{tx-34} :AA-BBB...........
2025-12-28 12:47:13.339649|{rx-35} 1, 2, 1, 3, 36, 118, 0, 0, 0, 0, 3, 3, 0, 3, 3
2025-12-28 12:47:13.343302|{rssi-35} 111, -127, -87, -87, -69, -127, -127, -127, 111, 111, 111, 111, 111, 111, 111, 111, 111, 111, 
2025-12-28 12:47:13.353255|{td-35} 0, -2995008, -17, -15, -17, 0, 0, 0, 0, 0, 0, 0, 0, 0, 0, 0, 0, 0, 
2025-12-28 12:47:13.359507|{tx-35} :ACC-BBB..........
2025-12-28 12:47:13.529352|{rx-36} 1, 2, 1, 3, 37, 122, 0, 0, 0, 0, 3, 3, 0, 3, 3
2025-12-28 12:47:13.532924|{rssi-36} 111, -127, -93, -89, -74, -127, -127, -127, 111, 111, 111, 111, 111, 111, 111, 111, 111, 111, 
2025-12-28 12:47:13.542654|{td-36} 0, -2986088, -17, -17, -17, 0, 0, 0, 0, 0, 0, 0, 0, 0, 0, 0, 0, 0, 
2025-12-28 12:47:13.549176|{tx-36} :ACC-BBB..........
2025-12-28 12:47:13.718880|{rx-37} 1, 1, 1, 3, 38, 125, 0, 0, 0, 0, 2, 3, 0, 3, 3
2025-12-28 12:47:13.722873|{rssi-37} 111, -127, -85, -76, -127, -127, -127, 111, 111, 111, 111, 111, 111, 111, 111, 111, 111, 111, 
2025-12-28 12:47:13.733166|{td-37} 0, -2986088, -19, -15, 0, 0, 0, 0, 0, 0, 0, 0, 0, 0, 0, 0, 0, 0, 
2025-12-28 12:47:13.739534|{tx-37} :AC-BBB...........
2025-12-28 12:47:13.908638|{rx-38} 1, 0, 2, 3, 39, 128, 0, 0, 0, 0, 2, 3, 0, 3, 3
2025-12-28 12:47:13.912666|{rssi-38} 111, -127, -127, -69, -127, -127, -127, 111, 111, 111, 111, 111, 111, 111, 111, 111, 111, 111, 
2025-12-28 12:47:13.922922|{td-38} 0, -2995008, -3003928, -19, 0, 0, 0, 0, 0, 0, 0, 0, 0, 0, 0, 0, 0, 0, 
2025-12-28 12:47:13.928179|{tx-38} :AA-BBB...........
2025-12-28 12:47:14.099363|{rx-39} 1, 0, 2, 3, 40, 131, 0, 0, 0, 0, 2, 3, 0, 3, 3
2025-12-28 12:47:14.103047|{rssi-39} 111, -127, -127, -74, -127, -127, -127, 111, 111, 111, 111, 111, 111, 111, 111, 111, 111, 111, 
2025-12-28 12:47:14.112251|{td-39} 0, -2995008, -3003928, -21, 0, 0, 0, 0, 0, 0, 0, 0, 0, 0, 0, 0, 0, 0, 
2025-12-28 12:47:14.118982|{tx-39} :AA-BBB...........
2025-12-28 12:47:14.289752|{rx-40} 1, 1, 1, 3, 41, 134, 0, 0, 0, 0, 2, 3, 0, 3, 3
2025-12-28 12:47:14.291953|{rssi-40} 111, -127, -86, -72, -127, -127, -127, 111, 111, 111, 111, 111, 111, 111, 111, 111, 111, 111, 
2025-12-28 12:47:14.302741|{td-40} 0, -2995008, -17, -17, 0, 0, 0, 0, 0, 0, 0, 0, 0, 0, 0, 0, 0, 0, 
2025-12-28 12:47:14.308721|{tx-40} :AC-BBB...........
2025-12-28 12:47:14.478391|{rx-41} 1, 0, 2, 3, 42, 137, 0, 0, 0, 0, 2, 3, 0, 3, 3
2025-12-28 12:47:14.482312|{rssi-41} 111, -127, -127, -74, -127, -127, -127, 111, 111, 111, 111, 111, 111, 111, 111, 111, 111, 111, 
2025-12-28 12:47:14.491453|{td-41} 0, -2995008, -3003928, -17, 0, 0, 0, 0, 0, 0, 0, 0, 0, 0, 0, 0, 0, 0, 
2025-12-28 12:47:14.498217|{tx-41} :AA-BBB...........
2025-12-28 12:47:14.667263|{rx-42} 1, 2, 2, 3, 43, 142, 0, 0, 0, 0, 3, 3, 0, 3, 3
2025-12-28 12:47:14.673042|{rssi-42} 111, -127, -85, -98, -65, -127, -127, -127, 111, 111, 111, 111, 111, 111, 111, 111, 111, 111, 
2025-12-28 12:47:14.682266|{td-42} 0, -2995008, -19, -19, -19, 0, 0, 0, 0, 0, 0, 0, 0, 0, 0, 0, 0, 0, 
2025-12-28 12:47:14.688350|{tx-42} :ACP-BBB..........
2025-12-28 12:47:14.858018|{rx-43} 1, 1, 1, 3, 44, 145, 0, 0, 0, 0, 2, 3, 0, 3, 3
2025-12-28 12:47:14.862573|{rssi-43} 111, -127, -90, -68, -127, -127, -127, 111, 111, 111, 111, 111, 111, 111, 111, 111, 111, 111, 
2025-12-28 12:47:14.871324|{td-43} 0, -2986088, -17, -17, 0, 0, 0, 0, 0, 0, 0, 0, 0, 0, 0, 0, 0, 0, 
2025-12-28 12:47:14.877842|{tx-43} :AC-BBB...........
2025-12-28 12:47:15.049064|{rx-44} 1, 1, 3, 3, 45, 150, 0, 0, 0, 0, 4, 4, 0, 3, 3
2025-12-28 12:47:15.053361|{rssi-44} 111, -127, -127, -127, -67, -61, -127, -127, -127, 111, 111, 111, 111, 111, 111, 111, 111, 111, 
2025-12-28 12:47:15.063175|{td-44} 0, -2995008, -3003928, -3012848, -19, -19, 0, 0, 0, 0, 0, 0, 0, 0, 0, 0, 0, 0, 
2025-12-28 12:47:15.071353|{tx-44} :AAAC-BBB.........
2025-12-28 12:47:15.238961|{rx-45} 1, 0, 2, 3, 46, 153, 0, 0, 0, 0, 2, 3, 0, 3, 3
2025-12-28 12:47:15.241734|{rssi-45} 111, -127, -127, -72, -127, -127, -127, 111, 111, 111, 111, 111, 111, 111, 111, 111, 111, 111, 
2025-12-28 12:47:15.251837|{td-45} 0, -2977168, -2986088, -17, 0, 0, 0, 0, 0, 0, 0, 0, 0, 0, 0, 0, 0, 0, 
2025-12-28 12:47:15.258826|{tx-45} :AA-BBB...........
2025-12-28 12:47:15.428463|{rx-46} 1, 0, 2, 3, 47, 156, 0, 0, 0, 0, 2, 3, 0, 3, 3
2025-12-28 12:47:15.431539|{rssi-46} 111, -127, -127, -69, -127, -127, -127, 111, 111, 111, 111, 111, 111, 111, 111, 111, 111, 111, 
2025-12-28 12:47:15.441950|{td-46} 0, -2995008, -3003928, -19, 0, 0, 0, 0, 0, 0, 0, 0, 0, 0, 0, 0, 0, 0, 
2025-12-28 12:47:15.448053|{tx-46} :AA-BBB...........
2025-12-28 12:47:15.618119|{rx-47} 1, 0, 2, 3, 48, 159, 0, 0, 0, 0, 2, 3, 0, 3, 3
2025-12-28 12:47:15.621953|{rssi-47} 111, -127, -127, -74, -127, -127, -127, 111, 111, 111, 111, 111, 111, 111, 111, 111, 111, 111, 
2025-12-28 12:47:15.631613|{td-47} 0, -2995008, -3003928, -17, 0, 0, 0, 0, 0, 0, 0, 0, 0, 0, 0, 0, 0, 0, 
2025-12-28 12:47:15.638494|{tx-47} :AA-BBB...........
2025-12-28 12:47:15.807615|{rx-48} 1, 1, 2, 3, 49, 163, 0, 0, 0, 0, 3, 3, 0, 3, 3
2025-12-28 12:47:15.811559|{rssi-48} 111, -127, -127, -88, -67, -127, -127, -127, 111, 111, 111, 111, 111, 111, 111, 111, 111, 111, 
2025-12-28 12:47:15.821357|{td-48} 0, -2995008, -3003928, -19, -19, 0, 0, 0, 0, 0, 0, 0, 0, 0, 0, 0, 0, 0, 
2025-12-28 12:47:15.828836|{tx-48} :AAC-BBB..........
2025-12-28 12:47:15.998686|{rx-49} 1, 1, 1, 3, 50, 166, 0, 0, 0, 0, 2, 3, 0, 3, 3
2025-12-28 12:47:16.001887|{rssi-49} 111, -127, -85, -63, -127, -127, -127, 111, 111, 111, 111, 111, 111, 111, 111, 111, 111, 111, 
2025-12-28 12:47:16.010530|{td-49} 0, -2986088, -17, -17, 0, 0, 0, 0, 0, 0, 0, 0, 0, 0, 0, 0, 0, 0, 
2025-12-28 12:47:16.016845|{tx-49} :AC-BBB...........
2025-12-28 12:47:16.188221|{rx-50} 1, 1, 1, 3, 51, 169, 0, 0, 0, 0, 2, 3, 0, 3, 3
2025-12-28 12:47:16.193834|{rssi-50} 111, -127, -86, -72, -127, -127, -127, 111, 111, 111, 111, 111, 111, 111, 111, 111, 111, 111, 
2025-12-28 12:47:16.201481|{td-50} 0, -2995008, -19, -17, 0, 0, 0, 0, 0, 0, 0, 0, 0, 0, 0, 0, 0, 0, 
2025-12-28 12:47:16.206610|{tx-50} :AC-BBB...........
2025-12-28 12:47:16.379502|{rx-51} 1, 3, 2, 3, 52, 175, 0, 0, 0, 0, 5, 4, 0, 3, 3
2025-12-28 12:47:16.384264|{rssi-51} 111, -127, -127, -86, -72, -66, -62, -127, -127, -127, 111, 111, 111, 111, 111, 111, 111, 111, 
2025-12-28 12:47:16.392647|{td-51} 0, -2995008, -3003928, -21, -19, -21, -21, 0, 0, 0, 0, 0, 0, 0, 0, 0, 0, 0, 
2025-12-28 12:47:16.401110|{tx-51} :AACCC-BBB........
2025-12-28 12:47:16.569194|{rx-52} 1, 4, 1, 3, 53, 181, 0, 0, 0, 0, 5, 4, 0, 3, 3
2025-12-28 12:47:16.573531|{rssi-52} 111, -127, -87, -69, -63, -63, -65, -127, -127, -127, 111, 111, 111, 111, 111, 111, 111, 111, 
2025-12-28 12:47:16.582869|{td-52} 0, -2968248, -15, -15, -15, -15, -15, 0, 0, 0, 0, 0, 0, 0, 0, 0, 0, 0, 
2025-12-28 12:47:16.588950|{tx-52} :ACCCC-BBB........
2025-12-28 12:47:16.756681|{rx-53} 1, 1, 1, 3, 54, 184, 0, 0, 0, 0, 2, 3, 0, 3, 3
2025-12-28 12:47:16.761485|{rssi-53} 111, -127, -83, -67, -127, -127, -127, 111, 111, 111, 111, 111, 111, 111, 111, 111, 111, 111, 
2025-12-28 12:47:16.770629|{td-53} 0, -2968248, -19, -21, 0, 0, 0, 0, 0, 0, 0, 0, 0, 0, 0, 0, 0, 0, 
2025-12-28 12:47:16.778487|{tx-53} :AC-BBB...........
2025-12-28 12:47:16.947891|{rx-54} 1, 2, 1, 3, 55, 188, 0, 0, 0, 0, 3, 3, 0, 3, 3
2025-12-28 12:47:16.952026|{rssi-54} 111, -127, -88, -88, -74, -127, -127, -127, 111, 111, 111, 111, 111, 111, 111, 111, 111, 111, 
2025-12-28 12:47:16.962243|{td-54} 0, -2995008, -15, -15, -15, 0, 0, 0, 0, 0, 0, 0, 0, 0, 0, 0, 0, 0, 
2025-12-28 12:47:16.967736|{tx-54} :ACC-BBB..........
2025-12-28 12:47:17.138625|{rx-55} 1, 2, 1, 3, 56, 192, 0, 0, 0, 0, 3, 3, 0, 3, 3
2025-12-28 12:47:17.142534|{rssi-55} 111, -127, -84, -85, -74, -127, -127, -127, 111, 111, 111, 111, 111, 111, 111, 111, 111, 111, 
2025-12-28 12:47:17.151936|{td-55} 0, -2986088, -19, -19, -17, 0, 0, 0, 0, 0, 0, 0, 0, 0, 0, 0, 0, 0, 
2025-12-28 12:47:17.157954|{tx-55} :ACC-BBB..........
2025-12-28 12:47:17.326869|{rx-56} 1, 0, 2, 3, 57, 195, 0, 0, 0, 0, 2, 3, 0, 3, 3
2025-12-28 12:47:17.331385|{rssi-56} 111, -127, -127, -74, -127, -127, -127, 111, 111, 111, 111, 111, 111, 111, 111, 111, 111, 111, 
2025-12-28 12:47:17.341358|{td-56} 0, -2986088, -2995008, -19, 0, 0, 0, 0, 0, 0, 0, 0, 0, 0, 0, 0, 0, 0, 
2025-12-28 12:47:17.348726|{tx-56} :AA-BBB...........
2025-12-28 12:47:17.517163|{rx-57} 1, 0, 2, 3, 58, 198, 0, 0, 0, 0, 2, 3, 0, 3, 3
2025-12-28 12:47:17.522520|{rssi-57} 111, -127, -127, -68, -127, -127, -127, 111, 111, 111, 111, 111, 111, 111, 111, 111, 111, 111, 
2025-12-28 12:47:17.531678|{td-57} 0, -2995008, -3003928, -17, 0, 0, 0, 0, 0, 0, 0, 0, 0, 0, 0, 0, 0, 0, 
2025-12-28 12:47:17.538652|{tx-57} :AA-BBB...........
2025-12-28 12:47:17.706984|{rx-58} 1, 1, 2, 3, 59, 202, 0, 0, 0, 0, 3, 4, 0, 3, 3
2025-12-28 12:47:17.712502|{rssi-58} 111, -127, -127, -71, -61, -127, -127, -127, 111, 111, 111, 111, 111, 111, 111, 111, 111, 111, 
2025-12-28 12:47:17.721869|{td-58} 0, -2995008, -3003928, -15, -19, 0, 0, 0, 0, 0, 0, 0, 0, 0, 0, 0, 0, 0, 
2025-12-28 12:47:17.728236|{tx-58} :AAC-BBB..........
2025-12-28 12:47:17.896791|{rx-59} 1, 0, 2, 3, 60, 205, 0, 0, 0, 0, 2, 3, 0, 3, 3
2025-12-28 12:47:17.902043|{rssi-59} 111, -127, -127, -65, -127, -127, -127, 111, 111, 111, 111, 111, 111, 111, 111, 111, 111, 111, 
2025-12-28 12:47:17.911136|{td-59} 0, -2986088, -2995008, -17, 0, 0, 0, 0, 0, 0, 0, 0, 0, 0, 0, 0, 0, 0, 
2025-12-28 12:47:17.918506|{tx-59} :AA-BBB...........
2025-12-28 12:47:18.086597|{rx-60} 1, 1, 1, 3, 61, 208, 0, 0, 0, 0, 2, 3, 0, 3, 3
2025-12-28 12:47:18.091963|{rssi-60} 111, -127, -85, -73, -127, -127, -127, 111, 111, 111, 111, 111, 111, 111, 111, 111, 111, 111, 
2025-12-28 12:47:18.101296|{td-60} 0, -2995008, -17, -19, 0, 0, 0, 0, 0, 0, 0, 0, 0, 0, 0, 0, 0, 0, 
2025-12-28 12:47:18.106739|{tx-60} :AC-BBB...........
2025-12-28 12:47:18.278569|{rx-61} 1, 1, 1, 3, 62, 211, 0, 0, 0, 0, 2, 3, 0, 3, 3
2025-12-28 12:47:18.282299|{rssi-61} 111, -127, -85, -74, -127, -127, -127, 111, 111, 111, 111, 111, 111, 111, 111, 111, 111, 111, 
2025-12-28 12:47:18.291020|{td-61} 0, -2995008, -17, -15, 0, 0, 0, 0, 0, 0, 0, 0, 0, 0, 0, 0, 0, 0, 
2025-12-28 12:47:18.298105|{tx-61} :AC-BBB...........
2025-12-28 12:47:18.466769|{rx-62} 1, 1, 1, 3, 63, 214, 0, 0, 0, 0, 2, 3, 0, 3, 3
2025-12-28 12:47:18.471829|{rssi-62} 111, -127, -85, -74, -127, -127, -127, 111, 111, 111, 111, 111, 111, 111, 111, 111, 111, 111, 
2025-12-28 12:47:18.481122|{td-62} 0, -2995008, -21, -19, 0, 0, 0, 0, 0, 0, 0, 0, 0, 0, 0, 0, 0, 0, 
2025-12-28 12:47:18.486608|{tx-62} :AC-BBB...........
2025-12-28 12:47:18.657683|{rx-63} 1, 0, 2, 3, 64, 217, 0, 0, 0, 0, 2, 3, 0, 3, 3
2025-12-28 12:47:18.661619|{rssi-63} 111, -127, -127, -66, -127, -127, -127, 111, 111, 111, 111, 111, 111, 111, 111, 111, 111, 111, 
2025-12-28 12:47:18.671421|{td-63} 0, -2995008, -3003928, -19, 0, 0, 0, 0, 0, 0, 0, 0, 0, 0, 0, 0, 0, 0, 
2025-12-28 12:47:18.678244|{tx-63} :AA-BBB...........
2025-12-28 12:47:18.846430|{rx-64} 1, 1, 1, 3, 65, 220, 0, 0, 0, 0, 2, 3, 0, 3, 3
2025-12-28 12:47:18.851531|{rssi-64} 111, -127, -85, -74, -127, -127, -127, 111, 111, 111, 111, 111, 111, 111, 111, 111, 111, 111, 
2025-12-28 12:47:18.861010|{td-64} 0, -2995008, -17, -19, 0, 0, 0, 0, 0, 0, 0, 0, 0, 0, 0, 0, 0, 0, 
2025-12-28 12:47:18.866913|{tx-64} :AC-BBB...........
2025-12-28 12:47:19.036718|{rx-65} 1, 0, 2, 3, 66, 223, 0, 0, 0, 0, 2, 3, 0, 3, 3
2025-12-28 12:47:19.041746|{rssi-65} 111, -127, -127, -65, -127, -127, -127, 111, 111, 111, 111, 111, 111, 111, 111, 111, 111, 111, 
2025-12-28 12:47:19.050452|{td-65} 0, -2995008, -3003928, -19, 0, 0, 0, 0, 0, 0, 0, 0, 0, 0, 0, 0, 0, 0, 
2025-12-28 12:47:19.057743|{tx-65} :AA-BBB...........
2025-12-28 12:47:19.228702|{rx-66} 1, 1, 4, 3, 67, 229, 0, 0, 0, 0, 4, 3, 0, 3, 3
2025-12-28 12:47:19.231652|{rssi-66} 111, -127, -92, -92, -92, -65, -127, -127, -127, 111, 111, 111, 111, 111, 111, 111, 111, 111, 
2025-12-28 12:47:19.242086|{td-66} 0, -2995008, -17, -8937, -17857, -17, 0, 0, 0, 0, 0, 0, 0, 0, 0, 0, 0, 0, 
2025-12-28 12:47:19.248999|{tx-66} :APAA-BBB.........
2025-12-28 12:47:19.416769|{rx-67} 1, 1, 1, 3, 68, 232, 0, 0, 0, 0, 2, 3, 0, 3, 3
2025-12-28 12:47:19.421381|{rssi-67} 111, -127, -87, -73, -127, -127, -127, 111, 111, 111, 111, 111, 111, 111, 111, 111, 111, 111, 
2025-12-28 12:47:19.431713|{td-67} 0, -2977168, -17, -19, 0, 0, 0, 0, 0, 0, 0, 0, 0, 0, 0, 0, 0, 0, 
2025-12-28 12:47:19.438481|{tx-67} :AC-BBB...........
2025-12-28 12:47:19.607006|{rx-68} 1, 1, 1, 3, 69, 235, 0, 0, 0, 0, 2, 3, 0, 3, 3
2025-12-28 12:47:19.611402|{rssi-68} 111, -127, -88, -68, -127, -127, -127, 111, 111, 111, 111, 111, 111, 111, 111, 111, 111, 111, 
2025-12-28 12:47:19.620862|{td-68} 0, -2995008, -15, -17, 0, 0, 0, 0, 0, 0, 0, 0, 0, 0, 0, 0, 0, 0, 
2025-12-28 12:47:19.626410|{tx-68} :AC-BBB...........
2025-12-28 12:47:19.797232|{rx-69} 1, 0, 3, 3, 70, 239, 0, 0, 0, 0, 3, 3, 0, 3, 3
2025-12-28 12:47:19.802028|{rssi-69} 111, -127, -127, -127, -73, -127, -127, -127, 111, 111, 111, 111, 111, 111, 111, 111, 111, 111, 
2025-12-28 12:47:19.811237|{td-69} 0, -2995008, -3003928, -3012848, -15, 0, 0, 0, 0, 0, 0, 0, 0, 0, 0, 0, 0, 0, 
2025-12-28 12:47:19.818243|{tx-69} :AAA-BBB..........
2025-12-28 12:47:19.986489|{rx-70} 1, 1, 1, 3, 71, 242, 0, 0, 0, 0, 2, 3, 0, 3, 3
2025-12-28 12:47:19.991500|{rssi-70} 111, -127, -92, -68, -127, -127, -127, 111, 111, 111, 111, 111, 111, 111, 111, 111, 111, 111, 
2025-12-28 12:47:19.000993|{td-70} 0, -2986088, -23, -19, 0, 0, 0, 0, 0, 0, 0, 0, 0, 0, 0, 0, 0, 0, 
2025-12-28 12:47:20.006275|{tx-70} :AC-BBB...........
2025-12-28 12:47:20.177293|{rx-71} 1, 1, 1, 3, 72, 245, 0, 0, 0, 0, 2, 3, 0, 3, 3
2025-12-28 12:47:20.182826|{rssi-71} 111, -127, -82, -70, -127, -127, -127, 111, 111, 111, 111, 111, 111, 111, 111, 111, 111, 111, 
2025-12-28 12:47:20.190891|{td-71} 0, -2995008, -19, -17, 0, 0, 0, 0, 0, 0, 0, 0, 0, 0, 0, 0, 0, 0, 
2025-12-28 12:47:20.196133|{tx-71} :AC-BBB...........
2025-12-28 12:47:20.366480|{rx-72} 1, 1, 1, 3, 73, 248, 0, 0, 0, 0, 2, 3, 0, 3, 3
2025-12-28 12:47:20.371697|{rssi-72} 111, -127, -84, -75, -127, -127, -127, 111, 111, 111, 111, 111, 111, 111, 111, 111, 111, 111, 
2025-12-28 12:47:20.380591|{td-72} 0, -2995008, -21, -19, 0, 0, 0, 0, 0, 0, 0, 0, 0, 0, 0, 0, 0, 0, 
2025-12-28 12:47:20.386714|{tx-72} :AC-BBB...........
2025-12-28 12:47:20.556996|{rx-73} 1, 0, 2, 3, 74, 251, 0, 0, 0, 0, 2, 3, 0, 3, 3
2025-12-28 12:47:20.561494|{rssi-73} 111, -127, -127, -74, -127, -127, -127, 111, 111, 111, 111, 111, 111, 111, 111, 111, 111, 111, 
2025-12-28 12:47:20.570910|{td-73} 0, -2995008, -3003928, -17, 0, 0, 0, 0, 0, 0, 0, 0, 0, 0, 0, 0, 0, 0, 
2025-12-28 12:47:20.578302|{tx-73} :AA-BBB...........
2025-12-28 12:47:20.746867|{rx-74} 1, 0, 2, 3, 75, 254, 0, 0, 0, 0, 2, 3, 0, 3, 3
2025-12-28 12:47:20.751049|{rssi-74} 111, -127, -127, -77, -127, -127, -127, 111, 111, 111, 111, 111, 111, 111, 111, 111, 111, 111, 
2025-12-28 12:47:20.760628|{td-74} 0, -2995008, -3003928, -19, 0, 0, 0, 0, 0, 0, 0, 0, 0, 0, 0, 0, 0, 0, 
2025-12-28 12:47:20.768197|{tx-74} :AA-BBB...........
2025-12-28 12:47:20.936722|{rx-75} 1, 0, 2, 3, 76, 257, 0, 0, 0, 0, 2, 3, 0, 3, 3
2025-12-28 12:47:20.941379|{rssi-75} 111, -127, -127, -64, -127, -127, -127, 111, 111, 111, 111, 111, 111, 111, 111, 111, 111, 111, 
2025-12-28 12:47:20.950938|{td-75} 0, -2995008, -3003928, -19, 0, 0, 0, 0, 0, 0, 0, 0, 0, 0, 0, 0, 0, 0, 
2025-12-28 12:47:20.958050|{tx-75} :AA-BBB...........
2025-12-28 12:47:21.127058|{rx-76} 1, 1, 1, 3, 77, 260, 0, 0, 0, 0, 2, 3, 0, 3, 3
2025-12-28 12:47:21.131337|{rssi-76} 111, -127, -91, -64, -127, -127, -127, 111, 111, 111, 111, 111, 111, 111, 111, 111, 111, 111, 
2025-12-28 12:47:21.140605|{td-76} 0, -2995008, -15, -15, 0, 0, 0, 0, 0, 0, 0, 0, 0, 0, 0, 0, 0, 0, 
2025-12-28 12:47:21.147206|{tx-76} :AC-BBB...........
2025-12-28 12:47:21.316693|{rx-77} 1, 2, 1, 3, 78, 264, 0, 0, 0, 0, 3, 4, 0, 3, 3
2025-12-28 12:47:21.323686|{rssi-77} 111, -127, -92, -74, -61, -127, -127, -127, 111, 111, 111, 111, 111, 111, 111, 111, 111, 111, 
2025-12-28 12:47:21.330833|{td-77} 0, -2995008, -19, -15, -19, 0, 0, 0, 0, 0, 0, 0, 0, 0, 0, 0, 0, 0, 
2025-12-28 12:47:21.338530|{tx-77} :ACC-BBB..........
2025-12-28 12:47:21.506592|{rx-78} 1, 0, 2, 3, 79, 267, 0, 0, 0, 0, 2, 3, 0, 3, 3
2025-12-28 12:47:21.510931|{rssi-78} 111, -127, -127, -73, -127, -127, -127, 111, 111, 111, 111, 111, 111, 111, 111, 111, 111, 111, 
2025-12-28 12:47:21.520288|{td-78} 0, -2986088, -2995008, -19, 0, 0, 0, 0, 0, 0, 0, 0, 0, 0, 0, 0, 0, 0, 
2025-12-28 12:47:21.527938|{tx-78} :AA-BBB...........
2025-12-28 12:47:21.698680|{rx-79} 1, 0, 5, 3, 80, 273, 0, 0, 0, 0, 5, 4, 0, 3, 3
2025-12-28 12:47:21.702866|{rssi-79} 111, -127, -127, -127, -127, -127, -74, -127, -127, -127, 111, 111, 111, 111, 111, 111, 111, 111, 
2025-12-28 12:47:21.711799|{td-79} 0, -2995008, -3003928, -3012848, -3021768, -3030688, -17, 0, 0, 0, 0, 0, 0, 0, 0, 0, 0, 0, 
2025-12-28 12:47:21.721490|{tx-79} :AAAAA-BBB........
2025-12-28 12:47:21.885887|{rx-80} 1, 0, 2, 3, 81, 276, 0, 0, 0, 0, 2, 3, 0, 3, 3
2025-12-28 12:47:21.890456|{rssi-80} 111, -127, -127, -72, -127, -127, -127, 111, 111, 111, 111, 111, 111, 111, 111, 111, 111, 111, 
2025-12-28 12:47:21.899954|{td-80} 0, -2968248, -2977168, -15, 0, 0, 0, 0, 0, 0, 0, 0, 0, 0, 0, 0, 0, 0, 
2025-12-28 12:47:21.906393|{tx-80} :AA-BBB...........
2025-12-28 12:47:22.077938|{rx-81} 1, 0, 3, 3, 82, 280, 0, 0, 0, 0, 3, 3, 0, 3, 3
2025-12-28 12:47:22.082157|{rssi-81} 111, -127, -127, -127, -71, -127, -127, -127, 111, 111, 111, 111, 111, 111, 111, 111, 111, 111, 
2025-12-28 12:47:22.091892|{td-81} 0, -2995008, -3003928, -3012848, -21, 0, 0, 0, 0, 0, 0, 0, 0, 0, 0, 0, 0, 0, 
2025-12-28 12:47:22.097716|{tx-81} :AAA-BBB..........
2025-12-28 12:47:22.265935|{rx-82} 1, 1, 1, 3, 83, 283, 0, 0, 0, 0, 2, 3, 0, 3, 3
2025-12-28 12:47:22.270567|{rssi-82} 111, -127, -83, -67, -127, -127, -127, 111, 111, 111, 111, 111, 111, 111, 111, 111, 111, 111, 
2025-12-28 12:47:22.280119|{td-82} 0, -2986088, -19, -19, 0, 0, 0, 0, 0, 0, 0, 0, 0, 0, 0, 0, 0, 0, 
2025-12-28 12:47:22.286843|{tx-82} :AC-BBB...........
2025-12-28 12:47:22.455815|{rx-83} 1, 1, 1, 3, 84, 286, 0, 0, 0, 0, 2, 3, 0, 3, 3
2025-12-28 12:47:22.460822|{rssi-83} 111, -127, -91, -79, -127, -127, -127, 111, 111, 111, 111, 111, 111, 111, 111, 111, 111, 111, 
2025-12-28 12:47:22.470385|{td-83} 0, -2995008, -19, -15, 0, 0, 0, 0, 0, 0, 0, 0, 0, 0, 0, 0, 0, 0, 
2025-12-28 12:47:22.475971|{tx-83} :AC-BBB...........
2025-12-28 12:47:22.646306|{rx-84} 1, 0, 2, 3, 85, 289, 0, 0, 0, 0, 2, 3, 0, 3, 3
2025-12-28 12:47:22.651251|{rssi-84} 111, -127, -127, -62, -127, -127, -127, 111, 111, 111, 111, 111, 111, 111, 111, 111, 111, 111, 
2025-12-28 12:47:22.660696|{td-84} 0, -2995008, -3003928, -21, 0, 0, 0, 0, 0, 0, 0, 0, 0, 0, 0, 0, 0, 0, 
2025-12-28 12:47:22.666859|{tx-84} :AA-BBB...........
2025-12-28 12:47:22.836644|{rx-85} 1, 2, 3, 3, 86, 295, 0, 0, 0, 0, 4, 3, 0, 3, 3
2025-12-28 12:47:22.841395|{rssi-85} 111, -127, -92, -75, -75, -74, -127, -127, -127, 111, 111, 111, 111, 111, 111, 111, 111, 111, 
2025-12-28 12:47:22.851401|{td-85} 0, -2995008, -17, -17, -8937, -17, 0, 0, 0, 0, 0, 0, 0, 0, 0, 0, 0, 0, 
2025-12-28 12:47:22.858689|{tx-85} :APCA-BBB.........
2025-12-28 12:47:23.026907|{rx-86} 1, 3, 2, 3, 87, 301, 0, 0, 0, 0, 4, 3, 0, 3, 3
2025-12-28 12:47:23.031850|{rssi-86} 111, -127, -86, -88, -90, -73, -127, -127, -127, 111, 111, 111, 111, 111, 111, 111, 111, 111, 
2025-12-28 12:47:23.041310|{td-86} 0, -2977168, -10, -17, -15, -15, 0, 0, 0, 0, 0, 0, 0, 0, 0, 0, 0, 0, 
2025-12-28 12:47:23.048647|{tx-86} :ACCP-BBB.........
2025-12-28 12:47:23.216471|{rx-87} 1, 1, 1, 3, 88, 304, 0, 0, 0, 0, 2, 3, 0, 3, 3
2025-12-28 12:47:23.220882|{rssi-87} 111, -127, -84, -74, -127, -127, -127, 111, 111, 111, 111, 111, 111, 111, 111, 111, 111, 111, 
2025-12-28 12:47:23.230200|{td-87} 0, -2977168, -21, -21, 0, 0, 0, 0, 0, 0, 0, 0, 0, 0, 0, 0, 0, 0, 
2025-12-28 12:47:23.235873|{tx-87} :AC-BBB...........
2025-12-28 12:47:23.406805|{rx-88} 1, 0, 3, 3, 89, 308, 0, 0, 0, 0, 3, 3, 0, 3, 3
2025-12-28 12:47:23.411674|{rssi-88} 111, -127, -127, -127, -75, -127, -127, -127, 111, 111, 111, 111, 111, 111, 111, 111, 111, 111, 
2025-12-28 12:47:23.420873|{td-88} 0, -2995008, -3003928, -3012848, -19, 0, 0, 0, 0, 0, 0, 0, 0, 0, 0, 0, 0, 0, 
2025-12-28 12:47:23.427970|{tx-88} :AAA-BBB..........
2025-12-28 12:47:23.595220|{rx-89} 1, 0, 2, 3, 90, 311, 0, 0, 0, 0, 2, 3, 0, 3, 3
2025-12-28 12:47:23.600897|{rssi-89} 111, -127, -127, -72, -127, -127, -127, 111, 111, 111, 111, 111, 111, 111, 111, 111, 111, 111, 
2025-12-28 12:47:23.610458|{td-89} 0, -2986088, -2995008, -17, 0, 0, 0, 0, 0, 0, 0, 0, 0, 0, 0, 0, 0, 0, 
2025-12-28 12:47:23.616500|{tx-89} :AA-BBB...........
2025-12-28 12:47:23.786006|{rx-90} 1, 1, 1, 3, 91, 314, 0, 0, 0, 0, 2, 3, 0, 3, 3
2025-12-28 12:47:23.790782|{rssi-90} 111, -127, -85, -74, -127, -127, -127, 111, 111, 111, 111, 111, 111, 111, 111, 111, 111, 111, 
2025-12-28 12:47:23.800460|{td-90} 0, -2995008, -17, -17, 0, 0, 0, 0, 0, 0, 0, 0, 0, 0, 0, 0, 0, 0, 
2025-12-28 12:47:23.806069|{tx-90} :AC-BBB...........
2025-12-28 12:47:23.976954|{rx-91} 1, 1, 2, 3, 92, 318, 0, 0, 0, 0, 3, 4, 0, 3, 3
2025-12-28 12:47:23.981880|{rssi-91} 111, -127, -127, -74, -67, -127, -127, -127, 111, 111, 111, 111, 111, 111, 111, 111, 111, 111, 
2025-12-28 12:47:23.990896|{td-91} 0, -2995008, -3003928, -15, -19, 0, 0, 0, 0, 0, 0, 0, 0, 0, 0, 0, 0, 0, 
2025-12-28 12:47:23.998327|{tx-91} :AAC-BBB..........
2025-12-28 12:47:24.167851|{rx-92} 1, 3, 2, 3, 93, 324, 0, 0, 0, 0, 5, 4, 0, 3, 3
2025-12-28 12:47:24.171469|{rssi-92} 111, -127, -83, -68, -64, -64, -65, -127, -127, -127, 111, 111, 111, 111, 111, 111, 111, 111, 
2025-12-28 12:47:24.181835|{td-92} 0, -2986088, -17, -17, -17, -8937, -19, 0, 0, 0, 0, 0, 0, 0, 0, 0, 0, 0, 
2025-12-28 12:47:24.188354|{tx-92} :ACCCA-BBB........
2025-12-28 12:47:24.355814|{rx-93} 1, 1, 1, 3, 94, 327, 0, 0, 0, 0, 2, 3, 0, 3, 3
2025-12-28 12:47:24.359573|{rssi-93} 111, -127, -84, -72, -127, -127, -127, 111, 111, 111, 111, 111, 111, 111, 111, 111, 111, 111, 
2025-12-28 12:47:24.369036|{td-93} 0, -2968248, -15, -15, 0, 0, 0, 0, 0, 0, 0, 0, 0, 0, 0, 0, 0, 0, 
2025-12-28 12:47:24.376530|{tx-93} :AC-BBB...........
2025-12-28 12:47:24.545367|{rx-94} 1, 2, 1, 3, 95, 331, 0, 0, 0, 0, 3, 4, 0, 3, 3
2025-12-28 12:47:24.551157|{rssi-94} 111, -127, -87, -79, -67, -127, -127, -127, 111, 111, 111, 111, 111, 111, 111, 111, 111, 111, 
2025-12-28 12:47:24.560768|{td-94} 0, -2995008, -17, -21, -19, 0, 0, 0, 0, 0, 0, 0, 0, 0, 0, 0, 0, 0, 
2025-12-28 12:47:24.566508|{tx-94} :ACC-BBB..........
2025-12-28 12:47:24.735942|{rx-95} 1, 2, 1, 3, 96, 335, 0, 0, 0, 0, 3, 3, 0, 3, 3
2025-12-28 12:47:24.742179|{rssi-95} 111, -127, -84, -89, -75, -127, -127, -127, 111, 111, 111, 111, 111, 111, 111, 111, 111, 111, 
2025-12-28 12:47:24.750611|{td-95} 0, -2986088, -19, -19, -19, 0, 0, 0, 0, 0, 0, 0, 0, 0, 0, 0, 0, 0, 
2025-12-28 12:47:24.757292|{tx-95} :ACC-BBB..........
2025-12-28 12:47:24.925875|{rx-96} 1, 1, 1, 3, 97, 338, 0, 0, 0, 0, 2, 3, 0, 3, 3
2025-12-28 12:47:24.930951|{rssi-96} 111, -127, -84, -74, -127, -127, -127, 111, 111, 111, 111, 111, 111, 111, 111, 111, 111, 111, 
2025-12-28 12:47:24.940027|{td-96} 0, -2986088, -17, -15, 0, 0, 0, 0, 0, 0, 0, 0, 0, 0, 0, 0, 0, 0, 
2025-12-28 12:47:24.946422|{tx-96} :AC-BBB...........
2025-12-28 12:47:25.116403|{rx-97} 1, 2, 2, 3, 98, 343, 0, 0, 0, 0, 3, 4, 0, 3, 3
2025-12-28 12:47:25.120925|{rssi-97} 111, -127, -93, -72, -63, -127, -127, -127, 111, 111, 111, 111, 111, 111, 111, 111, 111, 111, 
2025-12-28 12:47:25.130342|{td-97} 0, -2995008, -19, -19, -19, 0, 0, 0, 0, 0, 0, 0, 0, 0, 0, 0, 0, 0, 
2025-12-28 12:47:25.136847|{tx-97} :APC-BBB..........
2025-12-28 12:47:25.328611|{rx-98} 1, 0, 2, 3, 99, 346, 0, 0, 0, 0, 2, 3, 0, 3, 3
2025-12-28 12:47:25.332027|{rssi-98} 111, -127, -127, -74, -127, -127, -127, 111, 111, 111, 111, 111, 111, 111, 111, 111, 111, 111, 
2025-12-28 12:47:25.335780|{td-98} 0, -2986088, -2995008, -21, 0, 0, 0, 0, 0, 0, 0, 0, 0, 0, 0, 0, 0, 0, 
2025-12-28 12:47:25.337577|{tx-98} :AA-BBB...........
2025-12-28 12:47:25.495720|{rx-99} 1, 1, 2, 3, 100, 350, 0, 0, 0, 0, 3, 3, 0, 3, 3
2025-12-28 12:47:25.501267|{rssi-99} 111, -127, -92, -92, -76, -127, -127, -127, 111, 111, 111, 111, 111, 111, 111, 111, 111, 111, 
2025-12-28 12:47:25.510247|{td-99} 0, -2995008, -17, -8937, -15, 0, 0, 0, 0, 0, 0, 0, 0, 0, 0, 0, 0, 0, 
2025-12-28 12:47:25.517771|{tx-99} :ACA-BBB..........
2025-12-28 12:47:25.685478|{rx-100} 1, 0, 3, 3, 101, 354, 0, 0, 0, 0, 3, 3, 0, 3, 3
2025-12-28 12:47:25.692098|{rssi-100} 111, -127, -127, -127, -75, -127, -127, -127, 111, 111, 111, 111, 111, 111, 111, 111, 111, 111, 
2025-12-28 12:47:25.700799|{td-100} 0, -2986088, -2995008, -3003928, -19, 0, 0, 0, 0, 0, 0, 0, 0, 0, 0, 0, 0, 0, 
2025-12-28 12:47:25.708597|{tx-100} :AAA-BBB..........
2025-12-28 12:47:25.877902|{rx-101} 1, 0, 2, 3, 102, 357, 0, 0, 0, 0, 2, 3, 0, 3, 3
2025-12-28 12:47:25.881361|{rssi-101} 111, -127, -127, -73, -127, -127, -127, 111, 111, 111, 111, 111, 111, 111, 111, 111, 111, 111, 
2025-12-28 12:47:25.890510|{td-101} 0, -2986088, -2995008, -19, 0, 0, 0, 0, 0, 0, 0, 0, 0, 0, 0, 0, 0, 0, 
2025-12-28 12:47:25.895873|{tx-101} :AA-BBB...........
2025-12-28 12:47:26.065691|{rx-102} 1, 0, 2, 3, 103, 360, 0, 0, 0, 0, 2, 3, 0, 3, 3
2025-12-28 12:47:26.069967|{rssi-102} 111, -127, -127, -75, -127, -127, -127, 111, 111, 111, 111, 111, 111, 111, 111, 111, 111, 111, 
2025-12-28 12:47:26.079217|{td-102} 0, -2995008, -3003928, -17, 0, 0, 0, 0, 0, 0, 0, 0, 0, 0, 0, 0, 0, 0, 
2025-12-28 12:47:26.085886|{tx-102} :AA-BBB...........
2025-12-28 12:47:26.256101|{rx-103} 1, 0, 2, 3, 104, 363, 0, 0, 0, 0, 2, 3, 0, 3, 3
2025-12-28 12:47:26.283517|{rssi-103} 111, -127, -127, -73, -127, -127, -127, 111, 111, 111, 111, 111, 111, 111, 111, 111, 111, 111, 
2025-12-28 12:47:26.285717|{td-103} 0, -2995008, -3003928, -17, 0, 0, 0, 0, 0, 0, 0, 0, 0, 0, 0, 0, 0, 0, 
2025-12-28 12:47:26.287087|{tx-103} :AA-BBB...........
2025-12-28 12:47:26.445843|{rx-104} 1, 1, 1, 3, 105, 366, 0, 0, 0, 0, 2, 3, 0, 3, 3
2025-12-28 12:47:26.454744|{rssi-104} 111, -127, -88, -67, -127, -127, -127, 111, 111, 111, 111, 111, 111, 111, 111, 111, 111, 111, 
2025-12-28 12:47:26.459717|{td-104} 0, -2995008, -10, -17, 0, 0, 0, 0, 0, 0, 0, 0, 0, 0, 0, 0, 0, 0, 
2025-12-28 12:47:26.466633|{tx-104} :AC-BBB...........
2025-12-28 12:47:26.635784|{rx-105} 1, 1, 1, 3, 106, 369, 0, 0, 0, 0, 2, 3, 0, 3, 3
2025-12-28 12:47:26.640479|{rssi-105} 111, -127, -95, -74, -127, -127, -127, 111, 111, 111, 111, 111, 111, 111, 111, 111, 111, 111, 
2025-12-28 12:47:26.649727|{td-105} 0, -2995008, -19, -19, 0, 0, 0, 0, 0, 0, 0, 0, 0, 0, 0, 0, 0, 0, 
2025-12-28 12:47:26.655213|{tx-105} :AC-BBB...........
2025-12-28 12:47:26.824983|{rx-106} 1, 1, 1, 3, 107, 372, 0, 0, 0, 0, 2, 3, 0, 3, 3
2025-12-28 12:47:26.830263|{rssi-106} 111, -127, -86, -79, -127, -127, -127, 111, 111, 111, 111, 111, 111, 111, 111, 111, 111, 111, 
2025-12-28 12:47:26.839198|{td-106} 0, -2995008, -17, -17, 0, 0, 0, 0, 0, 0, 0, 0, 0, 0, 0, 0, 0, 0, 
2025-12-28 12:47:26.846646|{tx-106} :AC-BBB...........
2025-12-28 12:47:27.014477|{rx-107} 1, 1, 1, 3, 108, 375, 0, 0, 0, 0, 2, 3, 0, 3, 3
2025-12-28 12:47:27.020150|{rssi-107} 111, -127, -86, -73, -127, -127, -127, 111, 111, 111, 111, 111, 111, 111, 111, 111, 111, 111, 
2025-12-28 12:47:27.029422|{td-107} 0, -2995008, -17, -17, 0, 0, 0, 0, 0, 0, 0, 0, 0, 0, 0, 0, 0, 0, 
2025-12-28 12:47:27.035997|{tx-107} :AC-BBB...........
2025-12-28 12:47:27.206634|{rx-108} 1, 1, 1, 3, 109, 378, 0, 0, 0, 0, 2, 3, 0, 3, 3
2025-12-28 12:47:27.209794|{rssi-108} 111, -127, -85, -75, -127, -127, -127, 111, 111, 111, 111, 111, 111, 111, 111, 111, 111, 111, 
2025-12-28 12:47:27.219900|{td-108} 0, -2995008, -19, -19, 0, 0, 0, 0, 0, 0, 0, 0, 0, 0, 0, 0, 0, 0, 
2025-12-28 12:47:27.225916|{tx-108} :AC-BBB...........
2025-12-28 12:47:27.395789|{rx-109} 1, 2, 1, 3, 110, 382, 0, 0, 0, 0, 3, 4, 0, 3, 3
2025-12-28 12:47:27.400825|{rssi-109} 111, -127, -87, -69, -64, -127, -127, -127, 111, 111, 111, 111, 111, 111, 111, 111, 111, 111, 
2025-12-28 12:47:27.410485|{td-109} 0, -2995008, -19, -17, -19, 0, 0, 0, 0, 0, 0, 0, 0, 0, 0, 0, 0, 0, 
2025-12-28 12:47:27.416964|{tx-109} :ACC-BBB..........
2025-12-28 12:47:27.585790|{rx-110} 1, 1, 2, 3, 111, 386, 0, 0, 0, 0, 3, 3, 0, 3, 3
2025-12-28 12:47:27.590505|{rssi-110} 111, -127, -127, -86, -74, -127, -127, -127, 111, 111, 111, 111, 111, 111, 111, 111, 111, 111, 
2025-12-28 12:47:27.600592|{td-110} 0, -2986088, -2995008, -15, -17, 0, 0, 0, 0, 0, 0, 0, 0, 0, 0, 0, 0, 0, 
2025-12-28 12:47:27.608341|{tx-110} :AAC-BBB..........
2025-12-28 12:47:27.774604|{rx-111} 1, 0, 2, 3, 112, 389, 0, 0, 0, 0, 2, 3, 0, 3, 3
2025-12-28 12:47:27.780307|{rssi-111} 111, -127, -127, -74, -127, -127, -127, 111, 111, 111, 111, 111, 111, 111, 111, 111, 111, 111, 
2025-12-28 12:47:27.790375|{td-111} 0, -2986088, -2995008, -17, 0, 0, 0, 0, 0, 0, 0, 0, 0, 0, 0, 0, 0, 0, 
2025-12-28 12:47:27.796586|{tx-111} :AA-BBB...........
2025-12-28 12:47:27.965970|{rx-112} 1, 1, 3, 3, 113, 394, 0, 0, 0, 0, 4, 3, 0, 3, 3
2025-12-28 12:47:27.971111|{rssi-112} 111, -127, -127, -127, -85, -74, -127, -127, -127, 111, 111, 111, 111, 111, 111, 111, 111, 111, 
2025-12-28 12:47:27.980762|{td-112} 0, -2995008, -3003928, -3012848, -17, -19, 0, 0, 0, 0, 0, 0, 0, 0, 0, 0, 0, 0, 
2025-12-28 12:47:27.988947|{tx-112} :AAAC-BBB.........
2025-12-28 12:47:28.154933|{rx-113} 1, 1, 2, 3, 114, 398, 0, 0, 0, 0, 2, 3, 0, 3, 3
2025-12-28 12:47:28.159451|{rssi-113} 111, -127, -95, -74, -127, -127, -127, 111, 111, 111, 111, 111, 111, 111, 111, 111, 111, 111, 
2025-12-28 12:47:28.168678|{td-113} 0, -2977168, -17, -17, 0, 0, 0, 0, 0, 0, 0, 0, 0, 0, 0, 0, 0, 0, 
2025-12-28 12:47:28.174866|{tx-113} :AP-BBB...........
2025-12-28 12:47:28.345204|{rx-114} 1, 1, 1, 3, 115, 401, 0, 0, 0, 0, 2, 3, 0, 3, 3
2025-12-28 12:47:28.350405|{rssi-114} 111, -127, -88, -74, -127, -127, -127, 111, 111, 111, 111, 111, 111, 111, 111, 111, 111, 111, 
2025-12-28 12:47:28.359375|{td-114} 0, -2995008, -19, -19, 0, 0, 0, 0, 0, 0, 0, 0, 0, 0, 0, 0, 0, 0, 
2025-12-28 12:47:28.365677|{tx-114} :AC-BBB...........
2025-12-28 12:47:28.535251|{rx-115} 1, 1, 1, 3, 116, 404, 0, 0, 0, 0, 2, 3, 0, 3, 3
2025-12-28 12:47:28.540873|{rssi-115} 111, -127, -89, -64, -127, -127, -127, 111, 111, 111, 111, 111, 111, 111, 111, 111, 111, 111, 
2025-12-28 12:47:28.549796|{td-115} 0, -2995008, -15, -17, 0, 0, 0, 0, 0, 0, 0, 0, 0, 0, 0, 0, 0, 0, 
2025-12-28 12:47:28.555761|{tx-115} :AC-BBB...........
2025-12-28 12:47:28.724667|{rx-116} 1, 0, 2, 3, 117, 407, 0, 0, 0, 0, 2, 3, 0, 3, 3
2025-12-28 12:47:28.729777|{rssi-116} 111, -127, -127, -73, -127, -127, -127, 111, 111, 111, 111, 111, 111, 111, 111, 111, 111, 111, 
2025-12-28 12:47:28.738850|{td-116} 0, -2995008, -3003928, -17, 0, 0, 0, 0, 0, 0, 0, 0, 0, 0, 0, 0, 0, 0, 
2025-12-28 12:47:28.745553|{tx-116} :AA-BBB...........
2025-12-28 12:47:28.915440|{rx-117} 1, 2, 1, 3, 118, 411, 0, 0, 0, 0, 3, 4, 0, 3, 3
2025-12-28 12:47:28.920181|{rssi-117} 111, -127, -90, -69, -61, -127, -127, -127, 111, 111, 111, 111, 111, 111, 111, 111, 111, 111, 
2025-12-28 12:47:28.930384|{td-117} 0, -2995008, -19, -19, -19, 0, 0, 0, 0, 0, 0, 0, 0, 0, 0, 0, 0, 0, 
2025-12-28 12:47:28.936182|{tx-117} :ACC-BBB..........
2025-12-28 12:47:29.104421|{rx-118} 1, 0, 2, 3, 119, 414, 0, 0, 0, 0, 2, 3, 0, 3, 3
2025-12-28 12:47:29.109916|{rssi-118} 111, -127, -127, -64, -127, -127, -127, 111, 111, 111, 111, 111, 111, 111, 111, 111, 111, 111, 
2025-12-28 12:47:29.119583|{td-118} 0, -2986088, -2995008, -17, 0, 0, 0, 0, 0, 0, 0, 0, 0, 0, 0, 0, 0, 0, 
2025-12-28 12:47:29.125459|{tx-118} :AA-BBB...........
2025-12-28 12:47:29.295313|{rx-119} 1, 0, 2, 3, 120, 417, 0, 0, 0, 0, 2, 3, 0, 3, 3
2025-12-28 12:47:29.299938|{rssi-119} 111, -127, -127, -72, -127, -127, -127, 111, 111, 111, 111, 111, 111, 111, 111, 111, 111, 111, 
2025-12-28 12:47:29.309290|{td-119} 0, -2995008, -3003928, -19, 0, 0, 0, 0, 0, 0, 0, 0, 0, 0, 0, 0, 0, 0, 
2025-12-28 12:47:29.315685|{tx-119} :AA-BBB...........
2025-12-28 12:47:29.485854|{rx-120} 1, 1, 2, 3, 121, 421, 0, 0, 0, 0, 3, 3, 0, 3, 3
2025-12-28 12:47:29.490629|{rssi-120} 111, -127, -127, -86, -73, -127, -127, -127, 111, 111, 111, 111, 111, 111, 111, 111, 111, 111, 
2025-12-28 12:47:29.499406|{td-120} 0, -2995008, -3003928, -17, -17, 0, 0, 0, 0, 0, 0, 0, 0, 0, 0, 0, 0, 0, 
2025-12-28 12:47:29.505950|{tx-120} :AAC-BBB..........
2025-12-28 12:47:29.675066|{rx-121} 1, 0, 2, 3, 122, 424, 0, 0, 0, 0, 2, 3, 0, 3, 3
2025-12-28 12:47:29.679726|{rssi-121} 111, -127, -127, -75, -127, -127, -127, 111, 111, 111, 111, 111, 111, 111, 111, 111, 111, 111, 
2025-12-28 12:47:29.689872|{td-121} 0, -2986088, -2995008, -17, 0, 0, 0, 0, 0, 0, 0, 0, 0, 0, 0, 0, 0, 0, 
2025-12-28 12:47:29.695626|{tx-121} :AA-BBB...........
2025-12-28 12:47:29.864585|{rx-122} 1, 1, 1, 3, 123, 427, 0, 0, 0, 0, 2, 3, 0, 3, 3
2025-12-28 12:47:29.869127|{rssi-122} 111, -127, -89, -75, -127, -127, -127, 111, 111, 111, 111, 111, 111, 111, 111, 111, 111, 111, 
2025-12-28 12:47:29.879289|{td-122} 0, -2995008, -19, -19, 0, 0, 0, 0, 0, 0, 0, 0, 0, 0, 0, 0, 0, 0, 
2025-12-28 12:47:29.884880|{tx-122} :AC-BBB...........
2025-12-28 12:47:30.055132|{rx-123} 1, 0, 2, 3, 124, 430, 0, 0, 0, 0, 2, 3, 0, 3, 3
2025-12-28 12:47:30.059527|{rssi-123} 111, -127, -127, -73, -127, -127, -127, 111, 111, 111, 111, 111, 111, 111, 111, 111, 111, 111, 
2025-12-28 12:47:30.069036|{td-123} 0, -2995008, -3003928, -17, 0, 0, 0, 0, 0, 0, 0, 0, 0, 0, 0, 0, 0, 0, 
2025-12-28 12:47:30.075962|{tx-123} :AA-BBB...........
2025-12-28 12:47:30.245006|{rx-124} 1, 0, 2, 3, 125, 433, 0, 0, 0, 0, 2, 3, 0, 3, 3
2025-12-28 12:47:30.249549|{rssi-124} 111, -127, -127, -64, -127, -127, -127, 111, 111, 111, 111, 111, 111, 111, 111, 111, 111, 111, 
2025-12-28 12:47:30.259523|{td-124} 0, -2995008, -3003928, -19, 0, 0, 0, 0, 0, 0, 0, 0, 0, 0, 0, 0, 0, 0, 
2025-12-28 12:47:30.266002|{tx-124} :AA-BBB...........
2025-12-28 12:47:30.435359|{rx-125} 1, 0, 2, 3, 126, 436, 0, 0, 0, 0, 2, 3, 0, 3, 3
2025-12-28 12:47:30.439803|{rssi-125} 111, -127, -127, -70, -127, -127, -127, 111, 111, 111, 111, 111, 111, 111, 111, 111, 111, 111, 
2025-12-28 12:47:30.449355|{td-125} 0, -2995008, -3003928, -17, 0, 0, 0, 0, 0, 0, 0, 0, 0, 0, 0, 0, 0, 0, 
2025-12-28 12:47:30.454784|{tx-125} :AA-BBB...........
2025-12-28 12:47:30.624631|{rx-126} 1, 0, 2, 3, 127, 439, 0, 0, 0, 0, 2, 3, 0, 3, 3
2025-12-28 12:47:30.628544|{rssi-126} 111, -127, -127, -74, -127, -127, -127, 111, 111, 111, 111, 111, 111, 111, 111, 111, 111, 111, 
2025-12-28 12:47:30.639137|{td-126} 0, -2995008, -3003928, -19, 0, 0, 0, 0, 0, 0, 0, 0, 0, 0, 0, 0, 0, 0, 
2025-12-28 12:47:30.646155|{tx-126} :AA-BBB...........
2025-12-28 12:47:30.814625|{rx-127} 1, 0, 2, 3, 128, 442, 0, 0, 0, 0, 2, 3, 0, 3, 3
2025-12-28 12:47:30.819575|{rssi-127} 111, -127, -127, -68, -127, -127, -127, 111, 111, 111, 111, 111, 111, 111, 111, 111, 111, 111, 
2025-12-28 12:47:30.829404|{td-127} 0, -2995008, -3003928, -17, 0, 0, 0, 0, 0, 0, 0, 0, 0, 0, 0, 0, 0, 0, 
2025-12-28 12:47:30.835232|{tx-127} :AA-BBB...........
2025-12-28 12:47:31.004360|{rx-128} 1, 1, 1, 3, 129, 445, 0, 0, 0, 0, 2, 3, 0, 3, 3
2025-12-28 12:47:31.009258|{rssi-128} 111, -127, -85, -67, -127, -127, -127, 111, 111, 111, 111, 111, 111, 111, 111, 111, 111, 111, 
2025-12-28 12:47:31.019042|{td-128} 0, -2995008, -19, -17, 0, 0, 0, 0, 0, 0, 0, 0, 0, 0, 0, 0, 0, 0, 
2025-12-28 12:47:31.024303|{tx-128} :AC-BBB...........
2025-12-28 12:47:31.195775|{rx-129} 1, 1, 1, 3, 130, 448, 0, 0, 0, 0, 2, 3, 0, 3, 3
2025-12-28 12:47:31.199606|{rssi-129} 111, -127, -93, -65, -127, -127, -127, 111, 111, 111, 111, 111, 111, 111, 111, 111, 111, 111, 
2025-12-28 12:47:31.208950|{td-129} 0, -2995008, -19, -19, 0, 0, 0, 0, 0, 0, 0, 0, 0, 0, 0, 0, 0, 0, 
2025-12-28 12:47:31.214960|{tx-129} :AC-BBB...........
2025-12-28 12:47:31.385471|{rx-130} 1, 0, 2, 3, 131, 451, 0, 0, 0, 0, 2, 3, 0, 3, 3
2025-12-28 12:47:31.388991|{rssi-130} 111, -127, -127, -77, -127, -127, -127, 111, 111, 111, 111, 111, 111, 111, 111, 111, 111, 111, 
2025-12-28 12:47:31.399366|{td-130} 0, -2995008, -3003928, -17, 0, 0, 0, 0, 0, 0, 0, 0, 0, 0, 0, 0, 0, 0, 
2025-12-28 12:47:31.406332|{tx-130} :AA-BBB...........
2025-12-28 12:47:31.575597|{rx-131} 1, 1, 2, 3, 132, 455, 0, 0, 0, 0, 3, 3, 0, 3, 3
2025-12-28 12:47:31.583679|{rssi-131} 111, -127, -85, -85, -68, -127, -127, -127, 111, 111, 111, 111, 111, 111, 111, 111, 111, 111, 
2025-12-28 12:47:31.590294|{td-131} 0, -2995008, -19, -8939, -21, 0, 0, 0, 0, 0, 0, 0, 0, 0, 0, 0, 0, 0, 
2025-12-28 12:47:31.595357|{tx-131} :ACA-BBB..........
2025-12-28 12:47:31.765028|{rx-132} 1, 1, 1, 3, 133, 458, 0, 0, 0, 0, 2, 3, 0, 3, 3
2025-12-28 12:47:31.769369|{rssi-132} 111, -127, -87, -74, -127, -127, -127, 111, 111, 111, 111, 111, 111, 111, 111, 111, 111, 111, 
2025-12-28 12:47:31.778901|{td-132} 0, -2986088, -15, -15, 0, 0, 0, 0, 0, 0, 0, 0, 0, 0, 0, 0, 0, 0, 
2025-12-28 12:47:31.785664|{tx-132} :AC-BBB...........
2025-12-28 12:47:31.953933|{rx-133} 1, 0, 2, 3, 134, 461, 0, 0, 0, 0, 2, 3, 0, 3, 3
2025-12-28 12:47:31.959249|{rssi-133} 111, -127, -127, -68, -127, -127, -127, 111, 111, 111, 111, 111, 111, 111, 111, 111, 111, 111, 
2025-12-28 12:47:31.969061|{td-133} 0, -2995008, -3003928, -17, 0, 0, 0, 0, 0, 0, 0, 0, 0, 0, 0, 0, 0, 0, 
2025-12-28 12:47:31.976005|{tx-133} :AA-BBB...........
2025-12-28 12:47:32.143499|{rx-134} 1, 0, 1, 3, 135, 463, 0, 0, 0, 0, 1, 2, 0, 3, 3
2025-12-28 12:47:32.148857|{rssi-134} 111, -127, -86, -127, -127, -127, 111, 111, 111, 111, 111, 111, 111, 111, 111, 111, 111, 111, 
2025-12-28 12:47:32.158792|{td-134} 0, -2995008, -17, 0, 0, 0, 0, 0, 0, 0, 0, 0, 0, 0, 0, 0, 0, 0, 
2025-12-28 12:47:32.164252|{tx-134} :A-BBB............
2025-12-28 12:47:32.336310|{rx-135} 1, 0, 4, 3, 136, 468, 0, 0, 0, 0, 4, 3, 0, 3, 3
2025-12-28 12:47:32.339679|{rssi-135} 111, -127, -127, -127, -127, -63, -127, -127, -127, 111, 111, 111, 111, 111, 111, 111, 111, 111, 
2025-12-28 12:47:32.349417|{td-135} 0, -3003928, -3012848, -3021768, -3030688, -21, 0, 0, 0, 0, 0, 0, 0, 0, 0, 0, 0, 0, 
2025-12-28 12:47:32.358483|{tx-135} :AAAA-BBB.........
2025-12-28 12:47:32.523679|{rx-136} 1, 1, 1, 3, 137, 471, 0, 0, 0, 0, 2, 3, 0, 3, 3
2025-12-28 12:47:32.529440|{rssi-136} 111, -127, -82, -74, -127, -127, -127, 111, 111, 111, 111, 111, 111, 111, 111, 111, 111, 111, 
2025-12-28 12:47:32.539113|{td-136} 0, -2977168, -17, -17, 0, 0, 0, 0, 0, 0, 0, 0, 0, 0, 0, 0, 0, 0, 
2025-12-28 12:47:32.544001|{tx-136} :AC-BBB...........
2025-12-28 12:47:32.714271|{rx-137} 1, 0, 2, 3, 138, 474, 0, 0, 0, 0, 2, 3, 0, 3, 3
2025-12-28 12:47:32.718695|{rssi-137} 111, -127, -127, -75, -127, -127, -127, 111, 111, 111, 111, 111, 111, 111, 111, 111, 111, 111, 
2025-12-28 12:47:32.729281|{td-137} 0, -2995008, -3003928, -19, 0, 0, 0, 0, 0, 0, 0, 0, 0, 0, 0, 0, 0, 0, 
2025-12-28 12:47:32.734994|{tx-137} :AA-BBB...........
2025-12-28 12:47:32.904754|{rx-138} 1, 0, 2, 3, 139, 477, 0, 0, 0, 0, 2, 3, 0, 3, 3
2025-12-28 12:47:32.908457|{rssi-138} 111, -127, -127, -62, -127, -127, -127, 111, 111, 111, 111, 111, 111, 111, 111, 111, 111, 111, 
2025-12-28 12:47:32.918794|{td-138} 0, -2995008, -3003928, -17, 0, 0, 0, 0, 0, 0, 0, 0, 0, 0, 0, 0, 0, 0, 
2025-12-28 12:47:32.925760|{tx-138} :AA-BBB...........
2025-12-28 12:47:33.094071|{rx-139} 1, 0, 2, 3, 140, 480, 0, 0, 0, 0, 2, 3, 0, 3, 3
2025-12-28 12:47:33.099631|{rssi-139} 111, -127, -127, -73, -127, -127, -127, 111, 111, 111, 111, 111, 111, 111, 111, 111, 111, 111, 
2025-12-28 12:47:33.109122|{td-139} 0, -2995008, -3003928, -15, 0, 0, 0, 0, 0, 0, 0, 0, 0, 0, 0, 0, 0, 0, 
2025-12-28 12:47:33.115130|{tx-139} :AA-BBB...........
2025-12-28 12:47:33.286257|{rx-140} 1, 2, 4, 3, 141, 487, 0, 0, 0, 0, 6, 4, 0, 3, 3
2025-12-28 12:47:33.290974|{rssi-140} 111, -127, -127, -127, -127, -67, -72, -65, -127, -127, -127, 111, 111, 111, 111, 111, 111, 111, 
2025-12-28 12:47:33.300658|{td-140} 0, -2995008, -3003928, -3012848, -3021768, -19, -19, -19, 0, 0, 0, 0, 0, 0, 0, 0, 0, 0, 
2025-12-28 12:47:33.308978|{tx-140} :AAAACC-BBB.......
2025-12-28 12:47:33.474358|{rx-141} 1, 0, 2, 3, 142, 490, 0, 0, 0, 0, 2, 3, 0, 3, 3
2025-12-28 12:47:33.479169|{rssi-141} 111, -127, -127, -64, -127, -127, -127, 111, 111, 111, 111, 111, 111, 111, 111, 111, 111, 111, 
2025-12-28 12:47:33.489650|{td-141} 0, -2959328, -2968248, -21, 0, 0, 0, 0, 0, 0, 0, 0, 0, 0, 0, 0, 0, 0, 
2025-12-28 12:47:33.495006|{tx-141} :AA-BBB...........
2025-12-28 12:47:33.666285|{rx-142} 1, 0, 3, 3, 143, 494, 0, 0, 0, 0, 3, 3, 0, 3, 3
2025-12-28 12:47:33.669629|{rssi-142} 111, -127, -127, -127, -65, -127, -127, -127, 111, 111, 111, 111, 111, 111, 111, 111, 111, 111, 
2025-12-28 12:47:33.679247|{td-142} 0, -2995008, -3003928, -3012848, -17, 0, 0, 0, 0, 0, 0, 0, 0, 0, 0, 0, 0, 0, 
2025-12-28 12:47:33.686692|{tx-142} :AAA-BBB..........
2025-12-28 12:47:33.855236|{rx-143} 1, 0, 3, 3, 144, 498, 0, 0, 0, 0, 3, 4, 0, 3, 3
2025-12-28 12:47:33.859844|{rssi-143} 111, -127, -127, -127, -65, -127, -127, -127, 111, 111, 111, 111, 111, 111, 111, 111, 111, 111, 
2025-12-28 12:47:33.869391|{td-143} 0, -2986088, -2995008, -3003928, -15, 0, 0, 0, 0, 0, 0, 0, 0, 0, 0, 0, 0, 0, 
2025-12-28 12:47:33.876137|{tx-143} :AAA-BBB..........
2025-12-28 12:47:34.044532|{rx-144} 1, 1, 1, 3, 145, 501, 0, 0, 0, 0, 2, 3, 0, 3, 3
2025-12-28 12:47:34.050462|{rssi-144} 111, -127, -86, -64, -127, -127, -127, 111, 111, 111, 111, 111, 111, 111, 111, 111, 111, 111, 
2025-12-28 12:47:34.058846|{td-144} 0, -2986088, -21, -21, 0, 0, 0, 0, 0, 0, 0, 0, 0, 0, 0, 0, 0, 0, 
2025-12-28 12:47:34.064541|{tx-144} :AC-BBB...........
2025-12-28 12:47:34.234149|{rx-145} 1, 1, 1, 3, 146, 504, 0, 0, 0, 0, 2, 3, 0, 3, 3
2025-12-28 12:47:34.238897|{rssi-145} 111, -127, -87, -74, -127, -127, -127, 111, 111, 111, 111, 111, 111, 111, 111, 111, 111, 111, 
2025-12-28 12:47:34.249194|{td-145} 0, -2995008, -12, -15, 0, 0, 0, 0, 0, 0, 0, 0, 0, 0, 0, 0, 0, 0, 
2025-12-28 12:47:34.254662|{tx-145} :AC-BBB...........
2025-12-28 12:47:34.424468|{rx-146} 1, 1, 1, 3, 147, 507, 0, 0, 0, 0, 2, 3, 0, 3, 3
2025-12-28 12:47:34.428813|{rssi-146} 111, -127, -91, -73, -127, -127, -127, 111, 111, 111, 111, 111, 111, 111, 111, 111, 111, 111, 
2025-12-28 12:47:34.438750|{td-146} 0, -2995008, -21, -19, 0, 0, 0, 0, 0, 0, 0, 0, 0, 0, 0, 0, 0, 0, 
2025-12-28 12:47:34.444162|{tx-146} :AC-BBB...........
2025-12-28 12:47:34.614097|{rx-147} 1, 0, 2, 3, 148, 510, 0, 0, 0, 0, 2, 3, 0, 3, 3
2025-12-28 12:47:34.619171|{rssi-147} 111, -127, -127, -76, -127, -127, -127, 111, 111, 111, 111, 111, 111, 111, 111, 111, 111, 111, 
2025-12-28 12:47:34.628973|{td-147} 0, -2995008, -3003928, -17, 0, 0, 0, 0, 0, 0, 0, 0, 0, 0, 0, 0, 0, 0, 
2025-12-28 12:47:34.635359|{tx-147} :AA-BBB...........
2025-12-28 12:47:34.806098|{rx-148} 1, 0, 5, 3, 149, 516, 0, 0, 0, 0, 5, 4, 0, 3, 3
2025-12-28 12:47:34.810468|{rssi-148} 111, -127, -127, -127, -127, -127, -74, -127, -127, -127, 111, 111, 111, 111, 111, 111, 111, 111, 
2025-12-28 12:47:34.820145|{td-148} 0, -2995008, -3003928, -3012848, -3021768, -3030688, -21, 0, 0, 0, 0, 0, 0, 0, 0, 0, 0, 0, 
2025-12-28 12:47:34.828660|{tx-148} :AAAAA-BBB........
2025-12-28 12:47:34.994192|{rx-149} 1, 1, 1, 3, 150, 519, 0, 0, 0, 0, 2, 3, 0, 3, 3
2025-12-28 12:47:34.998742|{rssi-149} 111, -127, -87, -76, -127, -127, -127, 111, 111, 111, 111, 111, 111, 111, 111, 111, 111, 111, 
2025-12-28 12:47:35.008844|{td-149} 0, -2968248, -17, -17, 0, 0, 0, 0, 0, 0, 0, 0, 0, 0, 0, 0, 0, 0, 
2025-12-28 12:47:35.014817|{tx-149} :AC-BBB...........
2025-12-28 12:47:35.183763|{rx-150} 1, 1, 1, 3, 151, 522, 0, 0, 0, 0, 2, 3, 0, 3, 3
2025-12-28 12:47:35.188157|{rssi-150} 111, -127, -85, -77, -127, -127, -127, 111, 111, 111, 111, 111, 111, 111, 111, 111, 111, 111, 
2025-12-28 12:47:35.199063|{td-150} 0, -2995008, -19, -17, 0, 0, 0, 0, 0, 0, 0, 0, 0, 0, 0, 0, 0, 0, 
2025-12-28 12:47:35.204851|{tx-150} :AC-BBB...........
2025-12-28 12:47:35.373570|{rx-151} 1, 1, 1, 3, 152, 525, 0, 0, 0, 0, 2, 3, 0, 3, 3
2025-12-28 12:47:35.379187|{rssi-151} 111, -127, -86, -71, -127, -127, -127, 111, 111, 111, 111, 111, 111, 111, 111, 111, 111, 111, 
2025-12-28 12:47:35.387712|{td-151} 0, -2995008, -19, -17, 0, 0, 0, 0, 0, 0, 0, 0, 0, 0, 0, 0, 0, 0, 
2025-12-28 12:47:35.395193|{tx-151} :AC-BBB...........
2025-12-28 12:47:35.564331|{rx-152} 1, 1, 2, 3, 153, 529, 0, 0, 0, 0, 2, 3, 0, 3, 3
2025-12-28 12:47:35.568393|{rssi-152} 111, -127, -92, -74, -127, -127, -127, 111, 111, 111, 111, 111, 111, 111, 111, 111, 111, 111, 
2025-12-28 12:47:35.578280|{td-152} 0, -2995008, -21, -17, 0, 0, 0, 0, 0, 0, 0, 0, 0, 0, 0, 0, 0, 0, 
2025-12-28 12:47:35.583355|{tx-152} :AP-BBB...........
2025-12-28 12:47:35.754405|{rx-153} 1, 0, 2, 3, 154, 532, 0, 0, 0, 0, 2, 3, 0, 3, 3
2025-12-28 12:47:35.759023|{rssi-153} 111, -127, -127, -74, -127, -127, -127, 111, 111, 111, 111, 111, 111, 111, 111, 111, 111, 111, 
2025-12-28 12:47:35.768774|{td-153} 0, -2995008, -3003928, -19, 0, 0, 0, 0, 0, 0, 0, 0, 0, 0, 0, 0, 0, 0, 
2025-12-28 12:47:35.775412|{tx-153} :AA-BBB...........
2025-12-28 12:47:35.945423|{rx-154} 1, 1, 4, 3, 155, 538, 0, 0, 0, 0, 4, 3, 0, 3, 3
2025-12-28 12:47:35.950038|{rssi-154} 111, -127, -127, -127, -97, -74, -127, -127, -127, 111, 111, 111, 111, 111, 111, 111, 111, 111, 
2025-12-28 12:47:35.960220|{td-154} 0, -2995008, -3003928, -3012848, -19, -19, 0, 0, 0, 0, 0, 0, 0, 0, 0, 0, 0, 0, 
2025-12-28 12:47:35.966473|{tx-154} :AAAP-BBB.........
2025-12-28 12:47:36.133867|{rx-155} 1, 1, 1, 3, 156, 541, 0, 0, 0, 0, 2, 3, 0, 3, 3
2025-12-28 12:47:36.138523|{rssi-155} 111, -127, -88, -65, -127, -127, -127, 111, 111, 111, 111, 111, 111, 111, 111, 111, 111, 111, 
2025-12-28 12:47:36.147755|{td-155} 0, -2977168, -15, -17, 0, 0, 0, 0, 0, 0, 0, 0, 0, 0, 0, 0, 0, 0, 
2025-12-28 12:47:36.153748|{tx-155} :AC-BBB...........
2025-12-28 12:47:36.323429|{rx-156} 1, 0, 2, 3, 157, 544, 0, 0, 0, 0, 2, 3, 0, 3, 3
2025-12-28 12:47:36.328266|{rssi-156} 111, -127, -127, -76, -127, -127, -127, 111, 111, 111, 111, 111, 111, 111, 111, 111, 111, 111, 
2025-12-28 12:47:36.338458|{td-156} 0, -2995008, -3003928, -17, 0, 0, 0, 0, 0, 0, 0, 0, 0, 0, 0, 0, 0, 0, 
2025-12-28 12:47:36.344217|{tx-156} :AA-BBB...........
2025-12-28 12:47:36.513918|{rx-157} 1, 0, 2, 3, 158, 547, 0, 0, 0, 0, 2, 3, 0, 3, 3
2025-12-28 12:47:36.518557|{rssi-157} 111, -127, -127, -65, -127, -127, -127, 111, 111, 111, 111, 111, 111, 111, 111, 111, 111, 111, 
2025-12-28 12:47:36.528384|{td-157} 0, -2995008, -3003928, -21, 0, 0, 0, 0, 0, 0, 0, 0, 0, 0, 0, 0, 0, 0, 
2025-12-28 12:47:36.534085|{tx-157} :AA-BBB...........
2025-12-28 12:47:36.704254|{rx-158} 1, 0, 2, 3, 159, 550, 0, 0, 0, 0, 2, 3, 0, 3, 3
2025-12-28 12:47:36.710185|{rssi-158} 111, -127, -127, -75, -127, -127, -127, 111, 111, 111, 111, 111, 111, 111, 111, 111, 111, 111, 
2025-12-28 12:47:36.716884|{td-158} 0, -2995008, -3003928, -15, 0, 0, 0, 0, 0, 0, 0, 0, 0, 0, 0, 0, 0, 0, 
2025-12-28 12:47:36.725185|{tx-158} :AA-BBB...........
2025-12-28 12:47:36.894194|{rx-159} 1, 1, 2, 3, 160, 554, 0, 0, 0, 0, 2, 3, 0, 3, 3
2025-12-28 12:47:36.898801|{rssi-159} 111, -127, -90, -64, -127, -127, -127, 111, 111, 111, 111, 111, 111, 111, 111, 111, 111, 111, 
2025-12-28 12:47:36.908739|{td-159} 0, -2995008, -19, -17, 0, 0, 0, 0, 0, 0, 0, 0, 0, 0, 0, 0, 0, 0, 
2025-12-28 12:47:36.913554|{tx-159} :AP-BBB...........
2025-12-28 12:47:37.084049|{rx-160} 1, 2, 1, 3, 161, 558, 0, 0, 0, 0, 3, 4, 0, 3, 3
2025-12-28 12:47:37.088595|{rssi-160} 111, -127, -85, -75, -60, -127, -127, -127, 111, 111, 111, 111, 111, 111, 111, 111, 111, 111, 
2025-12-28 12:47:37.098481|{td-160} 0, -2995008, -21, -16, -21, 0, 0, 0, 0, 0, 0, 0, 0, 0, 0, 0, 0, 0, 
2025-12-28 12:47:37.103929|{tx-160} :ACC-BBB..........
2025-12-28 12:47:37.275725|{rx-161} 1, 4, 3, 3, 162, 566, 0, 0, 0, 0, 7, 5, 0, 3, 3
2025-12-28 12:47:37.281314|{rssi-161} 111, -127, -127, -89, -96, -74, -74, -61, -67, -127, -127, -127, 111, 111, 111, 111, 111, 111, 
2025-12-28 12:47:37.291362|{td-161} 0, -2986088, -2995008, -17, -15, -17, -8937, -19, -19, 0, 0, 0, 0, 0, 0, 0, 0, 0, 
2025-12-28 12:47:37.300258|{tx-161} :AACCCAC-BBB......
2025-12-28 12:47:37.463125|{rx-162} 1, 0, 2, 3, 163, 569, 0, 0, 0, 0, 2, 3, 0, 3, 3
2025-12-28 12:47:37.469062|{rssi-162} 111, -127, -127, -72, -127, -127, -127, 111, 111, 111, 111, 111, 111, 111, 111, 111, 111, 111, 
2025-12-28 12:47:37.477890|{td-162} 0, -2950408, -2959328, -15, 0, 0, 0, 0, 0, 0, 0, 0, 0, 0, 0, 0, 0, 0, 
2025-12-28 12:47:37.484307|{tx-162} :AA-BBB...........
2025-12-28 12:47:37.654315|{rx-163} 1, 0, 3, 3, 164, 573, 0, 0, 0, 0, 3, 3, 0, 3, 3
2025-12-28 12:47:37.658628|{rssi-163} 111, -127, -127, -127, -68, -127, -127, -127, 111, 111, 111, 111, 111, 111, 111, 111, 111, 111, 
2025-12-28 12:47:37.668785|{td-163} 0, -2995008, -3003928, -3012848, -19, 0, 0, 0, 0, 0, 0, 0, 0, 0, 0, 0, 0, 0, 
2025-12-28 12:47:37.675969|{tx-163} :AAA-BBB..........
2025-12-28 12:47:37.844561|{rx-164} 1, 1, 4, 3, 165, 579, 0, 0, 0, 0, 5, 3, 0, 3, 3
2025-12-28 12:47:37.850148|{rssi-164} 111, -127, -127, -127, -127, -74, -74, -127, -127, -127, 111, 111, 111, 111, 111, 111, 111, 111, 
2025-12-28 12:47:37.859777|{td-164} 0, -2986088, -2995008, -3003928, -3012848, -15, -13, 0, 0, 0, 0, 0, 0, 0, 0, 0, 0, 0, 
2025-12-28 12:47:37.868754|{tx-164} :AAAAC-BBB........
2025-12-28 12:47:38.035192|{rx-165} 1, 2, 3, 3, 166, 585, 0, 0, 0, 0, 5, 5, 0, 3, 3
2025-12-28 12:47:38.040100|{rssi-165} 111, -127, -93, -93, -93, -67, -62, -127, -127, -127, 111, 111, 111, 111, 111, 111, 111, 111, 
2025-12-28 12:47:38.049527|{td-165} 0, -2968248, -23, -8943, -17863, -21, -23, 0, 0, 0, 0, 0, 0, 0, 0, 0, 0, 0, 
2025-12-28 12:47:38.056978|{tx-165} :ACAAC-BBB........
2025-12-28 12:47:38.223451|{rx-166} 1, 0, 2, 3, 167, 588, 0, 0, 0, 0, 2, 3, 0, 3, 3
2025-12-28 12:47:38.228964|{rssi-166} 111, -127, -127, -75, -127, -127, -127, 111, 111, 111, 111, 111, 111, 111, 111, 111, 111, 111, 
2025-12-28 12:47:38.237653|{td-166} 0, -2968248, -2977168, -17, 0, 0, 0, 0, 0, 0, 0, 0, 0, 0, 0, 0, 0, 0, 
2025-12-28 12:47:38.244755|{tx-166} :AA-BBB...........
2025-12-28 12:47:38.413491|{rx-167} 1, 0, 2, 3, 168, 591, 0, 0, 0, 0, 2, 3, 0, 3, 3
2025-12-28 12:47:38.418406|{rssi-167} 111, -127, -127, -65, -127, -127, -127, 111, 111, 111, 111, 111, 111, 111, 111, 111, 111, 111, 
2025-12-28 12:47:38.428186|{td-167} 0, -2995008, -3003928, -17, 0, 0, 0, 0, 0, 0, 0, 0, 0, 0, 0, 0, 0, 0, 
2025-12-28 12:47:38.434527|{tx-167} :AA-BBB...........
2025-12-28 12:47:38.603092|{rx-168} 1, 1, 1, 3, 169, 594, 0, 0, 0, 0, 2, 3, 0, 3, 3
2025-12-28 12:47:38.608794|{rssi-168} 111, -127, -92, -75, -127, -127, -127, 111, 111, 111, 111, 111, 111, 111, 111, 111, 111, 111, 
2025-12-28 12:47:38.618026|{td-168} 0, -2995008, -19, -19, 0, 0, 0, 0, 0, 0, 0, 0, 0, 0, 0, 0, 0, 0, 
2025-12-28 12:47:38.624240|{tx-168} :AC-BBB...........
2025-12-28 12:47:38.793124|{rx-169} 1, 0, 2, 3, 170, 597, 0, 0, 0, 0, 2, 3, 0, 3, 3
2025-12-28 12:47:38.798534|{rssi-169} 111, -127, -127, -76, -127, -127, -127, 111, 111, 111, 111, 111, 111, 111, 111, 111, 111, 111, 
2025-12-28 12:47:38.808142|{td-169} 0, -2995008, -3003928, -17, 0, 0, 0, 0, 0, 0, 0, 0, 0, 0, 0, 0, 0, 0, 
2025-12-28 12:47:38.813830|{tx-169} :AA-BBB...........
2025-12-28 12:47:38.982556|{rx-170} 1, 1, 1, 3, 171, 600, 0, 0, 0, 0, 2, 3, 0, 3, 3
2025-12-28 12:47:38.988408|{rssi-170} 111, -127, -90, -75, -127, -127, -127, 111, 111, 111, 111, 111, 111, 111, 111, 111, 111, 111, 
2025-12-28 12:47:38.997077|{td-170} 0, -2995008, -17, -17, 0, 0, 0, 0, 0, 0, 0, 0, 0, 0, 0, 0, 0, 0, 
2025-12-28 12:47:39.004233|{tx-170} :AC-BBB...........
2025-12-28 12:47:39.174261|{rx-171} 1, 2, 2, 3, 172, 605, 0, 0, 0, 0, 4, 4, 0, 3, 3
2025-12-28 12:47:39.179558|{rssi-171} 111, -127, -127, -77, -67, -68, -127, -127, -127, 111, 111, 111, 111, 111, 111, 111, 111, 111, 
2025-12-28 12:47:39.190141|{td-171} 0, -2995008, -3003928, -19, -19, -19, 0, 0, 0, 0, 0, 0, 0, 0, 0, 0, 0, 0, 
2025-12-28 12:47:39.196004|{tx-171} :AACC-BBB.........
2025-12-28 12:47:39.362930|{rx-172} 1, 0, 2, 3, 173, 608, 0, 0, 0, 0, 2, 3, 0, 3, 3
2025-12-28 12:47:39.367247|{rssi-172} 111, -127, -127, -75, -127, -127, -127, 111, 111, 111, 111, 111, 111, 111, 111, 111, 111, 111, 
2025-12-28 12:47:39.377282|{td-172} 0, -2977168, -2986088, -17, 0, 0, 0, 0, 0, 0, 0, 0, 0, 0, 0, 0, 0, 0, 
2025-12-28 12:47:39.383365|{tx-172} :AA-BBB...........
2025-12-28 12:47:39.552618|{rx-173} 1, 1, 1, 3, 174, 611, 0, 0, 0, 0, 2, 3, 0, 3, 3
2025-12-28 12:47:39.558407|{rssi-173} 111, -127, -84, -78, -127, -127, -127, 111, 111, 111, 111, 111, 111, 111, 111, 111, 111, 111, 
2025-12-28 12:47:39.567783|{td-173} 0, -2995008, -19, -19, 0, 0, 0, 0, 0, 0, 0, 0, 0, 0, 0, 0, 0, 0, 
2025-12-28 12:47:39.574183|{tx-173} :AC-BBB...........
2025-12-28 12:47:39.744000|{rx-174} 1, 1, 1, 3, 175, 614, 0, 0, 0, 0, 2, 3, 0, 3, 3
2025-12-28 12:47:39.748488|{rssi-174} 111, -127, -92, -74, -127, -127, -127, 111, 111, 111, 111, 111, 111, 111, 111, 111, 111, 111, 
2025-12-28 12:47:39.757932|{td-174} 0, -2995008, -17, -19, 0, 0, 0, 0, 0, 0, 0, 0, 0, 0, 0, 0, 0, 0, 
2025-12-28 12:47:39.764069|{tx-174} :AC-BBB...........
2025-12-28 12:47:39.934688|{rx-175} 1, 1, 3, 3, 176, 619, 0, 0, 0, 0, 4, 4, 0, 3, 3
2025-12-28 12:47:39.939028|{rssi-175} 111, -127, -127, -127, -73, -64, -127, -127, -127, 111, 111, 111, 111, 111, 111, 111, 111, 111, 
2025-12-28 12:47:39.947835|{td-175} 0, -2995008, -3003928, -3012848, -17, -17, 0, 0, 0, 0, 0, 0, 0, 0, 0, 0, 0, 0, 
2025-12-28 12:47:39.956129|{tx-175} :AAAC-BBB.........
2025-12-28 12:47:40.122996|{rx-176} 1, 1, 2, 3, 177, 623, 0, 0, 0, 0, 2, 3, 0, 3, 3
2025-12-28 12:47:40.128013|{rssi-176} 111, -127, -93, -74, -127, -127, -127, 111, 111, 111, 111, 111, 111, 111, 111, 111, 111, 111, 
2025-12-28 12:47:40.139290|{td-176} 0, -2977168, -17, -19, 0, 0, 0, 0, 0, 0, 0, 0, 0, 0, 0, 0, 0, 0, 
2025-12-28 12:47:40.142909|{tx-176} :AP-BBB...........
2025-12-28 12:47:40.312870|{rx-177} 1, 2, 1, 3, 178, 627, 0, 0, 0, 0, 3, 4, 0, 3, 3
2025-12-28 12:47:40.319086|{rssi-177} 111, -127, -86, -72, -60, -127, -127, -127, 111, 111, 111, 111, 111, 111, 111, 111, 111, 111, 
2025-12-28 12:47:40.327055|{td-177} 0, -2995008, -15, -19, -17, 0, 0, 0, 0, 0, 0, 0, 0, 0, 0, 0, 0, 0, 
2025-12-28 12:47:40.334960|{tx-177} :ACC-BBB..........
2025-12-28 12:47:40.503798|{rx-178} 1, 0, 2, 3, 179, 630, 0, 0, 0, 0, 2, 3, 0, 3, 3
2025-12-28 12:47:40.507777|{rssi-178} 111, -127, -127, -71, -127, -127, -127, 111, 111, 111, 111, 111, 111, 111, 111, 111, 111, 111, 
2025-12-28 12:47:40.518096|{td-178} 0, -2986088, -2995008, -17, 0, 0, 0, 0, 0, 0, 0, 0, 0, 0, 0, 0, 0, 0, 
2025-12-28 12:47:40.524553|{tx-178} :AA-BBB...........
2025-12-28 12:47:40.692952|{rx-179} 1, 1, 1, 3, 180, 633, 0, 0, 0, 0, 2, 3, 0, 3, 3
2025-12-28 12:47:40.698350|{rssi-179} 111, -127, -90, -73, -127, -127, -127, 111, 111, 111, 111, 111, 111, 111, 111, 111, 111, 111, 
2025-12-28 12:47:40.707808|{td-179} 0, -2995008, -15, -17, 0, 0, 0, 0, 0, 0, 0, 0, 0, 0, 0, 0, 0, 0, 
2025-12-28 12:47:40.713929|{tx-179} :AE-BBB...........
2025-12-28 12:47:40.883304|{rx-180} 1, 1, 1, 3, 181, 636, 0, 0, 0, 0, 2, 3, 0, 3, 3
2025-12-28 12:47:40.887213|{rssi-180} 111, -127, -83, -72, -127, -127, -127, 111, 111, 111, 111, 111, 111, 111, 111, 111, 111, 111, 
2025-12-28 12:47:40.897207|{td-180} 0, -2995008, -19, -17, 0, 0, 0, 0, 0, 0, 0, 0, 0, 0, 0, 0, 0, 0, 
2025-12-28 12:47:40.903502|{tx-180} :AC-BBB...........
2025-12-28 12:47:41.072848|{rx-181} 1, 0, 2, 3, 182, 639, 0, 0, 0, 0, 2, 3, 0, 3, 3
2025-12-28 12:47:41.078819|{rssi-181} 111, -127, -127, -73, -127, -127, -127, 111, 111, 111, 111, 111, 111, 111, 111, 111, 111, 111, 
2025-12-28 12:47:41.088383|{td-181} 0, -2995008, -3003928, -19, 0, 0, 0, 0, 0, 0, 0, 0, 0, 0, 0, 0, 0, 0, 
2025-12-28 12:47:41.093455|{tx-181} :AA-BBB...........
2025-12-28 12:47:41.263497|{rx-182} 1, 0, 2, 3, 183, 642, 0, 0, 0, 0, 2, 3, 0, 3, 3
2025-12-28 12:47:41.267293|{rssi-182} 111, -127, -127, -74, -127, -127, -127, 111, 111, 111, 111, 111, 111, 111, 111, 111, 111, 111, 
2025-12-28 12:47:41.278686|{td-182} 0, -2995008, -3003928, -17, 0, 0, 0, 0, 0, 0, 0, 0, 0, 0, 0, 0, 0, 0, 
2025-12-28 12:47:41.283976|{tx-182} :AA-BBB...........
2025-12-28 12:47:41.453793|{rx-183} 1, 1, 1, 3, 184, 645, 0, 0, 0, 0, 2, 3, 0, 3, 3
2025-12-28 12:47:41.457976|{rssi-183} 111, -127, -88, -76, -127, -127, -127, 111, 111, 111, 111, 111, 111, 111, 111, 111, 111, 111, 
2025-12-28 12:47:41.466964|{td-183} 0, -2995008, -12, -21, 0, 0, 0, 0, 0, 0, 0, 0, 0, 0, 0, 0, 0, 0, 
2025-12-28 12:47:41.473017|{tx-183} :AC-BBB...........
2025-12-28 12:47:41.642679|{rx-184} 1, 1, 1, 3, 185, 648, 0, 0, 0, 0, 2, 3, 0, 3, 3
2025-12-28 12:47:41.647826|{rssi-184} 111, -127, -90, -71, -127, -127, -127, 111, 111, 111, 111, 111, 111, 111, 111, 111, 111, 111, 
2025-12-28 12:47:41.656985|{td-184} 0, -2995008, -15, -15, 0, 0, 0, 0, 0, 0, 0, 0, 0, 0, 0, 0, 0, 0, 
2025-12-28 12:47:41.663502|{tx-184} :AC-BBB...........
2025-12-28 12:47:41.832479|{rx-185} 1, 0, 2, 3, 186, 651, 0, 0, 0, 0, 2, 3, 0, 3, 3
2025-12-28 12:47:41.841435|{rssi-185} 111, -127, -127, -75, -127, -127, -127, 111, 111, 111, 111, 111, 111, 111, 111, 111, 111, 111, 
2025-12-28 12:47:41.846897|{td-185} 0, -2995008, -3003928, -17, 0, 0, 0, 0, 0, 0, 0, 0, 0, 0, 0, 0, 0, 0, 
2025-12-28 12:47:41.853839|{tx-185} :AA-BBB...........
2025-12-28 12:47:42.023009|{rx-186} 1, 0, 2, 3, 187, 654, 0, 0, 0, 0, 2, 3, 0, 3, 3
2025-12-28 12:47:42.028224|{rssi-186} 111, -127, -127, -64, -127, -127, -127, 111, 111, 111, 111, 111, 111, 111, 111, 111, 111, 111, 
2025-12-28 12:47:42.036715|{td-186} 0, -2995008, -3003928, -21, 0, 0, 0, 0, 0, 0, 0, 0, 0, 0, 0, 0, 0, 0, 
2025-12-28 12:47:42.042814|{tx-186} :AA-BBB...........
2025-12-28 12:47:42.213503|{rx-187} 1, 1, 2, 3, 188, 658, 0, 0, 0, 0, 3, 3, 0, 3, 3
2025-12-28 12:47:42.217929|{rssi-187} 111, -127, -127, -84, -73, -127, -127, -127, 111, 111, 111, 111, 111, 111, 111, 111, 111, 111, 
2025-12-28 12:47:42.227882|{td-187} 0, -2995008, -3003928, -15, -17, 0, 0, 0, 0, 0, 0, 0, 0, 0, 0, 0, 0, 0, 
2025-12-28 12:47:42.233586|{tx-187} :AAC-BBB..........
2025-12-28 12:47:42.402651|{rx-188} 1, 0, 2, 3, 189, 661, 0, 0, 0, 0, 2, 3, 0, 3, 3
2025-12-28 12:47:42.408717|{rssi-188} 111, -127, -127, -65, -127, -127, -127, 111, 111, 111, 111, 111, 111, 111, 111, 111, 111, 111, 
2025-12-28 12:47:42.416758|{td-188} 0, -2986088, -2995008, -19, 0, 0, 0, 0, 0, 0, 0, 0, 0, 0, 0, 0, 0, 0, 
2025-12-28 12:47:42.423769|{tx-188} :AA-BBB...........
2025-12-28 12:47:42.594249|{rx-189} 1, 2, 2, 3, 190, 666, 0, 0, 0, 0, 4, 4, 0, 3, 3
2025-12-28 12:47:42.598400|{rssi-189} 111, -127, -90, -90, -75, -66, -127, -127, -127, 111, 111, 111, 111, 111, 111, 111, 111, 111, 
2025-12-28 12:47:42.608171|{td-189} 0, -2995008, -17, -8937, -15, -15, 0, 0, 0, 0, 0, 0, 0, 0, 0, 0, 0, 0, 
2025-12-28 12:47:42.614310|{tx-189} :ACAC-BBB.........
2025-12-28 12:47:42.781302|{rx-190} 1, 1, 1, 3, 191, 669, 0, 0, 0, 0, 2, 3, 0, 3, 3
2025-12-28 12:47:42.787086|{rssi-190} 111, -127, -87, -75, -127, -127, -127, 111, 111, 111, 111, 111, 111, 111, 111, 111, 111, 111, 
2025-12-28 12:47:42.797693|{td-190} 0, -2977168, -19, -19, 0, 0, 0, 0, 0, 0, 0, 0, 0, 0, 0, 0, 0, 0, 
2025-12-28 12:47:42.802498|{tx-190} :AC-BBB...........
2025-12-28 12:47:42.973367|{rx-191} 1, 1, 2, 3, 192, 673, 0, 0, 0, 0, 3, 3, 0, 3, 3
2025-12-28 12:47:42.978633|{rssi-191} 111, -127, -87, -87, -63, -127, -127, -127, 111, 111, 111, 111, 111, 111, 111, 111, 111, 111, 
2025-12-28 12:47:42.987227|{td-191} 0, -2995008, -17, -8937, -21, 0, 0, 0, 0, 0, 0, 0, 0, 0, 0, 0, 0, 0, 
2025-12-28 12:47:42.994713|{tx-191} :ACA-BBB..........
2025-12-28 12:47:43.163193|{rx-192} 1, 1, 2, 3, 193, 677, 0, 0, 0, 0, 3, 4, 0, 3, 3
2025-12-28 12:47:43.167637|{rssi-192} 111, -127, -127, -69, -62, -127, -127, -127, 111, 111, 111, 111, 111, 111, 111, 111, 111, 111, 
2025-12-28 12:47:43.177225|{td-192} 0, -2986088, -2995008, -13, -15, 0, 0, 0, 0, 0, 0, 0, 0, 0, 0, 0, 0, 0, 
2025-12-28 12:47:43.183441|{tx-192} :AAC-BBB..........
2025-12-28 12:47:43.352404|{rx-193} 1, 1, 1, 3, 194, 680, 0, 0, 0, 0, 2, 3, 0, 3, 3
2025-12-28 12:47:43.359114|{rssi-193} 111, -127, -90, -73, -127, -127, -127, 111, 111, 111, 111, 111, 111, 111, 111, 111, 111, 111, 
2025-12-28 12:47:43.366515|{td-193} 0, -2986088, -17, -17, 0, 0, 0, 0, 0, 0, 0, 0, 0, 0, 0, 0, 0, 0, 
2025-12-28 12:47:43.373094|{tx-193} :AC-BBB...........
2025-12-28 12:47:43.541783|{rx-194} 1, 1, 1, 3, 195, 683, 0, 0, 0, 0, 2, 3, 0, 3, 3
2025-12-28 12:47:43.548868|{rssi-194} 111, -127, -92, -72, -127, -127, -127, 111, 111, 111, 111, 111, 111, 111, 111, 111, 111, 111, 
2025-12-28 12:47:43.556020|{td-194} 0, -2995008, -19, -19, 0, 0, 0, 0, 0, 0, 0, 0, 0, 0, 0, 0, 0, 0, 
2025-12-28 12:47:43.562469|{tx-194} :AC-BBB...........
2025-12-28 12:47:43.731493|{rx-195} 1, 0, 2, 3, 196, 686, 0, 0, 0, 0, 2, 3, 0, 3, 3
2025-12-28 12:47:43.736351|{rssi-195} 111, -127, -127, -72, -127, -127, -127, 111, 111, 111, 111, 111, 111, 111, 111, 111, 111, 111, 
2025-12-28 12:47:43.746161|{td-195} 0, -2995008, -3003928, -17, 0, 0, 0, 0, 0, 0, 0, 0, 0, 0, 0, 0, 0, 0, 
2025-12-28 12:47:43.752606|{tx-195} :AA-BBB...........
2025-12-28 12:47:43.922173|{rx-196} 1, 1, 1, 3, 197, 689, 0, 0, 0, 0, 2, 3, 0, 3, 3
2025-12-28 12:47:43.926980|{rssi-196} 111, -127, -85, -74, -127, -127, -127, 111, 111, 111, 111, 111, 111, 111, 111, 111, 111, 111, 
2025-12-28 12:47:43.936791|{td-196} 0, -2995008, -17, -17, 0, 0, 0, 0, 0, 0, 0, 0, 0, 0, 0, 0, 0, 0, 
2025-12-28 12:47:43.942244|{tx-196} :AC-BBB...........
2025-12-28 12:47:44.112511|{rx-197} 1, 1, 1, 3, 198, 692, 0, 0, 0, 0, 2, 3, 0, 3, 3
2025-12-28 12:47:44.116931|{rssi-197} 111, -127, -83, -75, -127, -127, -127, 111, 111, 111, 111, 111, 111, 111, 111, 111, 111, 111, 
2025-12-28 12:47:44.126268|{td-197} 0, -2995008, -19, -19, 0, 0, 0, 0, 0, 0, 0, 0, 0, 0, 0, 0, 0, 0, 
2025-12-28 12:47:44.132558|{tx-197} :AC-BBB...........
2025-12-28 12:47:44.301885|{rx-198} 1, 0, 2, 3, 199, 695, 0, 0, 0, 0, 2, 3, 0, 3, 3
2025-12-28 12:47:44.307310|{rssi-198} 111, -127, -127, -69, -127, -127, -127, 111, 111, 111, 111, 111, 111, 111, 111, 111, 111, 111, 
2025-12-28 12:47:44.316712|{td-198} 0, -2995008, -3003928, -17, 0, 0, 0, 0, 0, 0, 0, 0, 0, 0, 0, 0, 0, 0, 
2025-12-28 12:47:44.322494|{tx-198} :AA-BBB...........
2025-12-28 12:47:44.491427|{rx-199} 1, 0, 2, 3, 200, 698, 0, 0, 0, 0, 2, 3, 0, 3, 3
2025-12-28 12:47:44.496901|{rssi-199} 111, -127, -127, -65, -127, -127, -127, 111, 111, 111, 111, 111, 111, 111, 111, 111, 111, 111, 
2025-12-28 12:47:44.506180|{td-199} 0, -2995008, -3003928, -17, 0, 0, 0, 0, 0, 0, 0, 0, 0, 0, 0, 0, 0, 0, 
2025-12-28 12:47:44.512438|{tx-199} :AA-BBB...........
2025-12-28 12:47:44.681251|{rx-200} 1, 1, 1, 3, 201, 701, 0, 0, 0, 0, 2, 3, 0, 3, 3
2025-12-28 12:47:44.686957|{rssi-200} 111, -127, -85, -72, -127, -127, -127, 111, 111, 111, 111, 111, 111, 111, 111, 111, 111, 111, 
2025-12-28 12:47:44.696588|{td-200} 0, -2995008, -19, -19, 0, 0, 0, 0, 0, 0, 0, 0, 0, 0, 0, 0, 0, 0, 
2025-12-28 12:47:44.702943|{tx-200} :AC-BBB...........
2025-12-28 12:47:44.872057|{rx-201} 1, 0, 2, 3, 202, 704, 0, 0, 0, 0, 2, 3, 0, 3, 3
2025-12-28 12:47:44.876939|{rssi-201} 111, -127, -127, -65, -127, -127, -127, 111, 111, 111, 111, 111, 111, 111, 111, 111, 111, 111, 
2025-12-28 12:47:44.886909|{td-201} 0, -2995008, -3003928, -21, 0, 0, 0, 0, 0, 0, 0, 0, 0, 0, 0, 0, 0, 0, 
2025-12-28 12:47:44.894167|{tx-201} :AA-BBB...........
2025-12-28 12:47:45.063589|{rx-202} 1, 4, 1, 3, 203, 710, 0, 0, 0, 0, 5, 4, 0, 3, 3
2025-12-28 12:47:45.068646|{rssi-202} 111, -127, -84, -86, -70, -68, -64, -127, -127, -127, 111, 111, 111, 111, 111, 111, 111, 111, 
2025-12-28 12:47:45.078291|{td-202} 0, -2995008, -15, -15, -15, -15, -15, 0, 0, 0, 0, 0, 0, 0, 0, 0, 0, 0, 
2025-12-28 12:47:45.084511|{tx-202} :ACCCC-BBB........
2025-12-28 12:47:45.252470|{rx-203} 1, 0, 2, 3, 204, 713, 0, 0, 0, 0, 2, 3, 0, 3, 3
2025-12-28 12:47:45.256177|{rssi-203} 111, -127, -127, -73, -127, -127, -127, 111, 111, 111, 111, 111, 111, 111, 111, 111, 111, 111, 
2025-12-28 12:47:45.266629|{td-203} 0, -2968248, -2977168, -17, 0, 0, 0, 0, 0, 0, 0, 0, 0, 0, 0, 0, 0, 0, 
2025-12-28 12:47:45.272894|{tx-203} :AA-BBB...........
2025-12-28 12:47:45.443404|{rx-204} 1, 2, 2, 3, 205, 718, 0, 0, 0, 0, 4, 3, 0, 3, 3
2025-12-28 12:47:45.448263|{rssi-204} 111, -127, -127, -87, -94, -73, -127, -127, -127, 111, 111, 111, 111, 111, 111, 111, 111, 111, 
2025-12-28 12:47:45.459464|{td-204} 0, -2995008, -3003928, -19, -21, -21, 0, 0, 0, 0, 0, 0, 0, 0, 0, 0, 0, 0, 
2025-12-28 12:47:45.464853|{tx-204} :AACC-BBB.........
2025-12-28 12:47:45.631639|{rx-205} 1, 0, 2, 3, 206, 721, 0, 0, 0, 0, 2, 3, 0, 3, 3
2025-12-28 12:47:45.636971|{rssi-205} 111, -127, -127, -75, -127, -127, -127, 111, 111, 111, 111, 111, 111, 111, 111, 111, 111, 111, 
2025-12-28 12:47:45.646433|{td-205} 0, -2977168, -2986088, -17, 0, 0, 0, 0, 0, 0, 0, 0, 0, 0, 0, 0, 0, 0, 
2025-12-28 12:47:45.653383|{tx-205} :AA-BBB...........
2025-12-28 12:47:45.822381|{rx-206} 1, 1, 1, 3, 207, 724, 0, 0, 0, 0, 2, 3, 0, 3, 3
2025-12-28 12:47:45.826683|{rssi-206} 111, -127, -88, -72, -127, -127, -127, 111, 111, 111, 111, 111, 111, 111, 111, 111, 111, 111, 
2025-12-28 12:47:45.836380|{td-206} 0, -2995008, -17, -15, 0, 0, 0, 0, 0, 0, 0, 0, 0, 0, 0, 0, 0, 0, 
2025-12-28 12:47:45.842796|{tx-206} :AC-BBB...........
2025-12-28 12:47:46.012250|{rx-207} 1, 1, 1, 3, 208, 727, 0, 0, 0, 0, 2, 3, 0, 3, 3
2025-12-28 12:47:46.016980|{rssi-207} 111, -127, -94, -78, -127, -127, -127, 111, 111, 111, 111, 111, 111, 111, 111, 111, 111, 111, 
2025-12-28 12:47:46.026367|{td-207} 0, -2995008, -19, -19, 0, 0, 0, 0, 0, 0, 0, 0, 0, 0, 0, 0, 0, 0, 
2025-12-28 12:47:46.031815|{tx-207} :AC-BBB...........
2025-12-28 12:47:46.202025|{rx-208} 1, 1, 1, 3, 209, 730, 0, 0, 0, 0, 2, 3, 0, 3, 3
2025-12-28 12:47:46.206754|{rssi-208} 111, -127, -85, -73, -127, -127, -127, 111, 111, 111, 111, 111, 111, 111, 111, 111, 111, 111, 
2025-12-28 12:47:46.216066|{td-208} 0, -2995008, -19, -19, 0, 0, 0, 0, 0, 0, 0, 0, 0, 0, 0, 0, 0, 0, 
2025-12-28 12:47:46.222870|{tx-208} :AC-BBB...........
2025-12-28 12:47:46.391906|{rx-209} 1, 0, 2, 3, 210, 733, 0, 0, 0, 0, 2, 3, 0, 3, 3
2025-12-28 12:47:46.397265|{rssi-209} 111, -127, -127, -74, -127, -127, -127, 111, 111, 111, 111, 111, 111, 111, 111, 111, 111, 111, 
2025-12-28 12:47:46.408337|{td-209} 0, -2995008, -3003928, -17, 0, 0, 0, 0, 0, 0, 0, 0, 0, 0, 0, 0, 0, 0, 
2025-12-28 12:47:46.413646|{tx-209} :AA-BBB...........
2025-12-28 12:47:46.583343|{rx-210} 1, 3, 2, 3, 211, 739, 0, 0, 0, 0, 5, 4, 0, 3, 3
2025-12-28 12:47:46.587709|{rssi-210} 111, -127, -127, -73, -65, -67, -65, -127, -127, -127, 111, 111, 111, 111, 111, 111, 111, 111, 
2025-12-28 12:47:46.598094|{td-210} 0, -2995008, -3003928, -17, -19, -19, -19, 0, 0, 0, 0, 0, 0, 0, 0, 0, 0, 0, 
2025-12-28 12:47:46.604832|{tx-210} :AACCC-BBB........
2025-12-28 12:47:46.772268|{rx-211} 1, 1, 1, 3, 212, 742, 0, 0, 0, 0, 2, 3, 0, 3, 3
2025-12-28 12:47:46.776423|{rssi-211} 111, -127, -85, -74, -127, -127, -127, 111, 111, 111, 111, 111, 111, 111, 111, 111, 111, 111, 
2025-12-28 12:47:46.786612|{td-211} 0, -2968248, -17, -19, 0, 0, 0, 0, 0, 0, 0, 0, 0, 0, 0, 0, 0, 0, 
2025-12-28 12:47:46.793076|{tx-211} :AC-BBB...........
2025-12-28 12:47:46.961957|{rx-212} 1, 2, 1, 3, 213, 746, 0, 0, 0, 0, 3, 4, 0, 3, 3
2025-12-28 12:47:46.969049|{rssi-212} 111, -127, -93, -72, -73, -127, -127, -127, 111, 111, 111, 111, 111, 111, 111, 111, 111, 111, 
2025-12-28 12:47:46.975661|{td-212} 0, -2995008, -15, -15, -15, 0, 0, 0, 0, 0, 0, 0, 0, 0, 0, 0, 0, 0, 
2025-12-28 12:47:46.982431|{tx-212} :ACC-BBB..........
2025-12-28 12:47:47.151763|{rx-213} 1, 0, 2, 3, 214, 749, 0, 0, 0, 0, 2, 3, 0, 3, 3
2025-12-28 12:47:47.155978|{rssi-213} 111, -127, -127, -66, -127, -127, -127, 111, 111, 111, 111, 111, 111, 111, 111, 111, 111, 111, 
2025-12-28 12:47:47.166014|{td-213} 0, -2986088, -2995008, -21, 0, 0, 0, 0, 0, 0, 0, 0, 0, 0, 0, 0, 0, 0, 
2025-12-28 12:47:47.173122|{tx-213} :AA-BBB...........
2025-12-28 12:47:47.341755|{rx-214} 1, 1, 3, 3, 215, 754, 0, 0, 0, 0, 3, 3, 0, 3, 3
2025-12-28 12:47:47.347230|{rssi-214} 111, -127, -92, -92, -72, -127, -127, -127, 111, 111, 111, 111, 111, 111, 111, 111, 111, 111, 
2025-12-28 12:47:47.356943|{td-214} 0, -2995008, -15, -8935, -17, 0, 0, 0, 0, 0, 0, 0, 0, 0, 0, 0, 0, 0, 
2025-12-28 12:47:47.363228|{tx-214} :APA-BBB..........
2025-12-28 12:47:47.531530|{rx-215} 1, 0, 2, 3, 216, 757, 0, 0, 0, 0, 2, 3, 0, 3, 3
2025-12-28 12:47:47.535725|{rssi-215} 111, -127, -127, -67, -127, -127, -127, 111, 111, 111, 111, 111, 111, 111, 111, 111, 111, 111, 
2025-12-28 12:47:47.545780|{td-215} 0, -2986088, -2995008, -17, 0, 0, 0, 0, 0, 0, 0, 0, 0, 0, 0, 0, 0, 0, 
2025-12-28 12:47:47.553239|{tx-215} :AA-BBB...........
2025-12-28 12:47:47.721881|{rx-216} 1, 2, 1, 3, 217, 761, 0, 0, 0, 0, 3, 3, 0, 3, 3
2025-12-28 12:47:47.726189|{rssi-216} 111, -127, -87, -84, -75, -127, -127, -127, 111, 111, 111, 111, 111, 111, 111, 111, 111, 111, 
2025-12-28 12:47:47.736510|{td-216} 0, -2995008, -12, -17, -19, 0, 0, 0, 0, 0, 0, 0, 0, 0, 0, 0, 0, 0, 
2025-12-28 12:47:47.743154|{tx-216} :ACC-BBB..........
2025-12-28 12:47:47.914380|{rx-217} 1, 2, 6, 3, 218, 770, 0, 0, 0, 0, 6, 5, 0, 3, 3
2025-12-28 12:47:47.919128|{rssi-217} 111, -127, -127, -89, -89, -92, -92, -75, -127, -127, -127, 111, 111, 111, 111, 111, 111, 111, 
2025-12-28 12:47:47.928554|{td-217} 0, -2986088, -2995008, -15, -8935, -19, -8939, -17, 0, 0, 0, 0, 0, 0, 0, 0, 0, 0, 
2025-12-28 12:47:47.936532|{tx-217} :AAPAPA-BBB.......
2025-12-28 12:47:48.101085|{rx-218} 1, 0, 2, 3, 219, 773, 0, 0, 0, 0, 2, 3, 0, 3, 3
2025-12-28 12:47:48.106055|{rssi-218} 111, -127, -127, -72, -127, -127, -127, 111, 111, 111, 111, 111, 111, 111, 111, 111, 111, 111, 
2025-12-28 12:47:48.115042|{td-218} 0, -2959328, -2968248, -15, 0, 0, 0, 0, 0, 0, 0, 0, 0, 0, 0, 0, 0, 0, 
2025-12-28 12:47:48.122332|{tx-218} :AA-BBB...........
2025-12-28 12:47:48.291508|{rx-219} 1, 0, 2, 3, 220, 776, 0, 0, 0, 0, 2, 3, 0, 3, 3
2025-12-28 12:47:48.296128|{rssi-219} 111, -127, -127, -72, -127, -127, -127, 111, 111, 111, 111, 111, 111, 111, 111, 111, 111, 111, 
2025-12-28 12:47:48.305311|{td-219} 0, -2995008, -3003928, -21, 0, 0, 0, 0, 0, 0, 0, 0, 0, 0, 0, 0, 0, 0, 
2025-12-28 12:47:48.312027|{tx-219} :AA-BBB...........
2025-12-28 12:47:48.483298|{rx-220} 1, 4, 2, 3, 221, 783, 0, 0, 0, 0, 5, 4, 0, 3, 3
2025-12-28 12:47:48.488004|{rssi-220} 111, -127, -91, -71, -70, -65, -65, -127, -127, -127, 111, 111, 111, 111, 111, 111, 111, 111, 
2025-12-28 12:47:48.498045|{td-220} 0, -2995008, -17, -17, -19, -17, -17, 0, 0, 0, 0, 0, 0, 0, 0, 0, 0, 0, 
2025-12-28 12:47:48.503918|{tx-220} :APCCC-BBB........
2025-12-28 12:47:48.674133|{rx-221} 1, 4, 1, 3, 222, 789, 0, 0, 0, 0, 5, 4, 0, 3, 3
2025-12-28 12:47:48.678914|{rssi-221} 111, -127, -91, -67, -64, -65, -67, -127, -127, -127, 111, 111, 111, 111, 111, 111, 111, 111, 
2025-12-28 12:47:48.689353|{td-221} 0, -2968248, -19, -17, -17, -17, -17, 0, 0, 0, 0, 0, 0, 0, 0, 0, 0, 0, 
2025-12-28 12:47:48.695452|{tx-221} :ACCCC-BBB........
2025-12-28 12:47:48.861997|{rx-222} 1, 1, 2, 3, 223, 793, 0, 0, 0, 0, 3, 4, 0, 3, 3
2025-12-28 12:47:48.867059|{rssi-222} 111, -127, -127, -66, -65, -127, -127, -127, 111, 111, 111, 111, 111, 111, 111, 111, 111, 111, 
2025-12-28 12:47:48.876203|{td-222} 0, -2968248, -2977168, -17, -21, 0, 0, 0, 0, 0, 0, 0, 0, 0, 0, 0, 0, 0, 
2025-12-28 12:47:48.883462|{tx-222} :AAC-BBB..........
2025-12-28 12:47:49.052528|{rx-223} 1, 1, 3, 3, 224, 798, 0, 0, 0, 0, 4, 3, 0, 3, 3
2025-12-28 12:47:49.058582|{rssi-223} 111, -127, -127, -127, -89, -74, -127, -127, -127, 111, 111, 111, 111, 111, 111, 111, 111, 111, 
2025-12-28 12:47:49.066601|{td-223} 0, -2986088, -2995008, -3003928, -13, -15, 0, 0, 0, 0, 0, 0, 0, 0, 0, 0, 0, 0, 
2025-12-28 12:47:49.074053|{tx-223} :AAAC-BBB.........
2025-12-28 12:47:49.241526|{rx-224} 1, 0, 2, 3, 225, 801, 0, 0, 0, 0, 2, 3, 0, 3, 3
2025-12-28 12:47:49.246298|{rssi-224} 111, -127, -127, -71, -127, -127, -127, 111, 111, 111, 111, 111, 111, 111, 111, 111, 111, 111, 
2025-12-28 12:47:49.255867|{td-224} 0, -2977168, -2986088, -19, 0, 0, 0, 0, 0, 0, 0, 0, 0, 0, 0, 0, 0, 0, 
2025-12-28 12:47:49.262049|{tx-224} :AA-BBB...........
2025-12-28 12:47:49.430759|{rx-225} 1, 1, 1, 3, 226, 804, 0, 0, 0, 0, 2, 3, 0, 3, 3
2025-12-28 12:47:49.436727|{rssi-225} 111, -127, -89, -74, -127, -127, -127, 111, 111, 111, 111, 111, 111, 111, 111, 111, 111, 111, 
2025-12-28 12:47:49.445685|{td-225} 0, -2995008, -17, -17, 0, 0, 0, 0, 0, 0, 0, 0, 0, 0, 0, 0, 0, 0, 
2025-12-28 12:47:49.451135|{tx-225} :AC-BBB...........
2025-12-28 12:47:49.621082|{rx-226} 1, 1, 1, 3, 227, 807, 0, 0, 0, 0, 2, 3, 0, 3, 3
2025-12-28 12:47:49.626020|{rssi-226} 111, -127, -90, -69, -127, -127, -127, 111, 111, 111, 111, 111, 111, 111, 111, 111, 111, 111, 
2025-12-28 12:47:49.635660|{td-226} 0, -2995008, -17, -17, 0, 0, 0, 0, 0, 0, 0, 0, 0, 0, 0, 0, 0, 0, 
2025-12-28 12:47:49.641288|{tx-226} :AE-BBB...........
2025-12-28 12:47:49.811345|{rx-227} 1, 1, 1, 3, 228, 810, 0, 0, 0, 0, 2, 3, 0, 3, 3
2025-12-28 12:47:49.814941|{rssi-227} 111, -127, -89, -74, -127, -127, -127, 111, 111, 111, 111, 111, 111, 111, 111, 111, 111, 111, 
2025-12-28 12:47:49.825188|{td-227} 0, -2995008, -17, -19, 0, 0, 0, 0, 0, 0, 0, 0, 0, 0, 0, 0, 0, 0, 
2025-12-28 12:47:49.832330|{tx-227} :AC-BBB...........
2025-12-28 12:47:50.001429|{rx-228} 1, 1, 1, 3, 229, 813, 0, 0, 0, 0, 2, 3, 0, 3, 3
2025-12-28 12:47:50.006056|{rssi-228} 111, -127, -83, -75, -127, -127, -127, 111, 111, 111, 111, 111, 111, 111, 111, 111, 111, 111, 
2025-12-28 12:47:50.015465|{td-228} 0, -2995008, -17, -19, 0, 0, 0, 0, 0, 0, 0, 0, 0, 0, 0, 0, 0, 0, 
2025-12-28 12:47:50.021877|{tx-228} :AC-BBB...........
2025-12-28 12:47:50.190987|{rx-229} 1, 0, 2, 3, 230, 816, 0, 0, 0, 0, 2, 3, 0, 3, 3
2025-12-28 12:47:50.195218|{rssi-229} 111, -127, -127, -72, -127, -127, -127, 111, 111, 111, 111, 111, 111, 111, 111, 111, 111, 111, 
2025-12-28 12:47:50.205621|{td-229} 0, -2995008, -3003928, -15, 0, 0, 0, 0, 0, 0, 0, 0, 0, 0, 0, 0, 0, 0, 
2025-12-28 12:47:50.212811|{tx-229} :AA-BBB...........
2025-12-28 12:47:50.381255|{rx-230} 1, 0, 2, 3, 231, 819, 0, 0, 0, 0, 2, 3, 0, 3, 3
2025-12-28 12:47:50.385152|{rssi-230} 111, -127, -127, -65, -127, -127, -127, 111, 111, 111, 111, 111, 111, 111, 111, 111, 111, 111, 
2025-12-28 12:47:50.396218|{td-230} 0, -2995008, -3003928, -19, 0, 0, 0, 0, 0, 0, 0, 0, 0, 0, 0, 0, 0, 0, 
2025-12-28 12:47:50.401491|{tx-230} :AA-BBB...........
2025-12-28 12:47:50.571976|{rx-231} 1, 1, 1, 3, 232, 822, 0, 0, 0, 0, 2, 3, 0, 3, 3
2025-12-28 12:47:50.576038|{rssi-231} 111, -127, -87, -81, -127, -127, -127, 111, 111, 111, 111, 111, 111, 111, 111, 111, 111, 111, 
2025-12-28 12:47:50.585903|{td-231} 0, -2995008, -17, -17, 0, 0, 0, 0, 0, 0, 0, 0, 0, 0, 0, 0, 0, 0, 
2025-12-28 12:47:50.592232|{tx-231} :AC-BBB...........
2025-12-28 12:47:50.760934|{rx-232} 1, 1, 1, 3, 233, 825, 0, 0, 0, 0, 2, 3, 0, 3, 3
2025-12-28 12:47:50.765445|{rssi-232} 111, -127, -87, -74, -127, -127, -127, 111, 111, 111, 111, 111, 111, 111, 111, 111, 111, 111, 
2025-12-28 12:47:50.775437|{td-232} 0, -2995008, -17, -17, 0, 0, 0, 0, 0, 0, 0, 0, 0, 0, 0, 0, 0, 0, 
2025-12-28 12:47:50.781929|{tx-232} :AC-BBB...........
2025-12-28 12:47:50.950801|{rx-233} 1, 0, 2, 3, 234, 828, 0, 0, 0, 0, 2, 3, 0, 3, 3
2025-12-28 12:47:50.955557|{rssi-233} 111, -127, -127, -64, -127, -127, -127, 111, 111, 111, 111, 111, 111, 111, 111, 111, 111, 111, 
2025-12-28 12:47:50.965467|{td-233} 0, -2995008, -3003928, -19, 0, 0, 0, 0, 0, 0, 0, 0, 0, 0, 0, 0, 0, 0, 
2025-12-28 12:47:50.972108|{tx-233} :AA-BBB...........
2025-12-28 12:47:51.141731|{rx-234} 1, 0, 2, 3, 235, 831, 0, 0, 0, 0, 2, 3, 0, 3, 3
2025-12-28 12:47:51.146379|{rssi-234} 111, -127, -127, -74, -127, -127, -127, 111, 111, 111, 111, 111, 111, 111, 111, 111, 111, 111, 
2025-12-28 12:47:51.155585|{td-234} 0, -2995008, -3003928, -17, 0, 0, 0, 0, 0, 0, 0, 0, 0, 0, 0, 0, 0, 0, 
2025-12-28 12:47:51.162020|{tx-234} :AA-BBB...........
2025-12-28 12:47:51.330828|{rx-235} 1, 0, 2, 3, 236, 834, 0, 0, 0, 0, 2, 3, 0, 3, 3
2025-12-28 12:47:51.335685|{rssi-235} 111, -127, -127, -75, -127, -127, -127, 111, 111, 111, 111, 111, 111, 111, 111, 111, 111, 111, 
2025-12-28 12:47:51.345128|{td-235} 0, -2995008, -3003928, -17, 0, 0, 0, 0, 0, 0, 0, 0, 0, 0, 0, 0, 0, 0, 
2025-12-28 12:47:51.351548|{tx-235} :AA-BBB...........
2025-12-28 12:47:51.521323|{rx-236} 1, 1, 2, 3, 237, 838, 0, 0, 0, 0, 3, 3, 0, 3, 3
2025-12-28 12:47:51.525701|{rssi-236} 111, -127, -84, -84, -73, -127, -127, -127, 111, 111, 111, 111, 111, 111, 111, 111, 111, 111, 
2025-12-28 12:47:51.535146|{td-236} 0, -2995008, -19, -8939, -19, 0, 0, 0, 0, 0, 0, 0, 0, 0, 0, 0, 0, 0, 
2025-12-28 12:47:51.542787|{tx-236} :ACA-BBB..........
2025-12-28 12:47:51.710821|{rx-237} 1, 1, 1, 3, 238, 841, 0, 0, 0, 0, 2, 3, 0, 3, 3
2025-12-28 12:47:51.715618|{rssi-237} 111, -127, -89, -73, -127, -127, -127, 111, 111, 111, 111, 111, 111, 111, 111, 111, 111, 111, 
2025-12-28 12:47:51.724864|{td-237} 0, -2986088, -17, -19, 0, 0, 0, 0, 0, 0, 0, 0, 0, 0, 0, 0, 0, 0, 
2025-12-28 12:47:51.732125|{tx-237} :AC-BBB...........
2025-12-28 12:47:51.901105|{rx-238} 1, 0, 2, 3, 239, 844, 0, 0, 0, 0, 2, 3, 0, 3, 3
2025-12-28 12:47:51.904747|{rssi-238} 111, -127, -127, -74, -127, -127, -127, 111, 111, 111, 111, 111, 111, 111, 111, 111, 111, 111, 
2025-12-28 12:47:51.915092|{td-238} 0, -2995008, -3003928, -17, 0, 0, 0, 0, 0, 0, 0, 0, 0, 0, 0, 0, 0, 0, 
2025-12-28 12:47:51.921605|{tx-238} :AA-BBB...........
2025-12-28 12:47:52.091146|{rx-239} 1, 1, 1, 3, 240, 847, 0, 0, 0, 0, 2, 3, 0, 3, 3
2025-12-28 12:47:52.096875|{rssi-239} 111, -127, -90, -72, -127, -127, -127, 111, 111, 111, 111, 111, 111, 111, 111, 111, 111, 111, 
2025-12-28 12:47:52.105090|{td-239} 0, -2995008, -19, -17, 0, 0, 0, 0, 0, 0, 0, 0, 0, 0, 0, 0, 0, 0, 
2025-12-28 12:47:52.111192|{tx-239} :AC-BBB...........
2025-12-28 12:47:52.281147|{rx-240} 1, 0, 3, 3, 241, 851, 0, 0, 0, 0, 3, 3, 0, 3, 3
2025-12-28 12:47:52.286533|{rssi-240} 111, -127, -127, -127, -65, -127, -127, -127, 111, 111, 111, 111, 111, 111, 111, 111, 111, 111, 
2025-12-28 12:47:52.294708|{td-240} 0, -2995008, -3003928, -3012848, -19, 0, 0, 0, 0, 0, 0, 0, 0, 0, 0, 0, 0, 0, 
2025-12-28 12:47:52.302969|{tx-240} :AAA-BBB..........
2025-12-28 12:47:52.471419|{rx-241} 1, 1, 1, 3, 242, 854, 0, 0, 0, 0, 2, 3, 0, 3, 3
2025-12-28 12:47:52.475708|{rssi-241} 111, -127, -87, -65, -127, -127, -127, 111, 111, 111, 111, 111, 111, 111, 111, 111, 111, 111, 
2025-12-28 12:47:52.485074|{td-241} 0, -2986088, -19, -17, 0, 0, 0, 0, 0, 0, 0, 0, 0, 0, 0, 0, 0, 0, 
2025-12-28 12:47:52.493400|{tx-241} :AC-BBB...........
2025-12-28 12:47:52.660883|{rx-242} 1, 1, 2, 3, 243, 858, 0, 0, 0, 0, 3, 3, 0, 3, 3
2025-12-28 12:47:52.665830|{rssi-242} 111, -127, -127, -93, -69, -127, -127, -127, 111, 111, 111, 111, 111, 111, 111, 111, 111, 111, 
2025-12-28 12:47:52.675600|{td-242} 0, -2995008, -3003928, -21, -21, 0, 0, 0, 0, 0, 0, 0, 0, 0, 0, 0, 0, 0, 
2025-12-28 12:47:52.682038|{tx-242} :AAC-BBB..........
2025-12-28 12:47:52.850005|{rx-243} 1, 1, 2, 3, 244, 862, 0, 0, 0, 0, 2, 3, 0, 3, 3
2025-12-28 12:47:52.854785|{rssi-243} 111, -127, -91, -74, -127, -127, -127, 111, 111, 111, 111, 111, 111, 111, 111, 111, 111, 111, 
2025-12-28 12:47:52.864031|{td-243} 0, -2986088, -17, -19, 0, 0, 0, 0, 0, 0, 0, 0, 0, 0, 0, 0, 0, 0, 
2025-12-28 12:47:52.871064|{tx-243} :AP-BBB...........
2025-12-28 12:47:53.040701|{rx-244} 1, 1, 1, 3, 245, 865, 0, 0, 0, 0, 2, 3, 0, 3, 3
2025-12-28 12:47:53.045540|{rssi-244} 111, -127, -89, -73, -127, -127, -127, 111, 111, 111, 111, 111, 111, 111, 111, 111, 111, 111, 
2025-12-28 12:47:53.054404|{td-244} 0, -2995008, -15, -13, 0, 0, 0, 0, 0, 0, 0, 0, 0, 0, 0, 0, 0, 0, 
2025-12-28 12:47:53.061715|{tx-244} :AE-BBB...........
2025-12-28 12:47:53.231620|{rx-245} 1, 1, 2, 3, 246, 869, 0, 0, 0, 0, 3, 4, 0, 3, 3
2025-12-28 12:47:53.234973|{rssi-245} 111, -127, -127, -66, -72, -127, -127, -127, 111, 111, 111, 111, 111, 111, 111, 111, 111, 111, 
2025-12-28 12:47:53.244782|{td-245} 0, -2995008, -3003928, -17, -19, 0, 0, 0, 0, 0, 0, 0, 0, 0, 0, 0, 0, 0, 
2025-12-28 12:47:53.253104|{tx-245} :AAC-BBB..........
2025-12-28 12:47:53.420417|{rx-246} 1, 0, 2, 3, 247, 872, 0, 0, 0, 0, 2, 3, 0, 3, 3
2025-12-28 12:47:53.425229|{rssi-246} 111, -127, -127, -74, -127, -127, -127, 111, 111, 111, 111, 111, 111, 111, 111, 111, 111, 111, 
2025-12-28 12:47:53.435081|{td-246} 0, -2986088, -2995008, -17, 0, 0, 0, 0, 0, 0, 0, 0, 0, 0, 0, 0, 0, 0, 
2025-12-28 12:47:53.441195|{tx-246} :AA-BBB...........
2025-12-28 12:47:53.610298|{rx-247} 1, 0, 2, 3, 248, 875, 0, 0, 0, 0, 2, 3, 0, 3, 3
2025-12-28 12:47:53.615109|{rssi-247} 111, -127, -127, -68, -127, -127, -127, 111, 111, 111, 111, 111, 111, 111, 111, 111, 111, 111, 
2025-12-28 12:47:53.624732|{td-247} 0, -2995008, -3003928, -19, 0, 0, 0, 0, 0, 0, 0, 0, 0, 0, 0, 0, 0, 0, 
2025-12-28 12:47:53.632310|{tx-247} :AA-BBB...........
2025-12-28 12:47:53.799937|{rx-248} 1, 0, 2, 3, 249, 878, 0, 0, 0, 0, 2, 3, 0, 3, 3
2025-12-28 12:47:53.804789|{rssi-248} 111, -127, -127, -76, -127, -127, -127, 111, 111, 111, 111, 111, 111, 111, 111, 111, 111, 111, 
2025-12-28 12:47:53.814748|{td-248} 0, -2995008, -3003928, -17, 0, 0, 0, 0, 0, 0, 0, 0, 0, 0, 0, 0, 0, 0, 
2025-12-28 12:47:53.821149|{tx-248} :AA-BBB...........
2025-12-28 12:47:53.990742|{rx-249} 1, 0, 2, 3, 250, 881, 0, 0, 0, 0, 2, 3, 0, 3, 3
2025-12-28 12:47:53.995172|{rssi-249} 111, -127, -127, -75, -127, -127, -127, 111, 111, 111, 111, 111, 111, 111, 111, 111, 111, 111, 
2025-12-28 12:47:54.004162|{td-249} 0, -2995008, -3003928, -19, 0, 0, 0, 0, 0, 0, 0, 0, 0, 0, 0, 0, 0, 0, 
2025-12-28 12:47:54.012087|{tx-249} :AA-BBB...........
2025-12-28 12:47:54.180550|{rx-250} 1, 0, 2, 3, 251, 884, 0, 0, 0, 0, 2, 3, 0, 3, 3
2025-12-28 12:47:54.185127|{rssi-250} 111, -127, -127, -75, -127, -127, -127, 111, 111, 111, 111, 111, 111, 111, 111, 111, 111, 111, 
2025-12-28 12:47:54.194598|{td-250} 0, -2995008, -3003928, -17, 0, 0, 0, 0, 0, 0, 0, 0, 0, 0, 0, 0, 0, 0, 
2025-12-28 12:47:54.200704|{tx-250} :AA-BBB...........
2025-12-28 12:47:54.371573|{rx-251} 1, 2, 2, 3, 252, 889, 0, 0, 0, 0, 3, 3, 0, 3, 3
2025-12-28 12:47:54.375042|{rssi-251} 111, -127, -96, -89, -73, -127, -127, -127, 111, 111, 111, 111, 111, 111, 111, 111, 111, 111, 
2025-12-28 12:47:54.385735|{td-251} 0, -2995008, -19, -17, -19, 0, 0, 0, 0, 0, 0, 0, 0, 0, 0, 0, 0, 0, 
2025-12-28 12:47:54.392259|{tx-251} :APC-BBB..........
2025-12-28 12:47:54.559757|{rx-252} 1, 0, 2, 3, 253, 892, 0, 0, 0, 0, 2, 3, 0, 3, 3
2025-12-28 12:47:54.565839|{rssi-252} 111, -127, -127, -73, -127, -127, -127, 111, 111, 111, 111, 111, 111, 111, 111, 111, 111, 111, 
2025-12-28 12:47:54.574111|{td-252} 0, -2986088, -2995008, -17, 0, 0, 0, 0, 0, 0, 0, 0, 0, 0, 0, 0, 0, 0, 
2025-12-28 12:47:54.581170|{tx-252} :AA-BBB...........
2025-12-28 12:47:54.750265|{rx-253} 1, 0, 3, 3, 254, 896, 0, 0, 0, 0, 3, 3, 0, 3, 3
2025-12-28 12:47:54.755609|{rssi-253} 111, -127, -127, -127, -74, -127, -127, -127, 111, 111, 111, 111, 111, 111, 111, 111, 111, 111, 
2025-12-28 12:47:54.765012|{td-253} 0, -2995008, -3003928, -3012848, -19, 0, 0, 0, 0, 0, 0, 0, 0, 0, 0, 0, 0, 0, 
2025-12-28 12:47:54.773573|{tx-253} :AAA-BBB..........
2025-12-28 12:47:54.939917|{rx-254} 1, 1, 1, 3, 255, 899, 0, 0, 0, 0, 2, 3, 0, 3, 3
2025-12-28 12:47:54.945551|{rssi-254} 111, -127, -95, -76, -127, -127, -127, 111, 111, 111, 111, 111, 111, 111, 111, 111, 111, 111, 
2025-12-28 12:47:54.954714|{td-254} 0, -2986088, -19, -17, 0, 0, 0, 0, 0, 0, 0, 0, 0, 0, 0, 0, 0, 0, 
2025-12-28 12:47:54.960530|{tx-254} :AC-BBB...........
2025-12-28 12:47:55.130251|{rx-255} 1, 1, 1, 3, 256, 902, 0, 0, 0, 0, 2, 3, 0, 3, 3
2025-12-28 12:47:55.134373|{rssi-255} 111, -127, -85, -75, -127, -127, -127, 111, 111, 111, 111, 111, 111, 111, 111, 111, 111, 111, 
2025-12-28 12:47:55.144657|{td-255} 0, -2995008, -17, -19, 0, 0, 0, 0, 0, 0, 0, 0, 0, 0, 0, 0, 0, 0, 
2025-12-28 12:47:55.150934|{tx-255} :AC-BBB...........
2025-12-28 12:47:55.330136|{rx-256} 1, 1, 1, 3, 257, 905, 0, 0, 0, 0, 2, 3, 0, 3, 3
2025-12-28 12:47:55.334147|{rssi-256} 111, -127, -87, -69, -127, -127, -127, 111, 111, 111, 111, 111, 111, 111, 111, 111, 111, 111, 
2025-12-28 12:47:55.342019|{td-256} 0, -2995008, -15, -19, 0, 0, 0, 0, 0, 0, 0, 0, 0, 0, 0, 0, 0, 0, 
2025-12-28 12:47:55.345036|{tx-256} :AC-BBB...........
2025-12-28 12:47:55.509704|{rx-257} 1, 1, 1, 3, 258, 908, 0, 0, 0, 0, 2, 3, 0, 3, 3
2025-12-28 12:47:55.515008|{rssi-257} 111, -127, -86, -74, -127, -127, -127, 111, 111, 111, 111, 111, 111, 111, 111, 111, 111, 111, 
2025-12-28 12:47:55.524594|{td-257} 0, -2995008, -17, -13, 0, 0, 0, 0, 0, 0, 0, 0, 0, 0, 0, 0, 0, 0, 
2025-12-28 12:47:55.531352|{tx-257} :AC-BBB...........
2025-12-28 12:47:55.699707|{rx-258} 1, 0, 2, 3, 259, 911, 0, 0, 0, 0, 2, 3, 0, 3, 3
2025-12-28 12:47:55.703753|{rssi-258} 111, -127, -127, -75, -127, -127, -127, 111, 111, 111, 111, 111, 111, 111, 111, 111, 111, 111, 
2025-12-28 12:47:55.714263|{td-258} 0, -2995008, -3003928, -21, 0, 0, 0, 0, 0, 0, 0, 0, 0, 0, 0, 0, 0, 0, 
2025-12-28 12:47:55.721605|{tx-258} :AA-BBB...........
2025-12-28 12:47:55.890556|{rx-259} 1, 0, 2, 3, 260, 914, 0, 0, 0, 0, 2, 3, 0, 3, 3
2025-12-28 12:47:55.894859|{rssi-259} 111, -127, -127, -61, -127, -127, -127, 111, 111, 111, 111, 111, 111, 111, 111, 111, 111, 111, 
2025-12-28 12:47:55.904181|{td-259} 0, -2995008, -3003928, -19, 0, 0, 0, 0, 0, 0, 0, 0, 0, 0, 0, 0, 0, 0, 
2025-12-28 12:47:55.910567|{tx-259} :AA-BBB...........
2025-12-28 12:47:56.080010|{rx-260} 1, 0, 2, 3, 261, 917, 0, 0, 0, 0, 2, 3, 0, 3, 3
2025-12-28 12:47:56.084921|{rssi-260} 111, -127, -127, -74, -127, -127, -127, 111, 111, 111, 111, 111, 111, 111, 111, 111, 111, 111, 
2025-12-28 12:47:56.094742|{td-260} 0, -2995008, -3003928, -15, 0, 0, 0, 0, 0, 0, 0, 0, 0, 0, 0, 0, 0, 0, 
2025-12-28 12:47:56.100653|{tx-260} :AA-BBB...........
2025-12-28 12:47:56.275122|{rx-261} 1, 1, 1, 3, 262, 920, 0, 0, 0, 0, 2, 3, 0, 3, 3
2025-12-28 12:47:56.277983|{rssi-261} 111, -127, -89, -76, -127, -127, -127, 111, 111, 111, 111, 111, 111, 111, 111, 111, 111, 111, 
2025-12-28 12:47:56.283674|{td-261} 0, -2995008, -21, -19, 0, 0, 0, 0, 0, 0, 0, 0, 0, 0, 0, 0, 0, 0, 
2025-12-28 12:47:56.291580|{tx-261} :AC-BBB...........
2025-12-28 12:47:56.460380|{rx-262} 1, 1, 3, 3, 263, 925, 0, 0, 0, 0, 3, 3, 0, 3, 3
2025-12-28 12:47:56.465043|{rssi-262} 111, -127, -89, -89, -65, -127, -127, -127, 111, 111, 111, 111, 111, 111, 111, 111, 111, 111, 
2025-12-28 12:47:56.474714|{td-262} 0, -2995008, -17, -8937, -19, 0, 0, 0, 0, 0, 0, 0, 0, 0, 0, 0, 0, 0, 
2025-12-28 12:47:56.481641|{tx-262} :APA-BBB..........
2025-12-28 12:47:56.650562|{rx-263} 1, 0, 2, 3, 264, 928, 0, 0, 0, 0, 2, 3, 0, 3, 3
2025-12-28 12:47:56.654639|{rssi-263} 111, -127, -127, -73, -127, -127, -127, 111, 111, 111, 111, 111, 111, 111, 111, 111, 111, 111, 
2025-12-28 12:47:56.664384|{td-263} 0, -2986088, -2995008, -15, 0, 0, 0, 0, 0, 0, 0, 0, 0, 0, 0, 0, 0, 0, 
2025-12-28 12:47:56.670236|{tx-263} :AA-BBB...........
2025-12-28 12:47:56.839819|{rx-264} 1, 1, 1, 3, 265, 931, 0, 0, 0, 0, 2, 3, 0, 3, 3
2025-12-28 12:47:56.844366|{rssi-264} 111, -127, -85, -72, -127, -127, -127, 111, 111, 111, 111, 111, 111, 111, 111, 111, 111, 111, 
2025-12-28 12:47:56.853206|{td-264} 0, -2995008, -21, -21, 0, 0, 0, 0, 0, 0, 0, 0, 0, 0, 0, 0, 0, 0, 
2025-12-28 12:47:56.859881|{tx-264} :AC-BBB...........
2025-12-28 12:47:57.030190|{rx-265} 1, 1, 1, 3, 266, 934, 0, 0, 0, 0, 2, 3, 0, 3, 3
2025-12-28 12:47:57.034113|{rssi-265} 111, -127, -90, -73, -127, -127, -127, 111, 111, 111, 111, 111, 111, 111, 111, 111, 111, 111, 
2025-12-28 12:47:57.044239|{td-265} 0, -2995008, -15, -15, 0, 0, 0, 0, 0, 0, 0, 0, 0, 0, 0, 0, 0, 0, 
2025-12-28 12:47:57.050808|{tx-265} :AC-BBB...........
2025-12-28 12:47:57.220807|{rx-266} 1, 0, 2, 3, 267, 937, 0, 0, 0, 0, 2, 3, 0, 3, 3
2025-12-28 12:47:57.226109|{rssi-266} 111, -127, -127, -75, -127, -127, -127, 111, 111, 111, 111, 111, 111, 111, 111, 111, 111, 111, 
2025-12-28 12:47:57.233198|{td-266} 0, -2995008, -3003928, -19, 0, 0, 0, 0, 0, 0, 0, 0, 0, 0, 0, 0, 0, 0, 
2025-12-28 12:47:57.240094|{tx-266} :AA-BBB...........
2025-12-28 12:47:57.409693|{rx-267} 1, 0, 2, 3, 268, 940, 0, 0, 0, 0, 2, 3, 0, 3, 3
2025-12-28 12:47:57.414675|{rssi-267} 111, -127, -127, -75, -127, -127, -127, 111, 111, 111, 111, 111, 111, 111, 111, 111, 111, 111, 
2025-12-28 12:47:57.423990|{td-267} 0, -2995008, -3003928, -17, 0, 0, 0, 0, 0, 0, 0, 0, 0, 0, 0, 0, 0, 0, 
2025-12-28 12:47:57.431854|{tx-267} :AA-BBB...........
2025-12-28 12:47:57.599061|{rx-268} 1, 1, 2, 3, 269, 944, 0, 0, 0, 0, 2, 3, 0, 3, 3
2025-12-28 12:47:57.604670|{rssi-268} 111, -127, -92, -76, -127, -127, -127, 111, 111, 111, 111, 111, 111, 111, 111, 111, 111, 111, 
2025-12-28 12:47:57.613466|{td-268} 0, -2995008, -19, -21, 0, 0, 0, 0, 0, 0, 0, 0, 0, 0, 0, 0, 0, 0, 
2025-12-28 12:47:57.620913|{tx-268} :AP-BBB...........
2025-12-28 12:47:57.789584|{rx-269} 1, 1, 1, 3, 270, 947, 0, 0, 0, 0, 2, 3, 0, 3, 3
2025-12-28 12:47:57.794293|{rssi-269} 111, -127, -85, -67, -127, -127, -127, 111, 111, 111, 111, 111, 111, 111, 111, 111, 111, 111, 
2025-12-28 12:47:57.803817|{td-269} 0, -2995008, -17, -15, 0, 0, 0, 0, 0, 0, 0, 0, 0, 0, 0, 0, 0, 0, 
2025-12-28 12:47:57.809952|{tx-269} :AC-BBB...........
2025-12-28 12:47:57.980051|{rx-270} 1, 0, 2, 3, 271, 950, 0, 0, 0, 0, 2, 3, 0, 3, 3
2025-12-28 12:47:57.984249|{rssi-270} 111, -127, -127, -74, -127, -127, -127, 111, 111, 111, 111, 111, 111, 111, 111, 111, 111, 111, 
2025-12-28 12:47:57.993592|{td-270} 0, -2995008, -3003928, -19, 0, 0, 0, 0, 0, 0, 0, 0, 0, 0, 0, 0, 0, 0, 
2025-12-28 12:47:57.000343|{tx-270} :AA-BBB...........
2025-12-28 12:47:58.168856|{rx-271} 1, 0, 2, 3, 272, 953, 0, 0, 0, 0, 2, 3, 0, 3, 3
2025-12-28 12:47:58.174485|{rssi-271} 111, -127, -127, -76, -127, -127, -127, 111, 111, 111, 111, 111, 111, 111, 111, 111, 111, 111, 
2025-12-28 12:47:58.184196|{td-271} 0, -2995008, -3003928, -19, 0, 0, 0, 0, 0, 0, 0, 0, 0, 0, 0, 0, 0, 0, 
2025-12-28 12:47:58.191462|{tx-271} :AA-BBB...........
2025-12-28 12:47:58.358884|{rx-272} 1, 1, 1, 3, 273, 956, 0, 0, 0, 0, 2, 3, 0, 3, 3
2025-12-28 12:47:58.364303|{rssi-272} 111, -127, -87, -70, -127, -127, -127, 111, 111, 111, 111, 111, 111, 111, 111, 111, 111, 111, 
2025-12-28 12:47:58.374038|{td-272} 0, -2995008, -17, -17, 0, 0, 0, 0, 0, 0, 0, 0, 0, 0, 0, 0, 0, 0, 
2025-12-28 12:47:58.379798|{tx-272} :AC-BBB...........
2025-12-28 12:47:58.550450|{rx-273} 1, 1, 2, 3, 274, 960, 0, 0, 0, 0, 3, 3, 0, 3, 3
2025-12-28 12:47:58.555052|{rssi-273} 111, -127, -127, -90, -75, -127, -127, -127, 111, 111, 111, 111, 111, 111, 111, 111, 111, 111, 
2025-12-28 12:47:58.564786|{td-273} 0, -2995008, -3003928, -17, -17, 0, 0, 0, 0, 0, 0, 0, 0, 0, 0, 0, 0, 0, 
2025-12-28 12:47:58.571448|{tx-273} :AAC-BBB..........
2025-12-28 12:47:58.739817|{rx-274} 1, 1, 1, 3, 275, 963, 0, 0, 0, 0, 2, 3, 0, 3, 3
2025-12-28 12:47:58.744546|{rssi-274} 111, -127, -89, -75, -127, -127, -127, 111, 111, 111, 111, 111, 111, 111, 111, 111, 111, 111, 
2025-12-28 12:47:58.754034|{td-274} 0, -2986088, -17, -17, 0, 0, 0, 0, 0, 0, 0, 0, 0, 0, 0, 0, 0, 0, 
2025-12-28 12:47:58.760679|{tx-274} :AC-BBB...........
2025-12-28 12:47:58.929305|{rx-275} 1, 0, 2, 3, 276, 966, 0, 0, 0, 0, 2, 3, 0, 3, 3
2025-12-28 12:47:58.934205|{rssi-275} 111, -127, -127, -79, -127, -127, -127, 111, 111, 111, 111, 111, 111, 111, 111, 111, 111, 111, 
2025-12-28 12:47:58.942956|{td-275} 0, -2995008, -3003928, -21, 0, 0, 0, 0, 0, 0, 0, 0, 0, 0, 0, 0, 0, 0, 
2025-12-28 12:47:58.951166|{tx-275} :AA-BBB...........
2025-12-28 12:47:59.119701|{rx-276} 1, 0, 2, 3, 277, 969, 0, 0, 0, 0, 2, 3, 0, 3, 3
2025-12-28 12:47:59.124268|{rssi-276} 111, -127, -127, -64, -127, -127, -127, 111, 111, 111, 111, 111, 111, 111, 111, 111, 111, 111, 
2025-12-28 12:47:59.134072|{td-276} 0, -2995008, -3003928, -17, 0, 0, 0, 0, 0, 0, 0, 0, 0, 0, 0, 0, 0, 0, 
2025-12-28 12:47:59.140716|{tx-276} :AA-BBB...........
2025-12-28 12:47:59.309692|{rx-277} 1, 1, 1, 3, 278, 972, 0, 0, 0, 0, 2, 3, 0, 3, 3
2025-12-28 12:47:59.314119|{rssi-277} 111, -127, -85, -71, -127, -127, -127, 111, 111, 111, 111, 111, 111, 111, 111, 111, 111, 111, 
2025-12-28 12:47:59.323709|{td-277} 0, -2995008, -15, -15, 0, 0, 0, 0, 0, 0, 0, 0, 0, 0, 0, 0, 0, 0, 
2025-12-28 12:47:59.329328|{tx-277} :AC-BBB...........
2025-12-28 12:47:59.499667|{rx-278} 1, 0, 2, 3, 279, 975, 0, 0, 0, 0, 2, 3, 0, 3, 3
2025-12-28 12:47:59.504000|{rssi-278} 111, -127, -127, -73, -127, -127, -127, 111, 111, 111, 111, 111, 111, 111, 111, 111, 111, 111, 
2025-12-28 12:47:59.513806|{td-278} 0, -2995008, -3003928, -19, 0, 0, 0, 0, 0, 0, 0, 0, 0, 0, 0, 0, 0, 0, 
2025-12-28 12:47:59.520955|{tx-278} :AA-BBB...........
2025-12-28 12:47:59.689266|{rx-279} 1, 1, 1, 3, 280, 978, 0, 0, 0, 0, 2, 3, 0, 3, 3
2025-12-28 12:47:59.694036|{rssi-279} 111, -127, -91, -73, -127, -127, -127, 111, 111, 111, 111, 111, 111, 111, 111, 111, 111, 111, 
2025-12-28 12:47:59.703531|{td-279} 0, -2995008, -19, -19, 0, 0, 0, 0, 0, 0, 0, 0, 0, 0, 0, 0, 0, 0, 
2025-12-28 12:47:59.709690|{tx-279} :AC-BBB...........
2025-12-28 12:47:59.882824|{rx-280} 0, 1, 13, 0, 280, 992, 0, 0, 0, 0, 65535, 255, 0, 3, 3
2025-12-28 12:47:59.888955|{rssi-280} 111, -127, -127, -73, -73, -73, -73, -73, -73, -73, -73, -73, -73, -73, -73, 111, 111, 111, 
2025-12-28 12:47:59.898053|{td-280} 0, -2995008, -3003928, -21, -8941, -17861, -26781, -35701, -44621, -53541, -62461, -71381, -80301, -89221, -98141, 0, 0, 0, 
2025-12-28 12:47:59.910124|{tx-280} :AACAAAAAAAAAAA...
2025-12-28 12:48:00.068044|{rx-281} 1, 0, 1, 3, 281, 994, 0, 0, 0, 0, 1, 2, 0, 3, 3
2025-12-28 12:48:00.073645|{rssi-281} 111, -73, -72, -127, -127, -127, 111, 111, 111, 111, 111, 111, 111, 111, 111, 111, 111, 111, 
2025-12-28 12:48:00.083546|{td-281} 0, -3021621, -35, 0, 0, 0, 0, 0, 0, 0, 0, 0, 0, 0, 0, 0, 0, 0, 
2025-12-28 12:48:00.089557|{tx-281} :A-BBB............
2025-12-28 12:48:00.259974|{rx-282} 1, 1, 2, 3, 282, 998, 0, 0, 0, 0, 3, 3, 0, 3, 3
2025-12-28 12:48:00.264355|{rssi-282} 111, -127, -89, -89, -65, -127, -127, -127, 111, 111, 111, 111, 111, 111, 111, 111, 111, 111, 
2025-12-28 12:48:00.274325|{td-282} 0, -3003928, -19, -8939, -19, 0, 0, 0, 0, 0, 0, 0, 0, 0, 0, 0, 0, 0, 
2025-12-28 12:48:00.280325|{tx-282} :ACA-BBB..........
2025-12-28 12:48:00.448971|{rx-283} 1, 0, 2, 3, 283, 1001, 0, 0, 0, 0, 2, 3, 0, 3, 3
2025-12-28 12:48:00.453104|{rssi-283} 111, -127, -127, -74, -127, -127, -127, 111, 111, 111, 111, 111, 111, 111, 111, 111, 111, 111, 
2025-12-28 12:48:00.463732|{td-283} 0, -2986088, -2995008, -15, 0, 0, 0, 0, 0, 0, 0, 0, 0, 0, 0, 0, 0, 0, 
2025-12-28 12:48:00.470801|{tx-283} :AA-BBB...........
2025-12-28 12:48:00.639465|{rx-284} 1, 0, 3, 3, 284, 1005, 0, 0, 0, 0, 3, 3, 0, 3, 3
2025-12-28 12:48:00.644940|{rssi-284} 111, -127, -127, -127, -73, -127, -127, -127, 111, 111, 111, 111, 111, 111, 111, 111, 111, 111, 
2025-12-28 12:48:00.653333|{td-284} 0, -2995008, -3003928, -3012848, -19, 0, 0, 0, 0, 0, 0, 0, 0, 0, 0, 0, 0, 0, 
2025-12-28 12:48:00.661935|{tx-284} :AAA-BBB..........
2025-12-28 12:48:00.829226|{rx-285} 1, 0, 2, 3, 285, 1008, 0, 0, 0, 0, 2, 3, 0, 3, 3
2025-12-28 12:48:00.833853|{rssi-285} 111, -127, -127, -74, -127, -127, -127, 111, 111, 111, 111, 111, 111, 111, 111, 111, 111, 111, 
2025-12-28 12:48:00.843426|{td-285} 0, -2986088, -2995008, -17, 0, 0, 0, 0, 0, 0, 0, 0, 0, 0, 0, 0, 0, 0, 
2025-12-28 12:48:00.849699|{tx-285} :AA-BBB...........
2025-12-28 12:48:01.019768|{rx-286} 1, 0, 5, 3, 286, 1014, 0, 0, 0, 0, 5, 4, 0, 3, 3
2025-12-28 12:48:01.025113|{rssi-286} 111, -127, -127, -127, -127, -127, -81, -127, -127, -127, 111, 111, 111, 111, 111, 111, 111, 111, 
2025-12-28 12:48:01.035637|{td-286} 0, -2995008, -3003928, -3012848, -3021768, -3030688, -19, 0, 0, 0, 0, 0, 0, 0, 0, 0, 0, 0, 
2025-12-28 12:48:01.044365|{tx-286} :AAAAA-BBB........
2025-12-28 12:48:01.208846|{rx-287} 1, 1, 1, 3, 287, 1017, 0, 0, 0, 0, 2, 3, 0, 3, 3
2025-12-28 12:48:01.214157|{rssi-287} 111, -127, -91, -72, -127, -127, -127, 111, 111, 111, 111, 111, 111, 111, 111, 111, 111, 111, 
2025-12-28 12:48:01.222834|{td-287} 0, -2968248, -19, -17, 0, 0, 0, 0, 0, 0, 0, 0, 0, 0, 0, 0, 0, 0, 
2025-12-28 12:48:01.229198|{tx-287} :AC-BBB...........
2025-12-28 12:48:01.399809|{rx-288} 1, 3, 1, 3, 288, 1022, 0, 0, 0, 0, 4, 4, 0, 3, 3
2025-12-28 12:48:01.404916|{rssi-288} 111, -127, -85, -72, -64, -61, -127, -127, -127, 111, 111, 111, 111, 111, 111, 111, 111, 111, 
2025-12-28 12:48:01.413735|{td-288} 0, -2995008, -21, -19, -21, -19, 0, 0, 0, 0, 0, 0, 0, 0, 0, 0, 0, 0, 
2025-12-28 12:48:01.421661|{tx-288} :ACCC-BBB.........
2025-12-28 12:48:01.589544|{rx-289} 1, 1, 1, 3, 289, 1025, 0, 0, 0, 0, 2, 3, 0, 3, 3
2025-12-28 12:48:01.593234|{rssi-289} 111, -127, -93, -75, -127, -127, -127, 111, 111, 111, 111, 111, 111, 111, 111, 111, 111, 111, 
2025-12-28 12:48:01.602982|{td-289} 0, -2977168, -19, -17, 0, 0, 0, 0, 0, 0, 0, 0, 0, 0, 0, 0, 0, 0, 
2025-12-28 12:48:01.609342|{tx-289} :AC-BBB...........
2025-12-28 12:48:01.778702|{rx-290} 1, 1, 1, 3, 290, 1028, 0, 0, 0, 0, 2, 3, 0, 3, 3
2025-12-28 12:48:01.783550|{rssi-290} 111, -127, -86, -69, -127, -127, -127, 111, 111, 111, 111, 111, 111, 111, 111, 111, 111, 111, 
2025-12-28 12:48:01.793328|{td-290} 0, -2995008, -19, -19, 0, 0, 0, 0, 0, 0, 0, 0, 0, 0, 0, 0, 0, 0, 
2025-12-28 12:48:01.799794|{tx-290} :AC-BBB...........
2025-12-28 12:48:01.968840|{rx-291} 1, 1, 2, 3, 291, 1032, 0, 0, 0, 0, 2, 3, 0, 3, 3
2025-12-28 12:48:01.974214|{rssi-291} 111, -127, -97, -73, -127, -127, -127, 111, 111, 111, 111, 111, 111, 111, 111, 111, 111, 111, 
2025-12-28 12:48:01.982375|{td-291} 0, -2995008, -17, -17, 0, 0, 0, 0, 0, 0, 0, 0, 0, 0, 0, 0, 0, 0, 
2025-12-28 12:48:01.989541|{tx-291} :AP-BBB...........
2025-12-28 12:48:02.159748|{rx-292} 1, 1, 3, 3, 292, 1037, 0, 0, 0, 0, 3, 3, 0, 3, 3
2025-12-28 12:48:02.164344|{rssi-292} 111, -127, -127, -97, -74, -127, -127, -127, 111, 111, 111, 111, 111, 111, 111, 111, 111, 111, 
2025-12-28 12:48:02.174227|{td-292} 0, -2995008, -3003928, -19, -19, 0, 0, 0, 0, 0, 0, 0, 0, 0, 0, 0, 0, 0, 
2025-12-28 12:48:02.181014|{tx-292} :AAP-BBB..........
2025-12-28 12:48:02.349549|{rx-293} 1, 3, 1, 3, 293, 1042, 0, 0, 0, 0, 4, 4, 0, 3, 3
2025-12-28 12:48:02.354765|{rssi-293} 111, -127, -94, -68, -64, -65, -127, -127, -127, 111, 111, 111, 111, 111, 111, 111, 111, 111, 
2025-12-28 12:48:02.364500|{td-293} 0, -2986088, -19, -17, -21, -19, 0, 0, 0, 0, 0, 0, 0, 0, 0, 0, 0, 0, 
2025-12-28 12:48:02.371038|{tx-293} :ACCC-BBB.........
2025-12-28 12:48:02.539138|{rx-294} 1, 0, 2, 3, 294, 1045, 0, 0, 0, 0, 2, 3, 0, 3, 3
2025-12-28 12:48:02.543176|{rssi-294} 111, -127, -127, -64, -127, -127, -127, 111, 111, 111, 111, 111, 111, 111, 111, 111, 111, 111, 
2025-12-28 12:48:02.553837|{td-294} 0, -2977168, -2986088, -17, 0, 0, 0, 0, 0, 0, 0, 0, 0, 0, 0, 0, 0, 0, 
2025-12-28 12:48:02.559823|{tx-294} :AA-BBB...........
2025-12-28 12:48:02.728387|{rx-295} 1, 1, 1, 3, 295, 1048, 0, 0, 0, 0, 2, 3, 0, 3, 3
2025-12-28 12:48:02.732908|{rssi-295} 111, -127, -82, -73, -127, -127, -127, 111, 111, 111, 111, 111, 111, 111, 111, 111, 111, 111, 
2025-12-28 12:48:02.743242|{td-295} 0, -2995008, -17, -17, 0, 0, 0, 0, 0, 0, 0, 0, 0, 0, 0, 0, 0, 0, 
2025-12-28 12:48:02.749145|{tx-295} :AC-BBB...........
2025-12-28 12:48:02.918152|{rx-296} 1, 1, 1, 3, 296, 1051, 0, 0, 0, 0, 2, 3, 0, 3, 3
2025-12-28 12:48:02.923431|{rssi-296} 111, -127, -84, -71, -127, -127, -127, 111, 111, 111, 111, 111, 111, 111, 111, 111, 111, 111, 
2025-12-28 12:48:02.932134|{td-296} 0, -2995008, -19, -17, 0, 0, 0, 0, 0, 0, 0, 0, 0, 0, 0, 0, 0, 0, 
2025-12-28 12:48:02.939361|{tx-296} :AC-BBB...........
2025-12-28 12:48:03.108013|{rx-297} 1, 1, 1, 3, 297, 1054, 0, 0, 0, 0, 2, 3, 0, 3, 3
2025-12-28 12:48:03.113867|{rssi-297} 111, -127, -86, -74, -127, -127, -127, 111, 111, 111, 111, 111, 111, 111, 111, 111, 111, 111, 
2025-12-28 12:48:03.123097|{td-297} 0, -2995008, -19, -19, 0, 0, 0, 0, 0, 0, 0, 0, 0, 0, 0, 0, 0, 0, 
2025-12-28 12:48:03.128445|{tx-297} :AC-BBB...........
2025-12-28 12:48:03.299695|{rx-298} 1, 2, 1, 3, 298, 1058, 0, 0, 0, 0, 3, 4, 0, 3, 3
2025-12-28 12:48:03.304092|{rssi-298} 111, -127, -95, -72, -65, -127, -127, -127, 111, 111, 111, 111, 111, 111, 111, 111, 111, 111, 
2025-12-28 12:48:03.313670|{td-298} 0, -2995008, -19, -11, -15, 0, 0, 0, 0, 0, 0, 0, 0, 0, 0, 0, 0, 0, 
2025-12-28 12:48:03.319513|{tx-298} :ACC-BBB..........
2025-12-28 12:48:03.490151|{rx-299} 1, 1, 4, 3, 299, 1064, 0, 0, 0, 0, 5, 4, 0, 3, 3
2025-12-28 12:48:03.495124|{rssi-299} 111, -127, -127, -73, -73, -73, -72, -127, -127, -127, 111, 111, 111, 111, 111, 111, 111, 111, 
2025-12-28 12:48:03.504749|{td-299} 0, -2986088, -2995008, -21, -8941, -17861, -19, 0, 0, 0, 0, 0, 0, 0, 0, 0, 0, 0, 
2025-12-28 12:48:03.511549|{tx-299} :AACAA-BBB........
2025-12-28 12:48:03.679520|{rx-300} 1, 1, 2, 3, 300, 1068, 0, 0, 0, 0, 3, 4, 0, 3, 3
2025-12-28 12:48:03.683925|{rssi-300} 111, -127, -127, -68, -64, -127, -127, -127, 111, 111, 111, 111, 111, 111, 111, 111, 111, 111, 
2025-12-28 12:48:03.693174|{td-300} 0, -2968248, -2977168, -19, -21, 0, 0, 0, 0, 0, 0, 0, 0, 0, 0, 0, 0, 0, 
2025-12-28 12:48:03.699983|{tx-300} :AAC-BBB..........
2025-12-28 12:48:03.869736|{rx-301} 1, 0, 2, 3, 301, 1071, 0, 0, 0, 0, 2, 3, 0, 3, 3
2025-12-28 12:48:03.873612|{rssi-301} 111, -127, -127, -74, -127, -127, -127, 111, 111, 111, 111, 111, 111, 111, 111, 111, 111, 111, 
2025-12-28 12:48:03.883079|{td-301} 0, -2986088, -2995008, -17, 0, 0, 0, 0, 0, 0, 0, 0, 0, 0, 0, 0, 0, 0, 
2025-12-28 12:48:03.890331|{tx-301} :AA-BBB...........
2025-12-28 12:48:04.058800|{rx-302} 1, 1, 2, 3, 302, 1075, 0, 0, 0, 0, 2, 3, 0, 3, 3
2025-12-28 12:48:04.063395|{rssi-302} 111, -127, -95, -73, -127, -127, -127, 111, 111, 111, 111, 111, 111, 111, 111, 111, 111, 111, 
2025-12-28 12:48:04.072996|{td-302} 0, -2995008, -17, -17, 0, 0, 0, 0, 0, 0, 0, 0, 0, 0, 0, 0, 0, 0, 
2025-12-28 12:48:04.078806|{tx-302} :AP-BBB...........
2025-12-28 12:48:04.248907|{rx-303} 1, 0, 2, 3, 303, 1078, 0, 0, 0, 0, 2, 3, 0, 3, 3
2025-12-28 12:48:04.254398|{rssi-303} 111, -127, -127, -73, -127, -127, -127, 111, 111, 111, 111, 111, 111, 111, 111, 111, 111, 111, 
2025-12-28 12:48:04.263266|{td-303} 0, -2995008, -3003928, -17, 0, 0, 0, 0, 0, 0, 0, 0, 0, 0, 0, 0, 0, 0, 
2025-12-28 12:48:04.269201|{tx-303} :AA-BBB...........
2025-12-28 12:48:04.438527|{rx-304} 1, 1, 1, 3, 304, 1081, 0, 0, 0, 0, 2, 3, 0, 3, 3
2025-12-28 12:48:04.443674|{rssi-304} 111, -127, -90, -71, -127, -127, -127, 111, 111, 111, 111, 111, 111, 111, 111, 111, 111, 111, 
2025-12-28 12:48:04.453122|{td-304} 0, -2995008, -17, -17, 0, 0, 0, 0, 0, 0, 0, 0, 0, 0, 0, 0, 0, 0, 
2025-12-28 12:48:04.460112|{tx-304} :AC-BBB...........
2025-12-28 12:48:04.628931|{rx-305} 1, 0, 2, 3, 305, 1084, 0, 0, 0, 0, 2, 3, 0, 3, 3
2025-12-28 12:48:04.632544|{rssi-305} 111, -127, -127, -74, -127, -127, -127, 111, 111, 111, 111, 111, 111, 111, 111, 111, 111, 111, 
2025-12-28 12:48:04.642449|{td-305} 0, -2995008, -3003928, -19, 0, 0, 0, 0, 0, 0, 0, 0, 0, 0, 0, 0, 0, 0, 
2025-12-28 12:48:04.649372|{tx-305} :AA-BBB...........
2025-12-28 12:48:04.818216|{rx-306} 1, 1, 1, 3, 306, 1087, 0, 0, 0, 0, 2, 3, 0, 3, 3
2025-12-28 12:48:04.823359|{rssi-306} 111, -127, -88, -73, -127, -127, -127, 111, 111, 111, 111, 111, 111, 111, 111, 111, 111, 111, 
2025-12-28 12:48:04.832909|{td-306} 0, -2995008, -19, -19, 0, 0, 0, 0, 0, 0, 0, 0, 0, 0, 0, 0, 0, 0, 
2025-12-28 12:48:04.838913|{tx-306} :AC-BBB...........
2025-12-28 12:48:05.009185|{rx-307} 1, 1, 1, 3, 307, 1090, 0, 0, 0, 0, 2, 3, 0, 3, 3
2025-12-28 12:48:05.012893|{rssi-307} 111, -127, -89, -74, -127, -127, -127, 111, 111, 111, 111, 111, 111, 111, 111, 111, 111, 111, 
2025-12-28 12:48:05.022788|{td-307} 0, -2995008, -17, -17, 0, 0, 0, 0, 0, 0, 0, 0, 0, 0, 0, 0, 0, 0, 
2025-12-28 12:48:05.029253|{tx-307} :AC-BBB...........
2025-12-28 12:48:05.198622|{rx-308} 1, 0, 2, 3, 308, 1093, 0, 0, 0, 0, 2, 3, 0, 3, 3
2025-12-28 12:48:05.203784|{rssi-308} 111, -127, -127, -67, -127, -127, -127, 111, 111, 111, 111, 111, 111, 111, 111, 111, 111, 111, 
2025-12-28 12:48:05.212749|{td-308} 0, -2995008, -3003928, -17, 0, 0, 0, 0, 0, 0, 0, 0, 0, 0, 0, 0, 0, 0, 
2025-12-28 12:48:05.219196|{tx-308} :AA-BBB...........
2025-12-28 12:48:05.387840|{rx-309} 1, 0, 2, 3, 309, 1096, 0, 0, 0, 0, 2, 3, 0, 3, 3
2025-12-28 12:48:05.393024|{rssi-309} 111, -127, -127, -74, -127, -127, -127, 111, 111, 111, 111, 111, 111, 111, 111, 111, 111, 111, 
2025-12-28 12:48:05.402438|{td-309} 0, -2995008, -3003928, -15, 0, 0, 0, 0, 0, 0, 0, 0, 0, 0, 0, 0, 0, 0, 
2025-12-28 12:48:05.409490|{tx-309} :AA-BBB...........
2025-12-28 12:48:05.578918|{rx-310} 1, 0, 2, 3, 310, 1099, 0, 0, 0, 0, 2, 3, 0, 3, 3
2025-12-28 12:48:05.582493|{rssi-310} 111, -127, -127, -65, -127, -127, -127, 111, 111, 111, 111, 111, 111, 111, 111, 111, 111, 111, 
2025-12-28 12:48:05.592452|{td-310} 0, -2995008, -3003928, -21, 0, 0, 0, 0, 0, 0, 0, 0, 0, 0, 0, 0, 0, 0, 
2025-12-28 12:48:05.598402|{tx-310} :AA-BBB...........
2025-12-28 12:48:05.768752|{rx-311} 1, 0, 2, 3, 311, 1102, 0, 0, 0, 0, 2, 3, 0, 3, 3
2025-12-28 12:48:05.774047|{rssi-311} 111, -127, -127, -62, -127, -127, -127, 111, 111, 111, 111, 111, 111, 111, 111, 111, 111, 111, 
2025-12-28 12:48:05.782715|{td-311} 0, -2995008, -3003928, -19, 0, 0, 0, 0, 0, 0, 0, 0, 0, 0, 0, 0, 0, 0, 
2025-12-28 12:48:05.788592|{tx-311} :AA-BBB...........
2025-12-28 12:48:05.960000|{rx-312} 1, 0, 2, 3, 312, 1105, 0, 0, 0, 0, 2, 3, 0, 3, 3
2025-12-28 12:48:05.961953|{rssi-312} 111, -127, -127, -74, -127, -127, -127, 111, 111, 111, 111, 111, 111, 111, 111, 111, 111, 111, 
2025-12-28 12:48:05.972021|{td-312} 0, -2995008, -3003928, -19, 0, 0, 0, 0, 0, 0, 0, 0, 0, 0, 0, 0, 0, 0, 
2025-12-28 12:48:05.978429|{tx-312} :AA-BBB...........
2025-12-28 12:48:06.147296|{rx-313} 1, 1, 2, 3, 313, 1109, 0, 0, 0, 0, 2, 3, 0, 3, 3
2025-12-28 12:48:06.153197|{rssi-313} 111, -127, -91, -72, -127, -127, -127, 111, 111, 111, 111, 111, 111, 111, 111, 111, 111, 111, 
2025-12-28 12:48:06.161285|{td-313} 0, -2995008, -15, -15, 0, 0, 0, 0, 0, 0, 0, 0, 0, 0, 0, 0, 0, 0, 
2025-12-28 12:48:06.168605|{tx-313} :AP-BBB...........
2025-12-28 12:48:06.339426|{rx-314} 1, 2, 2, 3, 314, 1114, 0, 0, 0, 0, 4, 4, 0, 3, 3
2025-12-28 12:48:06.343905|{rssi-314} 111, -127, -127, -67, -62, -63, -127, -127, -127, 111, 111, 111, 111, 111, 111, 111, 111, 111, 
2025-12-28 12:48:06.353457|{td-314} 0, -2995008, -3003928, -19, -19, -19, 0, 0, 0, 0, 0, 0, 0, 0, 0, 0, 0, 0, 
2025-12-28 12:48:06.360884|{tx-314} :AACC-BBB.........
2025-12-28 12:48:06.526867|{rx-315} 1, 0, 2, 3, 315, 1117, 0, 0, 0, 0, 2, 3, 0, 3, 3
2025-12-28 12:48:06.534138|{rssi-315} 111, -127, -127, -64, -127, -127, -127, 111, 111, 111, 111, 111, 111, 111, 111, 111, 111, 111, 
2025-12-28 12:48:06.542287|{td-315} 0, -2977168, -2986088, -19, 0, 0, 0, 0, 0, 0, 0, 0, 0, 0, 0, 0, 0, 0, 
2025-12-28 12:48:06.549551|{tx-315} :AA-BBB...........
2025-12-28 12:48:06.718414|{rx-316} 1, 2, 1, 3, 316, 1121, 0, 0, 0, 0, 3, 4, 0, 3, 3
2025-12-28 12:48:06.723192|{rssi-316} 111, -127, -84, -85, -65, -127, -127, -127, 111, 111, 111, 111, 111, 111, 111, 111, 111, 111, 
2025-12-28 12:48:06.732831|{td-316} 0, -2995008, -19, -17, -19, 0, 0, 0, 0, 0, 0, 0, 0, 0, 0, 0, 0, 0, 
2025-12-28 12:48:06.739010|{tx-316} :ACC-BBB..........
2025-12-28 12:48:06.908793|{rx-317} 1, 1, 1, 3, 317, 1124, 0, 0, 0, 0, 2, 3, 0, 3, 3
2025-12-28 12:48:06.912918|{rssi-317} 111, -127, -86, -83, -127, -127, -127, 111, 111, 111, 111, 111, 111, 111, 111, 111, 111, 111, 
2025-12-28 12:48:06.922842|{td-317} 0, -2986088, -17, -17, 0, 0, 0, 0, 0, 0, 0, 0, 0, 0, 0, 0, 0, 0, 
2025-12-28 12:48:06.928927|{tx-317} :AC-BBB...........
2025-12-28 12:48:07.098500|{rx-318} 1, 1, 1, 3, 318, 1127, 0, 0, 0, 0, 2, 3, 0, 3, 3
2025-12-28 12:48:07.102654|{rssi-318} 111, -127, -93, -74, -127, -127, -127, 111, 111, 111, 111, 111, 111, 111, 111, 111, 111, 111, 
2025-12-28 12:48:07.111235|{td-318} 0, -2995008, -17, -15, 0, 0, 0, 0, 0, 0, 0, 0, 0, 0, 0, 0, 0, 0, 
2025-12-28 12:48:07.118903|{tx-318} :AC-BBB...........
2025-12-28 12:48:07.288208|{rx-319} 1, 1, 1, 3, 319, 1130, 0, 0, 0, 0, 2, 3, 0, 3, 3
2025-12-28 12:48:07.292531|{rssi-319} 111, -127, -90, -74, -127, -127, -127, 111, 111, 111, 111, 111, 111, 111, 111, 111, 111, 111, 
2025-12-28 12:48:07.301680|{td-319} 0, -2995008, -19, -19, 0, 0, 0, 0, 0, 0, 0, 0, 0, 0, 0, 0, 0, 0, 
2025-12-28 12:48:07.308907|{tx-319} :AC-BBB...........
2025-12-28 12:48:07.478842|{rx-320} 1, 0, 2, 3, 320, 1133, 0, 0, 0, 0, 2, 3, 0, 3, 3
2025-12-28 12:48:07.484349|{rssi-320} 111, -127, -127, -73, -127, -127, -127, 111, 111, 111, 111, 111, 111, 111, 111, 111, 111, 111, 
2025-12-28 12:48:07.492214|{td-320} 0, -2995008, -3003928, -17, 0, 0, 0, 0, 0, 0, 0, 0, 0, 0, 0, 0, 0, 0, 
2025-12-28 12:48:07.498551|{tx-320} :AA-BBB...........
2025-12-28 12:48:07.668367|{rx-321} 1, 1, 1, 3, 321, 1136, 0, 0, 0, 0, 2, 3, 0, 3, 3
2025-12-28 12:48:07.673121|{rssi-321} 111, -127, -84, -76, -127, -127, -127, 111, 111, 111, 111, 111, 111, 111, 111, 111, 111, 111, 
2025-12-28 12:48:07.682564|{td-321} 0, -2995008, -19, -17, 0, 0, 0, 0, 0, 0, 0, 0, 0, 0, 0, 0, 0, 0, 
2025-12-28 12:48:07.690062|{tx-321} :AC-BBB...........
2025-12-28 12:48:07.857733|{rx-322} 1, 1, 1, 3, 322, 1139, 0, 0, 0, 0, 2, 3, 0, 3, 3
2025-12-28 12:48:07.862785|{rssi-322} 111, -127, -87, -70, -127, -127, -127, 111, 111, 111, 111, 111, 111, 111, 111, 111, 111, 111, 
2025-12-28 12:48:07.872139|{td-322} 0, -2995008, -21, -19, 0, 0, 0, 0, 0, 0, 0, 0, 0, 0, 0, 0, 0, 0, 
2025-12-28 12:48:07.878523|{tx-322} :AC-BBB...........
2025-12-28 12:48:08.046639|{rx-323} 1, 0, 2, 3, 323, 1142, 0, 0, 0, 0, 2, 3, 0, 3, 3
2025-12-28 12:48:08.052654|{rssi-323} 111, -127, -127, -74, -127, -127, -127, 111, 111, 111, 111, 111, 111, 111, 111, 111, 111, 111, 
2025-12-28 12:48:08.062224|{td-323} 0, -2995008, -3003928, -17, 0, 0, 0, 0, 0, 0, 0, 0, 0, 0, 0, 0, 0, 0, 
2025-12-28 12:48:08.068614|{tx-323} :AA-BBB...........
2025-12-28 12:48:08.238478|{rx-324} 1, 0, 2, 3, 324, 1145, 0, 0, 0, 0, 2, 3, 0, 3, 3
2025-12-28 12:48:08.242661|{rssi-324} 111, -127, -127, -73, -127, -127, -127, 111, 111, 111, 111, 111, 111, 111, 111, 111, 111, 111, 
2025-12-28 12:48:08.252628|{td-324} 0, -2995008, -3003928, -17, 0, 0, 0, 0, 0, 0, 0, 0, 0, 0, 0, 0, 0, 0, 
2025-12-28 12:48:08.260123|{tx-324} :AA-BBB...........
2025-12-28 12:48:08.428349|{rx-325} 1, 0, 2, 3, 325, 1148, 0, 0, 0, 0, 2, 3, 0, 3, 3
2025-12-28 12:48:08.433679|{rssi-325} 111, -127, -127, -73, -127, -127, -127, 111, 111, 111, 111, 111, 111, 111, 111, 111, 111, 111, 
2025-12-28 12:48:08.443186|{td-325} 0, -2995008, -3003928, -19, 0, 0, 0, 0, 0, 0, 0, 0, 0, 0, 0, 0, 0, 0, 
2025-12-28 12:48:08.450415|{tx-325} :AA-BBB...........
2025-12-28 12:48:08.618383|{rx-326} 1, 1, 1, 3, 326, 1151, 0, 0, 0, 0, 2, 3, 0, 3, 3
2025-12-28 12:48:08.623494|{rssi-326} 111, -127, -92, -74, -127, -127, -127, 111, 111, 111, 111, 111, 111, 111, 111, 111, 111, 111, 
2025-12-28 12:48:08.631864|{td-326} 0, -2995008, -21, -17, 0, 0, 0, 0, 0, 0, 0, 0, 0, 0, 0, 0, 0, 0, 
2025-12-28 12:48:08.638810|{tx-326} :AC-BBB...........
2025-12-28 12:48:08.808305|{rx-327} 1, 0, 2, 3, 327, 1154, 0, 0, 0, 0, 2, 3, 0, 3, 3
2025-12-28 12:48:08.812728|{rssi-327} 111, -127, -127, -76, -127, -127, -127, 111, 111, 111, 111, 111, 111, 111, 111, 111, 111, 111, 
2025-12-28 12:48:08.821681|{td-327} 0, -2995008, -3003928, -19, 0, 0, 0, 0, 0, 0, 0, 0, 0, 0, 0, 0, 0, 0, 
2025-12-28 12:48:08.829470|{tx-327} :AA-BBB...........
2025-12-28 12:48:08.997689|{rx-328} 1, 0, 2, 3, 328, 1157, 0, 0, 0, 0, 2, 3, 0, 3, 3
2025-12-28 12:48:09.002897|{rssi-328} 111, -127, -127, -65, -127, -127, -127, 111, 111, 111, 111, 111, 111, 111, 111, 111, 111, 111, 
2025-12-28 12:48:09.011215|{td-328} 0, -2995008, -3003928, -19, 0, 0, 0, 0, 0, 0, 0, 0, 0, 0, 0, 0, 0, 0, 
2025-12-28 12:48:09.020215|{tx-328} :AA-BBB...........
2025-12-28 12:48:09.188281|{rx-329} 1, 0, 2, 3, 329, 1160, 0, 0, 0, 0, 2, 3, 0, 3, 3
2025-12-28 12:48:09.192773|{rssi-329} 111, -127, -127, -74, -127, -127, -127, 111, 111, 111, 111, 111, 111, 111, 111, 111, 111, 111, 
2025-12-28 12:48:09.203442|{td-329} 0, -2995008, -3003928, -17, 0, 0, 0, 0, 0, 0, 0, 0, 0, 0, 0, 0, 0, 0, 
2025-12-28 12:48:09.210372|{tx-329} :AA-BBB...........
2025-12-28 12:48:09.379939|{rx-330} 1, 3, 1, 3, 330, 1165, 0, 0, 0, 0, 4, 4, 0, 3, 3
2025-12-28 12:48:09.383674|{rssi-330} 111, -127, -90, -75, -69, -63, -127, -127, -127, 111, 111, 111, 111, 111, 111, 111, 111, 111, 
2025-12-28 12:48:09.393405|{td-330} 0, -2995008, -17, -19, -21, -23, 0, 0, 0, 0, 0, 0, 0, 0, 0, 0, 0, 0, 
2025-12-28 12:48:09.399010|{tx-330} :ACCC-BBB.........
2025-12-28 12:48:09.568266|{rx-331} 1, 0, 2, 3, 331, 1168, 0, 0, 0, 0, 2, 3, 0, 3, 3
2025-12-28 12:48:09.574797|{rssi-331} 111, -127, -127, -68, -127, -127, -127, 111, 111, 111, 111, 111, 111, 111, 111, 111, 111, 111, 
2025-12-28 12:48:09.582577|{td-331} 0, -2977168, -2986088, -13, 0, 0, 0, 0, 0, 0, 0, 0, 0, 0, 0, 0, 0, 0, 
2025-12-28 12:48:09.591198|{tx-331} :AA-BBB...........
2025-12-28 12:48:09.758536|{rx-332} 1, 2, 2, 3, 332, 1173, 0, 0, 0, 0, 3, 3, 0, 3, 3
2025-12-28 12:48:09.762387|{rssi-332} 111, -127, -83, -94, -74, -127, -127, -127, 111, 111, 111, 111, 111, 111, 111, 111, 111, 111, 
2025-12-28 12:48:09.772564|{td-332} 0, -2995008, -19, -21, -17, 0, 0, 0, 0, 0, 0, 0, 0, 0, 0, 0, 0, 0, 
2025-12-28 12:48:09.779414|{tx-332} :ACP-BBB..........
2025-12-28 12:48:09.948886|{rx-333} 1, 1, 1, 3, 333, 1176, 0, 0, 0, 0, 2, 3, 0, 3, 3
2025-12-28 12:48:09.952012|{rssi-333} 111, -127, -88, -67, -127, -127, -127, 111, 111, 111, 111, 111, 111, 111, 111, 111, 111, 111, 
2025-12-28 12:48:09.961340|{td-333} 0, -2986088, -21, -19, 0, 0, 0, 0, 0, 0, 0, 0, 0, 0, 0, 0, 0, 0, 
2025-12-28 12:48:09.967973|{tx-333} :AC-BBB...........
2025-12-28 12:48:10.138559|{rx-334} 1, 2, 1, 3, 334, 1180, 0, 0, 0, 0, 3, 4, 0, 3, 3
2025-12-28 12:48:10.142949|{rssi-334} 111, -127, -90, -72, -65, -127, -127, -127, 111, 111, 111, 111, 111, 111, 111, 111, 111, 111, 
2025-12-28 12:48:10.152460|{td-334} 0, -2995008, -17, -17, -17, 0, 0, 0, 0, 0, 0, 0, 0, 0, 0, 0, 0, 0, 
2025-12-28 12:48:10.159344|{tx-334} :ACC-BBB..........
2025-12-28 12:48:10.327758|{rx-335} 1, 0, 2, 3, 335, 1183, 0, 0, 0, 0, 2, 3, 0, 3, 3
2025-12-28 12:48:10.331434|{rssi-335} 111, -127, -127, -74, -127, -127, -127, 111, 111, 111, 111, 111, 111, 111, 111, 111, 111, 111, 
2025-12-28 12:48:10.341868|{td-335} 0, -2986088, -2995008, -17, 0, 0, 0, 0, 0, 0, 0, 0, 0, 0, 0, 0, 0, 0, 
2025-12-28 12:48:10.348270|{tx-335} :AA-BBB...........
2025-12-28 12:48:10.517648|{rx-336} 1, 1, 1, 3, 336, 1186, 0, 0, 0, 0, 2, 3, 0, 3, 3
2025-12-28 12:48:10.521959|{rssi-336} 111, -127, -87, -73, -127, -127, -127, 111, 111, 111, 111, 111, 111, 111, 111, 111, 111, 111, 
2025-12-28 12:48:10.531794|{td-336} 0, -2995008, -19, -19, 0, 0, 0, 0, 0, 0, 0, 0, 0, 0, 0, 0, 0, 0, 
2025-12-28 12:48:10.538147|{tx-336} :AC-BBB...........
2025-12-28 12:48:10.708602|{rx-337} 1, 1, 3, 3, 337, 1191, 0, 0, 0, 0, 4, 4, 0, 3, 3
2025-12-28 12:48:10.713318|{rssi-337} 111, -127, -127, -127, -68, -72, -127, -127, -127, 111, 111, 111, 111, 111, 111, 111, 111, 111, 
2025-12-28 12:48:10.722535|{td-337} 0, -2995008, -3003928, -3012848, -17, -19, 0, 0, 0, 0, 0, 0, 0, 0, 0, 0, 0, 0, 
2025-12-28 12:48:10.731064|{tx-337} :AAAC-BBB.........
2025-12-28 12:48:10.897213|{rx-338} 1, 1, 1, 3, 338, 1194, 0, 0, 0, 0, 2, 3, 0, 3, 3
2025-12-28 12:48:10.905157|{rssi-338} 111, -127, -87, -73, -127, -127, -127, 111, 111, 111, 111, 111, 111, 111, 111, 111, 111, 111, 
2025-12-28 12:48:10.911822|{td-338} 0, -2977168, -16, -17, 0, 0, 0, 0, 0, 0, 0, 0, 0, 0, 0, 0, 0, 0, 
2025-12-28 12:48:10.918826|{tx-338} :AC-BBB...........
2025-12-28 12:48:11.087248|{rx-339} 1, 0, 2, 3, 339, 1197, 0, 0, 0, 0, 2, 3, 0, 3, 3
2025-12-28 12:48:11.092151|{rssi-339} 111, -127, -127, -75, -127, -127, -127, 111, 111, 111, 111, 111, 111, 111, 111, 111, 111, 111, 
2025-12-28 12:48:11.101830|{td-339} 0, -2995008, -3003928, -19, 0, 0, 0, 0, 0, 0, 0, 0, 0, 0, 0, 0, 0, 0, 
2025-12-28 12:48:11.108231|{tx-339} :AA-BBB...........
2025-12-28 12:48:11.276565|{rx-340} 1, 1, 1, 3, 340, 1200, 0, 0, 0, 0, 2, 3, 0, 3, 3
2025-12-28 12:48:11.281879|{rssi-340} 111, -127, -88, -65, -127, -127, -127, 111, 111, 111, 111, 111, 111, 111, 111, 111, 111, 111, 
2025-12-28 12:48:11.291630|{td-340} 0, -2995008, -15, -17, 0, 0, 0, 0, 0, 0, 0, 0, 0, 0, 0, 0, 0, 0, 
2025-12-28 12:48:11.298692|{tx-340} :AC-BBB...........
2025-12-28 12:48:11.469168|{rx-341} 1, 1, 2, 3, 341, 1204, 0, 0, 0, 0, 3, 4, 0, 3, 3
2025-12-28 12:48:11.472894|{rssi-341} 111, -127, -127, -71, -64, -127, -127, -127, 111, 111, 111, 111, 111, 111, 111, 111, 111, 111, 
2025-12-28 12:48:11.482568|{td-341} 0, -2995008, -3003928, -17, -17, 0, 0, 0, 0, 0, 0, 0, 0, 0, 0, 0, 0, 0, 
2025-12-28 12:48:11.489131|{tx-341} :AAC-BBB..........
2025-12-28 12:48:11.657200|{rx-342} 1, 0, 2, 3, 342, 1207, 0, 0, 0, 0, 2, 3, 0, 3, 3
2025-12-28 12:48:11.661093|{rssi-342} 111, -127, -127, -74, -127, -127, -127, 111, 111, 111, 111, 111, 111, 111, 111, 111, 111, 111, 
2025-12-28 12:48:11.671337|{td-342} 0, -2986088, -2995008, -13, 0, 0, 0, 0, 0, 0, 0, 0, 0, 0, 0, 0, 0, 0, 
2025-12-28 12:48:11.677561|{tx-342} :AA-BBB...........
2025-12-28 12:48:11.847103|{rx-343} 1, 1, 1, 3, 343, 1210, 0, 0, 0, 0, 2, 3, 0, 3, 3
2025-12-28 12:48:11.851249|{rssi-343} 111, -127, -87, -65, -127, -127, -127, 111, 111, 111, 111, 111, 111, 111, 111, 111, 111, 111, 
2025-12-28 12:48:11.861230|{td-343} 0, -2995008, -21, -23, 0, 0, 0, 0, 0, 0, 0, 0, 0, 0, 0, 0, 0, 0, 
2025-12-28 12:48:11.868814|{tx-343} :AC-BBB...........
2025-12-28 12:48:12.037186|{rx-344} 1, 0, 2, 3, 344, 1213, 0, 0, 0, 0, 2, 3, 0, 3, 3
2025-12-28 12:48:12.042226|{rssi-344} 111, -127, -127, -73, -127, -127, -127, 111, 111, 111, 111, 111, 111, 111, 111, 111, 111, 111, 
2025-12-28 12:48:12.051444|{td-344} 0, -2995008, -3003928, -17, 0, 0, 0, 0, 0, 0, 0, 0, 0, 0, 0, 0, 0, 0, 
2025-12-28 12:48:12.058886|{tx-344} :AA-BBB...........
2025-12-28 12:48:12.227713|{rx-345} 1, 0, 2, 3, 345, 1216, 0, 0, 0, 0, 2, 3, 0, 3, 3
2025-12-28 12:48:12.231936|{rssi-345} 111, -127, -127, -65, -127, -127, -127, 111, 111, 111, 111, 111, 111, 111, 111, 111, 111, 111, 
2025-12-28 12:48:12.241488|{td-345} 0, -2995008, -3003928, -19, 0, 0, 0, 0, 0, 0, 0, 0, 0, 0, 0, 0, 0, 0, 
2025-12-28 12:48:12.248292|{tx-345} :AA-BBB...........
2025-12-28 12:48:12.417122|{rx-346} 1, 0, 2, 3, 346, 1219, 0, 0, 0, 0, 2, 3, 0, 3, 3
2025-12-28 12:48:12.421387|{rssi-346} 111, -127, -127, -74, -127, -127, -127, 111, 111, 111, 111, 111, 111, 111, 111, 111, 111, 111, 
2025-12-28 12:48:12.431053|{td-346} 0, -2995008, -3003928, -17, 0, 0, 0, 0, 0, 0, 0, 0, 0, 0, 0, 0, 0, 0, 
2025-12-28 12:48:12.439038|{tx-346} :AA-BBB...........
2025-12-28 12:48:12.608640|{rx-347} 1, 1, 3, 3, 347, 1224, 0, 0, 0, 0, 4, 3, 0, 3, 3
2025-12-28 12:48:12.615292|{rssi-347} 111, -127, -127, -89, -89, -70, -127, -127, -127, 111, 111, 111, 111, 111, 111, 111, 111, 111, 
2025-12-28 12:48:12.622816|{td-347} 0, -2995008, -3003928, -19, -8939, -17, 0, 0, 0, 0, 0, 0, 0, 0, 0, 0, 0, 0, 
2025-12-28 12:48:12.630558|{tx-347} :AACA-BBB.........
2025-12-28 12:48:12.797846|{rx-348} 1, 1, 1, 3, 348, 1227, 0, 0, 0, 0, 2, 3, 0, 3, 3
2025-12-28 12:48:12.801926|{rssi-348} 111, -127, -89, -75, -127, -127, -127, 111, 111, 111, 111, 111, 111, 111, 111, 111, 111, 111, 
2025-12-28 12:48:12.811312|{td-348} 0, -2977168, -21, -19, 0, 0, 0, 0, 0, 0, 0, 0, 0, 0, 0, 0, 0, 0, 
2025-12-28 12:48:12.816789|{tx-348} :AC-BBB...........
2025-12-28 12:48:12.988799|{rx-349} 1, 0, 4, 3, 349, 1232, 0, 0, 0, 0, 4, 3, 0, 3, 3
2025-12-28 12:48:12.992808|{rssi-349} 111, -127, -127, -127, -127, -74, -127, -127, -127, 111, 111, 111, 111, 111, 111, 111, 111, 111, 
2025-12-28 12:48:13.002768|{td-349} 0, -2995008, -3003928, -3012848, -3021768, -19, 0, 0, 0, 0, 0, 0, 0, 0, 0, 0, 0, 0, 
2025-12-28 12:48:13.010954|{tx-349} :AAAA-BBB.........
2025-12-28 12:48:13.178914|{rx-350} 1, 1, 3, 3, 350, 1237, 0, 0, 0, 0, 4, 3, 0, 3, 3
2025-12-28 12:48:13.182770|{rssi-350} 111, -127, -90, -90, -90, -69, -127, -127, -127, 111, 111, 111, 111, 111, 111, 111, 111, 111, 
2025-12-28 12:48:13.191465|{td-350} 0, -2977168, -17, -8937, -17857, -15, 0, 0, 0, 0, 0, 0, 0, 0, 0, 0, 0, 0, 
2025-12-28 12:48:13.198743|{tx-350} :ACAA-BBB.........
2025-12-28 12:48:13.368307|{rx-351} 1, 1, 1, 3, 351, 1240, 0, 0, 0, 0, 2, 3, 0, 3, 3
2025-12-28 12:48:13.372390|{rssi-351} 111, -127, -85, -74, -127, -127, -127, 111, 111, 111, 111, 111, 111, 111, 111, 111, 111, 111, 
2025-12-28 12:48:13.381857|{td-351} 0, -2977168, -19, -21, 0, 0, 0, 0, 0, 0, 0, 0, 0, 0, 0, 0, 0, 0, 
2025-12-28 12:48:13.388189|{tx-351} :AC-BBB...........
2025-12-28 12:48:13.555730|{rx-352} 1, 0, 2, 3, 352, 1243, 0, 0, 0, 0, 2, 3, 0, 3, 3
2025-12-28 12:48:13.561878|{rssi-352} 111, -127, -127, -77, -127, -127, -127, 111, 111, 111, 111, 111, 111, 111, 111, 111, 111, 111, 
2025-12-28 12:48:13.570604|{td-352} 0, -2995008, -3003928, -17, 0, 0, 0, 0, 0, 0, 0, 0, 0, 0, 0, 0, 0, 0, 
2025-12-28 12:48:13.578221|{tx-352} :AA-BBB...........
2025-12-28 12:48:13.746572|{rx-353} 1, 1, 1, 3, 353, 1246, 0, 0, 0, 0, 2, 3, 0, 3, 3
2025-12-28 12:48:13.751448|{rssi-353} 111, -127, -86, -69, -127, -127, -127, 111, 111, 111, 111, 111, 111, 111, 111, 111, 111, 111, 
2025-12-28 12:48:13.760963|{td-353} 0, -2995008, -15, -15, 0, 0, 0, 0, 0, 0, 0, 0, 0, 0, 0, 0, 0, 0, 
2025-12-28 12:48:13.767644|{tx-353} :AC-BBB...........
2025-12-28 12:48:13.936960|{rx-354} 1, 0, 2, 3, 354, 1249, 0, 0, 0, 0, 2, 3, 0, 3, 3
2025-12-28 12:48:13.941807|{rssi-354} 111, -127, -127, -73, -127, -127, -127, 111, 111, 111, 111, 111, 111, 111, 111, 111, 111, 111, 
2025-12-28 12:48:13.951387|{td-354} 0, -2995008, -3003928, -19, 0, 0, 0, 0, 0, 0, 0, 0, 0, 0, 0, 0, 0, 0, 
2025-12-28 12:48:13.958624|{tx-354} :AA-BBB...........
2025-12-28 12:48:14.127683|{rx-355} 1, 0, 4, 3, 355, 1254, 0, 0, 0, 0, 4, 3, 0, 3, 3
2025-12-28 12:48:14.132717|{rssi-355} 111, -127, -127, -127, -127, -73, -127, -127, -127, 111, 111, 111, 111, 111, 111, 111, 111, 111, 
2025-12-28 12:48:14.142418|{td-355} 0, -2995008, -3003928, -3012848, -3021768, -19, 0, 0, 0, 0, 0, 0, 0, 0, 0, 0, 0, 0, 
2025-12-28 12:48:14.151048|{tx-355} :AAAA-BBB.........
2025-12-28 12:48:14.315876|{rx-356} 1, 0, 2, 3, 356, 1257, 0, 0, 0, 0, 2, 3, 0, 3, 3
2025-12-28 12:48:14.321734|{rssi-356} 111, -127, -127, -74, -127, -127, -127, 111, 111, 111, 111, 111, 111, 111, 111, 111, 111, 111, 
2025-12-28 12:48:14.330500|{td-356} 0, -2977168, -2986088, -19, 0, 0, 0, 0, 0, 0, 0, 0, 0, 0, 0, 0, 0, 0, 
2025-12-28 12:48:14.336977|{tx-356} :AA-BBB...........
2025-12-28 12:48:14.506220|{rx-357} 1, 1, 1, 3, 357, 1260, 0, 0, 0, 0, 2, 3, 0, 3, 3
2025-12-28 12:48:14.510760|{rssi-357} 111, -127, -85, -74, -127, -127, -127, 111, 111, 111, 111, 111, 111, 111, 111, 111, 111, 111, 
2025-12-28 12:48:14.521127|{td-357} 0, -2995008, -15, -17, 0, 0, 0, 0, 0, 0, 0, 0, 0, 0, 0, 0, 0, 0, 
2025-12-28 12:48:14.528387|{tx-357} :AC-BBB...........
2025-12-28 12:48:14.697242|{rx-358} 1, 2, 1, 3, 358, 1264, 0, 0, 0, 0, 3, 4, 0, 3, 3
2025-12-28 12:48:14.701137|{rssi-358} 111, -127, -84, -78, -66, -127, -127, -127, 111, 111, 111, 111, 111, 111, 111, 111, 111, 111, 
2025-12-28 12:48:14.711354|{td-358} 0, -2995008, -19, -19, -19, 0, 0, 0, 0, 0, 0, 0, 0, 0, 0, 0, 0, 0, 
2025-12-28 12:48:14.718318|{tx-358} :ACC-BBB..........
2025-12-28 12:48:14.886143|{rx-359} 1, 1, 1, 3, 359, 1267, 0, 0, 0, 0, 2, 3, 0, 3, 3
2025-12-28 12:48:14.891568|{rssi-359} 111, -127, -92, -74, -127, -127, -127, 111, 111, 111, 111, 111, 111, 111, 111, 111, 111, 111, 
2025-12-28 12:48:14.900855|{td-359} 0, -2986088, -15, -15, 0, 0, 0, 0, 0, 0, 0, 0, 0, 0, 0, 0, 0, 0, 
2025-12-28 12:48:14.907071|{tx-359} :AC-BBB...........
2025-12-28 12:48:15.076068|{rx-360} 1, 0, 2, 3, 360, 1270, 0, 0, 0, 0, 2, 3, 0, 3, 3
2025-12-28 12:48:15.081221|{rssi-360} 111, -127, -127, -73, -127, -127, -127, 111, 111, 111, 111, 111, 111, 111, 111, 111, 111, 111, 
2025-12-28 12:48:15.091068|{td-360} 0, -2995008, -3003928, -19, 0, 0, 0, 0, 0, 0, 0, 0, 0, 0, 0, 0, 0, 0, 
2025-12-28 12:48:15.098580|{tx-360} :AA-BBB...........
2025-12-28 12:48:15.267043|{rx-361} 1, 1, 2, 3, 361, 1274, 0, 0, 0, 0, 3, 3, 0, 3, 3
2025-12-28 12:48:15.271958|{rssi-361} 111, -127, -127, -87, -65, -127, -127, -127, 111, 111, 111, 111, 111, 111, 111, 111, 111, 111, 
2025-12-28 12:48:15.281647|{td-361} 0, -2995008, -3003928, -19, -19, 0, 0, 0, 0, 0, 0, 0, 0, 0, 0, 0, 0, 0, 
2025-12-28 12:48:15.289161|{tx-361} :AAC-BBB..........
2025-12-28 12:48:15.460454|{rx-362} 0, 1, 13, 0, 361, 1288, 0, 0, 0, 0, 65535, 255, 0, 3, 3
2025-12-28 12:48:15.465046|{rssi-362} 111, -127, -86, -86, -86, -86, -86, -86, -86, -86, -86, -86, -86, -86, -86, 111, 111, 111, 
2025-12-28 12:48:15.475460|{td-362} 0, -2986088, -17, -8937, -17857, -26777, -35697, -44617, -53537, -62457, -71377, -80297, -89217, -98137, -107057, 0, 0, 0, 
2025-12-28 12:48:15.485827|{tx-362} :ACAAAAAAAAAAAA...
2025-12-28 12:48:15.645781|{rx-363} 1, 0, 2, 3, 362, 1291, 0, 0, 0, 0, 2, 3, 0, 3, 3
2025-12-28 12:48:15.651438|{rssi-363} 111, -86, -86, -75, -127, -127, -127, 111, 111, 111, 111, 111, 111, 111, 111, 111, 111, 111, 
2025-12-28 12:48:15.660584|{td-363} 0, -3030537, -3039457, -35, 0, 0, 0, 0, 0, 0, 0, 0, 0, 0, 0, 0, 0, 0, 
2025-12-28 12:48:15.666956|{tx-363} :AA-BBB...........
2025-12-28 12:48:15.836903|{rx-364} 1, 0, 2, 3, 363, 1294, 0, 0, 0, 0, 2, 3, 0, 3, 3
2025-12-28 12:48:15.841570|{rssi-364} 111, -127, -127, -74, -127, -127, -127, 111, 111, 111, 111, 111, 111, 111, 111, 111, 111, 111, 
2025-12-28 12:48:15.851225|{td-364} 0, -2995008, -3003928, -17, 0, 0, 0, 0, 0, 0, 0, 0, 0, 0, 0, 0, 0, 0, 
2025-12-28 12:48:15.858500|{tx-364} :AA-BBB...........
2025-12-28 12:48:16.026483|{rx-365} 1, 0, 2, 3, 364, 1297, 0, 0, 0, 0, 2, 3, 0, 3, 3
2025-12-28 12:48:16.031409|{rssi-365} 111, -127, -127, -68, -127, -127, -127, 111, 111, 111, 111, 111, 111, 111, 111, 111, 111, 111, 
2025-12-28 12:48:16.040793|{td-365} 0, -2995008, -3003928, -21, 0, 0, 0, 0, 0, 0, 0, 0, 0, 0, 0, 0, 0, 0, 
2025-12-28 12:48:16.048197|{tx-365} :AA-BBB...........
2025-12-28 12:48:16.215731|{rx-366} 1, 0, 2, 3, 365, 1300, 0, 0, 0, 0, 2, 3, 0, 3, 3
2025-12-28 12:48:16.221300|{rssi-366} 111, -127, -127, -75, -127, -127, -127, 111, 111, 111, 111, 111, 111, 111, 111, 111, 111, 111, 
2025-12-28 12:48:16.230309|{td-366} 0, -2995008, -3003928, -15, 0, 0, 0, 0, 0, 0, 0, 0, 0, 0, 0, 0, 0, 0, 
2025-12-28 12:48:16.236906|{tx-366} :AA-BBB...........
2025-12-28 12:48:16.406203|{rx-367} 1, 1, 1, 3, 366, 1303, 0, 0, 0, 0, 2, 3, 0, 3, 3
2025-12-28 12:48:16.411746|{rssi-367} 111, -127, -84, -76, -127, -127, -127, 111, 111, 111, 111, 111, 111, 111, 111, 111, 111, 111, 
2025-12-28 12:48:16.420830|{td-367} 0, -2995008, -17, -19, 0, 0, 0, 0, 0, 0, 0, 0, 0, 0, 0, 0, 0, 0, 
2025-12-28 12:48:16.426167|{tx-367} :AC-BBB...........
2025-12-28 12:48:16.596448|{rx-368} 1, 1, 1, 3, 367, 1306, 0, 0, 0, 0, 2, 3, 0, 3, 3
2025-12-28 12:48:16.601304|{rssi-368} 111, -127, -90, -63, -127, -127, -127, 111, 111, 111, 111, 111, 111, 111, 111, 111, 111, 111, 
2025-12-28 12:48:16.610554|{td-368} 0, -2995008, -17, -17, 0, 0, 0, 0, 0, 0, 0, 0, 0, 0, 0, 0, 0, 0, 
2025-12-28 12:48:16.616614|{tx-368} :AC-BBB...........
2025-12-28 12:48:16.786061|{rx-369} 1, 0, 2, 3, 368, 1309, 0, 0, 0, 0, 2, 3, 0, 3, 3
2025-12-28 12:48:16.790936|{rssi-369} 111, -127, -127, -75, -127, -127, -127, 111, 111, 111, 111, 111, 111, 111, 111, 111, 111, 111, 
2025-12-28 12:48:16.800368|{td-369} 0, -2995008, -3003928, -17, 0, 0, 0, 0, 0, 0, 0, 0, 0, 0, 0, 0, 0, 0, 
2025-12-28 12:48:16.808369|{tx-369} :AA-BBB...........
2025-12-28 12:48:16.977129|{rx-370} 1, 2, 2, 3, 369, 1314, 0, 0, 0, 0, 4, 4, 0, 3, 3
2025-12-28 12:48:16.981523|{rssi-370} 111, -127, -127, -69, -65, -70, -127, -127, -127, 111, 111, 111, 111, 111, 111, 111, 111, 111, 
2025-12-28 12:48:16.991961|{td-370} 0, -2995008, -3003928, -19, -19, -19, 0, 0, 0, 0, 0, 0, 0, 0, 0, 0, 0, 0, 
2025-12-28 12:48:16.998107|{tx-370} :AACC-BBB.........
2025-12-28 12:48:17.165942|{rx-371} 1, 0, 2, 3, 370, 1317, 0, 0, 0, 0, 2, 3, 0, 3, 3
2025-12-28 12:48:17.171087|{rssi-371} 111, -127, -127, -72, -127, -127, -127, 111, 111, 111, 111, 111, 111, 111, 111, 111, 111, 111, 
2025-12-28 12:48:17.180585|{td-371} 0, -2977168, -2986088, -17, 0, 0, 0, 0, 0, 0, 0, 0, 0, 0, 0, 0, 0, 0, 
2025-12-28 12:48:17.187866|{tx-371} :AA-BBB...........
2025-12-28 12:48:17.356455|{rx-372} 1, 0, 2, 3, 371, 1320, 0, 0, 0, 0, 2, 3, 0, 3, 3
2025-12-28 12:48:17.361087|{rssi-372} 111, -127, -127, -74, -127, -127, -127, 111, 111, 111, 111, 111, 111, 111, 111, 111, 111, 111, 
2025-12-28 12:48:17.370807|{td-372} 0, -2995008, -3003928, -17, 0, 0, 0, 0, 0, 0, 0, 0, 0, 0, 0, 0, 0, 0, 
2025-12-28 12:48:17.378385|{tx-372} :AA-BBB...........
2025-12-28 12:48:17.545754|{rx-373} 1, 1, 1, 3, 372, 1323, 0, 0, 0, 0, 2, 3, 0, 3, 3
2025-12-28 12:48:17.550982|{rssi-373} 111, -127, -86, -76, -127, -127, -127, 111, 111, 111, 111, 111, 111, 111, 111, 111, 111, 111, 
2025-12-28 12:48:17.560514|{td-373} 0, -2995008, -19, -19, 0, 0, 0, 0, 0, 0, 0, 0, 0, 0, 0, 0, 0, 0, 
2025-12-28 12:48:17.566748|{tx-373} :AC-BBB...........
2025-12-28 12:48:17.740977|{rx-374} 0, 1, 13, 0, 372, 1337, 0, 0, 0, 0, 65535, 255, 0, 3, 3
2025-12-28 12:48:17.750341|{rssi-374} 111, -127, -127, -127, -89, -89, -89, -89, -89, -89, -89, -89, -89, -89, -89, 111, 111, 111, 
2025-12-28 12:48:17.755378|{td-374} 0, -2995008, -3003928, -3012848, -17, -8937, -17857, -26777, -35697, -44617, -53537, -62457, -71377, -80297, -89217, 0, 0, 0, 
2025-12-28 12:48:17.766175|{tx-374} :AAACAAAAAAAAAA...
2025-12-28 12:48:17.926468|{rx-375} 1, 1, 1, 3, 373, 1340, 0, 0, 0, 0, 2, 3, 0, 3, 3
2025-12-28 12:48:17.930900|{rssi-375} 111, -89, -94, -75, -127, -127, -127, 111, 111, 111, 111, 111, 111, 111, 111, 111, 111, 111, 
2025-12-28 12:48:17.940619|{td-375} 0, -3012697, -33, -37, 0, 0, 0, 0, 0, 0, 0, 0, 0, 0, 0, 0, 0, 0, 
2025-12-28 12:48:17.946936|{tx-375} :AE-BBB...........
2025-12-28 12:48:18.115864|{rx-376} 1, 0, 2, 3, 374, 1343, 0, 0, 0, 0, 2, 3, 0, 3, 3
2025-12-28 12:48:18.121061|{rssi-376} 111, -127, -127, -74, -127, -127, -127, 111, 111, 111, 111, 111, 111, 111, 111, 111, 111, 111, 
2025-12-28 12:48:18.130109|{td-376} 0, -2995008, -3003928, -17, 0, 0, 0, 0, 0, 0, 0, 0, 0, 0, 0, 0, 0, 0, 
2025-12-28 12:48:18.137214|{tx-376} :AA-BBB...........
2025-12-28 12:48:18.305800|{rx-377} 1, 1, 1, 3, 375, 1346, 0, 0, 0, 0, 2, 3, 0, 3, 3
2025-12-28 12:48:18.311224|{rssi-377} 111, -127, -88, -74, -127, -127, -127, 111, 111, 111, 111, 111, 111, 111, 111, 111, 111, 111, 
2025-12-28 12:48:18.320339|{td-377} 0, -2995008, -17, -17, 0, 0, 0, 0, 0, 0, 0, 0, 0, 0, 0, 0, 0, 0, 
2025-12-28 12:48:18.326506|{tx-377} :AC-BBB...........
2025-12-28 12:48:18.494776|{rx-378} 1, 0, 2, 3, 376, 1349, 0, 0, 0, 0, 2, 3, 0, 3, 3
2025-12-28 12:48:18.501032|{rssi-378} 111, -127, -127, -73, -127, -127, -127, 111, 111, 111, 111, 111, 111, 111, 111, 111, 111, 111, 
2025-12-28 12:48:18.510246|{td-378} 0, -2995008, -3003928, -19, 0, 0, 0, 0, 0, 0, 0, 0, 0, 0, 0, 0, 0, 0, 
2025-12-28 12:48:18.517640|{tx-378} :AA-BBB...........
2025-12-28 12:48:18.684984|{rx-379} 1, 1, 1, 3, 377, 1352, 0, 0, 0, 0, 2, 3, 0, 3, 3
2025-12-28 12:48:18.691066|{rssi-379} 111, -127, -87, -75, -127, -127, -127, 111, 111, 111, 111, 111, 111, 111, 111, 111, 111, 111, 
2025-12-28 12:48:18.699691|{td-379} 0, -2995008, -17, -15, 0, 0, 0, 0, 0, 0, 0, 0, 0, 0, 0, 0, 0, 0, 
2025-12-28 12:48:18.706221|{tx-379} :AC-BBB...........
2025-12-28 12:48:18.875331|{rx-380} 1, 1, 1, 3, 378, 1355, 0, 0, 0, 0, 2, 3, 0, 3, 3
2025-12-28 12:48:18.880876|{rssi-380} 111, -127, -86, -75, -127, -127, -127, 111, 111, 111, 111, 111, 111, 111, 111, 111, 111, 111, 
2025-12-28 12:48:18.890333|{td-380} 0, -2995008, -19, -17, 0, 0, 0, 0, 0, 0, 0, 0, 0, 0, 0, 0, 0, 0, 
2025-12-28 12:48:18.897314|{tx-380} :AC-BBB...........
2025-12-28 12:48:19.065473|{rx-381} 1, 1, 2, 3, 379, 1359, 0, 0, 0, 0, 2, 3, 0, 3, 3
2025-12-28 12:48:19.070939|{rssi-381} 111, -127, -88, -74, -127, -127, -127, 111, 111, 111, 111, 111, 111, 111, 111, 111, 111, 111, 
2025-12-28 12:48:19.080986|{td-381} 0, -2995008, -21, -19, 0, 0, 0, 0, 0, 0, 0, 0, 0, 0, 0, 0, 0, 0, 
2025-12-28 12:48:19.086340|{tx-381} :AP-BBB...........
2025-12-28 12:48:19.256004|{rx-382} 1, 1, 3, 3, 380, 1364, 0, 0, 0, 0, 4, 3, 0, 3, 3
2025-12-28 12:48:19.261109|{rssi-382} 111, -127, -127, -84, -84, -67, -127, -127, -127, 111, 111, 111, 111, 111, 111, 111, 111, 111, 
2025-12-28 12:48:19.271533|{td-382} 0, -2995008, -3003928, -19, -8939, -19, 0, 0, 0, 0, 0, 0, 0, 0, 0, 0, 0, 0, 
2025-12-28 12:48:19.279129|{tx-382} :AACA-BBB.........
2025-12-28 12:48:19.446842|{rx-383} 1, 1, 2, 3, 381, 1368, 0, 0, 0, 0, 3, 4, 0, 3, 3
2025-12-28 12:48:19.451263|{rssi-383} 111, -127, -94, -94, -73, -127, -127, -127, 111, 111, 111, 111, 111, 111, 111, 111, 111, 111, 
2025-12-28 12:48:19.460490|{td-383} 0, -2977168, -17, -8937, -15, 0, 0, 0, 0, 0, 0, 0, 0, 0, 0, 0, 0, 0, 
2025-12-28 12:48:19.466712|{tx-383} :ACA-BBB..........
2025-12-28 12:48:19.635057|{rx-384} 1, 0, 2, 3, 382, 1371, 0, 0, 0, 0, 2, 3, 0, 3, 3
2025-12-28 12:48:19.640894|{rssi-384} 111, -127, -127, -75, -127, -127, -127, 111, 111, 111, 111, 111, 111, 111, 111, 111, 111, 111, 
2025-12-28 12:48:19.649745|{td-384} 0, -2986088, -2995008, -23, 0, 0, 0, 0, 0, 0, 0, 0, 0, 0, 0, 0, 0, 0, 
2025-12-28 12:48:19.657994|{tx-384} :AA-BBB...........
2025-12-28 12:48:19.825397|{rx-385} 1, 0, 2, 3, 383, 1374, 0, 0, 0, 0, 2, 3, 0, 3, 3
2025-12-28 12:48:19.830428|{rssi-385} 111, -127, -127, -63, -127, -127, -127, 111, 111, 111, 111, 111, 111, 111, 111, 111, 111, 111, 
2025-12-28 12:48:19.840360|{td-385} 0, -2995008, -3003928, -15, 0, 0, 0, 0, 0, 0, 0, 0, 0, 0, 0, 0, 0, 0, 
2025-12-28 12:48:19.846571|{tx-385} :AA-BBB...........
2025-12-28 12:48:20.016680|{rx-386} 1, 1, 3, 3, 384, 1379, 0, 0, 0, 0, 4, 4, 0, 3, 3
2025-12-28 12:48:20.021646|{rssi-386} 111, -127, -88, -88, -88, -66, -127, -127, -127, 111, 111, 111, 111, 111, 111, 111, 111, 111, 
2025-12-28 12:48:20.031231|{td-386} 0, -2995008, -19, -8939, -17859, -17, 0, 0, 0, 0, 0, 0, 0, 0, 0, 0, 0, 0, 
2025-12-28 12:48:20.037305|{tx-386} :ACAA-BBB.........
2025-12-28 12:48:20.204803|{rx-387} 1, 1, 1, 3, 385, 1382, 0, 0, 0, 0, 2, 3, 0, 3, 3
2025-12-28 12:48:20.209934|{rssi-387} 111, -127, -97, -76, -127, -127, -127, 111, 111, 111, 111, 111, 111, 111, 111, 111, 111, 111, 
2025-12-28 12:48:20.220189|{td-387} 0, -2977168, -19, -19, 0, 0, 0, 0, 0, 0, 0, 0, 0, 0, 0, 0, 0, 0, 
2025-12-28 12:48:20.225720|{tx-387} :AC-BBB...........
2025-12-28 12:48:20.396020|{rx-388} 1, 1, 1, 3, 386, 1385, 0, 0, 0, 0, 2, 3, 0, 3, 3
2025-12-28 12:48:20.401690|{rssi-388} 111, -127, -90, -73, -127, -127, -127, 111, 111, 111, 111, 111, 111, 111, 111, 111, 111, 111, 
2025-12-28 12:48:20.410612|{td-388} 0, -2995008, -10, -17, 0, 0, 0, 0, 0, 0, 0, 0, 0, 0, 0, 0, 0, 0, 
2025-12-28 12:48:20.415919|{tx-388} :AC-BBB...........
2025-12-28 12:48:20.585342|{rx-389} 1, 0, 2, 3, 387, 1388, 0, 0, 0, 0, 2, 3, 0, 3, 3
2025-12-28 12:48:20.590085|{rssi-389} 111, -127, -127, -64, -127, -127, -127, 111, 111, 111, 111, 111, 111, 111, 111, 111, 111, 111, 
2025-12-28 12:48:20.599116|{td-389} 0, -2995008, -3003928, -19, 0, 0, 0, 0, 0, 0, 0, 0, 0, 0, 0, 0, 0, 0, 
2025-12-28 12:48:20.607604|{tx-389} :AA-BBB...........
2025-12-28 12:48:20.776723|{rx-390} 1, 2, 3, 3, 388, 1394, 0, 0, 0, 0, 3, 3, 0, 3, 3
2025-12-28 12:48:20.780757|{rssi-390} 111, -127, -92, -99, -76, -127, -127, -127, 111, 111, 111, 111, 111, 111, 111, 111, 111, 111, 
2025-12-28 12:48:20.790645|{td-390} 0, -2995008, -17, -19, -19, 0, 0, 0, 0, 0, 0, 0, 0, 0, 0, 0, 0, 0, 
2025-12-28 12:48:20.797810|{tx-390} :APP-BBB..........
2025-12-28 12:48:20.966995|{rx-391} 1, 2, 2, 3, 389, 1399, 0, 0, 0, 0, 4, 3, 0, 3, 3
2025-12-28 12:48:20.971224|{rssi-391} 111, -127, -83, -83, -87, -64, -127, -127, -127, 111, 111, 111, 111, 111, 111, 111, 111, 111, 
2025-12-28 12:48:20.980992|{td-391} 0, -2986088, -15, -8935, -17, -15, 0, 0, 0, 0, 0, 0, 0, 0, 0, 0, 0, 0, 
2025-12-28 12:48:20.988568|{tx-391} :ACAC-BBB.........
2025-12-28 12:48:21.156278|{rx-392} 1, 0, 2, 3, 390, 1402, 0, 0, 0, 0, 2, 3, 0, 3, 3
2025-12-28 12:48:21.160379|{rssi-392} 111, -127, -127, -71, -127, -127, -127, 111, 111, 111, 111, 111, 111, 111, 111, 111, 111, 111, 
2025-12-28 12:48:21.169804|{td-392} 0, -2977168, -2986088, -19, 0, 0, 0, 0, 0, 0, 0, 0, 0, 0, 0, 0, 0, 0, 
2025-12-28 12:48:21.176578|{tx-392} :AA-BBB...........
2025-12-28 12:48:21.346459|{rx-393} 1, 2, 2, 3, 391, 1407, 0, 0, 0, 0, 4, 3, 0, 3, 3
2025-12-28 12:48:21.350809|{rssi-393} 111, -127, -127, -83, -88, -74, -127, -127, -127, 111, 111, 111, 111, 111, 111, 111, 111, 111, 
2025-12-28 12:48:21.360971|{td-393} 0, -2995008, -3003928, -19, -19, -19, 0, 0, 0, 0, 0, 0, 0, 0, 0, 0, 0, 0, 
2025-12-28 12:48:21.368335|{tx-393} :AACC-BBB.........
2025-12-28 12:48:21.535162|{rx-394} 1, 0, 3, 3, 392, 1411, 0, 0, 0, 0, 3, 3, 0, 3, 3
2025-12-28 12:48:21.540613|{rssi-394} 111, -127, -127, -127, -65, -127, -127, -127, 111, 111, 111, 111, 111, 111, 111, 111, 111, 111, 
2025-12-28 12:48:21.551009|{td-394} 0, -2977168, -2986088, -2995008, -17, 0, 0, 0, 0, 0, 0, 0, 0, 0, 0, 0, 0, 0, 
2025-12-28 12:48:21.558131|{tx-394} :AAA-BBB..........
2025-12-28 12:48:21.726427|{rx-395} 1, 2, 2, 3, 393, 1416, 0, 0, 0, 0, 4, 4, 0, 3, 3
2025-12-28 12:48:21.731337|{rssi-395} 111, -127, -127, -77, -67, -62, -127, -127, -127, 111, 111, 111, 111, 111, 111, 111, 111, 111, 
2025-12-28 12:48:21.741061|{td-395} 0, -2986088, -2995008, -19, -19, -17, 0, 0, 0, 0, 0, 0, 0, 0, 0, 0, 0, 0, 
2025-12-28 12:48:21.746975|{tx-395} :AACC-BBB.........
2025-12-28 12:48:21.915612|{rx-396} 1, 1, 2, 3, 394, 1420, 0, 0, 0, 0, 2, 3, 0, 3, 3
2025-12-28 12:48:21.920400|{rssi-396} 111, -127, -92, -68, -127, -127, -127, 111, 111, 111, 111, 111, 111, 111, 111, 111, 111, 111, 
2025-12-28 12:48:21.929819|{td-396} 0, -2977168, -19, -21, 0, 0, 0, 0, 0, 0, 0, 0, 0, 0, 0, 0, 0, 0, 
2025-12-28 12:48:21.935869|{tx-396} :AP-BBB...........
2025-12-28 12:48:22.104924|{rx-397} 1, 1, 1, 3, 395, 1423, 0, 0, 0, 0, 2, 3, 0, 3, 3
2025-12-28 12:48:22.110401|{rssi-397} 111, -127, -85, -74, -127, -127, -127, 111, 111, 111, 111, 111, 111, 111, 111, 111, 111, 111, 
2025-12-28 12:48:22.119721|{td-397} 0, -2995008, -13, -15, 0, 0, 0, 0, 0, 0, 0, 0, 0, 0, 0, 0, 0, 0, 
2025-12-28 12:48:22.126383|{tx-397} :AC-BBB...........
2025-12-28 12:48:22.295184|{rx-398} 1, 1, 1, 3, 396, 1426, 0, 0, 0, 0, 2, 3, 0, 3, 3
2025-12-28 12:48:22.300453|{rssi-398} 111, -127, -89, -74, -127, -127, -127, 111, 111, 111, 111, 111, 111, 111, 111, 111, 111, 111, 
2025-12-28 12:48:22.309837|{td-398} 0, -2995008, -21, -19, 0, 0, 0, 0, 0, 0, 0, 0, 0, 0, 0, 0, 0, 0, 
2025-12-28 12:48:22.315646|{tx-398} :AC-BBB...........
2025-12-28 12:48:22.485862|{rx-399} 1, 1, 1, 3, 397, 1429, 0, 0, 0, 0, 2, 3, 0, 3, 3
2025-12-28 12:48:22.489514|{rssi-399} 111, -127, -87, -74, -127, -127, -127, 111, 111, 111, 111, 111, 111, 111, 111, 111, 111, 111, 
2025-12-28 12:48:22.498990|{td-399} 0, -2995008, -17, -17, 0, 0, 0, 0, 0, 0, 0, 0, 0, 0, 0, 0, 0, 0, 
2025-12-28 12:48:22.505366|{tx-399} :AC-BBB...........
2025-12-28 12:48:22.675112|{rx-400} 1, 0, 2, 3, 398, 1432, 0, 0, 0, 0, 2, 3, 0, 3, 3
2025-12-28 12:48:22.679884|{rssi-400} 111, -127, -127, -75, -127, -127, -127, 111, 111, 111, 111, 111, 111, 111, 111, 111, 111, 111, 
2025-12-28 12:48:22.689236|{td-400} 0, -2995008, -3003928, -21, 0, 0, 0, 0, 0, 0, 0, 0, 0, 0, 0, 0, 0, 0, 
2025-12-28 12:48:22.695589|{tx-400} :AA-BBB...........
2025-12-28 12:48:22.865375|{rx-401} 1, 0, 2, 3, 399, 1435, 0, 0, 0, 0, 2, 3, 0, 3, 3
2025-12-28 12:48:22.871663|{rssi-401} 111, -127, -127, -74, -127, -127, -127, 111, 111, 111, 111, 111, 111, 111, 111, 111, 111, 111, 
2025-12-28 12:48:22.878630|{td-401} 0, -2995008, -3003928, -15, 0, 0, 0, 0, 0, 0, 0, 0, 0, 0, 0, 0, 0, 0, 
2025-12-28 12:48:22.886731|{tx-401} :AA-BBB...........
2025-12-28 12:48:23.055148|{rx-402} 1, 1, 1, 3, 400, 1438, 0, 0, 0, 0, 2, 3, 0, 3, 3
2025-12-28 12:48:23.059909|{rssi-402} 111, -127, -87, -67, -127, -127, -127, 111, 111, 111, 111, 111, 111, 111, 111, 111, 111, 111, 
2025-12-28 12:48:23.068757|{td-402} 0, -2995008, -19, -17, 0, 0, 0, 0, 0, 0, 0, 0, 0, 0, 0, 0, 0, 0, 
2025-12-28 12:48:23.075699|{tx-402} :AC-BBB...........
2025-12-28 12:48:23.244678|{rx-403} 1, 1, 1, 3, 401, 1441, 0, 0, 0, 0, 2, 3, 0, 3, 3
2025-12-28 12:48:23.250100|{rssi-403} 111, -127, -95, -75, -127, -127, -127, 111, 111, 111, 111, 111, 111, 111, 111, 111, 111, 111, 
2025-12-28 12:48:23.259284|{td-403} 0, -2995008, -15, -17, 0, 0, 0, 0, 0, 0, 0, 0, 0, 0, 0, 0, 0, 0, 
2025-12-28 12:48:23.265209|{tx-403} :AC-BBB...........
2025-12-28 12:48:23.434478|{rx-404} 1, 0, 2, 3, 402, 1444, 0, 0, 0, 0, 2, 3, 0, 3, 3
2025-12-28 12:48:23.439856|{rssi-404} 111, -127, -127, -76, -127, -127, -127, 111, 111, 111, 111, 111, 111, 111, 111, 111, 111, 111, 
2025-12-28 12:48:23.450042|{td-404} 0, -2995008, -3003928, -19, 0, 0, 0, 0, 0, 0, 0, 0, 0, 0, 0, 0, 0, 0, 
2025-12-28 12:48:23.455651|{tx-404} :AA-BBB...........
2025-12-28 12:48:23.624507|{rx-405} 1, 0, 2, 3, 403, 1447, 0, 0, 0, 0, 2, 3, 0, 3, 3
2025-12-28 12:48:23.629857|{rssi-405} 111, -127, -127, -73, -127, -127, -127, 111, 111, 111, 111, 111, 111, 111, 111, 111, 111, 111, 
2025-12-28 12:48:23.638601|{td-405} 0, -2995008, -3003928, -17, 0, 0, 0, 0, 0, 0, 0, 0, 0, 0, 0, 0, 0, 0, 
2025-12-28 12:48:23.646342|{tx-405} :AA-BBB...........
2025-12-28 12:48:23.814433|{rx-406} 1, 1, 1, 3, 404, 1450, 0, 0, 0, 0, 2, 3, 0, 3, 3
2025-12-28 12:48:23.819616|{rssi-406} 111, -127, -89, -64, -127, -127, -127, 111, 111, 111, 111, 111, 111, 111, 111, 111, 111, 111, 
2025-12-28 12:48:23.828560|{td-406} 0, -2995008, -19, -21, 0, 0, 0, 0, 0, 0, 0, 0, 0, 0, 0, 0, 0, 0, 
2025-12-28 12:48:23.836359|{tx-406} :AC-BBB...........
2025-12-28 12:48:24.005948|{rx-407} 1, 2, 1, 3, 405, 1454, 0, 0, 0, 0, 3, 4, 0, 3, 3
2025-12-28 12:48:24.010334|{rssi-407} 111, -127, -91, -68, -66, -127, -127, -127, 111, 111, 111, 111, 111, 111, 111, 111, 111, 111, 
2025-12-28 12:48:24.019969|{td-407} 0, -2995008, -17, -17, -17, 0, 0, 0, 0, 0, 0, 0, 0, 0, 0, 0, 0, 0, 
2025-12-28 12:48:24.025690|{tx-407} :ACC-BBB..........
2025-12-28 12:48:24.196420|{rx-408} 1, 3, 2, 3, 406, 1460, 0, 0, 0, 0, 5, 4, 0, 3, 3
2025-12-28 12:48:24.201588|{rssi-408} 111, -127, -127, -70, -68, -67, -65, -127, -127, -127, 111, 111, 111, 111, 111, 111, 111, 111, 
2025-12-28 12:48:24.210884|{td-408} 0, -2986088, -2995008, -17, -17, -17, -17, 0, 0, 0, 0, 0, 0, 0, 0, 0, 0, 0, 
2025-12-28 12:48:24.218039|{tx-408} :AACCC-BBB........
2025-12-28 12:48:24.385402|{rx-409} 1, 1, 2, 3, 407, 1464, 0, 0, 0, 0, 3, 3, 0, 3, 3
2025-12-28 12:48:24.390336|{rssi-409} 111, -127, -127, -86, -75, -127, -127, -127, 111, 111, 111, 111, 111, 111, 111, 111, 111, 111, 
2025-12-28 12:48:24.399127|{td-409} 0, -2968248, -2977168, -17, -17, 0, 0, 0, 0, 0, 0, 0, 0, 0, 0, 0, 0, 0, 
2025-12-28 12:48:24.406316|{tx-409} :AAC-BBB..........
2025-12-28 12:48:24.575277|{rx-410} 1, 1, 1, 3, 408, 1467, 0, 0, 0, 0, 2, 3, 0, 3, 3
2025-12-28 12:48:24.580213|{rssi-410} 111, -127, -84, -76, -127, -127, -127, 111, 111, 111, 111, 111, 111, 111, 111, 111, 111, 111, 
2025-12-28 12:48:24.589208|{td-410} 0, -2986088, -19, -19, 0, 0, 0, 0, 0, 0, 0, 0, 0, 0, 0, 0, 0, 0, 
2025-12-28 12:48:24.595078|{tx-410} :AC-BBB...........
2025-12-28 12:48:24.764718|{rx-411} 1, 0, 2, 3, 409, 1470, 0, 0, 0, 0, 2, 3, 0, 3, 3
2025-12-28 12:48:24.770643|{rssi-411} 111, -127, -127, -72, -127, -127, -127, 111, 111, 111, 111, 111, 111, 111, 111, 111, 111, 111, 
2025-12-28 12:48:24.780422|{td-411} 0, -2995008, -3003928, -19, 0, 0, 0, 0, 0, 0, 0, 0, 0, 0, 0, 0, 0, 0, 
2025-12-28 12:48:24.785503|{tx-411} :AA-BBB...........
2025-12-28 12:48:24.954309|{rx-412} 1, 0, 2, 3, 410, 1473, 0, 0, 0, 0, 2, 3, 0, 3, 3
2025-12-28 12:48:24.958693|{rssi-412} 111, -127, -127, -76, -127, -127, -127, 111, 111, 111, 111, 111, 111, 111, 111, 111, 111, 111, 
2025-12-28 12:48:24.969098|{td-412} 0, -2995008, -3003928, -15, 0, 0, 0, 0, 0, 0, 0, 0, 0, 0, 0, 0, 0, 0, 
2025-12-28 12:48:24.976443|{tx-412} :AA-BBB...........
2025-12-28 12:48:25.144106|{rx-413} 1, 1, 1, 3, 411, 1476, 0, 0, 0, 0, 2, 3, 0, 3, 3
2025-12-28 12:48:25.149730|{rssi-413} 111, -127, -83, -73, -127, -127, -127, 111, 111, 111, 111, 111, 111, 111, 111, 111, 111, 111, 
2025-12-28 12:48:25.158570|{td-413} 0, -2995008, -19, -19, 0, 0, 0, 0, 0, 0, 0, 0, 0, 0, 0, 0, 0, 0, 
2025-12-28 12:48:25.165214|{tx-413} :AC-BBB...........
2025-12-28 12:48:25.335159|{rx-414} 1, 1, 2, 3, 412, 1480, 0, 0, 0, 0, 2, 3, 0, 3, 3
2025-12-28 12:48:25.339321|{rssi-414} 111, -127, -92, -75, -127, -127, -127, 111, 111, 111, 111, 111, 111, 111, 111, 111, 111, 111, 
2025-12-28 12:48:25.349522|{td-414} 0, -2995008, -15, -19, 0, 0, 0, 0, 0, 0, 0, 0, 0, 0, 0, 0, 0, 0, 
2025-12-28 12:48:25.355196|{tx-414} :AP-BBB...........
2025-12-28 12:48:25.524527|{rx-415} 1, 1, 1, 3, 413, 1483, 0, 0, 0, 0, 2, 3, 0, 3, 3
2025-12-28 12:48:25.529611|{rssi-415} 111, -127, -89, -75, -127, -127, -127, 111, 111, 111, 111, 111, 111, 111, 111, 111, 111, 111, 
2025-12-28 12:48:25.539299|{td-415} 0, -2995008, -17, -17, 0, 0, 0, 0, 0, 0, 0, 0, 0, 0, 0, 0, 0, 0, 
2025-12-28 12:48:25.545599|{tx-415} :AC-BBB...........
2025-12-28 12:48:25.714108|{rx-416} 1, 1, 1, 3, 414, 1486, 0, 0, 0, 0, 2, 3, 0, 3, 3
2025-12-28 12:48:25.719196|{rssi-416} 111, -127, -86, -76, -127, -127, -127, 111, 111, 111, 111, 111, 111, 111, 111, 111, 111, 111, 
2025-12-28 12:48:25.728999|{td-416} 0, -2995008, -17, -17, 0, 0, 0, 0, 0, 0, 0, 0, 0, 0, 0, 0, 0, 0, 
2025-12-28 12:48:25.734472|{tx-416} :AC-BBB...........
2025-12-28 12:48:25.905719|{rx-417} 1, 2, 2, 3, 415, 1491, 0, 0, 0, 0, 4, 4, 0, 3, 3
2025-12-28 12:48:25.910871|{rssi-417} 111, -127, -127, -70, -63, -61, -127, -127, -127, 111, 111, 111, 111, 111, 111, 111, 111, 111, 
2025-12-28 12:48:25.920446|{td-417} 0, -2995008, -3003928, -19, -19, -17, 0, 0, 0, 0, 0, 0, 0, 0, 0, 0, 0, 0, 
2025-12-28 12:48:25.927656|{tx-417} :AACC-BBB.........
2025-12-28 12:48:26.096383|{rx-418} 1, 0, 4, 3, 416, 1496, 0, 0, 0, 0, 4, 3, 0, 3, 3
2025-12-28 12:48:26.101143|{rssi-418} 111, -127, -127, -127, -127, -75, -127, -127, -127, 111, 111, 111, 111, 111, 111, 111, 111, 111, 
2025-12-28 12:48:26.110916|{td-418} 0, -2977168, -2986088, -2995008, -3003928, -23, 0, 0, 0, 0, 0, 0, 0, 0, 0, 0, 0, 0, 
2025-12-28 12:48:26.118657|{tx-418} :AAAA-BBB.........
2025-12-28 12:48:26.284284|{rx-419} 1, 0, 2, 3, 417, 1499, 0, 0, 0, 0, 2, 3, 0, 3, 3
2025-12-28 12:48:26.288831|{rssi-419} 111, -127, -127, -73, -127, -127, -127, 111, 111, 111, 111, 111, 111, 111, 111, 111, 111, 111, 
2025-12-28 12:48:26.299076|{td-419} 0, -2977168, -2986088, -13, 0, 0, 0, 0, 0, 0, 0, 0, 0, 0, 0, 0, 0, 0, 
2025-12-28 12:48:26.306316|{tx-419} :AA-BBB...........
2025-12-28 12:48:26.474781|{rx-420} 1, 1, 1, 3, 418, 1502, 0, 0, 0, 0, 2, 3, 0, 3, 3
2025-12-28 12:48:26.479383|{rssi-420} 111, -127, -83, -65, -127, -127, -127, 111, 111, 111, 111, 111, 111, 111, 111, 111, 111, 111, 
2025-12-28 12:48:26.488440|{td-420} 0, -2995008, -19, -19, 0, 0, 0, 0, 0, 0, 0, 0, 0, 0, 0, 0, 0, 0, 
2025-12-28 12:48:26.495904|{tx-420} :AC-BBB...........
2025-12-28 12:48:26.664496|{rx-421} 1, 0, 2, 3, 419, 1505, 0, 0, 0, 0, 2, 3, 0, 3, 3
2025-12-28 12:48:26.669347|{rssi-421} 111, -127, -127, -73, -127, -127, -127, 111, 111, 111, 111, 111, 111, 111, 111, 111, 111, 111, 
2025-12-28 12:48:26.679449|{td-421} 0, -2995008, -3003928, -17, 0, 0, 0, 0, 0, 0, 0, 0, 0, 0, 0, 0, 0, 0, 
2025-12-28 12:48:26.686316|{tx-421} :AA-BBB...........
2025-12-28 12:48:26.853822|{rx-422} 1, 0, 2, 3, 420, 1508, 0, 0, 0, 0, 2, 3, 0, 3, 3
2025-12-28 12:48:26.859974|{rssi-422} 111, -127, -127, -66, -127, -127, -127, 111, 111, 111, 111, 111, 111, 111, 111, 111, 111, 111, 
2025-12-28 12:48:26.868546|{td-422} 0, -2995008, -3003928, -19, 0, 0, 0, 0, 0, 0, 0, 0, 0, 0, 0, 0, 0, 0, 
2025-12-28 12:48:26.875125|{tx-422} :AA-BBB...........
2025-12-28 12:48:27.044832|{rx-423} 1, 0, 2, 3, 421, 1511, 0, 0, 0, 0, 2, 3, 0, 3, 3
2025-12-28 12:48:27.048363|{rssi-423} 111, -127, -127, -65, -127, -127, -127, 111, 111, 111, 111, 111, 111, 111, 111, 111, 111, 111, 
2025-12-28 12:48:27.058608|{td-423} 0, -2995008, -3003928, -19, 0, 0, 0, 0, 0, 0, 0, 0, 0, 0, 0, 0, 0, 0, 
2025-12-28 12:48:27.065291|{tx-423} :AA-BBB...........
2025-12-28 12:48:27.234751|{rx-424} 1, 1, 1, 3, 422, 1514, 0, 0, 0, 0, 2, 3, 0, 3, 3
2025-12-28 12:48:27.239972|{rssi-424} 111, -127, -93, -74, -127, -127, -127, 111, 111, 111, 111, 111, 111, 111, 111, 111, 111, 111, 
2025-12-28 12:48:27.249100|{td-424} 0, -2995008, -15, -15, 0, 0, 0, 0, 0, 0, 0, 0, 0, 0, 0, 0, 0, 0, 
2025-12-28 12:48:27.255118|{tx-424} :AC-BBB...........
2025-12-28 12:48:27.424338|{rx-425} 1, 1, 2, 3, 423, 1518, 0, 0, 0, 0, 3, 3, 0, 3, 3
2025-12-28 12:48:27.429025|{rssi-425} 111, -127, -127, -87, -73, -127, -127, -127, 111, 111, 111, 111, 111, 111, 111, 111, 111, 111, 
2025-12-28 12:48:27.439759|{td-425} 0, -2995008, -3003928, -17, -19, 0, 0, 0, 0, 0, 0, 0, 0, 0, 0, 0, 0, 0, 
2025-12-28 12:48:27.446317|{tx-425} :AAC-BBB..........
2025-12-28 12:48:27.614503|{rx-426} 1, 1, 2, 3, 424, 1522, 0, 0, 0, 0, 3, 4, 0, 3, 3
2025-12-28 12:48:27.619265|{rssi-426} 111, -127, -127, -69, -67, -127, -127, -127, 111, 111, 111, 111, 111, 111, 111, 111, 111, 111, 
2025-12-28 12:48:27.629095|{td-426} 0, -2986088, -2995008, -17, -19, 0, 0, 0, 0, 0, 0, 0, 0, 0, 0, 0, 0, 0, 
2025-12-28 12:48:27.635444|{tx-426} :AAC-BBB..........
2025-12-28 12:48:27.805011|{rx-427} 1, 2, 1, 3, 425, 1526, 0, 0, 0, 0, 3, 4, 0, 3, 3
2025-12-28 12:48:27.810251|{rssi-427} 111, -127, -86, -72, -63, -127, -127, -127, 111, 111, 111, 111, 111, 111, 111, 111, 111, 111, 
2025-12-28 12:48:27.818909|{td-427} 0, -2986088, -15, -17, -17, 0, 0, 0, 0, 0, 0, 0, 0, 0, 0, 0, 0, 0, 
2025-12-28 12:48:27.824725|{tx-427} :ACC-BBB..........
2025-12-28 12:48:27.994866|{rx-428} 1, 0, 2, 3, 426, 1529, 0, 0, 0, 0, 2, 3, 0, 3, 3
2025-12-28 12:48:28.001740|{rssi-428} 111, -127, -127, -74, -127, -127, -127, 111, 111, 111, 111, 111, 111, 111, 111, 111, 111, 111, 
2025-12-28 12:48:28.009760|{td-428} 0, -2986088, -2995008, -15, 0, 0, 0, 0, 0, 0, 0, 0, 0, 0, 0, 0, 0, 0, 
2025-12-28 12:48:28.015369|{tx-428} :AA-BBB...........
2025-12-28 12:48:28.184165|{rx-429} 1, 0, 2, 3, 427, 1532, 0, 0, 0, 0, 2, 3, 0, 3, 3
2025-12-28 12:48:28.188762|{rssi-429} 111, -127, -127, -71, -127, -127, -127, 111, 111, 111, 111, 111, 111, 111, 111, 111, 111, 111, 
2025-12-28 12:48:28.198685|{td-429} 0, -2995008, -3003928, -21, 0, 0, 0, 0, 0, 0, 0, 0, 0, 0, 0, 0, 0, 0, 
2025-12-28 12:48:28.204610|{tx-429} :AA-BBB...........
2025-12-28 12:48:28.374147|{rx-430} 1, 1, 1, 3, 428, 1535, 0, 0, 0, 0, 2, 3, 0, 3, 3
2025-12-28 12:48:28.378003|{rssi-430} 111, -127, -88, -74, -127, -127, -127, 111, 111, 111, 111, 111, 111, 111, 111, 111, 111, 111, 
2025-12-28 12:48:28.388681|{td-430} 0, -2995008, -17, -19, 0, 0, 0, 0, 0, 0, 0, 0, 0, 0, 0, 0, 0, 0, 
2025-12-28 12:48:28.395107|{tx-430} :AC-BBB...........
2025-12-28 12:48:28.563911|{rx-431} 1, 1, 1, 3, 429, 1538, 0, 0, 0, 0, 2, 3, 0, 3, 3
2025-12-28 12:48:28.569149|{rssi-431} 111, -127, -88, -72, -127, -127, -127, 111, 111, 111, 111, 111, 111, 111, 111, 111, 111, 111, 
2025-12-28 12:48:28.578975|{td-431} 0, -2995008, -15, -15, 0, 0, 0, 0, 0, 0, 0, 0, 0, 0, 0, 0, 0, 0, 
2025-12-28 12:48:28.585324|{tx-431} :AC-BBB...........
2025-12-28 12:48:28.753885|{rx-432} 1, 1, 1, 3, 430, 1541, 0, 0, 0, 0, 2, 3, 0, 3, 3
2025-12-28 12:48:28.758779|{rssi-432} 111, -127, -83, -73, -127, -127, -127, 111, 111, 111, 111, 111, 111, 111, 111, 111, 111, 111, 
2025-12-28 12:48:28.768641|{td-432} 0, -2995008, -17, -19, 0, 0, 0, 0, 0, 0, 0, 0, 0, 0, 0, 0, 0, 0, 
2025-12-28 12:48:28.775149|{tx-432} :AC-BBB...........
2025-12-28 12:48:28.944150|{rx-433} 1, 0, 2, 3, 431, 1544, 0, 0, 0, 0, 2, 3, 0, 3, 3
2025-12-28 12:48:28.948759|{rssi-433} 111, -127, -127, -73, -127, -127, -127, 111, 111, 111, 111, 111, 111, 111, 111, 111, 111, 111, 
2025-12-28 12:48:28.958150|{td-433} 0, -2995008, -3003928, -17, 0, 0, 0, 0, 0, 0, 0, 0, 0, 0, 0, 0, 0, 0, 
2025-12-28 12:48:28.964683|{tx-433} :AA-BBB...........
2025-12-28 12:48:29.133354|{rx-434} 1, 1, 1, 3, 432, 1547, 0, 0, 0, 0, 2, 3, 0, 3, 3
2025-12-28 12:48:29.138971|{rssi-434} 111, -127, -86, -77, -127, -127, -127, 111, 111, 111, 111, 111, 111, 111, 111, 111, 111, 111, 
2025-12-28 12:48:29.148162|{td-434} 0, -2995008, -19, -17, 0, 0, 0, 0, 0, 0, 0, 0, 0, 0, 0, 0, 0, 0, 
2025-12-28 12:48:29.153970|{tx-434} :AC-BBB...........
2025-12-28 12:48:29.323215|{rx-435} 1, 1, 1, 3, 433, 1550, 0, 0, 0, 0, 2, 3, 0, 3, 3
2025-12-28 12:48:29.328756|{rssi-435} 111, -127, -89, -64, -127, -127, -127, 111, 111, 111, 111, 111, 111, 111, 111, 111, 111, 111, 
2025-12-28 12:48:29.338670|{td-435} 0, -2995008, -17, -19, 0, 0, 0, 0, 0, 0, 0, 0, 0, 0, 0, 0, 0, 0, 
2025-12-28 12:48:29.343967|{tx-435} :AC-BBB...........
2025-12-28 12:48:29.513323|{rx-436} 1, 0, 2, 3, 434, 1553, 0, 0, 0, 0, 2, 3, 0, 3, 3
2025-12-28 12:48:29.519132|{rssi-436} 111, -127, -127, -74, -127, -127, -127, 111, 111, 111, 111, 111, 111, 111, 111, 111, 111, 111, 
2025-12-28 12:48:29.528736|{td-436} 0, -2995008, -3003928, -17, 0, 0, 0, 0, 0, 0, 0, 0, 0, 0, 0, 0, 0, 0, 
2025-12-28 12:48:29.534568|{tx-436} :AA-BBB...........
2025-12-28 12:48:29.705049|{rx-437} 1, 1, 4, 3, 435, 1559, 0, 0, 0, 0, 5, 5, 0, 3, 3
2025-12-28 12:48:29.710632|{rssi-437} 111, -127, -127, -127, -127, -72, -70, -127, -127, -127, 111, 111, 111, 111, 111, 111, 111, 111, 
2025-12-28 12:48:29.719062|{td-437} 0, -2995008, -3003928, -3012848, -3021768, -17, -19, 0, 0, 0, 0, 0, 0, 0, 0, 0, 0, 0, 
2025-12-28 12:48:29.728113|{tx-437} :AAAAC-BBB........
2025-12-28 12:48:29.895786|{rx-438} 1, 3, 1, 3, 436, 1564, 0, 0, 0, 0, 4, 4, 0, 3, 3
2025-12-28 12:48:29.900872|{rssi-438} 111, -127, -93, -70, -66, -69, -127, -127, -127, 111, 111, 111, 111, 111, 111, 111, 111, 111, 
2025-12-28 12:48:29.909880|{td-438} 0, -2968248, -15, -17, -19, -17, 0, 0, 0, 0, 0, 0, 0, 0, 0, 0, 0, 0, 
2025-12-28 12:48:29.916110|{tx-438} :ACCC-BBB.........
2025-12-28 12:48:30.083706|{rx-439} 1, 1, 2, 3, 437, 1568, 0, 0, 0, 0, 2, 3, 0, 3, 3
2025-12-28 12:48:30.088374|{rssi-439} 111, -127, -87, -70, -127, -127, -127, 111, 111, 111, 111, 111, 111, 111, 111, 111, 111, 111, 
2025-12-28 12:48:30.098994|{td-439} 0, -2977168, -19, -19, 0, 0, 0, 0, 0, 0, 0, 0, 0, 0, 0, 0, 0, 0, 
2025-12-28 12:48:30.104015|{tx-439} :AP-BBB...........
2025-12-28 12:48:30.273444|{rx-440} 1, 0, 1, 3, 438, 1570, 0, 0, 0, 0, 1, 2, 0, 3, 3
2025-12-28 12:48:30.278988|{rssi-440} 111, -127, -73, -127, -127, -127, 111, 111, 111, 111, 111, 111, 111, 111, 111, 111, 111, 111, 
2025-12-28 12:48:30.287272|{td-440} 0, -2995008, -15, 0, 0, 0, 0, 0, 0, 0, 0, 0, 0, 0, 0, 0, 0, 0, 
2025-12-28 12:48:30.293646|{tx-440} :A-BBB............
2025-12-28 12:48:30.463479|{rx-441} 1, 0, 2, 3, 439, 1573, 0, 0, 0, 0, 2, 3, 0, 3, 3
2025-12-28 12:48:30.468481|{rssi-441} 111, -127, -127, -72, -127, -127, -127, 111, 111, 111, 111, 111, 111, 111, 111, 111, 111, 111, 
2025-12-28 12:48:30.478653|{td-441} 0, -3003928, -3012848, -19, 0, 0, 0, 0, 0, 0, 0, 0, 0, 0, 0, 0, 0, 0, 
2025-12-28 12:48:30.485506|{tx-441} :AA-BBB...........
2025-12-28 12:48:30.653380|{rx-442} 1, 0, 2, 3, 440, 1576, 0, 0, 0, 0, 2, 3, 0, 3, 3
2025-12-28 12:48:30.658483|{rssi-442} 111, -127, -127, -74, -127, -127, -127, 111, 111, 111, 111, 111, 111, 111, 111, 111, 111, 111, 
2025-12-28 12:48:30.668638|{td-442} 0, -2995008, -3003928, -19, 0, 0, 0, 0, 0, 0, 0, 0, 0, 0, 0, 0, 0, 0, 
2025-12-28 12:48:30.675490|{tx-442} :AA-BBB...........
2025-12-28 12:48:30.843075|{rx-443} 1, 1, 2, 3, 441, 1580, 0, 0, 0, 0, 2, 3, 0, 3, 3
2025-12-28 12:48:30.848515|{rssi-443} 111, -127, -87, -75, -127, -127, -127, 111, 111, 111, 111, 111, 111, 111, 111, 111, 111, 111, 
2025-12-28 12:48:30.858192|{td-443} 0, -2995008, -17, -15, 0, 0, 0, 0, 0, 0, 0, 0, 0, 0, 0, 0, 0, 0, 
2025-12-28 12:48:30.863742|{tx-443} :AP-BBB...........
2025-12-28 12:48:31.033502|{rx-444} 1, 0, 2, 3, 442, 1583, 0, 0, 0, 0, 2, 3, 0, 3, 3
2025-12-28 12:48:31.038507|{rssi-444} 111, -127, -127, -71, -127, -127, -127, 111, 111, 111, 111, 111, 111, 111, 111, 111, 111, 111, 
2025-12-28 12:48:31.047880|{td-444} 0, -2995008, -3003928, -21, 0, 0, 0, 0, 0, 0, 0, 0, 0, 0, 0, 0, 0, 0, 
2025-12-28 12:48:31.055218|{tx-444} :AA-BBB...........
2025-12-28 12:48:31.223411|{rx-445} 1, 0, 2, 3, 443, 1586, 0, 0, 0, 0, 2, 3, 0, 3, 3
2025-12-28 12:48:31.228388|{rssi-445} 111, -127, -127, -76, -127, -127, -127, 111, 111, 111, 111, 111, 111, 111, 111, 111, 111, 111, 
2025-12-28 12:48:31.238196|{td-445} 0, -2995008, -3003928, -23, 0, 0, 0, 0, 0, 0, 0, 0, 0, 0, 0, 0, 0, 0, 
2025-12-28 12:48:31.245025|{tx-445} :AA-BBB...........
2025-12-28 12:48:31.413167|{rx-446} 1, 1, 1, 3, 444, 1589, 0, 0, 0, 0, 2, 3, 0, 3, 3
2025-12-28 12:48:31.417635|{rssi-446} 111, -127, -91, -74, -127, -127, -127, 111, 111, 111, 111, 111, 111, 111, 111, 111, 111, 111, 
2025-12-28 12:48:31.428387|{td-446} 0, -2995008, -13, -11, 0, 0, 0, 0, 0, 0, 0, 0, 0, 0, 0, 0, 0, 0, 
2025-12-28 12:48:31.434422|{tx-446} :AC-BBB...........
2025-12-28 12:48:31.604303|{rx-447} 1, 0, 2, 3, 445, 1592, 0, 0, 0, 0, 2, 3, 0, 3, 3
2025-12-28 12:48:31.609581|{rssi-447} 111, -127, -127, -75, -127, -127, -127, 111, 111, 111, 111, 111, 111, 111, 111, 111, 111, 111, 
2025-12-28 12:48:31.618634|{td-447} 0, -2995008, -3003928, -19, 0, 0, 0, 0, 0, 0, 0, 0, 0, 0, 0, 0, 0, 0, 
2025-12-28 12:48:31.625341|{tx-447} :AA-BBB...........
2025-12-28 12:48:31.794536|{rx-448} 1, 1, 1, 3, 446, 1595, 0, 0, 0, 0, 2, 3, 0, 3, 3
2025-12-28 12:48:31.799488|{rssi-448} 111, -127, -89, -63, -127, -127, -127, 111, 111, 111, 111, 111, 111, 111, 111, 111, 111, 111, 
2025-12-28 12:48:31.809042|{td-448} 0, -2995008, -15, -17, 0, 0, 0, 0, 0, 0, 0, 0, 0, 0, 0, 0, 0, 0, 
2025-12-28 12:48:31.814842|{tx-448} :AC-BBB...........
2025-12-28 12:48:31.983455|{rx-449} 1, 0, 2, 3, 447, 1598, 0, 0, 0, 0, 2, 3, 0, 3, 3
2025-12-28 12:48:31.989601|{rssi-449} 111, -127, -127, -75, -127, -127, -127, 111, 111, 111, 111, 111, 111, 111, 111, 111, 111, 111, 
2025-12-28 12:48:31.998320|{td-449} 0, -2995008, -3003928, -17, 0, 0, 0, 0, 0, 0, 0, 0, 0, 0, 0, 0, 0, 0, 
2025-12-28 12:48:32.004947|{tx-449} :AA-BBB...........
2025-12-28 12:48:32.173074|{rx-450} 1, 0, 2, 3, 448, 1601, 0, 0, 0, 0, 2, 3, 0, 3, 3
2025-12-28 12:48:32.178596|{rssi-450} 111, -127, -127, -75, -127, -127, -127, 111, 111, 111, 111, 111, 111, 111, 111, 111, 111, 111, 
2025-12-28 12:48:32.187910|{td-450} 0, -2995008, -3003928, -19, 0, 0, 0, 0, 0, 0, 0, 0, 0, 0, 0, 0, 0, 0, 
2025-12-28 12:48:32.195144|{tx-450} :AA-BBB...........
2025-12-28 12:48:32.363878|{rx-451} 1, 0, 2, 3, 449, 1604, 0, 0, 0, 0, 2, 3, 0, 3, 3
2025-12-28 12:48:32.368612|{rssi-451} 111, -127, -127, -65, -127, -127, -127, 111, 111, 111, 111, 111, 111, 111, 111, 111, 111, 111, 
2025-12-28 12:48:32.377703|{td-451} 0, -2995008, -3003928, -19, 0, 0, 0, 0, 0, 0, 0, 0, 0, 0, 0, 0, 0, 0, 
2025-12-28 12:48:32.384886|{tx-451} :AA-BBB...........
2025-12-28 12:48:32.553783|{rx-452} 1, 1, 1, 3, 450, 1607, 0, 0, 0, 0, 2, 3, 0, 3, 3
2025-12-28 12:48:32.557227|{rssi-452} 111, -127, -92, -82, -127, -127, -127, 111, 111, 111, 111, 111, 111, 111, 111, 111, 111, 111, 
2025-12-28 12:48:32.567090|{td-452} 0, -2995008, -15, -17, 0, 0, 0, 0, 0, 0, 0, 0, 0, 0, 0, 0, 0, 0, 
2025-12-28 12:48:32.573386|{tx-452} :AC-BBB...........
2025-12-28 12:48:32.743751|{rx-453} 1, 0, 2, 3, 451, 1610, 0, 0, 0, 0, 2, 3, 0, 3, 3
2025-12-28 12:48:32.748364|{rssi-453} 111, -127, -127, -68, -127, -127, -127, 111, 111, 111, 111, 111, 111, 111, 111, 111, 111, 111, 
2025-12-28 12:48:32.757699|{td-453} 0, -2995008, -3003928, -19, 0, 0, 0, 0, 0, 0, 0, 0, 0, 0, 0, 0, 0, 0, 
2025-12-28 12:48:32.763841|{tx-453} :AA-BBB...........
2025-12-28 12:48:32.933616|{rx-454} 1, 0, 2, 3, 452, 1613, 0, 0, 0, 0, 2, 3, 0, 3, 3
2025-12-28 12:48:32.938274|{rssi-454} 111, -127, -127, -64, -127, -127, -127, 111, 111, 111, 111, 111, 111, 111, 111, 111, 111, 111, 
2025-12-28 12:48:32.948672|{td-454} 0, -2995008, -3003928, -15, 0, 0, 0, 0, 0, 0, 0, 0, 0, 0, 0, 0, 0, 0, 
2025-12-28 12:48:32.954555|{tx-454} :AA-BBB...........
2025-12-28 12:48:33.124005|{rx-455} 1, 0, 2, 3, 453, 1616, 0, 0, 0, 0, 2, 3, 0, 3, 3
2025-12-28 12:48:33.129430|{rssi-455} 111, -127, -127, -63, -127, -127, -127, 111, 111, 111, 111, 111, 111, 111, 111, 111, 111, 111, 
2025-12-28 12:48:33.138412|{td-455} 0, -2995008, -3003928, -21, 0, 0, 0, 0, 0, 0, 0, 0, 0, 0, 0, 0, 0, 0, 
2025-12-28 12:48:33.143483|{tx-455} :AA-BBB...........
2025-12-28 12:48:33.313631|{rx-456} 1, 0, 2, 3, 454, 1619, 0, 0, 0, 0, 2, 3, 0, 3, 3
2025-12-28 12:48:33.318373|{rssi-456} 111, -127, -127, -65, -127, -127, -127, 111, 111, 111, 111, 111, 111, 111, 111, 111, 111, 111, 
2025-12-28 12:48:33.327138|{td-456} 0, -2995008, -3003928, -17, 0, 0, 0, 0, 0, 0, 0, 0, 0, 0, 0, 0, 0, 0, 
2025-12-28 12:48:33.333642|{tx-456} :AA-BBB...........
2025-12-28 12:48:33.504229|{rx-457} 1, 2, 2, 3, 455, 1624, 0, 0, 0, 0, 3, 3, 0, 3, 3
2025-12-28 12:48:33.508655|{rssi-457} 111, -127, -87, -89, -74, -127, -127, -127, 111, 111, 111, 111, 111, 111, 111, 111, 111, 111, 
2025-12-28 12:48:33.518394|{td-457} 0, -2995008, -17, -17, -17, 0, 0, 0, 0, 0, 0, 0, 0, 0, 0, 0, 0, 0, 
2025-12-28 12:48:33.524001|{tx-457} :ACP-BBB..........
2025-12-28 12:48:33.692249|{rx-458} 1, 0, 2, 3, 456, 1627, 0, 0, 0, 0, 2, 3, 0, 3, 3
2025-12-28 12:48:33.696955|{rssi-458} 111, -127, -127, -73, -127, -127, -127, 111, 111, 111, 111, 111, 111, 111, 111, 111, 111, 111, 
2025-12-28 12:48:33.707130|{td-458} 0, -2986088, -2995008, -15, 0, 0, 0, 0, 0, 0, 0, 0, 0, 0, 0, 0, 0, 0, 
2025-12-28 12:48:33.715162|{tx-458} :AA-BBB...........
2025-12-28 12:48:33.884521|{rx-459} 1, 1, 4, 3, 457, 1633, 0, 0, 0, 0, 4, 4, 0, 3, 3
2025-12-28 12:48:33.888984|{rssi-459} 111, -127, -127, -127, -85, -61, -127, -127, -127, 111, 111, 111, 111, 111, 111, 111, 111, 111, 
2025-12-28 12:48:33.898841|{td-459} 0, -2995008, -3003928, -3012848, -23, -23, 0, 0, 0, 0, 0, 0, 0, 0, 0, 0, 0, 0, 
2025-12-28 12:48:33.906768|{tx-459} :AAAP-BBB.........
2025-12-28 12:48:34.072200|{rx-460} 1, 0, 2, 3, 458, 1636, 0, 0, 0, 0, 2, 3, 0, 3, 3
2025-12-28 12:48:34.078385|{rssi-460} 111, -127, -127, -72, -127, -127, -127, 111, 111, 111, 111, 111, 111, 111, 111, 111, 111, 111, 
2025-12-28 12:48:34.088068|{td-460} 0, -2977168, -2986088, -15, 0, 0, 0, 0, 0, 0, 0, 0, 0, 0, 0, 0, 0, 0, 
2025-12-28 12:48:34.094508|{tx-460} :AA-BBB...........
2025-12-28 12:48:34.263708|{rx-461} 1, 1, 1, 3, 459, 1639, 0, 0, 0, 0, 2, 3, 0, 3, 3
2025-12-28 12:48:34.268196|{rssi-461} 111, -127, -92, -68, -127, -127, -127, 111, 111, 111, 111, 111, 111, 111, 111, 111, 111, 111, 
2025-12-28 12:48:34.277302|{td-461} 0, -2995008, -19, -19, 0, 0, 0, 0, 0, 0, 0, 0, 0, 0, 0, 0, 0, 0, 
2025-12-28 12:48:34.283699|{tx-461} :AC-BBB...........
2025-12-28 12:48:34.452563|{rx-462} 1, 1, 1, 3, 460, 1642, 0, 0, 0, 0, 2, 3, 0, 3, 3
2025-12-28 12:48:34.458347|{rssi-462} 111, -127, -87, -74, -127, -127, -127, 111, 111, 111, 111, 111, 111, 111, 111, 111, 111, 111, 
2025-12-28 12:48:34.466672|{td-462} 0, -2995008, -15, -17, 0, 0, 0, 0, 0, 0, 0, 0, 0, 0, 0, 0, 0, 0, 
2025-12-28 12:48:34.474178|{tx-462} :AC-BBB...........
2025-12-28 12:48:34.643837|{rx-463} 1, 2, 3, 3, 461, 1648, 0, 0, 0, 0, 4, 3, 0, 3, 3
2025-12-28 12:48:34.649057|{rssi-463} 111, -127, -95, -95, -85, -74, -127, -127, -127, 111, 111, 111, 111, 111, 111, 111, 111, 111, 
2025-12-28 12:48:34.659723|{td-463} 0, -2995008, -17, -8937, -17, -17, 0, 0, 0, 0, 0, 0, 0, 0, 0, 0, 0, 0, 
2025-12-28 12:48:34.664194|{tx-463} :APAC-BBB.........
2025-12-28 12:48:34.833155|{rx-464} 1, 1, 2, 3, 462, 1652, 0, 0, 0, 0, 3, 3, 0, 3, 3
2025-12-28 12:48:34.839061|{rssi-464} 111, -127, -127, -88, -76, -127, -127, -127, 111, 111, 111, 111, 111, 111, 111, 111, 111, 111, 
2025-12-28 12:48:34.848214|{td-464} 0, -2977168, -2986088, -21, -15, 0, 0, 0, 0, 0, 0, 0, 0, 0, 0, 0, 0, 0, 
2025-12-28 12:48:34.854491|{tx-464} :AAC-BBB..........
2025-12-28 12:48:35.022167|{rx-465} 1, 1, 2, 3, 463, 1656, 0, 0, 0, 0, 2, 3, 0, 3, 3
2025-12-28 12:48:35.027984|{rssi-465} 111, -127, -91, -73, -127, -127, -127, 111, 111, 111, 111, 111, 111, 111, 111, 111, 111, 111, 
2025-12-28 12:48:35.037236|{td-465} 0, -2986088, -21, -21, 0, 0, 0, 0, 0, 0, 0, 0, 0, 0, 0, 0, 0, 0, 
2025-12-28 12:48:35.044022|{tx-465} :AP-BBB...........
2025-12-28 12:48:35.212044|{rx-466} 1, 0, 2, 3, 464, 1659, 0, 0, 0, 0, 2, 3, 0, 3, 3
2025-12-28 12:48:35.217259|{rssi-466} 111, -127, -127, -74, -127, -127, -127, 111, 111, 111, 111, 111, 111, 111, 111, 111, 111, 111, 
2025-12-28 12:48:35.226525|{td-466} 0, -2995008, -3003928, -17, 0, 0, 0, 0, 0, 0, 0, 0, 0, 0, 0, 0, 0, 0, 
2025-12-28 12:48:35.234420|{tx-466} :AA-BBB...........
2025-12-28 12:48:35.402401|{rx-467} 1, 0, 2, 3, 465, 1662, 0, 0, 0, 0, 2, 3, 0, 3, 3
2025-12-28 12:48:35.406276|{rssi-467} 111, -127, -127, -77, -127, -127, -127, 111, 111, 111, 111, 111, 111, 111, 111, 111, 111, 111, 
2025-12-28 12:48:35.417314|{td-467} 0, -2995008, -3003928, -21, 0, 0, 0, 0, 0, 0, 0, 0, 0, 0, 0, 0, 0, 0, 
2025-12-28 12:48:35.424385|{tx-467} :AA-BBB...........
2025-12-28 12:48:35.592278|{rx-468} 1, 1, 1, 3, 466, 1665, 0, 0, 0, 0, 2, 3, 0, 3, 3
2025-12-28 12:48:35.599331|{rssi-468} 111, -127, -90, -76, -127, -127, -127, 111, 111, 111, 111, 111, 111, 111, 111, 111, 111, 111, 
2025-12-28 12:48:35.607048|{td-468} 0, -2995008, -15, -15, 0, 0, 0, 0, 0, 0, 0, 0, 0, 0, 0, 0, 0, 0, 
2025-12-28 12:48:35.612882|{tx-468} :AC-BBB...........
2025-12-28 12:48:35.783470|{rx-469} 1, 0, 3, 3, 467, 1669, 0, 0, 0, 0, 3, 4, 0, 3, 3
2025-12-28 12:48:35.786801|{rssi-469} 111, -127, -127, -127, -63, -127, -127, -127, 111, 111, 111, 111, 111, 111, 111, 111, 111, 111, 
2025-12-28 12:48:35.797801|{td-469} 0, -2995008, -3003928, -3012848, -21, 0, 0, 0, 0, 0, 0, 0, 0, 0, 0, 0, 0, 0, 
2025-12-28 12:48:35.804502|{tx-469} :AAA-BBB..........
2025-12-28 12:48:35.971509|{rx-470} 1, 1, 1, 3, 468, 1672, 0, 0, 0, 0, 2, 3, 0, 3, 3
2025-12-28 12:48:35.977109|{rssi-470} 111, -127, -84, -73, -127, -127, -127, 111, 111, 111, 111, 111, 111, 111, 111, 111, 111, 111, 
2025-12-28 12:48:35.986551|{td-470} 0, -2986088, -19, -15, 0, 0, 0, 0, 0, 0, 0, 0, 0, 0, 0, 0, 0, 0, 
2025-12-28 12:48:35.992444|{tx-470} :AC-BBB...........
2025-12-28 12:48:36.162612|{rx-471} 1, 1, 1, 3, 469, 1675, 0, 0, 0, 0, 2, 3, 0, 3, 3
2025-12-28 12:48:36.168635|{rssi-471} 111, -127, -87, -73, -127, -127, -127, 111, 111, 111, 111, 111, 111, 111, 111, 111, 111, 111, 
2025-12-28 12:48:36.176881|{td-471} 0, -2995008, -17, -21, 0, 0, 0, 0, 0, 0, 0, 0, 0, 0, 0, 0, 0, 0, 
2025-12-28 12:48:36.182631|{tx-471} :AC-BBB...........
2025-12-28 12:48:36.352196|{rx-472} 1, 1, 1, 3, 470, 1678, 0, 0, 0, 0, 2, 3, 0, 3, 3
2025-12-28 12:48:36.356172|{rssi-472} 111, -127, -86, -66, -127, -127, -127, 111, 111, 111, 111, 111, 111, 111, 111, 111, 111, 111, 
2025-12-28 12:48:36.367109|{td-472} 0, -2995008, -17, -17, 0, 0, 0, 0, 0, 0, 0, 0, 0, 0, 0, 0, 0, 0, 
2025-12-28 12:48:36.372686|{tx-472} :AC-BBB...........
2025-12-28 12:48:36.542855|{rx-473} 1, 1, 1, 3, 471, 1681, 0, 0, 0, 0, 2, 3, 0, 3, 3
2025-12-28 12:48:36.546959|{rssi-473} 111, -127, -89, -74, -127, -127, -127, 111, 111, 111, 111, 111, 111, 111, 111, 111, 111, 111, 
2025-12-28 12:48:36.557716|{td-473} 0, -2995008, -17, -15, 0, 0, 0, 0, 0, 0, 0, 0, 0, 0, 0, 0, 0, 0, 
2025-12-28 12:48:36.562602|{tx-473} :AC-BBB...........
2025-12-28 12:48:36.731902|{rx-474} 1, 1, 1, 3, 472, 1684, 0, 0, 0, 0, 2, 3, 0, 3, 3
2025-12-28 12:48:36.737830|{rssi-474} 111, -127, -89, -74, -127, -127, -127, 111, 111, 111, 111, 111, 111, 111, 111, 111, 111, 111, 
2025-12-28 12:48:36.746853|{td-474} 0, -2995008, -19, -17, 0, 0, 0, 0, 0, 0, 0, 0, 0, 0, 0, 0, 0, 0, 
2025-12-28 12:48:36.753968|{tx-474} :AC-BBB...........
2025-12-28 12:48:36.922055|{rx-475} 1, 1, 2, 3, 473, 1688, 0, 0, 0, 0, 2, 3, 0, 3, 3
2025-12-28 12:48:36.926433|{rssi-475} 111, -127, -91, -66, -127, -127, -127, 111, 111, 111, 111, 111, 111, 111, 111, 111, 111, 111, 
2025-12-28 12:48:36.936582|{td-475} 0, -2995008, -21, -19, 0, 0, 0, 0, 0, 0, 0, 0, 0, 0, 0, 0, 0, 0, 
2025-12-28 12:48:36.942669|{tx-475} :AP-BBB...........
2025-12-28 12:48:37.112605|{rx-476} 1, 1, 2, 3, 474, 1692, 0, 0, 0, 0, 3, 4, 0, 3, 3
2025-12-28 12:48:37.118093|{rssi-476} 111, -127, -127, -67, -67, -127, -127, -127, 111, 111, 111, 111, 111, 111, 111, 111, 111, 111, 
2025-12-28 12:48:37.127704|{td-476} 0, -2995008, -3003928, -19, -19, 0, 0, 0, 0, 0, 0, 0, 0, 0, 0, 0, 0, 0, 
2025-12-28 12:48:37.133484|{tx-476} :AAC-BBB..........
2025-12-28 12:48:37.301939|{rx-477} 1, 0, 2, 3, 475, 1695, 0, 0, 0, 0, 2, 3, 0, 3, 3
2025-12-28 12:48:37.307221|{rssi-477} 111, -127, -127, -67, -127, -127, -127, 111, 111, 111, 111, 111, 111, 111, 111, 111, 111, 111, 
2025-12-28 12:48:37.316303|{td-477} 0, -2986088, -2995008, -15, 0, 0, 0, 0, 0, 0, 0, 0, 0, 0, 0, 0, 0, 0, 
2025-12-28 12:48:37.325039|{tx-477} :AA-BBB...........
2025-12-28 12:48:37.491905|{rx-478} 1, 1, 1, 3, 476, 1698, 0, 0, 0, 0, 2, 3, 0, 3, 3
2025-12-28 12:48:37.498014|{rssi-478} 111, -127, -85, -74, -127, -127, -127, 111, 111, 111, 111, 111, 111, 111, 111, 111, 111, 111, 
2025-12-28 12:48:37.506395|{td-478} 0, -2995008, -21, -19, 0, 0, 0, 0, 0, 0, 0, 0, 0, 0, 0, 0, 0, 0, 
2025-12-28 12:48:37.512793|{tx-478} :AC-BBB...........
2025-12-28 12:48:37.681778|{rx-479} 1, 0, 2, 3, 477, 1701, 0, 0, 0, 0, 2, 3, 0, 3, 3
2025-12-28 12:48:37.686643|{rssi-479} 111, -127, -127, -71, -127, -127, -127, 111, 111, 111, 111, 111, 111, 111, 111, 111, 111, 111, 
2025-12-28 12:48:37.696775|{td-479} 0, -2995008, -3003928, -19, 0, 0, 0, 0, 0, 0, 0, 0, 0, 0, 0, 0, 0, 0, 
2025-12-28 12:48:37.703589|{tx-479} :AA-BBB...........
2025-12-28 12:48:37.873234|{rx-480} 1, 2, 1, 3, 478, 1705, 0, 0, 0, 0, 3, 4, 0, 3, 3
2025-12-28 12:48:37.878972|{rssi-480} 111, -127, -86, -81, -65, -127, -127, -127, 111, 111, 111, 111, 111, 111, 111, 111, 111, 111, 
2025-12-28 12:48:37.886414|{td-480} 0, -2995008, -17, -19, -21, 0, 0, 0, 0, 0, 0, 0, 0, 0, 0, 0, 0, 0, 
2025-12-28 12:48:37.893344|{tx-480} :ACC-BBB..........
2025-12-28 12:48:38.062236|{rx-481} 1, 1, 1, 3, 479, 1708, 0, 0, 0, 0, 2, 3, 0, 3, 3
2025-12-28 12:48:38.067307|{rssi-481} 111, -127, -88, -64, -127, -127, -127, 111, 111, 111, 111, 111, 111, 111, 111, 111, 111, 111, 
2025-12-28 12:48:38.076988|{td-481} 0, -2986088, -13, -13, 0, 0, 0, 0, 0, 0, 0, 0, 0, 0, 0, 0, 0, 0, 
2025-12-28 12:48:38.083739|{tx-481} :AC-BBB...........
2025-12-28 12:48:38.252385|{rx-482} 1, 1, 1, 3, 480, 1711, 0, 0, 0, 0, 2, 3, 0, 3, 3
2025-12-28 12:48:38.258487|{rssi-482} 111, -127, -90, -76, -127, -127, -127, 111, 111, 111, 111, 111, 111, 111, 111, 111, 111, 111, 
2025-12-28 12:48:38.267626|{td-482} 0, -2995008, -21, -21, 0, 0, 0, 0, 0, 0, 0, 0, 0, 0, 0, 0, 0, 0, 
2025-12-28 12:48:38.272946|{tx-482} :AC-BBB...........
2025-12-28 12:48:38.444247|{rx-483} 1, 2, 2, 3, 481, 1716, 0, 0, 0, 0, 4, 4, 0, 3, 3
2025-12-28 12:48:38.448569|{rssi-483} 111, -127, -86, -86, -68, -61, -127, -127, -127, 111, 111, 111, 111, 111, 111, 111, 111, 111, 
2025-12-28 12:48:38.458237|{td-483} 0, -2995008, -13, -8933, -15, -15, 0, 0, 0, 0, 0, 0, 0, 0, 0, 0, 0, 0, 
2025-12-28 12:48:38.464424|{tx-483} :ACAC-BBB.........
2025-12-28 12:48:38.632684|{rx-484} 1, 1, 1, 3, 482, 1719, 0, 0, 0, 0, 2, 3, 0, 3, 3
2025-12-28 12:48:38.636081|{rssi-484} 111, -127, -94, -73, -127, -127, -127, 111, 111, 111, 111, 111, 111, 111, 111, 111, 111, 111, 
2025-12-28 12:48:38.646800|{td-484} 0, -2977168, -17, -21, 0, 0, 0, 0, 0, 0, 0, 0, 0, 0, 0, 0, 0, 0, 
2025-12-28 12:48:38.652610|{tx-484} :AC-BBB...........
2025-12-28 12:48:38.824310|{rx-485} 1, 3, 1, 3, 483, 1724, 0, 0, 0, 0, 4, 4, 0, 3, 3
2025-12-28 12:48:38.827955|{rssi-485} 111, -127, -87, -90, -70, -68, -127, -127, -127, 111, 111, 111, 111, 111, 111, 111, 111, 111, 
2025-12-28 12:48:38.837034|{td-485} 0, -2995008, -17, -15, -15, -17, 0, 0, 0, 0, 0, 0, 0, 0, 0, 0, 0, 0, 
2025-12-28 12:48:38.844657|{tx-485} :ACCC-BBB.........
2025-12-28 12:48:39.012505|{rx-486} 1, 1, 2, 3, 484, 1728, 0, 0, 0, 0, 3, 3, 0, 3, 3
2025-12-28 12:48:39.018887|{rssi-486} 111, -127, -127, -88, -70, -127, -127, -127, 111, 111, 111, 111, 111, 111, 111, 111, 111, 111, 
2025-12-28 12:48:39.027035|{td-486} 0, -2977168, -2986088, -15, -17, 0, 0, 0, 0, 0, 0, 0, 0, 0, 0, 0, 0, 0, 
2025-12-28 12:48:39.034376|{tx-486} :AAC-BBB..........
2025-12-28 12:48:39.201866|{rx-487} 1, 0, 3, 3, 485, 1732, 0, 0, 0, 0, 3, 3, 0, 3, 3
2025-12-28 12:48:39.207780|{rssi-487} 111, -127, -127, -127, -76, -127, -127, -127, 111, 111, 111, 111, 111, 111, 111, 111, 111, 111, 
2025-12-28 12:48:39.217207|{td-487} 0, -2986088, -2995008, -3003928, -17, 0, 0, 0, 0, 0, 0, 0, 0, 0, 0, 0, 0, 0, 
2025-12-28 12:48:39.223928|{tx-487} :AAA-BBB..........
2025-12-28 12:48:39.392042|{rx-488} 1, 1, 2, 3, 486, 1736, 0, 0, 0, 0, 3, 3, 0, 3, 3
2025-12-28 12:48:39.397808|{rssi-488} 111, -127, -127, -89, -74, -127, -127, -127, 111, 111, 111, 111, 111, 111, 111, 111, 111, 111, 
2025-12-28 12:48:39.406351|{td-488} 0, -2986088, -2995008, -17, -17, 0, 0, 0, 0, 0, 0, 0, 0, 0, 0, 0, 0, 0, 
2025-12-28 12:48:39.413738|{tx-488} :AAC-BBB..........
2025-12-28 12:48:39.581157|{rx-489} 1, 1, 1, 3, 487, 1739, 0, 0, 0, 0, 2, 3, 0, 3, 3
2025-12-28 12:48:39.586270|{rssi-489} 111, -127, -94, -76, -127, -127, -127, 111, 111, 111, 111, 111, 111, 111, 111, 111, 111, 111, 
2025-12-28 12:48:39.595934|{td-489} 0, -2986088, -19, -21, 0, 0, 0, 0, 0, 0, 0, 0, 0, 0, 0, 0, 0, 0, 
2025-12-28 12:48:39.603869|{tx-489} :AC-BBB...........
2025-12-28 12:48:39.771436|{rx-490} 1, 1, 1, 3, 488, 1742, 0, 0, 0, 0, 2, 3, 0, 3, 3
2025-12-28 12:48:39.776615|{rssi-490} 111, -127, -89, -69, -127, -127, -127, 111, 111, 111, 111, 111, 111, 111, 111, 111, 111, 111, 
2025-12-28 12:48:39.786210|{td-490} 0, -2995008, -15, -17, 0, 0, 0, 0, 0, 0, 0, 0, 0, 0, 0, 0, 0, 0, 
2025-12-28 12:48:39.792422|{tx-490} :AC-BBB...........
2025-12-28 12:48:39.961562|{rx-491} 1, 1, 1, 3, 489, 1745, 0, 0, 0, 0, 2, 3, 0, 3, 3
2025-12-28 12:48:39.966248|{rssi-491} 111, -127, -86, -72, -127, -127, -127, 111, 111, 111, 111, 111, 111, 111, 111, 111, 111, 111, 
2025-12-28 12:48:39.975589|{td-491} 0, -2995008, -15, -15, 0, 0, 0, 0, 0, 0, 0, 0, 0, 0, 0, 0, 0, 0, 
2025-12-28 12:48:39.983275|{tx-491} :AC-BBB...........
2025-12-28 12:48:40.152049|{rx-492} 1, 0, 2, 3, 490, 1748, 0, 0, 0, 0, 2, 3, 0, 3, 3
2025-12-28 12:48:40.157928|{rssi-492} 111, -127, -127, -74, -127, -127, -127, 111, 111, 111, 111, 111, 111, 111, 111, 111, 111, 111, 
2025-12-28 12:48:40.166251|{td-492} 0, -2995008, -3003928, -19, 0, 0, 0, 0, 0, 0, 0, 0, 0, 0, 0, 0, 0, 0, 
2025-12-28 12:48:40.173685|{tx-492} :AA-BBB...........
2025-12-28 12:48:40.341392|{rx-493} 1, 0, 2, 3, 491, 1751, 0, 0, 0, 0, 2, 3, 0, 3, 3
2025-12-28 12:48:40.346711|{rssi-493} 111, -127, -127, -75, -127, -127, -127, 111, 111, 111, 111, 111, 111, 111, 111, 111, 111, 111, 
2025-12-28 12:48:40.356492|{td-493} 0, -2995008, -3003928, -19, 0, 0, 0, 0, 0, 0, 0, 0, 0, 0, 0, 0, 0, 0, 
2025-12-28 12:48:40.362084|{tx-493} :AA-BBB...........
2025-12-28 12:48:40.531539|{rx-494} 1, 0, 2, 3, 492, 1754, 0, 0, 0, 0, 2, 3, 0, 3, 3
2025-12-28 12:48:40.536538|{rssi-494} 111, -127, -127, -77, -127, -127, -127, 111, 111, 111, 111, 111, 111, 111, 111, 111, 111, 111, 
2025-12-28 12:48:40.546673|{td-494} 0, -2995008, -3003928, -17, 0, 0, 0, 0, 0, 0, 0, 0, 0, 0, 0, 0, 0, 0, 
2025-12-28 12:48:40.553607|{tx-494} :AA-BBB...........
2025-12-28 12:48:40.721421|{rx-495} 1, 0, 2, 3, 493, 1757, 0, 0, 0, 0, 2, 3, 0, 3, 3
2025-12-28 12:48:40.726132|{rssi-495} 111, -127, -127, -72, -127, -127, -127, 111, 111, 111, 111, 111, 111, 111, 111, 111, 111, 111, 
2025-12-28 12:48:40.736148|{td-495} 0, -2995008, -3003928, -17, 0, 0, 0, 0, 0, 0, 0, 0, 0, 0, 0, 0, 0, 0, 
2025-12-28 12:48:40.744106|{tx-495} :AA-BBB...........
2025-12-28 12:48:40.912017|{rx-496} 1, 0, 2, 3, 494, 1760, 0, 0, 0, 0, 2, 3, 0, 3, 3
2025-12-28 12:48:40.916815|{rssi-496} 111, -127, -127, -74, -127, -127, -127, 111, 111, 111, 111, 111, 111, 111, 111, 111, 111, 111, 
2025-12-28 12:48:40.926066|{td-496} 0, -2995008, -3003928, -19, 0, 0, 0, 0, 0, 0, 0, 0, 0, 0, 0, 0, 0, 0, 
2025-12-28 12:48:40.933481|{tx-496} :AA-BBB...........
2025-12-28 12:48:41.102803|{rx-497} 1, 2, 1, 3, 495, 1764, 0, 0, 0, 0, 3, 3, 0, 3, 3
2025-12-28 12:48:41.108205|{rssi-497} 111, -127, -85, -92, -72, -127, -127, -127, 111, 111, 111, 111, 111, 111, 111, 111, 111, 111, 
2025-12-28 12:48:41.116581|{td-497} 0, -2995008, -19, -19, -17, 0, 0, 0, 0, 0, 0, 0, 0, 0, 0, 0, 0, 0, 
2025-12-28 12:48:41.122257|{tx-497} :ACC-BBB..........
2025-12-28 12:48:41.292299|{rx-498} 1, 1, 2, 3, 496, 1768, 0, 0, 0, 0, 3, 4, 0, 3, 3
2025-12-28 12:48:41.297967|{rssi-498} 111, -127, -127, -70, -62, -127, -127, -127, 111, 111, 111, 111, 111, 111, 111, 111, 111, 111, 
2025-12-28 12:48:41.306618|{td-498} 0, -2986088, -2995008, -15, -17, 0, 0, 0, 0, 0, 0, 0, 0, 0, 0, 0, 0, 0, 
2025-12-28 12:48:41.314342|{tx-498} :AAC-BBB..........
2025-12-28 12:48:41.482187|{rx-499} 1, 1, 1, 3, 497, 1771, 0, 0, 0, 0, 2, 3, 0, 3, 3
2025-12-28 12:48:41.486397|{rssi-499} 111, -127, -89, -62, -127, -127, -127, 111, 111, 111, 111, 111, 111, 111, 111, 111, 111, 111, 
2025-12-28 12:48:41.496153|{td-499} 0, -2986088, -19, -17, 0, 0, 0, 0, 0, 0, 0, 0, 0, 0, 0, 0, 0, 0, 
2025-12-28 12:48:41.501731|{tx-499} :AC-BBB...........
2025-12-28 12:48:41.671972|{rx-500} 1, 0, 4, 3, 498, 1776, 0, 0, 0, 0, 4, 3, 0, 3, 3
2025-12-28 12:48:41.676567|{rssi-500} 111, -127, -127, -127, -127, -74, -127, -127, -127, 111, 111, 111, 111, 111, 111, 111, 111, 111, 
2025-12-28 12:48:41.687211|{td-500} 0, -2995008, -3003928, -3012848, -3021768, -19, 0, 0, 0, 0, 0, 0, 0, 0, 0, 0, 0, 0, 
2025-12-28 12:48:41.695595|{tx-500} :AAAA-BBB.........
2025-12-28 12:48:41.862807|{rx-501} 1, 2, 2, 3, 499, 1781, 0, 0, 0, 0, 4, 3, 0, 3, 3
2025-12-28 12:48:41.868716|{rssi-501} 111, -127, -87, -87, -94, -65, -127, -127, -127, 111, 111, 111, 111, 111, 111, 111, 111, 111, 
2025-12-28 12:48:41.876763|{td-501} 0, -2977168, -15, -8935, -19, -21, 0, 0, 0, 0, 0, 0, 0, 0, 0, 0, 0, 0, 
2025-12-28 12:48:41.883553|{tx-501} :ACAC-BBB.........
2025-12-28 12:48:42.051685|{rx-502} 1, 2, 1, 3, 500, 1785, 0, 0, 0, 0, 3, 3, 0, 3, 3
2025-12-28 12:48:42.056306|{rssi-502} 111, -127, -90, -87, -73, -127, -127, -127, 111, 111, 111, 111, 111, 111, 111, 111, 111, 111, 
2025-12-28 12:48:42.066495|{td-502} 0, -2977168, -13, -4, -15, 0, 0, 0, 0, 0, 0, 0, 0, 0, 0, 0, 0, 0, 
2025-12-28 12:48:42.073181|{tx-502} :ACC-BBB..........
2025-12-28 12:48:42.241406|{rx-503} 1, 1, 1, 3, 501, 1788, 0, 0, 0, 0, 2, 3, 0, 3, 3
2025-12-28 12:48:42.246414|{rssi-503} 111, -127, -88, -73, -127, -127, -127, 111, 111, 111, 111, 111, 111, 111, 111, 111, 111, 111, 
2025-12-28 12:48:42.255956|{td-503} 0, -2986088, -21, -19, 0, 0, 0, 0, 0, 0, 0, 0, 0, 0, 0, 0, 0, 0, 
2025-12-28 12:48:42.261443|{tx-503} :AC-BBB...........
2025-12-28 12:48:42.431979|{rx-504} 1, 0, 2, 3, 502, 1791, 0, 0, 0, 0, 2, 3, 0, 3, 3
2025-12-28 12:48:42.436999|{rssi-504} 111, -127, -127, -72, -127, -127, -127, 111, 111, 111, 111, 111, 111, 111, 111, 111, 111, 111, 
2025-12-28 12:48:42.445915|{td-504} 0, -2995008, -3003928, -17, 0, 0, 0, 0, 0, 0, 0, 0, 0, 0, 0, 0, 0, 0, 
2025-12-28 12:48:42.452306|{tx-504} :AA-BBB...........
2025-12-28 12:48:42.620251|{rx-505} 1, 1, 1, 3, 503, 1794, 0, 0, 0, 0, 2, 3, 0, 3, 3
2025-12-28 12:48:42.625448|{rssi-505} 111, -127, -88, -76, -127, -127, -127, 111, 111, 111, 111, 111, 111, 111, 111, 111, 111, 111, 
2025-12-28 12:48:42.637169|{td-505} 0, -2995008, -17, -17, 0, 0, 0, 0, 0, 0, 0, 0, 0, 0, 0, 0, 0, 0, 
2025-12-28 12:48:42.642084|{tx-505} :AC-BBB...........
2025-12-28 12:48:42.811591|{rx-506} 1, 2, 3, 3, 504, 1800, 0, 0, 0, 0, 4, 3, 0, 3, 3
2025-12-28 12:48:42.816453|{rssi-506} 111, -127, -92, -92, -88, -65, -127, -127, -127, 111, 111, 111, 111, 111, 111, 111, 111, 111, 
2025-12-28 12:48:42.826245|{td-506} 0, -2995008, -19, -8939, -17, -13, 0, 0, 0, 0, 0, 0, 0, 0, 0, 0, 0, 0, 
2025-12-28 12:48:42.833622|{tx-506} :APAC-BBB.........
2025-12-28 12:48:43.001365|{rx-507} 1, 0, 2, 3, 505, 1803, 0, 0, 0, 0, 2, 3, 0, 3, 3
2025-12-28 12:48:43.005506|{rssi-507} 111, -127, -127, -64, -127, -127, -127, 111, 111, 111, 111, 111, 111, 111, 111, 111, 111, 111, 
2025-12-28 12:48:43.015608|{td-507} 0, -2977168, -2986088, -21, 0, 0, 0, 0, 0, 0, 0, 0, 0, 0, 0, 0, 0, 0, 
2025-12-28 12:48:43.022330|{tx-507} :AA-BBB...........
2025-12-28 12:48:43.190370|{rx-508} 1, 0, 2, 3, 506, 1806, 0, 0, 0, 0, 2, 3, 0, 3, 3
2025-12-28 12:48:43.196065|{rssi-508} 111, -127, -127, -72, -127, -127, -127, 111, 111, 111, 111, 111, 111, 111, 111, 111, 111, 111, 
2025-12-28 12:48:43.204742|{td-508} 0, -2995008, -3003928, -17, 0, 0, 0, 0, 0, 0, 0, 0, 0, 0, 0, 0, 0, 0, 
2025-12-28 12:48:43.212023|{tx-508} :AA-BBB...........
2025-12-28 12:48:43.381995|{rx-509} 1, 1, 1, 3, 507, 1809, 0, 0, 0, 0, 2, 3, 0, 3, 3
2025-12-28 12:48:43.386491|{rssi-509} 111, -127, -87, -74, -127, -127, -127, 111, 111, 111, 111, 111, 111, 111, 111, 111, 111, 111, 
2025-12-28 12:48:43.395284|{td-509} 0, -2995008, -21, -23, 0, 0, 0, 0, 0, 0, 0, 0, 0, 0, 0, 0, 0, 0, 
2025-12-28 12:48:43.401281|{tx-509} :AC-BBB...........
2025-12-28 12:48:43.571361|{rx-510} 1, 0, 2, 3, 508, 1812, 0, 0, 0, 0, 2, 3, 0, 3, 3
2025-12-28 12:48:43.575482|{rssi-510} 111, -127, -127, -73, -127, -127, -127, 111, 111, 111, 111, 111, 111, 111, 111, 111, 111, 111, 
2025-12-28 12:48:43.585876|{td-510} 0, -2995008, -3003928, -13, 0, 0, 0, 0, 0, 0, 0, 0, 0, 0, 0, 0, 0, 0, 
2025-12-28 12:48:43.592470|{tx-510} :AA-BBB...........
2025-12-28 12:48:43.761635|{rx-511} 1, 0, 2, 3, 509, 1815, 0, 0, 0, 0, 2, 3, 0, 3, 3
2025-12-28 12:48:43.766604|{rssi-511} 111, -127, -127, -75, -127, -127, -127, 111, 111, 111, 111, 111, 111, 111, 111, 111, 111, 111, 
2025-12-28 12:48:43.776531|{td-511} 0, -2995008, -3003928, -21, 0, 0, 0, 0, 0, 0, 0, 0, 0, 0, 0, 0, 0, 0, 
2025-12-28 12:48:43.782912|{tx-511} :AA-BBB...........
2025-12-28 12:48:43.950758|{rx-512} 1, 1, 2, 3, 510, 1819, 0, 0, 0, 0, 2, 3, 0, 3, 3
2025-12-28 12:48:43.955362|{rssi-512} 111, -127, -95, -74, -127, -127, -127, 111, 111, 111, 111, 111, 111, 111, 111, 111, 111, 111, 
2025-12-28 12:48:43.965911|{td-512} 0, -2995008, -19, -17, 0, 0, 0, 0, 0, 0, 0, 0, 0, 0, 0, 0, 0, 0, 
2025-12-28 12:48:43.971492|{tx-512} :AP-BBB...........
2025-12-28 12:48:44.140814|{rx-513} 1, 1, 1, 3, 511, 1822, 0, 0, 0, 0, 2, 3, 0, 3, 3
2025-12-28 12:48:44.145002|{rssi-513} 111, -127, -87, -75, -127, -127, -127, 111, 111, 111, 111, 111, 111, 111, 111, 111, 111, 111, 
2025-12-28 12:48:44.154969|{td-513} 0, -2995008, -15, -17, 0, 0, 0, 0, 0, 0, 0, 0, 0, 0, 0, 0, 0, 0, 
2025-12-28 12:48:44.162734|{tx-513} :AC-BBB...........
2025-12-28 12:48:44.330962|{rx-514} 1, 0, 2, 3, 512, 1825, 0, 0, 0, 0, 2, 3, 0, 3, 3
2025-12-28 12:48:44.335944|{rssi-514} 111, -127, -127, -75, -127, -127, -127, 111, 111, 111, 111, 111, 111, 111, 111, 111, 111, 111, 
2025-12-28 12:48:44.345488|{td-514} 0, -2995008, -3003928, -17, 0, 0, 0, 0, 0, 0, 0, 0, 0, 0, 0, 0, 0, 0, 
2025-12-28 12:48:44.351701|{tx-514} :AA-BBB...........
2025-12-28 12:48:44.522179|{rx-515} 1, 2, 2, 3, 513, 1830, 0, 0, 0, 0, 4, 4, 0, 3, 3
2025-12-28 12:48:44.527239|{rssi-515} 111, -127, -127, -71, -63, -66, -127, -127, -127, 111, 111, 111, 111, 111, 111, 111, 111, 111, 
2025-12-28 12:48:44.536537|{td-515} 0, -2995008, -3003928, -19, -19, -21, 0, 0, 0, 0, 0, 0, 0, 0, 0, 0, 0, 0, 
2025-12-28 12:48:44.544483|{tx-515} :AACC-BBB.........
2025-12-28 12:48:44.710317|{rx-516} 1, 0, 2, 3, 514, 1833, 0, 0, 0, 0, 2, 3, 0, 3, 3
2025-12-28 12:48:44.716101|{rssi-516} 111, -127, -127, -74, -127, -127, -127, 111, 111, 111, 111, 111, 111, 111, 111, 111, 111, 111, 
2025-12-28 12:48:44.725654|{td-516} 0, -2977168, -2986088, -19, 0, 0, 0, 0, 0, 0, 0, 0, 0, 0, 0, 0, 0, 0, 
2025-12-28 12:48:44.732707|{tx-516} :AA-BBB...........
2025-12-28 12:48:44.901010|{rx-517} 1, 0, 2, 3, 515, 1836, 0, 0, 0, 0, 2, 3, 0, 3, 3
2025-12-28 12:48:44.905292|{rssi-517} 111, -127, -127, -74, -127, -127, -127, 111, 111, 111, 111, 111, 111, 111, 111, 111, 111, 111, 
2025-12-28 12:48:44.915285|{td-517} 0, -2995008, -3003928, -15, 0, 0, 0, 0, 0, 0, 0, 0, 0, 0, 0, 0, 0, 0, 
2025-12-28 12:48:44.922467|{tx-517} :AA-BBB...........
2025-12-28 12:48:45.090877|{rx-518} 1, 1, 1, 3, 516, 1839, 0, 0, 0, 0, 2, 3, 0, 3, 3
2025-12-28 12:48:45.096125|{rssi-518} 111, -127, -87, -75, -127, -127, -127, 111, 111, 111, 111, 111, 111, 111, 111, 111, 111, 111, 
2025-12-28 12:48:45.105419|{td-518} 0, -2995008, -17, -19, 0, 0, 0, 0, 0, 0, 0, 0, 0, 0, 0, 0, 0, 0, 
2025-12-28 12:48:45.111879|{tx-518} :AC-BBB...........
2025-12-28 12:48:45.282415|{rx-519} 1, 0, 3, 3, 517, 1843, 0, 0, 0, 0, 3, 3, 0, 3, 3
2025-12-28 12:48:45.286728|{rssi-519} 111, -127, -127, -127, -74, -127, -127, -127, 111, 111, 111, 111, 111, 111, 111, 111, 111, 111, 
2025-12-28 12:48:45.295634|{td-519} 0, -2995008, -3003928, -3012848, -17, 0, 0, 0, 0, 0, 0, 0, 0, 0, 0, 0, 0, 0, 
2025-12-28 12:48:45.326403|{tx-519} :AAA-BBB..........
2025-12-28 12:48:45.471212|{rx-520} 1, 1, 1, 3, 518, 1846, 0, 0, 0, 0, 2, 3, 0, 3, 3
2025-12-28 12:48:45.476032|{rssi-520} 111, -127, -88, -68, -127, -127, -127, 111, 111, 111, 111, 111, 111, 111, 111, 111, 111, 111, 
2025-12-28 12:48:45.485565|{td-520} 0, -2986088, -17, -17, 0, 0, 0, 0, 0, 0, 0, 0, 0, 0, 0, 0, 0, 0, 
2025-12-28 12:48:45.491261|{tx-520} :AC-BBB...........
2025-12-28 12:48:45.662983|{rx-521} 1, 3, 3, 3, 519, 1853, 0, 0, 0, 0, 6, 4, 0, 3, 3
2025-12-28 12:48:45.668676|{rssi-521} 111, -127, -127, -127, -77, -62, -67, -65, -127, -127, -127, 111, 111, 111, 111, 111, 111, 111, 
2025-12-28 12:48:45.678227|{td-521} 0, -2995008, -3003928, -3012848, -15, -19, -19, -19, 0, 0, 0, 0, 0, 0, 0, 0, 0, 0, 
2025-12-28 12:48:45.684820|{tx-521} :AAACCC-BBB.......
2025-12-28 12:48:45.850434|{rx-522} 1, 0, 2, 3, 520, 1856, 0, 0, 0, 0, 2, 3, 0, 3, 3
2025-12-28 12:48:45.855716|{rssi-522} 111, -127, -127, -76, -127, -127, -127, 111, 111, 111, 111, 111, 111, 111, 111, 111, 111, 111, 
2025-12-28 12:48:45.865192|{td-522} 0, -2959328, -2968248, -17, 0, 0, 0, 0, 0, 0, 0, 0, 0, 0, 0, 0, 0, 0, 
2025-12-28 12:48:45.872622|{tx-522} :AA-BBB...........
2025-12-28 12:48:46.040922|{rx-523} 1, 0, 2, 3, 521, 1859, 0, 0, 0, 0, 2, 3, 0, 3, 3
2025-12-28 12:48:46.045451|{rssi-523} 111, -127, -127, -73, -127, -127, -127, 111, 111, 111, 111, 111, 111, 111, 111, 111, 111, 111, 
2025-12-28 12:48:46.054593|{td-523} 0, -2995008, -3003928, -17, 0, 0, 0, 0, 0, 0, 0, 0, 0, 0, 0, 0, 0, 0, 
2025-12-28 12:48:46.061318|{tx-523} :AA-BBB...........
2025-12-28 12:48:46.231037|{rx-524} 1, 0, 2, 3, 522, 1862, 0, 0, 0, 0, 2, 3, 0, 3, 3
2025-12-28 12:48:46.235618|{rssi-524} 111, -127, -127, -74, -127, -127, -127, 111, 111, 111, 111, 111, 111, 111, 111, 111, 111, 111, 
2025-12-28 12:48:46.245601|{td-524} 0, -2995008, -3003928, -19, 0, 0, 0, 0, 0, 0, 0, 0, 0, 0, 0, 0, 0, 0, 
2025-12-28 12:48:46.251706|{tx-524} :AA-BBB...........
2025-12-28 12:48:46.421723|{rx-525} 1, 1, 2, 3, 523, 1866, 0, 0, 0, 0, 3, 4, 0, 3, 3
2025-12-28 12:48:46.426729|{rssi-525} 111, -127, -87, -87, -61, -127, -127, -127, 111, 111, 111, 111, 111, 111, 111, 111, 111, 111, 
2025-12-28 12:48:46.435869|{td-525} 0, -2995008, -17, -8937, -19, 0, 0, 0, 0, 0, 0, 0, 0, 0, 0, 0, 0, 0, 
2025-12-28 12:48:46.442492|{tx-525} :ACA-BBB..........
2025-12-28 12:48:46.610687|{rx-526} 1, 0, 2, 3, 524, 1869, 0, 0, 0, 0, 2, 3, 0, 3, 3
2025-12-28 12:48:46.615721|{rssi-526} 111, -127, -127, -77, -127, -127, -127, 111, 111, 111, 111, 111, 111, 111, 111, 111, 111, 111, 
2025-12-28 12:48:46.625098|{td-526} 0, -2986088, -2995008, -15, 0, 0, 0, 0, 0, 0, 0, 0, 0, 0, 0, 0, 0, 0, 
2025-12-28 12:48:46.632544|{tx-526} :AA-BBB...........
2025-12-28 12:48:46.800545|{rx-527} 1, 1, 2, 3, 525, 1873, 0, 0, 0, 0, 3, 3, 0, 3, 3
2025-12-28 12:48:46.806778|{rssi-527} 111, -127, -127, -91, -73, -127, -127, -127, 111, 111, 111, 111, 111, 111, 111, 111, 111, 111, 
2025-12-28 12:48:46.815825|{td-527} 0, -2995008, -3003928, -19, -21, 0, 0, 0, 0, 0, 0, 0, 0, 0, 0, 0, 0, 0, 
2025-12-28 12:48:46.823163|{tx-527} :AAC-BBB..........
2025-12-28 12:48:46.990468|{rx-528} 1, 0, 2, 3, 526, 1876, 0, 0, 0, 0, 2, 3, 0, 3, 3
2025-12-28 12:48:46.995810|{rssi-528} 111, -127, -127, -65, -127, -127, -127, 111, 111, 111, 111, 111, 111, 111, 111, 111, 111, 111, 
2025-12-28 12:48:47.005415|{td-528} 0, -2986088, -2995008, -15, 0, 0, 0, 0, 0, 0, 0, 0, 0, 0, 0, 0, 0, 0, 
2025-12-28 12:48:47.012566|{tx-528} :AA-BBB...........
2025-12-28 12:48:47.180759|{rx-529} 1, 0, 2, 3, 527, 1879, 0, 0, 0, 0, 2, 3, 0, 3, 3
2025-12-28 12:48:47.184937|{rssi-529} 111, -127, -127, -65, -127, -127, -127, 111, 111, 111, 111, 111, 111, 111, 111, 111, 111, 111, 
2025-12-28 12:48:47.194480|{td-529} 0, -2995008, -3003928, -19, 0, 0, 0, 0, 0, 0, 0, 0, 0, 0, 0, 0, 0, 0, 
2025-12-28 12:48:47.202044|{tx-529} :AA-BBB...........
2025-12-28 12:48:47.370934|{rx-530} 1, 0, 2, 3, 528, 1882, 0, 0, 0, 0, 2, 3, 0, 3, 3
2025-12-28 12:48:47.375750|{rssi-530} 111, -127, -127, -81, -127, -127, -127, 111, 111, 111, 111, 111, 111, 111, 111, 111, 111, 111, 
2025-12-28 12:48:47.384679|{td-530} 0, -2995008, -3003928, -13, 0, 0, 0, 0, 0, 0, 0, 0, 0, 0, 0, 0, 0, 0, 
2025-12-28 12:48:47.390810|{tx-530} :AA-BBB...........
2025-12-28 12:48:47.560630|{rx-531} 1, 0, 2, 3, 529, 1885, 0, 0, 0, 0, 2, 3, 0, 3, 3
2025-12-28 12:48:47.564918|{rssi-531} 111, -127, -127, -63, -127, -127, -127, 111, 111, 111, 111, 111, 111, 111, 111, 111, 111, 111, 
2025-12-28 12:48:47.574553|{td-531} 0, -2995008, -3003928, -23, 0, 0, 0, 0, 0, 0, 0, 0, 0, 0, 0, 0, 0, 0, 
2025-12-28 12:48:47.582513|{tx-531} :AA-BBB...........
2025-12-28 12:48:47.752349|{rx-532} 1, 1, 3, 3, 530, 1890, 0, 0, 0, 0, 3, 3, 0, 3, 3
2025-12-28 12:48:47.756159|{rssi-532} 111, -127, -93, -93, -75, -127, -127, -127, 111, 111, 111, 111, 111, 111, 111, 111, 111, 111, 
2025-12-28 12:48:47.765219|{td-532} 0, -2995008, -10, -8930, -17, 0, 0, 0, 0, 0, 0, 0, 0, 0, 0, 0, 0, 0, 
2025-12-28 12:48:47.771478|{tx-532} :APA-BBB..........
2025-12-28 12:48:47.940416|{rx-533} 1, 1, 1, 3, 531, 1893, 0, 0, 0, 0, 2, 3, 0, 3, 3
2025-12-28 12:48:47.945171|{rssi-533} 111, -127, -93, -64, -127, -127, -127, 111, 111, 111, 111, 111, 111, 111, 111, 111, 111, 111, 
2025-12-28 12:48:47.954973|{td-533} 0, -2986088, -19, -19, 0, 0, 0, 0, 0, 0, 0, 0, 0, 0, 0, 0, 0, 0, 
2025-12-28 12:48:47.961348|{tx-533} :AC-BBB...........
2025-12-28 12:48:48.130783|{rx-534} 1, 0, 2, 3, 532, 1896, 0, 0, 0, 0, 2, 3, 0, 3, 3
2025-12-28 12:48:48.135203|{rssi-534} 111, -127, -127, -73, -127, -127, -127, 111, 111, 111, 111, 111, 111, 111, 111, 111, 111, 111, 
2025-12-28 12:48:48.144502|{td-534} 0, -2995008, -3003928, -15, 0, 0, 0, 0, 0, 0, 0, 0, 0, 0, 0, 0, 0, 0, 
2025-12-28 12:48:48.151802|{tx-534} :AA-BBB...........
2025-12-28 12:48:48.320481|{rx-535} 1, 2, 2, 3, 533, 1901, 0, 0, 0, 0, 3, 4, 0, 3, 3
2025-12-28 12:48:48.326949|{rssi-535} 111, -127, -95, -67, -63, -127, -127, -127, 111, 111, 111, 111, 111, 111, 111, 111, 111, 111, 
2025-12-28 12:48:48.335287|{td-535} 0, -2995008, -19, -19, -19, 0, 0, 0, 0, 0, 0, 0, 0, 0, 0, 0, 0, 0, 
2025-12-28 12:48:48.341406|{tx-535} :APC-BBB..........
2025-12-28 12:48:48.510429|{rx-536} 1, 1, 1, 3, 534, 1904, 0, 0, 0, 0, 2, 3, 0, 3, 3
2025-12-28 12:48:48.515526|{rssi-536} 111, -127, -92, -73, -127, -127, -127, 111, 111, 111, 111, 111, 111, 111, 111, 111, 111, 111, 
2025-12-28 12:48:48.524064|{td-536} 0, -2986088, -19, -19, 0, 0, 0, 0, 0, 0, 0, 0, 0, 0, 0, 0, 0, 0, 
2025-12-28 12:48:48.530717|{tx-536} :AC-BBB...........
2025-12-28 12:48:48.701266|{rx-537} 1, 0, 2, 3, 535, 1907, 0, 0, 0, 0, 2, 3, 0, 3, 3
2025-12-28 12:48:48.704975|{rssi-537} 111, -127, -127, -72, -127, -127, -127, 111, 111, 111, 111, 111, 111, 111, 111, 111, 111, 111, 
2025-12-28 12:48:48.714607|{td-537} 0, -2995008, -3003928, -17, 0, 0, 0, 0, 0, 0, 0, 0, 0, 0, 0, 0, 0, 0, 
2025-12-28 12:48:48.721516|{tx-537} :AA-BBB...........
2025-12-28 12:48:48.890285|{rx-538} 1, 1, 1, 3, 536, 1910, 0, 0, 0, 0, 2, 3, 0, 3, 3
2025-12-28 12:48:48.895513|{rssi-538} 111, -127, -87, -67, -127, -127, -127, 111, 111, 111, 111, 111, 111, 111, 111, 111, 111, 111, 
2025-12-28 12:48:48.903880|{td-538} 0, -2995008, -21, -19, 0, 0, 0, 0, 0, 0, 0, 0, 0, 0, 0, 0, 0, 0, 
2025-12-28 12:48:48.911730|{tx-538} :AC-BBB...........
2025-12-28 12:48:49.081100|{rx-539} 1, 1, 2, 3, 537, 1914, 0, 0, 0, 0, 3, 4, 0, 3, 3
2025-12-28 12:48:49.085393|{rssi-539} 111, -127, -127, -67, -63, -127, -127, -127, 111, 111, 111, 111, 111, 111, 111, 111, 111, 111, 
2025-12-28 12:48:49.095171|{td-539} 0, -2995008, -3003928, -17, -17, 0, 0, 0, 0, 0, 0, 0, 0, 0, 0, 0, 0, 0, 
2025-12-28 12:48:49.102481|{tx-539} :AAC-BBB..........
2025-12-28 12:48:49.269172|{rx-540} 1, 0, 2, 3, 538, 1917, 0, 0, 0, 0, 2, 3, 0, 3, 3
2025-12-28 12:48:49.275130|{rssi-540} 111, -127, -127, -72, -127, -127, -127, 111, 111, 111, 111, 111, 111, 111, 111, 111, 111, 111, 
2025-12-28 12:48:49.284549|{td-540} 0, -2986088, -2995008, -19, 0, 0, 0, 0, 0, 0, 0, 0, 0, 0, 0, 0, 0, 0, 
2025-12-28 12:48:49.291861|{tx-540} :AA-BBB...........
2025-12-28 12:48:49.459859|{rx-541} 1, 1, 1, 3, 539, 1920, 0, 0, 0, 0, 2, 3, 0, 3, 3
2025-12-28 12:48:49.465233|{rssi-541} 111, -127, -87, -75, -127, -127, -127, 111, 111, 111, 111, 111, 111, 111, 111, 111, 111, 111, 
2025-12-28 12:48:49.474880|{td-541} 0, -2995008, -17, -17, 0, 0, 0, 0, 0, 0, 0, 0, 0, 0, 0, 0, 0, 0, 
2025-12-28 12:48:49.480559|{tx-541} :AC-BBB...........
2025-12-28 12:48:49.650067|{rx-542} 1, 1, 1, 3, 540, 1923, 0, 0, 0, 0, 2, 3, 0, 3, 3
2025-12-28 12:48:49.655051|{rssi-542} 111, -127, -90, -72, -127, -127, -127, 111, 111, 111, 111, 111, 111, 111, 111, 111, 111, 111, 
2025-12-28 12:48:49.664735|{td-542} 0, -2995008, -17, -17, 0, 0, 0, 0, 0, 0, 0, 0, 0, 0, 0, 0, 0, 0, 
2025-12-28 12:48:49.671618|{tx-542} :AC-BBB...........
2025-12-28 12:48:49.839855|{rx-543} 1, 1, 2, 3, 541, 1927, 0, 0, 0, 0, 2, 3, 0, 3, 3
2025-12-28 12:48:49.844142|{rssi-543} 111, -127, -88, -75, -127, -127, -127, 111, 111, 111, 111, 111, 111, 111, 111, 111, 111, 111, 
2025-12-28 12:48:49.854297|{td-543} 0, -2995008, -17, -19, 0, 0, 0, 0, 0, 0, 0, 0, 0, 0, 0, 0, 0, 0, 
2025-12-28 12:48:49.861199|{tx-543} :AP-BBB...........
2025-12-28 12:48:50.029921|{rx-544} 1, 1, 1, 3, 542, 1930, 0, 0, 0, 0, 2, 3, 0, 3, 3
2025-12-28 12:48:50.034964|{rssi-544} 111, -127, -89, -65, -127, -127, -127, 111, 111, 111, 111, 111, 111, 111, 111, 111, 111, 111, 
2025-12-28 12:48:50.044536|{td-544} 0, -2995008, -17, -19, 0, 0, 0, 0, 0, 0, 0, 0, 0, 0, 0, 0, 0, 0, 
2025-12-28 12:48:50.050605|{tx-544} :AC-BBB...........
2025-12-28 12:48:50.219663|{rx-545} 1, 1, 1, 3, 543, 1933, 0, 0, 0, 0, 2, 3, 0, 3, 3
2025-12-28 12:48:50.225191|{rssi-545} 111, -127, -86, -75, -127, -127, -127, 111, 111, 111, 111, 111, 111, 111, 111, 111, 111, 111, 
2025-12-28 12:48:50.233501|{td-545} 0, -2995008, -15, -17, 0, 0, 0, 0, 0, 0, 0, 0, 0, 0, 0, 0, 0, 0, 
2025-12-28 12:48:50.241215|{tx-545} :AC-BBB...........
2025-12-28 12:48:50.411544|{rx-546} 1, 2, 2, 3, 544, 1938, 0, 0, 0, 0, 4, 4, 0, 3, 3
2025-12-28 12:48:50.416199|{rssi-546} 111, -127, -127, -68, -61, -70, -127, -127, -127, 111, 111, 111, 111, 111, 111, 111, 111, 111, 
2025-12-28 12:48:50.425634|{td-546} 0, -2995008, -3003928, -17, -17, -19, 0, 0, 0, 0, 0, 0, 0, 0, 0, 0, 0, 0, 
2025-12-28 12:48:50.432663|{tx-546} :AACC-BBB.........
2025-12-28 12:48:50.599532|{rx-547} 1, 1, 1, 3, 545, 1941, 0, 0, 0, 0, 2, 3, 0, 3, 3
2025-12-28 12:48:50.605916|{rssi-547} 111, -127, -86, -74, -127, -127, -127, 111, 111, 111, 111, 111, 111, 111, 111, 111, 111, 111, 
2025-12-28 12:48:50.614563|{td-547} 0, -2977168, -17, -17, 0, 0, 0, 0, 0, 0, 0, 0, 0, 0, 0, 0, 0, 0, 
2025-12-28 12:48:50.619618|{tx-547} :AC-BBB...........
2025-12-28 12:48:50.792298|{rx-548} 1, 4, 1, 3, 546, 1947, 0, 0, 0, 0, 5, 4, 0, 3, 3
2025-12-28 12:48:50.796777|{rssi-548} 111, -127, -87, -66, -62, -69, -65, -127, -127, -127, 111, 111, 111, 111, 111, 111, 111, 111, 
2025-12-28 12:48:50.806168|{td-548} 0, -2995008, -17, -15, -15, -15, -15, 0, 0, 0, 0, 0, 0, 0, 0, 0, 0, 0, 
2025-12-28 12:48:50.813482|{tx-548} :ACCCC-BBB........
2025-12-28 12:48:50.979847|{rx-549} 1, 0, 2, 3, 547, 1950, 0, 0, 0, 0, 2, 3, 0, 3, 3
2025-12-28 12:48:50.984547|{rssi-549} 111, -127, -127, -74, -127, -127, -127, 111, 111, 111, 111, 111, 111, 111, 111, 111, 111, 111, 
2025-12-28 12:48:50.994448|{td-549} 0, -2968248, -2977168, -19, 0, 0, 0, 0, 0, 0, 0, 0, 0, 0, 0, 0, 0, 0, 
2025-12-28 12:48:50.000665|{tx-549} :AA-BBB...........
2025-12-28 12:48:51.170363|{rx-550} 1, 1, 1, 3, 548, 1953, 0, 0, 0, 0, 2, 3, 0, 3, 3
2025-12-28 12:48:51.175034|{rssi-550} 111, -127, -87, -73, -127, -127, -127, 111, 111, 111, 111, 111, 111, 111, 111, 111, 111, 111, 
2025-12-28 12:48:51.183539|{td-550} 0, -2995008, -17, -17, 0, 0, 0, 0, 0, 0, 0, 0, 0, 0, 0, 0, 0, 0, 
2025-12-28 12:48:51.190033|{tx-550} :AC-BBB...........
2025-12-28 12:48:51.359511|{rx-551} 1, 1, 2, 3, 549, 1957, 0, 0, 0, 0, 2, 3, 0, 3, 3
2025-12-28 12:48:51.364326|{rssi-551} 111, -127, -95, -77, -127, -127, -127, 111, 111, 111, 111, 111, 111, 111, 111, 111, 111, 111, 
2025-12-28 12:48:51.374742|{td-551} 0, -2995008, -10, -19, 0, 0, 0, 0, 0, 0, 0, 0, 0, 0, 0, 0, 0, 0, 
2025-12-28 12:48:51.380481|{tx-551} :AP-BBB...........
2025-12-28 12:48:51.549801|{rx-552} 1, 1, 2, 3, 550, 1961, 0, 0, 0, 0, 2, 3, 0, 3, 3
2025-12-28 12:48:51.554770|{rssi-552} 111, -127, -91, -60, -127, -127, -127, 111, 111, 111, 111, 111, 111, 111, 111, 111, 111, 111, 
2025-12-28 12:48:51.564099|{td-552} 0, -2995008, -17, -19, 0, 0, 0, 0, 0, 0, 0, 0, 0, 0, 0, 0, 0, 0, 
2025-12-28 12:48:51.570655|{tx-552} :AP-BBB...........
2025-12-28 12:48:51.740881|{rx-553} 1, 1, 2, 3, 551, 1965, 0, 0, 0, 0, 2, 3, 0, 3, 3
2025-12-28 12:48:51.744894|{rssi-553} 111, -127, -94, -69, -127, -127, -127, 111, 111, 111, 111, 111, 111, 111, 111, 111, 111, 111, 
2025-12-28 12:48:51.753268|{td-553} 0, -2995008, -15, -17, 0, 0, 0, 0, 0, 0, 0, 0, 0, 0, 0, 0, 0, 0, 
2025-12-28 12:48:51.761223|{tx-553} :AP-BBB...........
2025-12-28 12:48:51.928937|{rx-554} 1, 0, 2, 3, 552, 1968, 0, 0, 0, 0, 2, 3, 0, 3, 3
2025-12-28 12:48:51.935591|{rssi-554} 111, -127, -127, -66, -127, -127, -127, 111, 111, 111, 111, 111, 111, 111, 111, 111, 111, 111, 
2025-12-28 12:48:51.944489|{td-554} 0, -2995008, -3003928, -15, 0, 0, 0, 0, 0, 0, 0, 0, 0, 0, 0, 0, 0, 0, 
2025-12-28 12:48:51.951366|{tx-554} :AA-BBB...........
2025-12-28 12:48:52.121080|{rx-555} 1, 3, 1, 3, 553, 1973, 0, 0, 0, 0, 4, 4, 0, 3, 3
2025-12-28 12:48:52.124796|{rssi-555} 111, -127, -88, -68, -62, -68, -127, -127, -127, 111, 111, 111, 111, 111, 111, 111, 111, 111, 
2025-12-28 12:48:52.135227|{td-555} 0, -2995008, -17, -21, -21, -19, 0, 0, 0, 0, 0, 0, 0, 0, 0, 0, 0, 0, 
2025-12-28 12:48:52.142474|{tx-555} :ACCC-BBB.........
2025-12-28 12:48:52.309868|{rx-556} 1, 0, 3, 3, 554, 1977, 0, 0, 0, 0, 3, 3, 0, 3, 3
2025-12-28 12:48:52.315168|{rssi-556} 111, -127, -127, -127, -73, -127, -127, -127, 111, 111, 111, 111, 111, 111, 111, 111, 111, 111, 
2025-12-28 12:48:52.323928|{td-556} 0, -2977168, -2986088, -2995008, -19, 0, 0, 0, 0, 0, 0, 0, 0, 0, 0, 0, 0, 0, 
2025-12-28 12:48:52.332241|{tx-556} :AAA-BBB..........
2025-12-28 12:48:52.499291|{rx-557} 1, 1, 1, 3, 555, 1980, 0, 0, 0, 0, 2, 3, 0, 3, 3
2025-12-28 12:48:52.505815|{rssi-557} 111, -127, -90, -74, -127, -127, -127, 111, 111, 111, 111, 111, 111, 111, 111, 111, 111, 111, 
2025-12-28 12:48:52.514207|{td-557} 0, -2986088, -15, -17, 0, 0, 0, 0, 0, 0, 0, 0, 0, 0, 0, 0, 0, 0, 
2025-12-28 12:48:52.520850|{tx-557} :AC-BBB...........
2025-12-28 12:48:52.689625|{rx-558} 1, 0, 2, 3, 556, 1983, 0, 0, 0, 0, 2, 3, 0, 3, 3
2025-12-28 12:48:52.693641|{rssi-558} 111, -127, -127, -74, -127, -127, -127, 111, 111, 111, 111, 111, 111, 111, 111, 111, 111, 111, 
2025-12-28 12:48:52.704395|{td-558} 0, -2995008, -3003928, -21, 0, 0, 0, 0, 0, 0, 0, 0, 0, 0, 0, 0, 0, 0, 
2025-12-28 12:48:52.711591|{tx-558} :AA-BBB...........
2025-12-28 12:48:52.880454|{rx-559} 1, 0, 2, 3, 557, 1986, 0, 0, 0, 0, 2, 3, 0, 3, 3
2025-12-28 12:48:52.885819|{rssi-559} 111, -127, -127, -65, -127, -127, -127, 111, 111, 111, 111, 111, 111, 111, 111, 111, 111, 111, 
2025-12-28 12:48:52.894360|{td-559} 0, -2995008, -3003928, -17, 0, 0, 0, 0, 0, 0, 0, 0, 0, 0, 0, 0, 0, 0, 
2025-12-28 12:48:52.900753|{tx-559} :AA-BBB...........
2025-12-28 12:48:53.069333|{rx-560} 1, 1, 1, 3, 558, 1989, 0, 0, 0, 0, 2, 3, 0, 3, 3
2025-12-28 12:48:53.074116|{rssi-560} 111, -127, -92, -76, -127, -127, -127, 111, 111, 111, 111, 111, 111, 111, 111, 111, 111, 111, 
2025-12-28 12:48:53.084235|{td-560} 0, -2995008, -13, -17, 0, 0, 0, 0, 0, 0, 0, 0, 0, 0, 0, 0, 0, 0, 
2025-12-28 12:48:53.089913|{tx-560} :AC-BBB...........
2025-12-28 12:48:53.259910|{rx-561} 1, 1, 1, 3, 559, 1992, 0, 0, 0, 0, 2, 3, 0, 3, 3
2025-12-28 12:48:53.263624|{rssi-561} 111, -127, -81, -69, -127, -127, -127, 111, 111, 111, 111, 111, 111, 111, 111, 111, 111, 111, 
2025-12-28 12:48:53.274242|{td-561} 0, -2995008, -17, -15, 0, 0, 0, 0, 0, 0, 0, 0, 0, 0, 0, 0, 0, 0, 
2025-12-28 12:48:53.280431|{tx-561} :AC-BBB...........
2025-12-28 12:48:53.449466|{rx-562} 1, 0, 3, 3, 560, 1996, 0, 0, 0, 0, 3, 3, 0, 3, 3
2025-12-28 12:48:53.455956|{rssi-562} 111, -127, -127, -127, -73, -127, -127, -127, 111, 111, 111, 111, 111, 111, 111, 111, 111, 111, 
2025-12-28 12:48:53.464915|{td-562} 0, -2995008, -3003928, -3012848, -19, 0, 0, 0, 0, 0, 0, 0, 0, 0, 0, 0, 0, 0, 
2025-12-28 12:48:53.472080|{tx-562} :AAA-BBB..........
2025-12-28 12:48:53.639785|{rx-563} 1, 0, 2, 3, 561, 1999, 0, 0, 0, 0, 2, 3, 0, 3, 3
2025-12-28 12:48:53.645045|{rssi-563} 111, -127, -127, -74, -127, -127, -127, 111, 111, 111, 111, 111, 111, 111, 111, 111, 111, 111, 
2025-12-28 12:48:53.653363|{td-563} 0, -2986088, -2995008, -19, 0, 0, 0, 0, 0, 0, 0, 0, 0, 0, 0, 0, 0, 0, 
2025-12-28 12:48:53.660071|{tx-563} :AA-BBB...........
2025-12-28 12:48:53.829827|{rx-564} 1, 2, 1, 3, 562, 2003, 0, 0, 0, 0, 3, 3, 0, 3, 3
2025-12-28 12:48:53.834765|{rssi-564} 111, -127, -88, -83, -73, -127, -127, -127, 111, 111, 111, 111, 111, 111, 111, 111, 111, 111, 
2025-12-28 12:48:53.843644|{td-564} 0, -2995008, -17, -19, -17, 0, 0, 0, 0, 0, 0, 0, 0, 0, 0, 0, 0, 0, 
2025-12-28 12:48:53.851454|{tx-564} :ACC-BBB..........
2025-12-28 12:48:54.018126|{rx-565} 1, 0, 2, 3, 563, 2006, 0, 0, 0, 0, 2, 3, 0, 3, 3
2025-12-28 12:48:54.024006|{rssi-565} 111, -127, -127, -68, -127, -127, -127, 111, 111, 111, 111, 111, 111, 111, 111, 111, 111, 111, 
2025-12-28 12:48:54.034426|{td-565} 0, -2986088, -2995008, -19, 0, 0, 0, 0, 0, 0, 0, 0, 0, 0, 0, 0, 0, 0, 
2025-12-28 12:48:54.040779|{tx-565} :AA-BBB...........
2025-12-28 12:48:54.210084|{rx-566} 1, 1, 2, 3, 564, 2010, 0, 0, 0, 0, 3, 3, 0, 3, 3
2025-12-28 12:48:54.214711|{rssi-566} 111, -127, -83, -83, -69, -127, -127, -127, 111, 111, 111, 111, 111, 111, 111, 111, 111, 111, 
2025-12-28 12:48:54.223911|{td-566} 0, -2995008, -17, -8937, -15, 0, 0, 0, 0, 0, 0, 0, 0, 0, 0, 0, 0, 0, 
2025-12-28 12:48:54.231308|{tx-566} :ACA-BBB..........
2025-12-28 12:48:54.399795|{rx-567} 1, 1, 2, 3, 565, 2014, 0, 0, 0, 0, 3, 4, 0, 3, 3
2025-12-28 12:48:54.404814|{rssi-567} 111, -127, -127, -67, -67, -127, -127, -127, 111, 111, 111, 111, 111, 111, 111, 111, 111, 111, 
2025-12-28 12:48:54.415822|{td-567} 0, -2986088, -2995008, -19, -17, 0, 0, 0, 0, 0, 0, 0, 0, 0, 0, 0, 0, 0, 
2025-12-28 12:48:54.421184|{tx-567} :AAC-BBB..........
2025-12-28 12:48:54.589322|{rx-568} 1, 0, 2, 3, 566, 2017, 0, 0, 0, 0, 2, 3, 0, 3, 3
2025-12-28 12:48:54.594525|{rssi-568} 111, -127, -127, -75, -127, -127, -127, 111, 111, 111, 111, 111, 111, 111, 111, 111, 111, 111, 
2025-12-28 12:48:54.604466|{td-568} 0, -2986088, -2995008, -17, 0, 0, 0, 0, 0, 0, 0, 0, 0, 0, 0, 0, 0, 0, 
2025-12-28 12:48:54.610859|{tx-568} :AA-BBB...........
2025-12-28 12:48:54.779411|{rx-569} 1, 0, 4, 3, 567, 2022, 0, 0, 0, 0, 4, 3, 0, 3, 3
2025-12-28 12:48:54.785075|{rssi-569} 111, -127, -127, -127, -127, -73, -127, -127, -127, 111, 111, 111, 111, 111, 111, 111, 111, 111, 
2025-12-28 12:48:54.795064|{td-569} 0, -2995008, -3003928, -3012848, -3021768, -25, 0, 0, 0, 0, 0, 0, 0, 0, 0, 0, 0, 0, 
2025-12-28 12:48:54.803927|{tx-569} :AAAA-BBB.........
2025-12-28 12:48:54.969540|{rx-570} 1, 2, 1, 3, 568, 2026, 0, 0, 0, 0, 3, 3, 0, 3, 3
2025-12-28 12:48:54.974869|{rssi-570} 111, -127, -86, -86, -73, -127, -127, -127, 111, 111, 111, 111, 111, 111, 111, 111, 111, 111, 
2025-12-28 12:48:54.984175|{td-570} 0, -2977168, -15, -15, -13, 0, 0, 0, 0, 0, 0, 0, 0, 0, 0, 0, 0, 0, 
2025-12-28 12:48:54.990173|{tx-570} :ACC-BBB..........
2025-12-28 12:48:55.159115|{rx-571} 1, 1, 1, 3, 569, 2029, 0, 0, 0, 0, 2, 3, 0, 3, 3
2025-12-28 12:48:55.163237|{rssi-571} 111, -127, -86, -77, -127, -127, -127, 111, 111, 111, 111, 111, 111, 111, 111, 111, 111, 111, 
2025-12-28 12:48:55.173896|{td-571} 0, -2986088, -19, -19, 0, 0, 0, 0, 0, 0, 0, 0, 0, 0, 0, 0, 0, 0, 
2025-12-28 12:48:55.179241|{tx-571} :AC-BBB...........
2025-12-28 12:48:55.349246|{rx-572} 1, 0, 2, 3, 570, 2032, 0, 0, 0, 0, 2, 3, 0, 3, 3
2025-12-28 12:48:55.353789|{rssi-572} 111, -127, -127, -75, -127, -127, -127, 111, 111, 111, 111, 111, 111, 111, 111, 111, 111, 111, 
2025-12-28 12:48:55.362430|{td-572} 0, -2995008, -3003928, -17, 0, 0, 0, 0, 0, 0, 0, 0, 0, 0, 0, 0, 0, 0, 
2025-12-28 12:48:55.369925|{tx-572} :AA-BBB...........
2025-12-28 12:48:55.539052|{rx-573} 1, 1, 1, 3, 571, 2035, 0, 0, 0, 0, 2, 3, 0, 3, 3
2025-12-28 12:48:55.543157|{rssi-573} 111, -127, -87, -74, -127, -127, -127, 111, 111, 111, 111, 111, 111, 111, 111, 111, 111, 111, 
2025-12-28 12:48:55.554033|{td-573} 0, -2995008, -19, -19, 0, 0, 0, 0, 0, 0, 0, 0, 0, 0, 0, 0, 0, 0, 
2025-12-28 12:48:55.560379|{tx-573} :AC-BBB...........
2025-12-28 12:48:55.729329|{rx-574} 1, 1, 3, 3, 572, 2040, 0, 0, 0, 0, 4, 4, 0, 3, 3
2025-12-28 12:48:55.734145|{rssi-574} 111, -127, -127, -127, -68, -75, -127, -127, -127, 111, 111, 111, 111, 111, 111, 111, 111, 111, 
2025-12-28 12:48:55.744618|{td-574} 0, -2995008, -3003928, -3012848, -19, -15, 0, 0, 0, 0, 0, 0, 0, 0, 0, 0, 0, 0, 
2025-12-28 12:48:55.753011|{tx-574} :AAAC-BBB.........
2025-12-28 12:48:55.919872|{rx-575} 1, 1, 3, 3, 573, 2045, 0, 0, 0, 0, 4, 5, 0, 3, 3
2025-12-28 12:48:55.925310|{rssi-575} 111, -127, -127, -127, -68, -61, -127, -127, -127, 111, 111, 111, 111, 111, 111, 111, 111, 111, 
2025-12-28 12:48:55.935114|{td-575} 0, -2977168, -2986088, -2995008, -19, -19, 0, 0, 0, 0, 0, 0, 0, 0, 0, 0, 0, 0, 
2025-12-28 12:48:55.942094|{tx-575} :AAAC-BBB.........
2025-12-28 12:48:56.109338|{rx-576} 1, 1, 1, 3, 574, 2048, 0, 0, 0, 0, 2, 3, 0, 3, 3
2025-12-28 12:48:56.114196|{rssi-576} 111, -127, -89, -75, -127, -127, -127, 111, 111, 111, 111, 111, 111, 111, 111, 111, 111, 111, 
2025-12-28 12:48:56.123426|{td-576} 0, -2977168, -19, -17, 0, 0, 0, 0, 0, 0, 0, 0, 0, 0, 0, 0, 0, 0, 
2025-12-28 12:48:56.129837|{tx-576} :AE-BBB...........
2025-12-28 12:48:56.298738|{rx-577} 1, 0, 2, 3, 575, 2051, 0, 0, 0, 0, 2, 3, 0, 3, 3
2025-12-28 12:48:56.303426|{rssi-577} 111, -127, -127, -73, -127, -127, -127, 111, 111, 111, 111, 111, 111, 111, 111, 111, 111, 111, 
2025-12-28 12:48:56.313034|{td-577} 0, -2995008, -3003928, -21, 0, 0, 0, 0, 0, 0, 0, 0, 0, 0, 0, 0, 0, 0, 
2025-12-28 12:48:56.319918|{tx-577} :AA-BBB...........
2025-12-28 12:48:56.489995|{rx-578} 1, 1, 1, 3, 576, 2054, 0, 0, 0, 0, 2, 3, 0, 3, 3
2025-12-28 12:48:56.493028|{rssi-578} 111, -127, -87, -74, -127, -127, -127, 111, 111, 111, 111, 111, 111, 111, 111, 111, 111, 111, 
2025-12-28 12:48:56.503190|{td-578} 0, -2995008, -17, -15, 0, 0, 0, 0, 0, 0, 0, 0, 0, 0, 0, 0, 0, 0, 
2025-12-28 12:48:56.509807|{tx-578} :AC-BBB...........
2025-12-28 12:48:56.678623|{rx-579} 1, 0, 2, 3, 577, 2057, 0, 0, 0, 0, 2, 3, 0, 3, 3
2025-12-28 12:48:56.683004|{rssi-579} 111, -127, -127, -74, -127, -127, -127, 111, 111, 111, 111, 111, 111, 111, 111, 111, 111, 111, 
2025-12-28 12:48:56.693436|{td-579} 0, -2995008, -3003928, -17, 0, 0, 0, 0, 0, 0, 0, 0, 0, 0, 0, 0, 0, 0, 
2025-12-28 12:48:56.699405|{tx-579} :AA-BBB...........
2025-12-28 12:48:56.869573|{rx-580} 1, 2, 2, 3, 578, 2062, 0, 0, 0, 0, 4, 4, 0, 3, 3
2025-12-28 12:48:56.873583|{rssi-580} 111, -127, -127, -73, -65, -61, -127, -127, -127, 111, 111, 111, 111, 111, 111, 111, 111, 111, 
2025-12-28 12:48:56.883375|{td-580} 0, -2995008, -3003928, -19, -19, -19, 0, 0, 0, 0, 0, 0, 0, 0, 0, 0, 0, 0, 
2025-12-28 12:48:56.890928|{tx-580} :AACC-BBB.........
2025-12-28 12:48:57.058710|{rx-581} 1, 1, 1, 3, 579, 2065, 0, 0, 0, 0, 2, 3, 0, 3, 3
2025-12-28 12:48:57.064678|{rssi-581} 111, -127, -92, -75, -127, -127, -127, 111, 111, 111, 111, 111, 111, 111, 111, 111, 111, 111, 
2025-12-28 12:48:57.073236|{td-581} 0, -2977168, -25, -17, 0, 0, 0, 0, 0, 0, 0, 0, 0, 0, 0, 0, 0, 0, 
2025-12-28 12:48:57.078683|{tx-581} :AC-BBB...........
2025-12-28 12:48:57.249241|{rx-582} 1, 1, 2, 3, 580, 2069, 0, 0, 0, 0, 2, 3, 0, 3, 3
2025-12-28 12:48:57.253713|{rssi-582} 111, -127, -89, -62, -127, -127, -127, 111, 111, 111, 111, 111, 111, 111, 111, 111, 111, 111, 
2025-12-28 12:48:57.263489|{td-582} 0, -2995008, -19, -21, 0, 0, 0, 0, 0, 0, 0, 0, 0, 0, 0, 0, 0, 0, 
2025-12-28 12:48:57.269127|{tx-582} :AP-BBB...........
2025-12-28 12:48:57.438793|{rx-583} 1, 2, 1, 3, 581, 2073, 0, 0, 0, 0, 3, 3, 0, 3, 3
2025-12-28 12:48:57.444058|{rssi-583} 111, -127, -84, -86, -76, -127, -127, -127, 111, 111, 111, 111, 111, 111, 111, 111, 111, 111, 
2025-12-28 12:48:57.454023|{td-583} 0, -2995008, -17, -15, -19, 0, 0, 0, 0, 0, 0, 0, 0, 0, 0, 0, 0, 0, 
2025-12-28 12:48:57.460682|{tx-583} :ACC-BBB..........
2025-12-28 12:48:57.628541|{rx-584} 1, 1, 1, 3, 582, 2076, 0, 0, 0, 0, 2, 3, 0, 3, 3
2025-12-28 12:48:57.633299|{rssi-584} 111, -127, -84, -69, -127, -127, -127, 111, 111, 111, 111, 111, 111, 111, 111, 111, 111, 111, 
2025-12-28 12:48:57.643158|{td-584} 0, -2986088, -17, -17, 0, 0, 0, 0, 0, 0, 0, 0, 0, 0, 0, 0, 0, 0, 
2025-12-28 12:48:57.649188|{tx-584} :AC-BBB...........
2025-12-28 12:48:57.818918|{rx-585} 1, 0, 2, 3, 583, 2079, 0, 0, 0, 0, 2, 3, 0, 3, 3
2025-12-28 12:48:57.824007|{rssi-585} 111, -127, -127, -72, -127, -127, -127, 111, 111, 111, 111, 111, 111, 111, 111, 111, 111, 111, 
2025-12-28 12:48:57.832275|{td-585} 0, -2995008, -3003928, -15, 0, 0, 0, 0, 0, 0, 0, 0, 0, 0, 0, 0, 0, 0, 
2025-12-28 12:48:57.840543|{tx-585} :AA-BBB...........
2025-12-28 12:48:58.009254|{rx-586} 1, 0, 2, 3, 584, 2082, 0, 0, 0, 0, 2, 3, 0, 3, 3
2025-12-28 12:48:58.013152|{rssi-586} 111, -127, -127, -75, -127, -127, -127, 111, 111, 111, 111, 111, 111, 111, 111, 111, 111, 111, 
2025-12-28 12:48:58.023197|{td-586} 0, -2995008, -3003928, -21, 0, 0, 0, 0, 0, 0, 0, 0, 0, 0, 0, 0, 0, 0, 
2025-12-28 12:48:58.030624|{tx-586} :AA-BBB...........
2025-12-28 12:48:58.198828|{rx-587} 1, 0, 2, 3, 585, 2085, 0, 0, 0, 0, 2, 3, 0, 3, 3
2025-12-28 12:48:58.203780|{rssi-587} 111, -127, -127, -68, -127, -127, -127, 111, 111, 111, 111, 111, 111, 111, 111, 111, 111, 111, 
2025-12-28 12:48:58.212717|{td-587} 0, -2995008, -3003928, -15, 0, 0, 0, 0, 0, 0, 0, 0, 0, 0, 0, 0, 0, 0, 
2025-12-28 12:48:58.219720|{tx-587} :AA-BBB...........
2025-12-28 12:48:58.389382|{rx-588} 1, 0, 2, 3, 586, 2088, 0, 0, 0, 0, 2, 3, 0, 3, 3
2025-12-28 12:48:58.392559|{rssi-588} 111, -127, -127, -67, -127, -127, -127, 111, 111, 111, 111, 111, 111, 111, 111, 111, 111, 111, 
2025-12-28 12:48:58.403307|{td-588} 0, -2995008, -3003928, -23, 0, 0, 0, 0, 0, 0, 0, 0, 0, 0, 0, 0, 0, 0, 
2025-12-28 12:48:58.410505|{tx-588} :AA-BBB...........
2025-12-28 12:48:58.579307|{rx-589} 1, 1, 1, 3, 587, 2091, 0, 0, 0, 0, 2, 3, 0, 3, 3
2025-12-28 12:48:58.583493|{rssi-589} 111, -127, -89, -75, -127, -127, -127, 111, 111, 111, 111, 111, 111, 111, 111, 111, 111, 111, 
2025-12-28 12:48:58.592788|{td-589} 0, -2995008, -13, -13, 0, 0, 0, 0, 0, 0, 0, 0, 0, 0, 0, 0, 0, 0, 
2025-12-28 12:48:58.599116|{tx-589} :AC-BBB...........
2025-12-28 12:48:58.769401|{rx-590} 1, 1, 1, 3, 588, 2094, 0, 0, 0, 0, 2, 3, 0, 3, 3
2025-12-28 12:48:58.775130|{rssi-590} 111, -127, -93, -75, -127, -127, -127, 111, 111, 111, 111, 111, 111, 111, 111, 111, 111, 111, 
2025-12-28 12:48:58.783067|{td-590} 0, -2995008, -17, -19, 0, 0, 0, 0, 0, 0, 0, 0, 0, 0, 0, 0, 0, 0, 
2025-12-28 12:48:58.788606|{tx-590} :AC-BBB...........
2025-12-28 12:48:58.958871|{rx-591} 1, 1, 1, 3, 589, 2097, 0, 0, 0, 0, 2, 3, 0, 3, 3
2025-12-28 12:48:58.963112|{rssi-591} 111, -127, -85, -75, -127, -127, -127, 111, 111, 111, 111, 111, 111, 111, 111, 111, 111, 111, 
2025-12-28 12:48:58.972526|{td-591} 0, -2995008, -19, -17, 0, 0, 0, 0, 0, 0, 0, 0, 0, 0, 0, 0, 0, 0, 
2025-12-28 12:48:58.979273|{tx-591} :AC-BBB...........
2025-12-28 12:48:59.148558|{rx-592} 1, 0, 2, 3, 590, 2100, 0, 0, 0, 0, 2, 3, 0, 3, 3
2025-12-28 12:48:59.152585|{rssi-592} 111, -127, -127, -75, -127, -127, -127, 111, 111, 111, 111, 111, 111, 111, 111, 111, 111, 111, 
2025-12-28 12:48:59.162846|{td-592} 0, -2995008, -3003928, -17, 0, 0, 0, 0, 0, 0, 0, 0, 0, 0, 0, 0, 0, 0, 
2025-12-28 12:48:59.169520|{tx-592} :AA-BBB...........
2025-12-28 12:48:59.337816|{rx-593} 1, 0, 2, 3, 591, 2103, 0, 0, 0, 0, 2, 3, 0, 3, 3
2025-12-28 12:48:59.343056|{rssi-593} 111, -127, -127, -65, -127, -127, -127, 111, 111, 111, 111, 111, 111, 111, 111, 111, 111, 111, 
2025-12-28 12:48:59.352913|{td-593} 0, -2995008, -3003928, -19, 0, 0, 0, 0, 0, 0, 0, 0, 0, 0, 0, 0, 0, 0, 
2025-12-28 12:48:59.358933|{tx-593} :AA-BBB...........
2025-12-28 12:48:59.528792|{rx-594} 1, 1, 2, 3, 592, 2107, 0, 0, 0, 0, 2, 3, 0, 3, 3
2025-12-28 12:48:59.533344|{rssi-594} 111, -127, -89, -68, -127, -127, -127, 111, 111, 111, 111, 111, 111, 111, 111, 111, 111, 111, 
2025-12-28 12:48:59.542924|{td-594} 0, -2995008, -15, -19, 0, 0, 0, 0, 0, 0, 0, 0, 0, 0, 0, 0, 0, 0, 
2025-12-28 12:48:59.548585|{tx-594} :AP-BBB...........
2025-12-28 12:48:59.718378|{rx-595} 1, 0, 2, 3, 593, 2110, 0, 0, 0, 0, 2, 3, 0, 3, 3
2025-12-28 12:48:59.723440|{rssi-595} 111, -127, -127, -75, -127, -127, -127, 111, 111, 111, 111, 111, 111, 111, 111, 111, 111, 111, 
2025-12-28 12:48:59.733047|{td-595} 0, -2995008, -3003928, -17, 0, 0, 0, 0, 0, 0, 0, 0, 0, 0, 0, 0, 0, 0, 
2025-12-28 12:48:59.739761|{tx-595} :AA-BBB...........
2025-12-28 12:48:59.907725|{rx-596} 1, 1, 1, 3, 594, 2113, 0, 0, 0, 0, 2, 3, 0, 3, 3
2025-12-28 12:48:59.913432|{rssi-596} 111, -127, -89, -63, -127, -127, -127, 111, 111, 111, 111, 111, 111, 111, 111, 111, 111, 111, 
2025-12-28 12:48:59.922705|{td-596} 0, -2995008, -19, -19, 0, 0, 0, 0, 0, 0, 0, 0, 0, 0, 0, 0, 0, 0, 
2025-12-28 12:48:59.929054|{tx-596} :AC-BBB...........
2025-12-28 12:49:00.098374|{rx-597} 1, 1, 1, 3, 595, 2116, 0, 0, 0, 0, 2, 3, 0, 3, 3
2025-12-28 12:49:00.102728|{rssi-597} 111, -127, -85, -84, -127, -127, -127, 111, 111, 111, 111, 111, 111, 111, 111, 111, 111, 111, 
2025-12-28 12:49:00.112886|{td-597} 0, -2995008, -17, -17, 0, 0, 0, 0, 0, 0, 0, 0, 0, 0, 0, 0, 0, 0, 
2025-12-28 12:49:00.119094|{tx-597} :AC-BBB...........
2025-12-28 12:49:00.289016|{rx-598} 1, 0, 3, 3, 596, 2120, 0, 0, 0, 0, 3, 3, 0, 3, 3
2025-12-28 12:49:00.293769|{rssi-598} 111, -127, -127, -127, -73, -127, -127, -127, 111, 111, 111, 111, 111, 111, 111, 111, 111, 111, 
2025-12-28 12:49:00.303311|{td-598} 0, -2995008, -3003928, -3012848, -19, 0, 0, 0, 0, 0, 0, 0, 0, 0, 0, 0, 0, 0, 
2025-12-28 12:49:00.311480|{tx-598} :AAA-BBB..........
2025-12-28 12:49:00.477868|{rx-599} 1, 1, 1, 3, 597, 2123, 0, 0, 0, 0, 2, 3, 0, 3, 3
2025-12-28 12:49:00.483127|{rssi-599} 111, -127, -89, -67, -127, -127, -127, 111, 111, 111, 111, 111, 111, 111, 111, 111, 111, 111, 
2025-12-28 12:49:00.492549|{td-599} 0, -2986088, -15, -15, 0, 0, 0, 0, 0, 0, 0, 0, 0, 0, 0, 0, 0, 0, 
2025-12-28 12:49:00.499165|{tx-599} :AC-BBB...........
2025-12-28 12:49:00.667839|{rx-600} 1, 1, 1, 3, 598, 2126, 0, 0, 0, 0, 2, 3, 0, 3, 3
2025-12-28 12:49:00.673690|{rssi-600} 111, -127, -87, -74, -127, -127, -127, 111, 111, 111, 111, 111, 111, 111, 111, 111, 111, 111, 
2025-12-28 12:49:00.681351|{td-600} 0, -2995008, -19, -19, 0, 0, 0, 0, 0, 0, 0, 0, 0, 0, 0, 0, 0, 0, 
2025-12-28 12:49:00.688477|{tx-600} :AC-BBB...........
2025-12-28 12:49:00.858168|{rx-601} 1, 0, 2, 3, 599, 2129, 0, 0, 0, 0, 2, 3, 0, 3, 3
2025-12-28 12:49:00.864111|{rssi-601} 111, -127, -127, -65, -127, -127, -127, 111, 111, 111, 111, 111, 111, 111, 111, 111, 111, 111, 
2025-12-28 12:49:00.872935|{td-601} 0, -2995008, -3003928, -17, 0, 0, 0, 0, 0, 0, 0, 0, 0, 0, 0, 0, 0, 0, 
2025-12-28 12:49:00.880441|{tx-601} :AA-BBB...........
2025-12-28 12:49:01.049090|{rx-602} 1, 2, 1, 3, 600, 2133, 0, 0, 0, 0, 3, 3, 0, 3, 3
2025-12-28 12:49:01.053281|{rssi-602} 111, -127, -87, -87, -74, -127, -127, -127, 111, 111, 111, 111, 111, 111, 111, 111, 111, 111, 
2025-12-28 12:49:01.063399|{td-602} 0, -2995008, -19, -17, -15, 0, 0, 0, 0, 0, 0, 0, 0, 0, 0, 0, 0, 0, 
2025-12-28 12:49:01.070086|{tx-602} :ACC-BBB..........
2025-12-28 12:49:01.237897|{rx-603} 1, 0, 2, 3, 601, 2136, 0, 0, 0, 0, 2, 3, 0, 3, 3
2025-12-28 12:49:01.243268|{rssi-603} 111, -127, -127, -79, -127, -127, -127, 111, 111, 111, 111, 111, 111, 111, 111, 111, 111, 111, 
2025-12-28 12:49:01.251975|{td-603} 0, -2986088, -2995008, -21, 0, 0, 0, 0, 0, 0, 0, 0, 0, 0, 0, 0, 0, 0, 
2025-12-28 12:49:01.260070|{tx-603} :AA-BBB...........
2025-12-28 12:49:01.428416|{rx-604} 1, 0, 2, 3, 602, 2139, 0, 0, 0, 0, 2, 3, 0, 3, 3
2025-12-28 12:49:01.432991|{rssi-604} 111, -127, -127, -72, -127, -127, -127, 111, 111, 111, 111, 111, 111, 111, 111, 111, 111, 111, 
2025-12-28 12:49:01.442675|{td-604} 0, -2995008, -3003928, -17, 0, 0, 0, 0, 0, 0, 0, 0, 0, 0, 0, 0, 0, 0, 
2025-12-28 12:49:01.448660|{tx-604} :AA-BBB...........
2025-12-28 12:49:01.618034|{rx-605} 1, 1, 1, 3, 603, 2142, 0, 0, 0, 0, 2, 3, 0, 3, 3
2025-12-28 12:49:01.623937|{rssi-605} 111, -127, -87, -68, -127, -127, -127, 111, 111, 111, 111, 111, 111, 111, 111, 111, 111, 111, 
2025-12-28 12:49:01.632450|{td-605} 0, -2995008, -17, -23, 0, 0, 0, 0, 0, 0, 0, 0, 0, 0, 0, 0, 0, 0, 
2025-12-28 12:49:01.639003|{tx-605} :AC-BBB...........
2025-12-28 12:49:01.807798|{rx-606} 1, 0, 2, 3, 604, 2145, 0, 0, 0, 0, 2, 3, 0, 3, 3
2025-12-28 12:49:01.812632|{rssi-606} 111, -127, -127, -73, -127, -127, -127, 111, 111, 111, 111, 111, 111, 111, 111, 111, 111, 111, 
2025-12-28 12:49:01.821546|{td-606} 0, -2995008, -3003928, -13, 0, 0, 0, 0, 0, 0, 0, 0, 0, 0, 0, 0, 0, 0, 
2025-12-28 12:49:01.829904|{tx-606} :AA-BBB...........
2025-12-28 12:49:01.998455|{rx-607} 1, 0, 2, 3, 605, 2148, 0, 0, 0, 0, 2, 3, 0, 3, 3
2025-12-28 12:49:02.002667|{rssi-607} 111, -127, -127, -74, -127, -127, -127, 111, 111, 111, 111, 111, 111, 111, 111, 111, 111, 111, 
2025-12-28 12:49:02.012722|{td-607} 0, -2995008, -3003928, -17, 0, 0, 0, 0, 0, 0, 0, 0, 0, 0, 0, 0, 0, 0, 
2025-12-28 12:49:02.019036|{tx-607} :AA-BBB...........
2025-12-28 12:49:02.188809|{rx-608} 1, 1, 1, 3, 606, 2151, 0, 0, 0, 0, 2, 3, 0, 3, 3
2025-12-28 12:49:02.192914|{rssi-608} 111, -127, -88, -74, -127, -127, -127, 111, 111, 111, 111, 111, 111, 111, 111, 111, 111, 111, 
2025-12-28 12:49:02.202273|{td-608} 0, -2995008, -17, -19, 0, 0, 0, 0, 0, 0, 0, 0, 0, 0, 0, 0, 0, 0, 
2025-12-28 12:49:02.209079|{tx-608} :AC-BBB...........
2025-12-28 12:49:02.378233|{rx-609} 1, 1, 1, 3, 607, 2154, 0, 0, 0, 0, 2, 3, 0, 3, 3
2025-12-28 12:49:02.382675|{rssi-609} 111, -127, -87, -74, -127, -127, -127, 111, 111, 111, 111, 111, 111, 111, 111, 111, 111, 111, 
2025-12-28 12:49:02.391486|{td-609} 0, -2995008, -19, -17, 0, 0, 0, 0, 0, 0, 0, 0, 0, 0, 0, 0, 0, 0, 
2025-12-28 12:49:02.399405|{tx-609} :AC-BBB...........
2025-12-28 12:49:02.567793|{rx-610} 1, 0, 2, 3, 608, 2157, 0, 0, 0, 0, 2, 3, 0, 3, 3
2025-12-28 12:49:02.572665|{rssi-610} 111, -127, -127, -74, -127, -127, -127, 111, 111, 111, 111, 111, 111, 111, 111, 111, 111, 111, 
2025-12-28 12:49:02.582529|{td-610} 0, -2995008, -3003928, -19, 0, 0, 0, 0, 0, 0, 0, 0, 0, 0, 0, 0, 0, 0, 
2025-12-28 12:49:02.589359|{tx-610} :AA-BBB...........
2025-12-28 12:49:02.758255|{rx-611} 1, 0, 2, 3, 609, 2160, 0, 0, 0, 0, 2, 3, 0, 3, 3
2025-12-28 12:49:02.762511|{rssi-611} 111, -127, -127, -72, -127, -127, -127, 111, 111, 111, 111, 111, 111, 111, 111, 111, 111, 111, 
2025-12-28 12:49:02.772295|{td-611} 0, -2995008, -3003928, -15, 0, 0, 0, 0, 0, 0, 0, 0, 0, 0, 0, 0, 0, 0, 
2025-12-28 12:49:02.778929|{tx-611} :AA-BBB...........
2025-12-28 12:49:02.947941|{rx-612} 1, 0, 2, 3, 610, 2163, 0, 0, 0, 0, 2, 3, 0, 3, 3
2025-12-28 12:49:02.952754|{rssi-612} 111, -127, -127, -72, -127, -127, -127, 111, 111, 111, 111, 111, 111, 111, 111, 111, 111, 111, 
2025-12-28 12:49:02.962454|{td-612} 0, -2995008, -3003928, -21, 0, 0, 0, 0, 0, 0, 0, 0, 0, 0, 0, 0, 0, 0, 
2025-12-28 12:49:02.969554|{tx-612} :AA-BBB...........
2025-12-28 12:49:03.138019|{rx-613} 1, 0, 2, 3, 611, 2166, 0, 0, 0, 0, 2, 3, 0, 3, 3
2025-12-28 12:49:03.142514|{rssi-613} 111, -127, -127, -72, -127, -127, -127, 111, 111, 111, 111, 111, 111, 111, 111, 111, 111, 111, 
2025-12-28 12:49:03.152304|{td-613} 0, -2995008, -3003928, -17, 0, 0, 0, 0, 0, 0, 0, 0, 0, 0, 0, 0, 0, 0, 
2025-12-28 12:49:03.158416|{tx-613} :AA-BBB...........
2025-12-28 12:49:03.329237|{rx-614} 1, 0, 2, 3, 612, 2169, 0, 0, 0, 0, 2, 3, 0, 3, 3
2025-12-28 12:49:03.331776|{rssi-614} 111, -127, -127, -74, -127, -127, -127, 111, 111, 111, 111, 111, 111, 111, 111, 111, 111, 111, 
2025-12-28 12:49:03.341234|{td-614} 0, -2995008, -3003928, -15, 0, 0, 0, 0, 0, 0, 0, 0, 0, 0, 0, 0, 0, 0, 
2025-12-28 12:49:03.348515|{tx-614} :AA-BBB...........
2025-12-28 12:49:03.518699|{rx-615} 1, 1, 3, 3, 613, 2174, 0, 0, 0, 0, 3, 3, 0, 3, 3
2025-12-28 12:49:03.523449|{rssi-615} 111, -127, -127, -91, -76, -127, -127, -127, 111, 111, 111, 111, 111, 111, 111, 111, 111, 111, 
2025-12-28 12:49:03.532034|{td-615} 0, -2995008, -3003928, -21, -21, 0, 0, 0, 0, 0, 0, 0, 0, 0, 0, 0, 0, 0, 
2025-12-28 12:49:03.539047|{tx-615} :AAP-BBB..........
2025-12-28 12:49:03.708004|{rx-616} 1, 1, 1, 3, 614, 2177, 0, 0, 0, 0, 2, 3, 0, 3, 3
2025-12-28 12:49:03.712634|{rssi-616} 111, -127, -85, -75, -127, -127, -127, 111, 111, 111, 111, 111, 111, 111, 111, 111, 111, 111, 
2025-12-28 12:49:03.721570|{td-616} 0, -2986088, -17, -19, 0, 0, 0, 0, 0, 0, 0, 0, 0, 0, 0, 0, 0, 0, 
2025-12-28 12:49:03.728635|{tx-616} :AC-BBB...........
2025-12-28 12:49:03.898887|{rx-617} 1, 2, 1, 3, 615, 2181, 0, 0, 0, 0, 3, 4, 0, 3, 3
2025-12-28 12:49:03.905089|{rssi-617} 111, -127, -84, -82, -76, -127, -127, -127, 111, 111, 111, 111, 111, 111, 111, 111, 111, 111, 
2025-12-28 12:49:03.911914|{td-617} 0, -2995008, -15, -15, -17, 0, 0, 0, 0, 0, 0, 0, 0, 0, 0, 0, 0, 0, 
2025-12-28 12:49:03.918607|{tx-617} :ACC-BBB..........
2025-12-28 12:49:04.088692|{rx-618} 1, 1, 2, 3, 616, 2185, 0, 0, 0, 0, 2, 3, 0, 3, 3
2025-12-28 12:49:04.092757|{rssi-618} 111, -127, -89, -73, -127, -127, -127, 111, 111, 111, 111, 111, 111, 111, 111, 111, 111, 111, 
2025-12-28 12:49:04.102379|{td-618} 0, -2986088, -17, -17, 0, 0, 0, 0, 0, 0, 0, 0, 0, 0, 0, 0, 0, 0, 
2025-12-28 12:49:04.108738|{tx-618} :AP-BBB...........
2025-12-28 12:49:04.276568|{rx-619} 1, 1, 1, 3, 617, 2188, 0, 0, 0, 0, 2, 3, 0, 3, 3
2025-12-28 12:49:04.282322|{rssi-619} 111, -127, -92, -65, -127, -127, -127, 111, 111, 111, 111, 111, 111, 111, 111, 111, 111, 111, 
2025-12-28 12:49:04.291826|{td-619} 0, -2995008, -17, -17, 0, 0, 0, 0, 0, 0, 0, 0, 0, 0, 0, 0, 0, 0, 
2025-12-28 12:49:04.298704|{tx-619} :AC-BBB...........
2025-12-28 12:49:04.466606|{rx-620} 1, 1, 1, 3, 618, 2191, 0, 0, 0, 0, 2, 3, 0, 3, 3
2025-12-28 12:49:04.472326|{rssi-620} 111, -127, -81, -69, -127, -127, -127, 111, 111, 111, 111, 111, 111, 111, 111, 111, 111, 111, 
2025-12-28 12:49:04.481221|{td-620} 0, -2995008, -19, -19, 0, 0, 0, 0, 0, 0, 0, 0, 0, 0, 0, 0, 0, 0, 
2025-12-28 12:49:04.488550|{tx-620} :AC-BBB...........
2025-12-28 12:49:04.657882|{rx-621} 1, 0, 2, 3, 619, 2194, 0, 0, 0, 0, 2, 3, 0, 3, 3
2025-12-28 12:49:04.662290|{rssi-621} 111, -127, -127, -75, -127, -127, -127, 111, 111, 111, 111, 111, 111, 111, 111, 111, 111, 111, 
2025-12-28 12:49:04.671441|{td-621} 0, -2995008, -3003928, -19, 0, 0, 0, 0, 0, 0, 0, 0, 0, 0, 0, 0, 0, 0, 
2025-12-28 12:49:04.678565|{tx-621} :AA-BBB...........
2025-12-28 12:49:04.846531|{rx-622} 1, 0, 2, 3, 620, 2197, 0, 0, 0, 0, 2, 3, 0, 3, 3
2025-12-28 12:49:04.852797|{rssi-622} 111, -127, -127, -64, -127, -127, -127, 111, 111, 111, 111, 111, 111, 111, 111, 111, 111, 111, 
2025-12-28 12:49:04.862241|{td-622} 0, -2995008, -3003928, -15, 0, 0, 0, 0, 0, 0, 0, 0, 0, 0, 0, 0, 0, 0, 
2025-12-28 12:49:04.868373|{tx-622} :AA-BBB...........
2025-12-28 12:49:05.038015|{rx-623} 1, 0, 2, 3, 621, 2200, 0, 0, 0, 0, 2, 3, 0, 3, 3
2025-12-28 12:49:05.041323|{rssi-623} 111, -127, -127, -75, -127, -127, -127, 111, 111, 111, 111, 111, 111, 111, 111, 111, 111, 111, 
2025-12-28 12:49:05.051229|{td-623} 0, -2995008, -3003928, -17, 0, 0, 0, 0, 0, 0, 0, 0, 0, 0, 0, 0, 0, 0, 
2025-12-28 12:49:05.058385|{tx-623} :AA-BBB...........
2025-12-28 12:49:05.229462|{rx-624} 1, 1, 1, 3, 622, 2203, 0, 0, 0, 0, 2, 3, 0, 3, 3
2025-12-28 12:49:05.232131|{rssi-624} 111, -127, -83, -74, -127, -127, -127, 111, 111, 111, 111, 111, 111, 111, 111, 111, 111, 111, 
2025-12-28 12:49:05.240939|{td-624} 0, -2995008, -19, -19, 0, 0, 0, 0, 0, 0, 0, 0, 0, 0, 0, 0, 0, 0, 
2025-12-28 12:49:05.248802|{tx-624} :AC-BBB...........
2025-12-28 12:49:05.416327|{rx-625} 1, 0, 2, 3, 623, 2206, 0, 0, 0, 0, 2, 3, 0, 3, 3
2025-12-28 12:49:05.422529|{rssi-625} 111, -127, -127, -74, -127, -127, -127, 111, 111, 111, 111, 111, 111, 111, 111, 111, 111, 111, 
2025-12-28 12:49:05.431730|{td-625} 0, -2995008, -3003928, -19, 0, 0, 0, 0, 0, 0, 0, 0, 0, 0, 0, 0, 0, 0, 
2025-12-28 12:49:05.439700|{tx-625} :AA-BBB...........
2025-12-28 12:49:05.606259|{rx-626} 1, 1, 1, 3, 624, 2209, 0, 0, 0, 0, 2, 3, 0, 3, 3
2025-12-28 12:49:05.612223|{rssi-626} 111, -127, -88, -75, -127, -127, -127, 111, 111, 111, 111, 111, 111, 111, 111, 111, 111, 111, 
2025-12-28 12:49:05.621017|{td-626} 0, -2995008, -19, -15, 0, 0, 0, 0, 0, 0, 0, 0, 0, 0, 0, 0, 0, 0, 
2025-12-28 12:49:05.628689|{tx-626} :AC-BBB...........
2025-12-28 12:49:05.698760| 