2025-12-28 12:47:06.019153|Testing
2025-12-28 12:47:06.019222|Node 0xdbf423a
2025-12-28 12:47:06.688105|{rx-0} 1, 0, 0, 3, 1, 1, 0, 0, 0, 0, 0, 1, 0, 0, 0
2025-12-28 12:47:06.692722|{rssi-0} 0, -52, -127, -127, -127, 0, 0, 0, 0, 0, 0, 0, 0, 0, 0, 0, 0, 0, 
2025-12-28 12:47:06.698482|{td-0} 0, 5139758, 0, 0, 0, 0, 0, 0, 0, 0, 0, 0, 0, 0, 0, 0, 0, 0, 
2025-12-28 12:47:06.704471|{tx-0} :-BBB
2025-12-28 12:47:06.705808|#R 0, ID: 0xdbf423a 6, master: 0xf2de209e, tx power: 0 dBm, channel 37 = 2405 MHz (std), msg: 39 bytes, mode: Ble_1Mbit, CE: 0, @ Dec 28 2025 11:43:06
2025-12-28 12:47:06.878408|{rx-1} 1, 0, 0, 3, 2, 2, 0, 0, 0, 0, 0, 1, 0, 1, 1
2025-12-28 12:47:06.883977|{rssi-1} 111, -52, -127, -127, -127, 111, 111, 111, 111, 111, 111, 111, 111, 111, 111, 111, 111, 111, 
2025-12-28 12:47:06.891819|{td-1} 0, -15, 0, 0, 0, 0, 0, 0, 0, 0, 0, 0, 0, 0, 0, 0, 0, 0, 
2025-12-28 12:47:06.896350|{tx-1} :-BBB.............
2025-12-28 12:47:07.068669|{rx-2} 1, 0, 0, 3, 3, 3, 0, 0, 0, 0, 0, 1, 0, 1, 1
2025-12-28 12:47:07.071963|{rssi-2} 111, -51, -127, -127, -127, 111, 111, 111, 111, 111, 111, 111, 111, 111, 111, 111, 111, 111, 
2025-12-28 12:47:07.081391|{td-2} 0, -15, 0, 0, 0, 0, 0, 0, 0, 0, 0, 0, 0, 0, 0, 0, 0, 0, 
2025-12-28 12:47:07.086632|{tx-2} :-BBB.............
2025-12-28 12:47:07.256921|{rx-3} 1, 0, 0, 3, 4, 4, 0, 0, 0, 0, 0, 1, 0, 1, 1
2025-12-28 12:47:07.261479|{rssi-3} 111, -51, -127, -127, -127, 111, 111, 111, 111, 111, 111, 111, 111, 111, 111, 111, 111, 111, 
2025-12-28 12:47:07.271450|{td-3} 0, -15, 0, 0, 0, 0, 0, 0, 0, 0, 0, 0, 0, 0, 0, 0, 0, 0, 
2025-12-28 12:47:07.276955|{tx-3} :-BBB.............
2025-12-28 12:47:07.447691|{rx-4} 1, 0, 0, 3, 5, 5, 0, 0, 0, 0, 0, 1, 0, 1, 1
2025-12-28 12:47:07.451303|{rssi-4} 111, -53, -127, -127, -127, 111, 111, 111, 111, 111, 111, 111, 111, 111, 111, 111, 111, 111, 
2025-12-28 12:47:07.462155|{td-4} 0, -15, 0, 0, 0, 0, 0, 0, 0, 0, 0, 0, 0, 0, 0, 0, 0, 0, 
2025-12-28 12:47:07.465555|{tx-4} :-BBB.............
2025-12-28 12:47:07.637600|{rx-5} 1, 0, 0, 3, 6, 6, 0, 0, 0, 0, 0, 1, 0, 1, 1
2025-12-28 12:47:07.641950|{rssi-5} 111, -51, -127, -127, -127, 111, 111, 111, 111, 111, 111, 111, 111, 111, 111, 111, 111, 111, 
2025-12-28 12:47:07.651147|{td-5} 0, -15, 0, 0, 0, 0, 0, 0, 0, 0, 0, 0, 0, 0, 0, 0, 0, 0, 
2025-12-28 12:47:07.656874|{tx-5} :-BBB.............
2025-12-28 12:47:07.826941|{rx-6} 1, 0, 0, 3, 7, 7, 0, 0, 0, 0, 0, 1, 0, 1, 1
2025-12-28 12:47:07.831882|{rssi-6} 111, -53, -127, -127, -127, 111, 111, 111, 111, 111, 111, 111, 111, 111, 111, 111, 111, 111, 
2025-12-28 12:47:07.840416|{td-6} 0, -15, 0, 0, 0, 0, 0, 0, 0, 0, 0, 0, 0, 0, 0, 0, 0, 0, 
2025-12-28 12:47:07.847393|{tx-6} :-BBB.............
2025-12-28 12:47:08.016876|{rx-7} 1, 0, 0, 3, 8, 8, 0, 0, 0, 0, 0, 1, 0, 1, 1
2025-12-28 12:47:08.021791|{rssi-7} 111, -52, -127, -127, -127, 111, 111, 111, 111, 111, 111, 111, 111, 111, 111, 111, 111, 111, 
2025-12-28 12:47:08.031056|{td-7} 0, -15, 0, 0, 0, 0, 0, 0, 0, 0, 0, 0, 0, 0, 0, 0, 0, 0, 
2025-12-28 12:47:08.035635|{tx-7} :-BBB.............
2025-12-28 12:47:08.206390|{rx-8} 1, 0, 0, 3, 9, 9, 0, 0, 0, 0, 0, 1, 0, 1, 1
2025-12-28 12:47:08.211214|{rssi-8} 111, -51, -127, -127, -127, 111, 111, 111, 111, 111, 111, 111, 111, 111, 111, 111, 111, 111, 
2025-12-28 12:47:08.220058|{td-8} 0, -15, 0, 0, 0, 0, 0, 0, 0, 0, 0, 0, 0, 0, 0, 0, 0, 0, 
2025-12-28 12:47:08.226927|{tx-8} :-BBB.............
2025-12-28 12:47:08.397454|{rx-9} 1, 0, 0, 3, 10, 10, 0, 0, 0, 0, 0, 1, 0, 1, 1
2025-12-28 12:47:08.402577|{rssi-9} 111, -51, -127, -127, -127, 111, 111, 111, 111, 111, 111, 111, 111, 111, 111, 111, 111, 111, 
2025-12-28 12:47:08.411740|{td-9} 0, -15, 0, 0, 0, 0, 0, 0, 0, 0, 0, 0, 0, 0, 0, 0, 0, 0, 
2025-12-28 12:47:08.418382|{tx-9} :-BBB.............
2025-12-28 12:47:08.587005|{rx-10} 1, 0, 0, 3, 11, 11, 0, 0, 0, 0, 0, 1, 0, 1, 1
2025-12-28 12:47:08.591945|{rssi-10} 111, -51, -127, -127, -127, 111, 111, 111, 111, 111, 111, 111, 111, 111, 111, 111, 111, 111, 
2025-12-28 12:47:08.601625|{td-10} 0, -17, 0, 0, 0, 0, 0, 0, 0, 0, 0, 0, 0, 0, 0, 0, 0, 0, 
2025-12-28 12:47:08.607627|{tx-10} :-BBB.............
2025-12-28 12:47:08.778045|{rx-11} 1, 0, 0, 3, 12, 12, 0, 0, 0, 0, 0, 1, 0, 1, 1
2025-12-28 12:47:08.782316|{rssi-11} 111, -51, -127, -127, -127, 111, 111, 111, 111, 111, 111, 111, 111, 111, 111, 111, 111, 111, 
2025-12-28 12:47:08.791918|{td-11} 0, -15, 0, 0, 0, 0, 0, 0, 0, 0, 0, 0, 0, 0, 0, 0, 0, 0, 
2025-12-28 12:47:08.796905|{tx-11} :-BBB.............
2025-12-28 12:47:08.968241|{rx-12} 1, 0, 0, 3, 13, 13, 0, 0, 0, 0, 0, 1, 0, 1, 1
2025-12-28 12:47:08.972179|{rssi-12} 111, -52, -127, -127, -127, 111, 111, 111, 111, 111, 111, 111, 111, 111, 111, 111, 111, 111, 
2025-12-28 12:47:08.981213|{td-12} 0, -15, 0, 0, 0, 0, 0, 0, 0, 0, 0, 0, 0, 0, 0, 0, 0, 0, 
2025-12-28 12:47:08.986870|{tx-12} :-BBB.............
2025-12-28 12:47:09.157061|{rx-13} 1, 0, 0, 3, 14, 14, 0, 0, 0, 0, 0, 1, 0, 1, 1
2025-12-28 12:47:09.162242|{rssi-13} 111, -52, -127, -127, -127, 111, 111, 111, 111, 111, 111, 111, 111, 111, 111, 111, 111, 111, 
2025-12-28 12:47:09.171616|{td-13} 0, -15, 0, 0, 0, 0, 0, 0, 0, 0, 0, 0, 0, 0, 0, 0, 0, 0, 
2025-12-28 12:47:09.177436|{tx-13} :-BBB.............
2025-12-28 12:47:09.347626|{rx-14} 1, 0, 0, 3, 15, 15, 0, 0, 0, 0, 0, 1, 0, 1, 1
2025-12-28 12:47:09.352120|{rssi-14} 111, -52, -127, -127, -127, 111, 111, 111, 111, 111, 111, 111, 111, 111, 111, 111, 111, 111, 
2025-12-28 12:47:09.360294|{td-14} 0, -15, 0, 0, 0, 0, 0, 0, 0, 0, 0, 0, 0, 0, 0, 0, 0, 0, 
2025-12-28 12:47:09.367379|{tx-14} :-BBB.............
2025-12-28 12:47:09.536906|{rx-15} 1, 0, 0, 3, 16, 16, 0, 0, 0, 0, 0, 1, 0, 1, 1
2025-12-28 12:47:09.541459|{rssi-15} 111, -51, -127, -127, -127, 111, 111, 111, 111, 111, 111, 111, 111, 111, 111, 111, 111, 111, 
2025-12-28 12:47:09.550554|{td-15} 0, -15, 0, 0, 0, 0, 0, 0, 0, 0, 0, 0, 0, 0, 0, 0, 0, 0, 
2025-12-28 12:47:09.557443|{tx-15} :-BBB.............
2025-12-28 12:47:09.728642|{rx-16} 1, 0, 0, 3, 17, 17, 0, 0, 0, 0, 0, 1, 0, 1, 1
2025-12-28 12:47:09.731164|{rssi-16} 111, -51, -127, -127, -127, 111, 111, 111, 111, 111, 111, 111, 111, 111, 111, 111, 111, 111, 
2025-12-28 12:47:09.741248|{td-16} 0, -15, 0, 0, 0, 0, 0, 0, 0, 0, 0, 0, 0, 0, 0, 0, 0, 0, 
2025-12-28 12:47:09.747344|{tx-16} :-BBB.............
2025-12-28 12:47:09.916999|{rx-17} 1, 0, 0, 3, 18, 18, 0, 0, 0, 0, 0, 1, 0, 1, 1
2025-12-28 12:47:09.921598|{rssi-17} 111, -51, -127, -127, -127, 111, 111, 111, 111, 111, 111, 111, 111, 111, 111, 111, 111, 111, 
2025-12-28 12:47:09.931646|{td-17} 0, -17, 0, 0, 0, 0, 0, 0, 0, 0, 0, 0, 0, 0, 0, 0, 0, 0, 
2025-12-28 12:47:09.935953|{tx-17} :-BBB.............
2025-12-28 12:47:10.106435|{rx-18} 1, 0, 0, 3, 19, 19, 0, 0, 0, 0, 0, 1, 0, 1, 1
2025-12-28 12:47:10.111525|{rssi-18} 111, -51, -127, -127, -127, 111, 111, 111, 111, 111, 111, 111, 111, 111, 111, 111, 111, 111, 
2025-12-28 12:47:10.121627|{td-18} 0, -15, 0, 0, 0, 0, 0, 0, 0, 0, 0, 0, 0, 0, 0, 0, 0, 0, 
2025-12-28 12:47:10.127092|{tx-18} :-BBB.............
2025-12-28 12:47:10.297333|{rx-19} 1, 0, 0, 3, 20, 20, 0, 0, 0, 0, 0, 1, 0, 1, 1
2025-12-28 12:47:10.301927|{rssi-19} 111, -52, -127, -127, -127, 111, 111, 111, 111, 111, 111, 111, 111, 111, 111, 111, 111, 111, 
2025-12-28 12:47:10.310571|{td-19} 0, -13, 0, 0, 0, 0, 0, 0, 0, 0, 0, 0, 0, 0, 0, 0, 0, 0, 
2025-12-28 12:47:10.316055|{tx-19} :-BBB.............
2025-12-28 12:47:10.487391|{rx-20} 1, 0, 0, 3, 21, 21, 0, 0, 0, 0, 0, 1, 0, 1, 1
2025-12-28 12:47:10.492220|{rssi-20} 111, -52, -127, -127, -127, 111, 111, 111, 111, 111, 111, 111, 111, 111, 111, 111, 111, 111, 
2025-12-28 12:47:10.501498|{td-20} 0, -17, 0, 0, 0, 0, 0, 0, 0, 0, 0, 0, 0, 0, 0, 0, 0, 0, 
2025-12-28 12:47:10.506198|{tx-20} :-BBB.............
2025-12-28 12:47:10.677551|{rx-21} 1, 0, 0, 3, 22, 22, 0, 0, 0, 0, 0, 1, 0, 1, 1
2025-12-28 12:47:10.682182|{rssi-21} 111, -51, -127, -127, -127, 111, 111, 111, 111, 111, 111, 111, 111, 111, 111, 111, 111, 111, 
2025-12-28 12:47:10.691149|{td-21} 0, -15, 0, 0, 0, 0, 0, 0, 0, 0, 0, 0, 0, 0, 0, 0, 0, 0, 
2025-12-28 12:47:10.695608|{tx-21} :-BBB.............
2025-12-28 12:47:10.867242|{rx-22} 1, 0, 0, 3, 23, 23, 0, 0, 0, 0, 0, 1, 0, 1, 1
2025-12-28 12:47:10.872018|{rssi-22} 111, -51, -127, -127, -127, 111, 111, 111, 111, 111, 111, 111, 111, 111, 111, 111, 111, 111, 
2025-12-28 12:47:10.880333|{td-22} 0, -15, 0, 0, 0, 0, 0, 0, 0, 0, 0, 0, 0, 0, 0, 0, 0, 0, 
2025-12-28 12:47:10.885893|{tx-22} :-BBB.............
2025-12-28 12:47:11.057424|{rx-23} 1, 0, 0, 3, 24, 24, 0, 0, 0, 0, 0, 1, 0, 1, 1
2025-12-28 12:47:11.061645|{rssi-23} 111, -56, -127, -127, -127, 111, 111, 111, 111, 111, 111, 111, 111, 111, 111, 111, 111, 111, 
2025-12-28 12:47:11.070686|{td-23} 0, -15, 0, 0, 0, 0, 0, 0, 0, 0, 0, 0, 0, 0, 0, 0, 0, 0, 
2025-12-28 12:47:11.076286|{tx-23} :-BBB.............
2025-12-28 12:47:11.247011|{rx-24} 1, 0, 0, 3, 25, 25, 0, 0, 0, 0, 0, 1, 0, 1, 1
2025-12-28 12:47:11.252111|{rssi-24} 111, -52, -127, -127, -127, 111, 111, 111, 111, 111, 111, 111, 111, 111, 111, 111, 111, 111, 
2025-12-28 12:47:11.261025|{td-24} 0, -15, 0, 0, 0, 0, 0, 0, 0, 0, 0, 0, 0, 0, 0, 0, 0, 0, 
2025-12-28 12:47:11.267104|{tx-24} :-BBB.............
2025-12-28 12:47:11.437065|{rx-25} 1, 0, 0, 3, 26, 26, 0, 0, 0, 0, 0, 1, 0, 1, 1
2025-12-28 12:47:11.441066|{rssi-25} 111, -51, -127, -127, -127, 111, 111, 111, 111, 111, 111, 111, 111, 111, 111, 111, 111, 111, 
2025-12-28 12:47:11.452029|{td-25} 0, -17, 0, 0, 0, 0, 0, 0, 0, 0, 0, 0, 0, 0, 0, 0, 0, 0, 
2025-12-28 12:47:11.456649|{tx-25} :-BBB.............
2025-12-28 12:47:11.627463|{rx-26} 1, 0, 0, 3, 27, 27, 0, 0, 0, 0, 0, 1, 0, 1, 1
2025-12-28 12:47:11.630890|{rssi-26} 111, -51, -127, -127, -127, 111, 111, 111, 111, 111, 111, 111, 111, 111, 111, 111, 111, 111, 
2025-12-28 12:47:11.641081|{td-26} 0, -15, 0, 0, 0, 0, 0, 0, 0, 0, 0, 0, 0, 0, 0, 0, 0, 0, 
2025-12-28 12:47:11.645328|{tx-26} :-BBB.............
2025-12-28 12:47:11.817054|{rx-27} 1, 0, 0, 3, 28, 28, 0, 0, 0, 0, 0, 1, 0, 1, 1
2025-12-28 12:47:11.822192|{rssi-27} 111, -52, -127, -127, -127, 111, 111, 111, 111, 111, 111, 111, 111, 111, 111, 111, 111, 111, 
2025-12-28 12:47:11.831086|{td-27} 0, -15, 0, 0, 0, 0, 0, 0, 0, 0, 0, 0, 0, 0, 0, 0, 0, 0, 
2025-12-28 12:47:11.837292|{tx-27} :-BBB.............
2025-12-28 12:47:12.007162|{rx-28} 1, 0, 0, 3, 29, 29, 0, 0, 0, 0, 0, 1, 0, 1, 1
2025-12-28 12:47:12.011929|{rssi-28} 111, -51, -127, -127, -127, 111, 111, 111, 111, 111, 111, 111, 111, 111, 111, 111, 111, 111, 
2025-12-28 12:47:12.020711|{td-28} 0, -15, 0, 0, 0, 0, 0, 0, 0, 0, 0, 0, 0, 0, 0, 0, 0, 0, 
2025-12-28 12:47:12.027071|{tx-28} :-BBB.............
2025-12-28 12:47:12.197488|{rx-29} 1, 0, 0, 3, 30, 30, 0, 0, 0, 0, 0, 1, 0, 1, 1
2025-12-28 12:47:12.201286|{rssi-29} 111, -52, -127, -127, -127, 111, 111, 111, 111, 111, 111, 111, 111, 111, 111, 111, 111, 111, 
2025-12-28 12:47:12.210538|{td-29} 0, -15, 0, 0, 0, 0, 0, 0, 0, 0, 0, 0, 0, 0, 0, 0, 0, 0, 
2025-12-28 12:47:12.216359|{tx-29} :-BBB.............
2025-12-28 12:47:12.387762|{rx-30} 1, 0, 0, 3, 31, 31, 0, 0, 0, 0, 0, 1, 0, 1, 1
2025-12-28 12:47:12.391113|{rssi-30} 111, -53, -127, -127, -127, 111, 111, 111, 111, 111, 111, 111, 111, 111, 111, 111, 111, 111, 
2025-12-28 12:47:12.400229|{td-30} 0, -15, 0, 0, 0, 0, 0, 0, 0, 0, 0, 0, 0, 0, 0, 0, 0, 0, 
2025-12-28 12:47:12.405847|{tx-30} :-BBB.............
2025-12-28 12:47:12.577384|{rx-31} 1, 0, 0, 3, 32, 32, 0, 0, 0, 0, 0, 1, 0, 1, 1
2025-12-28 12:47:12.581486|{rssi-31} 111, -51, -127, -127, -127, 111, 111, 111, 111, 111, 111, 111, 111, 111, 111, 111, 111, 111, 
2025-12-28 12:47:12.590654|{td-31} 0, -15, 0, 0, 0, 0, 0, 0, 0, 0, 0, 0, 0, 0, 0, 0, 0, 0, 
2025-12-28 12:47:12.595675|{tx-31} :-BBB.............
2025-12-28 12:47:12.767039|{rx-32} 1, 0, 0, 3, 33, 33, 0, 0, 0, 0, 0, 1, 0, 1, 1
2025-12-28 12:47:12.771323|{rssi-32} 111, -51, -127, -127, -127, 111, 111, 111, 111, 111, 111, 111, 111, 111, 111, 111, 111, 111, 
2025-12-28 12:47:12.780831|{td-32} 0, -15, 0, 0, 0, 0, 0, 0, 0, 0, 0, 0, 0, 0, 0, 0, 0, 0, 
2025-12-28 12:47:12.785716|{tx-32} :-BBB.............
2025-12-28 12:47:12.957044|{rx-33} 1, 0, 0, 3, 34, 34, 0, 0, 0, 0, 0, 1, 0, 1, 1
2025-12-28 12:47:12.962800|{rssi-33} 111, -52, -127, -127, -127, 111, 111, 111, 111, 111, 111, 111, 111, 111, 111, 111, 111, 111, 
2025-12-28 12:47:12.970849|{td-33} 0, -15, 0, 0, 0, 0, 0, 0, 0, 0, 0, 0, 0, 0, 0, 0, 0, 0, 
2025-12-28 12:47:12.975640|{tx-33} :-BBB.............
2025-12-28 12:47:13.146572|{rx-34} 1, 0, 0, 3, 35, 35, 0, 0, 0, 0, 0, 1, 0, 1, 1
2025-12-28 12:47:13.153021|{rssi-34} 111, -52, -127, -127, -127, 111, 111, 111, 111, 111, 111, 111, 111, 111, 111, 111, 111, 111, 
2025-12-28 12:47:13.160723|{td-34} 0, -15, 0, 0, 0, 0, 0, 0, 0, 0, 0, 0, 0, 0, 0, 0, 0, 0, 
2025-12-28 12:47:13.166038|{tx-34} :-BBB.............
2025-12-28 12:47:13.336824|{rx-35} 1, 0, 0, 3, 36, 36, 0, 0, 0, 0, 0, 1, 0, 1, 1
2025-12-28 12:47:13.341139|{rssi-35} 111, -51, -127, -127, -127, 111, 111, 111, 111, 111, 111, 111, 111, 111, 111, 111, 111, 111, 
2025-12-28 12:47:13.350868|{td-35} 0, -17, 0, 0, 0, 0, 0, 0, 0, 0, 0, 0, 0, 0, 0, 0, 0, 0, 
2025-12-28 12:47:13.356214|{tx-35} :-BBB.............
2025-12-28 12:47:13.525904|{rx-36} 1, 0, 0, 3, 37, 37, 0, 0, 0, 0, 0, 1, 0, 1, 1
2025-12-28 12:47:13.531390|{rssi-36} 111, -51, -127, -127, -127, 111, 111, 111, 111, 111, 111, 111, 111, 111, 111, 111, 111, 111, 
2025-12-28 12:47:13.540762|{td-36} 0, -15, 0, 0, 0, 0, 0, 0, 0, 0, 0, 0, 0, 0, 0, 0, 0, 0, 
2025-12-28 12:47:13.545635|{tx-36} :-BBB.............
2025-12-28 12:47:13.715811|{rx-37} 1, 0, 0, 3, 38, 38, 0, 0, 0, 0, 0, 1, 0, 1, 1
2025-12-28 12:47:13.720474|{rssi-37} 111, -51, -127, -127, -127, 111, 111, 111, 111, 111, 111, 111, 111, 111, 111, 111, 111, 111, 
2025-12-28 12:47:13.730829|{td-37} 0, -15, 0, 0, 0, 0, 0, 0, 0, 0, 0, 0, 0, 0, 0, 0, 0, 0, 
2025-12-28 12:47:13.736653|{tx-37} :-BBB.............
2025-12-28 12:47:13.906226|{rx-38} 1, 0, 0, 3, 39, 39, 0, 0, 0, 0, 0, 1, 0, 1, 1
2025-12-28 12:47:13.911292|{rssi-38} 111, -51, -127, -127, -127, 111, 111, 111, 111, 111, 111, 111, 111, 111, 111, 111, 111, 111, 
2025-12-28 12:47:13.920531|{td-38} 0, -15, 0, 0, 0, 0, 0, 0, 0, 0, 0, 0, 0, 0, 0, 0, 0, 0, 
2025-12-28 12:47:13.926944|{tx-38} :-BBB.............
2025-12-28 12:47:14.096160|{rx-39} 1, 0, 0, 3, 40, 40, 0, 0, 0, 0, 0, 1, 0, 1, 1
2025-12-28 12:47:14.101630|{rssi-39} 111, -51, -127, -127, -127, 111, 111, 111, 111, 111, 111, 111, 111, 111, 111, 111, 111, 111, 
2025-12-28 12:47:14.109565|{td-39} 0, -15, 0, 0, 0, 0, 0, 0, 0, 0, 0, 0, 0, 0, 0, 0, 0, 0, 
2025-12-28 12:47:14.116701|{tx-39} :-BBB.............
2025-12-28 12:47:14.286843|{rx-40} 1, 0, 0, 3, 41, 41, 0, 0, 0, 0, 0, 1, 0, 1, 1
2025-12-28 12:47:14.291039|{rssi-40} 111, -57, -127, -127, -127, 111, 111, 111, 111, 111, 111, 111, 111, 111, 111, 111, 111, 111, 
2025-12-28 12:47:14.300522|{td-40} 0, -15, 0, 0, 0, 0, 0, 0, 0, 0, 0, 0, 0, 0, 0, 0, 0, 0, 
2025-12-28 12:47:14.305683|{tx-40} :-BBB.............
2025-12-28 12:47:14.477088|{rx-41} 1, 0, 0, 3, 42, 42, 0, 0, 0, 0, 0, 1, 0, 1, 1
2025-12-28 12:47:14.481451|{rssi-41} 111, -51, -127, -127, -127, 111, 111, 111, 111, 111, 111, 111, 111, 111, 111, 111, 111, 111, 
2025-12-28 12:47:14.489909|{td-41} 0, -15, 0, 0, 0, 0, 0, 0, 0, 0, 0, 0, 0, 0, 0, 0, 0, 0, 
2025-12-28 12:47:14.496375|{tx-41} :-BBB.............
2025-12-28 12:47:14.666091|{rx-42} 1, 0, 0, 3, 43, 43, 0, 0, 0, 0, 0, 1, 0, 1, 1
2025-12-28 12:47:14.670996|{rssi-42} 111, -56, -127, -127, -127, 111, 111, 111, 111, 111, 111, 111, 111, 111, 111, 111, 111, 111, 
2025-12-28 12:47:14.681436|{td-42} 0, -15, 0, 0, 0, 0, 0, 0, 0, 0, 0, 0, 0, 0, 0, 0, 0, 0, 
2025-12-28 12:47:14.685995|{tx-42} :-BBB.............
2025-12-28 12:47:14.856291|{rx-43} 1, 0, 0, 3, 44, 44, 0, 0, 0, 0, 0, 1, 0, 1, 1
2025-12-28 12:47:14.861035|{rssi-43} 111, -51, -127, -127, -127, 111, 111, 111, 111, 111, 111, 111, 111, 111, 111, 111, 111, 111, 
2025-12-28 12:47:14.870567|{td-43} 0, -15, 0, 0, 0, 0, 0, 0, 0, 0, 0, 0, 0, 0, 0, 0, 0, 0, 
2025-12-28 12:47:14.875177|{tx-43} :-BBB.............
2025-12-28 12:47:15.047447|{rx-44} 1, 0, 0, 3, 45, 45, 0, 0, 0, 0, 0, 1, 0, 1, 1
2025-12-28 12:47:15.050055|{rssi-44} 111, -53, -127, -127, -127, 111, 111, 111, 111, 111, 111, 111, 111, 111, 111, 111, 111, 111, 
2025-12-28 12:47:15.060211|{td-44} 0, -15, 0, 0, 0, 0, 0, 0, 0, 0, 0, 0, 0, 0, 0, 0, 0, 0, 
2025-12-28 12:47:15.065126|{tx-44} :-BBB.............
2025-12-28 12:47:15.244495|{rx-45} 1, 0, 0, 3, 46, 46, 0, 0, 0, 0, 0, 1, 0, 1, 1
2025-12-28 12:47:15.246286|{rssi-45} 111, -50, -127, -127, -127, 111, 111, 111, 111, 111, 111, 111, 111, 111, 111, 111, 111, 111, 
2025-12-28 12:47:15.250325|{td-45} 0, -15, 0, 0, 0, 0, 0, 0, 0, 0, 0, 0, 0, 0, 0, 0, 0, 0, 
2025-12-28 12:47:15.256044|{tx-45} :-BBB.............
2025-12-28 12:47:15.426320|{rx-46} 1, 0, 0, 3, 47, 47, 0, 0, 0, 0, 0, 1, 0, 1, 1
2025-12-28 12:47:15.430889|{rssi-46} 111, -51, -127, -127, -127, 111, 111, 111, 111, 111, 111, 111, 111, 111, 111, 111, 111, 111, 
2025-12-28 12:47:15.440184|{td-46} 0, -17, 0, 0, 0, 0, 0, 0, 0, 0, 0, 0, 0, 0, 0, 0, 0, 0, 
2025-12-28 12:47:15.446364|{tx-46} :-BBB.............
2025-12-28 12:47:15.616826|{rx-47} 1, 0, 0, 3, 48, 48, 0, 0, 0, 0, 0, 1, 0, 1, 1
2025-12-28 12:47:15.620786|{rssi-47} 111, -51, -127, -127, -127, 111, 111, 111, 111, 111, 111, 111, 111, 111, 111, 111, 111, 111, 
2025-12-28 12:47:15.629775|{td-47} 0, -15, 0, 0, 0, 0, 0, 0, 0, 0, 0, 0, 0, 0, 0, 0, 0, 0, 
2025-12-28 12:47:15.636314|{tx-47} :-BBB.............
2025-12-28 12:47:15.806184|{rx-48} 1, 0, 0, 3, 49, 49, 0, 0, 0, 0, 0, 1, 0, 1, 1
2025-12-28 12:47:15.811065|{rssi-48} 111, -51, -127, -127, -127, 111, 111, 111, 111, 111, 111, 111, 111, 111, 111, 111, 111, 111, 
2025-12-28 12:47:15.819542|{td-48} 0, -15, 0, 0, 0, 0, 0, 0, 0, 0, 0, 0, 0, 0, 0, 0, 0, 0, 
2025-12-28 12:47:15.825221|{tx-48} :-BBB.............
2025-12-28 12:47:15.995603|{rx-49} 1, 0, 0, 3, 50, 50, 0, 0, 0, 0, 0, 1, 0, 1, 1
2025-12-28 12:47:16.000536|{rssi-49} 111, -51, -127, -127, -127, 111, 111, 111, 111, 111, 111, 111, 111, 111, 111, 111, 111, 111, 
2025-12-28 12:47:16.009020|{td-49} 0, -15, 0, 0, 0, 0, 0, 0, 0, 0, 0, 0, 0, 0, 0, 0, 0, 0, 
2025-12-28 12:47:16.014177|{tx-49} :-BBB.............
2025-12-28 12:47:16.186068|{rx-50} 1, 0, 0, 3, 51, 51, 0, 0, 0, 0, 0, 1, 0, 1, 1
2025-12-28 12:47:16.190441|{rssi-50} 111, -52, -127, -127, -127, 111, 111, 111, 111, 111, 111, 111, 111, 111, 111, 111, 111, 111, 
2025-12-28 12:47:16.199686|{td-50} 0, -15, 0, 0, 0, 0, 0, 0, 0, 0, 0, 0, 0, 0, 0, 0, 0, 0, 
2025-12-28 12:47:16.204103|{tx-50} :-BBB.............
2025-12-28 12:47:16.376159|{rx-51} 1, 0, 0, 3, 52, 52, 0, 0, 0, 0, 0, 1, 0, 1, 1
2025-12-28 12:47:16.381337|{rssi-51} 111, -51, -127, -127, -127, 111, 111, 111, 111, 111, 111, 111, 111, 111, 111, 111, 111, 111, 
2025-12-28 12:47:16.390272|{td-51} 0, -15, 0, 0, 0, 0, 0, 0, 0, 0, 0, 0, 0, 0, 0, 0, 0, 0, 
2025-12-28 12:47:16.394584|{tx-51} :-BBB.............
2025-12-28 12:47:16.566173|{rx-52} 1, 0, 0, 3, 53, 53, 0, 0, 0, 0, 0, 1, 0, 1, 1
2025-12-28 12:47:16.570478|{rssi-52} 111, -52, -127, -127, -127, 111, 111, 111, 111, 111, 111, 111, 111, 111, 111, 111, 111, 111, 
2025-12-28 12:47:16.580583|{td-52} 0, -15, 0, 0, 0, 0, 0, 0, 0, 0, 0, 0, 0, 0, 0, 0, 0, 0, 
2025-12-28 12:47:16.585323|{tx-52} :-BBB.............
2025-12-28 12:47:16.755733|{rx-53} 1, 0, 0, 3, 54, 54, 0, 0, 0, 0, 0, 1, 0, 1, 1
2025-12-28 12:47:16.759939|{rssi-53} 111, -51, -127, -127, -127, 111, 111, 111, 111, 111, 111, 111, 111, 111, 111, 111, 111, 111, 
2025-12-28 12:47:16.770112|{td-53} 0, -15, 0, 0, 0, 0, 0, 0, 0, 0, 0, 0, 0, 0, 0, 0, 0, 0, 
2025-12-28 12:47:16.775277|{tx-53} :-BBB.............
2025-12-28 12:47:16.946310|{rx-54} 1, 0, 0, 3, 55, 55, 0, 0, 0, 0, 0, 1, 0, 1, 1
2025-12-28 12:47:16.950297|{rssi-54} 111, -54, -127, -127, -127, 111, 111, 111, 111, 111, 111, 111, 111, 111, 111, 111, 111, 111, 
2025-12-28 12:47:16.959492|{td-54} 0, -15, 0, 0, 0, 0, 0, 0, 0, 0, 0, 0, 0, 0, 0, 0, 0, 0, 
2025-12-28 12:47:16.966115|{tx-54} :-BBB.............
2025-12-28 12:47:17.136527|{rx-55} 1, 0, 0, 3, 56, 56, 0, 0, 0, 0, 0, 1, 0, 1, 1
2025-12-28 12:47:17.140711|{rssi-55} 111, -52, -127, -127, -127, 111, 111, 111, 111, 111, 111, 111, 111, 111, 111, 111, 111, 111, 
2025-12-28 12:47:17.149971|{td-55} 0, -17, 0, 0, 0, 0, 0, 0, 0, 0, 0, 0, 0, 0, 0, 0, 0, 0, 
2025-12-28 12:47:17.154740|{tx-55} :-BBB.............
2025-12-28 12:47:17.326642|{rx-56} 1, 0, 0, 3, 57, 57, 0, 0, 0, 0, 0, 1, 0, 1, 1
2025-12-28 12:47:17.330645|{rssi-56} 111, -52, -127, -127, -127, 111, 111, 111, 111, 111, 111, 111, 111, 111, 111, 111, 111, 111, 
2025-12-28 12:47:17.339467|{td-56} 0, -15, 0, 0, 0, 0, 0, 0, 0, 0, 0, 0, 0, 0, 0, 0, 0, 0, 
2025-12-28 12:47:17.345156|{tx-56} :-BBB.............
2025-12-28 12:47:17.516795|{rx-57} 1, 0, 0, 3, 58, 58, 0, 0, 0, 0, 0, 1, 0, 1, 1
2025-12-28 12:47:17.520532|{rssi-57} 111, -54, -127, -127, -127, 111, 111, 111, 111, 111, 111, 111, 111, 111, 111, 111, 111, 111, 
2025-12-28 12:47:17.529150|{td-57} 0, -15, 0, 0, 0, 0, 0, 0, 0, 0, 0, 0, 0, 0, 0, 0, 0, 0, 
2025-12-28 12:47:17.535366|{tx-57} :-BBB.............
2025-12-28 12:47:17.705546|{rx-58} 1, 0, 0, 3, 59, 59, 0, 0, 0, 0, 0, 1, 0, 1, 1
2025-12-28 12:47:17.709446|{rssi-58} 111, -53, -127, -127, -127, 111, 111, 111, 111, 111, 111, 111, 111, 111, 111, 111, 111, 111, 
2025-12-28 12:47:17.719836|{td-58} 0, -15, 0, 0, 0, 0, 0, 0, 0, 0, 0, 0, 0, 0, 0, 0, 0, 0, 
2025-12-28 12:47:17.725557|{tx-58} :-BBB.............
2025-12-28 12:47:17.896354|{rx-59} 1, 0, 0, 3, 60, 60, 0, 0, 0, 0, 0, 1, 0, 1, 1
2025-12-28 12:47:17.900335|{rssi-59} 111, -53, -127, -127, -127, 111, 111, 111, 111, 111, 111, 111, 111, 111, 111, 111, 111, 111, 
2025-12-28 12:47:17.909937|{td-59} 0, -15, 0, 0, 0, 0, 0, 0, 0, 0, 0, 0, 0, 0, 0, 0, 0, 0, 
2025-12-28 12:47:17.915739|{tx-59} :-BBB.............
2025-12-28 12:47:18.085579|{rx-60} 1, 0, 0, 3, 61, 61, 0, 0, 0, 0, 0, 1, 0, 1, 1
2025-12-28 12:47:18.089763|{rssi-60} 111, -51, -127, -127, -127, 111, 111, 111, 111, 111, 111, 111, 111, 111, 111, 111, 111, 111, 
2025-12-28 12:47:18.099814|{td-60} 0, -15, 0, 0, 0, 0, 0, 0, 0, 0, 0, 0, 0, 0, 0, 0, 0, 0, 
2025-12-28 12:47:18.104679|{tx-60} :-BBB.............
2025-12-28 12:47:18.275497|{rx-61} 1, 0, 0, 3, 62, 62, 0, 0, 0, 0, 0, 1, 0, 1, 1
2025-12-28 12:47:18.282104|{rssi-61} 111, -53, -127, -127, -127, 111, 111, 111, 111, 111, 111, 111, 111, 111, 111, 111, 111, 111, 
2025-12-28 12:47:18.289717|{td-61} 0, -15, 0, 0, 0, 0, 0, 0, 0, 0, 0, 0, 0, 0, 0, 0, 0, 0, 
2025-12-28 12:47:18.294400|{tx-61} :-BBB.............
2025-12-28 12:47:18.465706|{rx-62} 1, 0, 0, 3, 63, 63, 0, 0, 0, 0, 0, 1, 0, 1, 1
2025-12-28 12:47:18.469508|{rssi-62} 111, -53, -127, -127, -127, 111, 111, 111, 111, 111, 111, 111, 111, 111, 111, 111, 111, 111, 
2025-12-28 12:47:18.480332|{td-62} 0, -15, 0, 0, 0, 0, 0, 0, 0, 0, 0, 0, 0, 0, 0, 0, 0, 0, 
2025-12-28 12:47:18.485469|{tx-62} :-BBB.............
2025-12-28 12:47:18.655451|{rx-63} 1, 0, 0, 3, 64, 64, 0, 0, 0, 0, 0, 1, 0, 1, 1
2025-12-28 12:47:18.660342|{rssi-63} 111, -51, -127, -127, -127, 111, 111, 111, 111, 111, 111, 111, 111, 111, 111, 111, 111, 111, 
2025-12-28 12:47:18.670030|{td-63} 0, -15, 0, 0, 0, 0, 0, 0, 0, 0, 0, 0, 0, 0, 0, 0, 0, 0, 
2025-12-28 12:47:18.676005|{tx-63} :-BBB.............
2025-12-28 12:47:18.845358|{rx-64} 1, 0, 0, 3, 65, 65, 0, 0, 0, 0, 0, 1, 0, 1, 1
2025-12-28 12:47:18.850540|{rssi-64} 111, -54, -127, -127, -127, 111, 111, 111, 111, 111, 111, 111, 111, 111, 111, 111, 111, 111, 
2025-12-28 12:47:18.859017|{td-64} 0, -17, 0, 0, 0, 0, 0, 0, 0, 0, 0, 0, 0, 0, 0, 0, 0, 0, 
2025-12-28 12:47:18.864478|{tx-64} :-BBB.............
2025-12-28 12:47:19.034531|{rx-65} 1, 0, 0, 3, 66, 66, 0, 0, 0, 0, 0, 1, 0, 1, 1
2025-12-28 12:47:19.040070|{rssi-65} 111, -52, -127, -127, -127, 111, 111, 111, 111, 111, 111, 111, 111, 111, 111, 111, 111, 111, 
2025-12-28 12:47:19.049700|{td-65} 0, -13, 0, 0, 0, 0, 0, 0, 0, 0, 0, 0, 0, 0, 0, 0, 0, 0, 
2025-12-28 12:47:19.054573|{tx-65} :-BBB.............
2025-12-28 12:47:19.225607|{rx-66} 1, 0, 0, 3, 67, 67, 0, 0, 0, 0, 0, 1, 0, 1, 1
2025-12-28 12:47:19.230250|{rssi-66} 111, -53, -127, -127, -127, 111, 111, 111, 111, 111, 111, 111, 111, 111, 111, 111, 111, 111, 
2025-12-28 12:47:19.240011|{td-66} 0, -15, 0, 0, 0, 0, 0, 0, 0, 0, 0, 0, 0, 0, 0, 0, 0, 0, 
2025-12-28 12:47:19.245353|{tx-66} :-BBB.............
2025-12-28 12:47:19.415338|{rx-67} 1, 0, 0, 3, 68, 68, 0, 0, 0, 0, 0, 1, 0, 1, 1
2025-12-28 12:47:19.420082|{rssi-67} 111, -52, -127, -127, -127, 111, 111, 111, 111, 111, 111, 111, 111, 111, 111, 111, 111, 111, 
2025-12-28 12:47:19.429554|{td-67} 0, -17, 0, 0, 0, 0, 0, 0, 0, 0, 0, 0, 0, 0, 0, 0, 0, 0, 
2025-12-28 12:47:19.435712|{tx-67} :-BBB.............
2025-12-28 12:47:19.605229|{rx-68} 1, 0, 0, 3, 69, 69, 0, 0, 0, 0, 0, 1, 0, 1, 1
2025-12-28 12:47:19.609037|{rssi-68} 111, -49, -127, -127, -127, 111, 111, 111, 111, 111, 111, 111, 111, 111, 111, 111, 111, 111, 
2025-12-28 12:47:19.619406|{td-68} 0, -15, 0, 0, 0, 0, 0, 0, 0, 0, 0, 0, 0, 0, 0, 0, 0, 0, 
2025-12-28 12:47:19.625784|{tx-68} :-BBB.............
2025-12-28 12:47:19.795185|{rx-69} 1, 0, 0, 3, 70, 70, 0, 0, 0, 0, 0, 1, 0, 1, 1
2025-12-28 12:47:19.800596|{rssi-69} 111, -51, -127, -127, -127, 111, 111, 111, 111, 111, 111, 111, 111, 111, 111, 111, 111, 111, 
2025-12-28 12:47:19.808690|{td-69} 0, -15, 0, 0, 0, 0, 0, 0, 0, 0, 0, 0, 0, 0, 0, 0, 0, 0, 
2025-12-28 12:47:19.815793|{tx-69} :-BBB.............
2025-12-28 12:47:19.985241|{rx-70} 1, 0, 0, 3, 71, 71, 0, 0, 0, 0, 0, 1, 0, 1, 1
2025-12-28 12:47:19.990353|{rssi-70} 111, -56, -127, -127, -127, 111, 111, 111, 111, 111, 111, 111, 111, 111, 111, 111, 111, 111, 
2025-12-28 12:47:19.998870|{td-70} 0, -15, 0, 0, 0, 0, 0, 0, 0, 0, 0, 0, 0, 0, 0, 0, 0, 0, 
2025-12-28 12:47:20.004825|{tx-70} :-BBB.............
2025-12-28 12:47:20.175853|{rx-71} 1, 0, 0, 3, 72, 72, 0, 0, 0, 0, 0, 1, 0, 1, 1
2025-12-28 12:47:20.180509|{rssi-71} 111, -52, -127, -127, -127, 111, 111, 111, 111, 111, 111, 111, 111, 111, 111, 111, 111, 111, 
2025-12-28 12:47:20.188570|{td-71} 0, -15, 0, 0, 0, 0, 0, 0, 0, 0, 0, 0, 0, 0, 0, 0, 0, 0, 
2025-12-28 12:47:20.196100|{tx-71} :-BBB.............
2025-12-28 12:47:20.364857|{rx-72} 1, 0, 0, 3, 73, 73, 0, 0, 0, 0, 0, 1, 0, 1, 1
2025-12-28 12:47:20.370313|{rssi-72} 111, -51, -127, -127, -127, 111, 111, 111, 111, 111, 111, 111, 111, 111, 111, 111, 111, 111, 
2025-12-28 12:47:20.379775|{td-72} 0, -17, 0, 0, 0, 0, 0, 0, 0, 0, 0, 0, 0, 0, 0, 0, 0, 0, 
2025-12-28 12:47:20.385716|{tx-72} :-BBB.............
2025-12-28 12:47:20.556061|{rx-73} 1, 0, 0, 3, 74, 74, 0, 0, 0, 0, 0, 1, 0, 1, 1
2025-12-28 12:47:20.560530|{rssi-73} 111, -52, -127, -127, -127, 111, 111, 111, 111, 111, 111, 111, 111, 111, 111, 111, 111, 111, 
2025-12-28 12:47:20.569343|{td-73} 0, -15, 0, 0, 0, 0, 0, 0, 0, 0, 0, 0, 0, 0, 0, 0, 0, 0, 
2025-12-28 12:47:20.575561|{tx-73} :-BBB.............
2025-12-28 12:47:20.745407|{rx-74} 1, 0, 0, 3, 75, 75, 0, 0, 0, 0, 0, 1, 0, 1, 1
2025-12-28 12:47:20.750344|{rssi-74} 111, -51, -127, -127, -127, 111, 111, 111, 111, 111, 111, 111, 111, 111, 111, 111, 111, 111, 
2025-12-28 12:47:20.760441|{td-74} 0, -15, 0, 0, 0, 0, 0, 0, 0, 0, 0, 0, 0, 0, 0, 0, 0, 0, 
2025-12-28 12:47:20.767605|{tx-74} :-BBB.............
2025-12-28 12:47:20.936278|{rx-75} 1, 0, 0, 3, 76, 76, 0, 0, 0, 0, 0, 1, 0, 1, 1
2025-12-28 12:47:20.938749|{rssi-75} 111, -51, -127, -127, -127, 111, 111, 111, 111, 111, 111, 111, 111, 111, 111, 111, 111, 111, 
2025-12-28 12:47:20.949594|{td-75} 0, -15, 0, 0, 0, 0, 0, 0, 0, 0, 0, 0, 0, 0, 0, 0, 0, 0, 
2025-12-28 12:47:20.954493|{tx-75} :-BBB.............
2025-12-28 12:47:21.124743|{rx-76} 1, 0, 0, 3, 77, 77, 0, 0, 0, 0, 0, 1, 0, 1, 1
2025-12-28 12:47:21.129402|{rssi-76} 111, -51, -127, -127, -127, 111, 111, 111, 111, 111, 111, 111, 111, 111, 111, 111, 111, 111, 
2025-12-28 12:47:21.139517|{td-76} 0, -15, 0, 0, 0, 0, 0, 0, 0, 0, 0, 0, 0, 0, 0, 0, 0, 0, 
2025-12-28 12:47:21.146238|{tx-76} :-BBB.............
2025-12-28 12:47:21.316105|{rx-77} 1, 0, 0, 3, 78, 78, 0, 0, 0, 0, 0, 1, 0, 1, 1
2025-12-28 12:47:21.319949|{rssi-77} 111, -52, -127, -127, -127, 111, 111, 111, 111, 111, 111, 111, 111, 111, 111, 111, 111, 111, 
2025-12-28 12:47:21.329447|{td-77} 0, -15, 0, 0, 0, 0, 0, 0, 0, 0, 0, 0, 0, 0, 0, 0, 0, 0, 
2025-12-28 12:47:21.334865|{tx-77} :-BBB.............
2025-12-28 12:47:21.506628|{rx-78} 1, 0, 0, 3, 79, 79, 0, 0, 0, 0, 0, 1, 0, 1, 1
2025-12-28 12:47:21.509970|{rssi-78} 111, -53, -127, -127, -127, 111, 111, 111, 111, 111, 111, 111, 111, 111, 111, 111, 111, 111, 
2025-12-28 12:47:21.518453|{td-78} 0, -15, 0, 0, 0, 0, 0, 0, 0, 0, 0, 0, 0, 0, 0, 0, 0, 0, 
2025-12-28 12:47:21.524590|{tx-78} :-BBB.............
2025-12-28 12:47:21.695992|{rx-79} 1, 0, 0, 3, 80, 80, 0, 0, 0, 0, 0, 1, 0, 1, 1
2025-12-28 12:47:21.700333|{rssi-79} 111, -52, -127, -127, -127, 111, 111, 111, 111, 111, 111, 111, 111, 111, 111, 111, 111, 111, 
2025-12-28 12:47:21.709800|{td-79} 0, -15, 0, 0, 0, 0, 0, 0, 0, 0, 0, 0, 0, 0, 0, 0, 0, 0, 
2025-12-28 12:47:21.715846|{tx-79} :-BBB.............
2025-12-28 12:47:21.885895|{rx-80} 1, 0, 0, 3, 81, 81, 0, 0, 0, 0, 0, 1, 0, 1, 1
2025-12-28 12:47:21.888997|{rssi-80} 111, -56, -127, -127, -127, 111, 111, 111, 111, 111, 111, 111, 111, 111, 111, 111, 111, 111, 
2025-12-28 12:47:21.898685|{td-80} 0, -17, 0, 0, 0, 0, 0, 0, 0, 0, 0, 0, 0, 0, 0, 0, 0, 0, 
2025-12-28 12:47:21.904942|{tx-80} :-BBB.............
2025-12-28 12:47:22.075363|{rx-81} 1, 0, 0, 3, 82, 82, 0, 0, 0, 0, 0, 1, 0, 1, 1
2025-12-28 12:47:22.080323|{rssi-81} 111, -51, -127, -127, -127, 111, 111, 111, 111, 111, 111, 111, 111, 111, 111, 111, 111, 111, 
2025-12-28 12:47:22.088304|{td-81} 0, -13, 0, 0, 0, 0, 0, 0, 0, 0, 0, 0, 0, 0, 0, 0, 0, 0, 
2025-12-28 12:47:22.094937|{tx-81} :-BBB.............
2025-12-28 12:47:22.265927|{rx-82} 1, 0, 0, 3, 83, 83, 0, 0, 0, 0, 0, 1, 0, 1, 1
2025-12-28 12:47:22.269944|{rssi-82} 111, -51, -127, -127, -127, 111, 111, 111, 111, 111, 111, 111, 111, 111, 111, 111, 111, 111, 
2025-12-28 12:47:22.279607|{td-82} 0, -15, 0, 0, 0, 0, 0, 0, 0, 0, 0, 0, 0, 0, 0, 0, 0, 0, 
2025-12-28 12:47:22.285273|{tx-82} :-BBB.............
2025-12-28 12:47:22.455470|{rx-83} 1, 0, 0, 3, 84, 84, 0, 0, 0, 0, 0, 1, 0, 1, 1
2025-12-28 12:47:22.459418|{rssi-83} 111, -51, -127, -127, -127, 111, 111, 111, 111, 111, 111, 111, 111, 111, 111, 111, 111, 111, 
2025-12-28 12:47:22.469097|{td-83} 0, -15, 0, 0, 0, 0, 0, 0, 0, 0, 0, 0, 0, 0, 0, 0, 0, 0, 
2025-12-28 12:47:22.474364|{tx-83} :-BBB.............
2025-12-28 12:47:22.645801|{rx-84} 1, 0, 0, 3, 85, 85, 0, 0, 0, 0, 0, 1, 0, 1, 1
2025-12-28 12:47:22.649654|{rssi-84} 111, -51, -127, -127, -127, 111, 111, 111, 111, 111, 111, 111, 111, 111, 111, 111, 111, 111, 
2025-12-28 12:47:22.659084|{td-84} 0, -17, 0, 0, 0, 0, 0, 0, 0, 0, 0, 0, 0, 0, 0, 0, 0, 0, 
2025-12-28 12:47:22.664570|{tx-84} :-BBB.............
2025-12-28 12:47:22.835345|{rx-85} 1, 0, 0, 3, 86, 86, 0, 0, 0, 0, 0, 1, 0, 1, 1
2025-12-28 12:47:22.839648|{rssi-85} 111, -52, -127, -127, -127, 111, 111, 111, 111, 111, 111, 111, 111, 111, 111, 111, 111, 111, 
2025-12-28 12:47:22.848961|{td-85} 0, -15, 0, 0, 0, 0, 0, 0, 0, 0, 0, 0, 0, 0, 0, 0, 0, 0, 
2025-12-28 12:47:22.853899|{tx-85} :-BBB.............
2025-12-28 12:47:23.026219|{rx-86} 1, 0, 0, 3, 87, 87, 0, 0, 0, 0, 0, 1, 0, 1, 1
2025-12-28 12:47:23.029721|{rssi-86} 111, -52, -127, -127, -127, 111, 111, 111, 111, 111, 111, 111, 111, 111, 111, 111, 111, 111, 
2025-12-28 12:47:23.038698|{td-86} 0, -15, 0, 0, 0, 0, 0, 0, 0, 0, 0, 0, 0, 0, 0, 0, 0, 0, 
2025-12-28 12:47:23.044907|{tx-86} :-BBB.............
2025-12-28 12:47:23.214882|{rx-87} 1, 0, 0, 3, 88, 88, 0, 0, 0, 0, 0, 1, 0, 1, 1
2025-12-28 12:47:23.219436|{rssi-87} 111, -52, -127, -127, -127, 111, 111, 111, 111, 111, 111, 111, 111, 111, 111, 111, 111, 111, 
2025-12-28 12:47:23.228814|{td-87} 0, -15, 0, 0, 0, 0, 0, 0, 0, 0, 0, 0, 0, 0, 0, 0, 0, 0, 
2025-12-28 12:47:23.233244|{tx-87} :-BBB.............
2025-12-28 12:47:23.404170|{rx-88} 1, 0, 0, 3, 89, 89, 0, 0, 0, 0, 0, 1, 0, 1, 1
2025-12-28 12:47:23.412087|{rssi-88} 111, -52, -127, -127, -127, 111, 111, 111, 111, 111, 111, 111, 111, 111, 111, 111, 111, 111, 
2025-12-28 12:47:23.418736|{td-88} 0, -15, 0, 0, 0, 0, 0, 0, 0, 0, 0, 0, 0, 0, 0, 0, 0, 0, 
2025-12-28 12:47:23.424265|{tx-88} :-BBB.............
2025-12-28 12:47:23.594888|{rx-89} 1, 0, 0, 3, 90, 90, 0, 0, 0, 0, 0, 1, 0, 1, 1
2025-12-28 12:47:23.599329|{rssi-89} 111, -53, -127, -127, -127, 111, 111, 111, 111, 111, 111, 111, 111, 111, 111, 111, 111, 111, 
2025-12-28 12:47:23.609451|{td-89} 0, -17, 0, 0, 0, 0, 0, 0, 0, 0, 0, 0, 0, 0, 0, 0, 0, 0, 
2025-12-28 12:47:23.614545|{tx-89} :-BBB.............
2025-12-28 12:47:23.784999|{rx-90} 1, 0, 0, 3, 91, 91, 0, 0, 0, 0, 0, 1, 0, 1, 1
2025-12-28 12:47:23.789298|{rssi-90} 111, -51, -127, -127, -127, 111, 111, 111, 111, 111, 111, 111, 111, 111, 111, 111, 111, 111, 
2025-12-28 12:47:23.799047|{td-90} 0, -13, 0, 0, 0, 0, 0, 0, 0, 0, 0, 0, 0, 0, 0, 0, 0, 0, 
2025-12-28 12:47:23.804282|{tx-90} :-BBB.............
2025-12-28 12:47:23.974653|{rx-91} 1, 0, 0, 3, 92, 92, 0, 0, 0, 0, 0, 1, 0, 1, 1
2025-12-28 12:47:23.979709|{rssi-91} 111, -52, -127, -127, -127, 111, 111, 111, 111, 111, 111, 111, 111, 111, 111, 111, 111, 111, 
2025-12-28 12:47:23.988639|{td-91} 0, -17, 0, 0, 0, 0, 0, 0, 0, 0, 0, 0, 0, 0, 0, 0, 0, 0, 
2025-12-28 12:47:23.994513|{tx-91} :-BBB.............
2025-12-28 12:47:24.165602|{rx-92} 1, 0, 0, 3, 93, 93, 0, 0, 0, 0, 0, 1, 0, 1, 1
2025-12-28 12:47:24.169721|{rssi-92} 111, -51, -127, -127, -127, 111, 111, 111, 111, 111, 111, 111, 111, 111, 111, 111, 111, 111, 
2025-12-28 12:47:24.179091|{td-92} 0, -15, 0, 0, 0, 0, 0, 0, 0, 0, 0, 0, 0, 0, 0, 0, 0, 0, 
2025-12-28 12:47:24.184982|{tx-92} :-BBB.............
2025-12-28 12:47:24.355705|{rx-93} 1, 0, 0, 3, 94, 94, 0, 0, 0, 0, 0, 1, 0, 1, 1
2025-12-28 12:47:24.358394|{rssi-93} 111, -52, -127, -127, -127, 111, 111, 111, 111, 111, 111, 111, 111, 111, 111, 111, 111, 111, 
2025-12-28 12:47:24.368261|{td-93} 0, -15, 0, 0, 0, 0, 0, 0, 0, 0, 0, 0, 0, 0, 0, 0, 0, 0, 
2025-12-28 12:47:24.373082|{tx-93} :-BBB.............
2025-12-28 12:47:24.545109|{rx-94} 1, 0, 0, 3, 95, 95, 0, 0, 0, 0, 0, 1, 0, 1, 1
2025-12-28 12:47:24.549167|{rssi-94} 111, -51, -127, -127, -127, 111, 111, 111, 111, 111, 111, 111, 111, 111, 111, 111, 111, 111, 
2025-12-28 12:47:24.558984|{td-94} 0, -13, 0, 0, 0, 0, 0, 0, 0, 0, 0, 0, 0, 0, 0, 0, 0, 0, 
2025-12-28 12:47:24.564580|{tx-94} :-BBB.............
2025-12-28 12:47:24.734608|{rx-95} 1, 0, 0, 3, 96, 96, 0, 0, 0, 0, 0, 1, 0, 1, 1
2025-12-28 12:47:24.738982|{rssi-95} 111, -52, -127, -127, -127, 111, 111, 111, 111, 111, 111, 111, 111, 111, 111, 111, 111, 111, 
2025-12-28 12:47:24.748704|{td-95} 0, -17, 0, 0, 0, 0, 0, 0, 0, 0, 0, 0, 0, 0, 0, 0, 0, 0, 
2025-12-28 12:47:24.754571|{tx-95} :-BBB.............
2025-12-28 12:47:24.925585|{rx-96} 1, 0, 0, 3, 97, 97, 0, 0, 0, 0, 0, 1, 0, 1, 1
2025-12-28 12:47:24.929845|{rssi-96} 111, -52, -127, -127, -127, 111, 111, 111, 111, 111, 111, 111, 111, 111, 111, 111, 111, 111, 
2025-12-28 12:47:24.937538|{td-96} 0, -15, 0, 0, 0, 0, 0, 0, 0, 0, 0, 0, 0, 0, 0, 0, 0, 0, 
2025-12-28 12:47:24.944835|{tx-96} :-BBB.............
2025-12-28 12:47:25.115132|{rx-97} 1, 0, 0, 3, 98, 98, 0, 0, 0, 0, 0, 1, 0, 1, 1
2025-12-28 12:47:25.119103|{rssi-97} 111, -49, -127, -127, -127, 111, 111, 111, 111, 111, 111, 111, 111, 111, 111, 111, 111, 111, 
2025-12-28 12:47:25.128848|{td-97} 0, -15, 0, 0, 0, 0, 0, 0, 0, 0, 0, 0, 0, 0, 0, 0, 0, 0, 
2025-12-28 12:47:25.134352|{tx-97} :-BBB.............
2025-12-28 12:47:25.304520|{rx-98} 1, 0, 0, 3, 99, 99, 0, 0, 0, 0, 0, 1, 0, 1, 1
2025-12-28 12:47:25.308876|{rssi-98} 111, -51, -127, -127, -127, 111, 111, 111, 111, 111, 111, 111, 111, 111, 111, 111, 111, 111, 
2025-12-28 12:47:25.318695|{td-98} 0, -15, 0, 0, 0, 0, 0, 0, 0, 0, 0, 0, 0, 0, 0, 0, 0, 0, 
2025-12-28 12:47:25.324611|{tx-98} :-BBB.............
2025-12-28 12:47:25.494922|{rx-99} 1, 0, 0, 3, 100, 100, 0, 0, 0, 0, 0, 1, 0, 1, 1
2025-12-28 12:47:25.499583|{rssi-99} 111, -51, -127, -127, -127, 111, 111, 111, 111, 111, 111, 111, 111, 111, 111, 111, 111, 111, 
2025-12-28 12:47:25.508799|{td-99} 0, -15, 0, 0, 0, 0, 0, 0, 0, 0, 0, 0, 0, 0, 0, 0, 0, 0, 
2025-12-28 12:47:25.514885|{tx-99} :-BBB.............
2025-12-28 12:47:25.684527|{rx-100} 1, 0, 0, 3, 101, 101, 0, 0, 0, 0, 0, 1, 0, 1, 1
2025-12-28 12:47:25.689432|{rssi-100} 111, -52, -127, -127, -127, 111, 111, 111, 111, 111, 111, 111, 111, 111, 111, 111, 111, 111, 
2025-12-28 12:47:25.699074|{td-100} 0, -15, 0, 0, 0, 0, 0, 0, 0, 0, 0, 0, 0, 0, 0, 0, 0, 0, 
2025-12-28 12:47:25.704222|{tx-100} :-BBB.............
2025-12-28 12:47:25.874771|{rx-101} 1, 0, 0, 3, 102, 102, 0, 0, 0, 0, 0, 1, 0, 1, 1
2025-12-28 12:47:25.879315|{rssi-101} 111, -51, -127, -127, -127, 111, 111, 111, 111, 111, 111, 111, 111, 111, 111, 111, 111, 111, 
2025-12-28 12:47:25.889082|{td-101} 0, -17, 0, 0, 0, 0, 0, 0, 0, 0, 0, 0, 0, 0, 0, 0, 0, 0, 
2025-12-28 12:47:25.894896|{tx-101} :-BBB.............
2025-12-28 12:47:26.065362|{rx-102} 1, 0, 0, 3, 103, 103, 0, 0, 0, 0, 0, 1, 0, 1, 1
2025-12-28 12:47:26.069135|{rssi-102} 111, -51, -127, -127, -127, 111, 111, 111, 111, 111, 111, 111, 111, 111, 111, 111, 111, 111, 
2025-12-28 12:47:26.079046|{td-102} 0, -15, 0, 0, 0, 0, 0, 0, 0, 0, 0, 0, 0, 0, 0, 0, 0, 0, 
2025-12-28 12:47:26.084545|{tx-102} :-BBB.............
2025-12-28 12:47:26.254634|{rx-103} 1, 0, 0, 3, 104, 104, 0, 0, 0, 0, 0, 1, 0, 1, 1
2025-12-28 12:47:26.259068|{rssi-103} 111, -51, -127, -127, -127, 111, 111, 111, 111, 111, 111, 111, 111, 111, 111, 111, 111, 111, 
2025-12-28 12:47:26.268912|{td-103} 0, -15, 0, 0, 0, 0, 0, 0, 0, 0, 0, 0, 0, 0, 0, 0, 0, 0, 
2025-12-28 12:47:26.273573|{tx-103} :-BBB.............
2025-12-28 12:47:26.445673|{rx-104} 1, 0, 0, 3, 105, 105, 0, 0, 0, 0, 0, 1, 0, 1, 1
2025-12-28 12:47:26.449071|{rssi-104} 111, -53, -127, -127, -127, 111, 111, 111, 111, 111, 111, 111, 111, 111, 111, 111, 111, 111, 
2025-12-28 12:47:26.458721|{td-104} 0, -15, 0, 0, 0, 0, 0, 0, 0, 0, 0, 0, 0, 0, 0, 0, 0, 0, 
2025-12-28 12:47:26.464696|{tx-104} :-BBB.............
2025-12-28 12:47:26.634200|{rx-105} 1, 0, 0, 3, 106, 106, 0, 0, 0, 0, 0, 1, 0, 1, 1
2025-12-28 12:47:26.638847|{rssi-105} 111, -51, -127, -127, -127, 111, 111, 111, 111, 111, 111, 111, 111, 111, 111, 111, 111, 111, 
2025-12-28 12:47:26.647369|{td-105} 0, -15, 0, 0, 0, 0, 0, 0, 0, 0, 0, 0, 0, 0, 0, 0, 0, 0, 
2025-12-28 12:47:26.654629|{tx-105} :-BBB.............
2025-12-28 12:47:26.825214|{rx-106} 1, 0, 0, 3, 107, 107, 0, 0, 0, 0, 0, 1, 0, 1, 1
2025-12-28 12:47:26.829455|{rssi-106} 111, -52, -127, -127, -127, 111, 111, 111, 111, 111, 111, 111, 111, 111, 111, 111, 111, 111, 
2025-12-28 12:47:26.838130|{td-106} 0, -15, 0, 0, 0, 0, 0, 0, 0, 0, 0, 0, 0, 0, 0, 0, 0, 0, 
2025-12-28 12:47:26.844101|{tx-106} :-BBB.............
2025-12-28 12:47:27.014883|{rx-107} 1, 0, 0, 3, 108, 108, 0, 0, 0, 0, 0, 1, 0, 1, 1
2025-12-28 12:47:27.018791|{rssi-107} 111, -51, -127, -127, -127, 111, 111, 111, 111, 111, 111, 111, 111, 111, 111, 111, 111, 111, 
2025-12-28 12:47:27.027569|{td-107} 0, -15, 0, 0, 0, 0, 0, 0, 0, 0, 0, 0, 0, 0, 0, 0, 0, 0, 
2025-12-28 12:47:27.033778|{tx-107} :-BBB.............
2025-12-28 12:47:27.204983|{rx-108} 1, 0, 0, 3, 109, 109, 0, 0, 0, 0, 0, 1, 0, 1, 1
2025-12-28 12:47:27.209077|{rssi-108} 111, -52, -127, -127, -127, 111, 111, 111, 111, 111, 111, 111, 111, 111, 111, 111, 111, 111, 
2025-12-28 12:47:27.218507|{td-108} 0, -15, 0, 0, 0, 0, 0, 0, 0, 0, 0, 0, 0, 0, 0, 0, 0, 0, 
2025-12-28 12:47:27.224871|{tx-108} :-BBB.............
2025-12-28 12:47:27.394814|{rx-109} 1, 0, 0, 3, 110, 110, 0, 0, 0, 0, 0, 1, 0, 1, 1
2025-12-28 12:47:27.399815|{rssi-109} 111, -52, -127, -127, -127, 111, 111, 111, 111, 111, 111, 111, 111, 111, 111, 111, 111, 111, 
2025-12-28 12:47:27.408114|{td-109} 0, -15, 0, 0, 0, 0, 0, 0, 0, 0, 0, 0, 0, 0, 0, 0, 0, 0, 
2025-12-28 12:47:27.414674|{tx-109} :-BBB.............
2025-12-28 12:47:27.584807|{rx-110} 1, 0, 0, 3, 111, 111, 0, 0, 0, 0, 0, 1, 0, 1, 1
2025-12-28 12:47:27.588988|{rssi-110} 111, -52, -127, -127, -127, 111, 111, 111, 111, 111, 111, 111, 111, 111, 111, 111, 111, 111, 
2025-12-28 12:47:27.598191|{td-110} 0, -15, 0, 0, 0, 0, 0, 0, 0, 0, 0, 0, 0, 0, 0, 0, 0, 0, 
2025-12-28 12:47:27.604680|{tx-110} :-BBB.............
2025-12-28 12:47:27.775347|{rx-111} 1, 0, 0, 3, 112, 112, 0, 0, 0, 0, 0, 1, 0, 1, 1
2025-12-28 12:47:27.778310|{rssi-111} 111, -51, -127, -127, -127, 111, 111, 111, 111, 111, 111, 111, 111, 111, 111, 111, 111, 111, 
2025-12-28 12:47:27.788330|{td-111} 0, -15, 0, 0, 0, 0, 0, 0, 0, 0, 0, 0, 0, 0, 0, 0, 0, 0, 
2025-12-28 12:47:27.792791|{tx-111} :-BBB.............
2025-12-28 12:47:27.964509|{rx-112} 1, 0, 0, 3, 113, 113, 0, 0, 0, 0, 0, 1, 0, 1, 1
2025-12-28 12:47:27.969095|{rssi-112} 111, -51, -127, -127, -127, 111, 111, 111, 111, 111, 111, 111, 111, 111, 111, 111, 111, 111, 
2025-12-28 12:47:27.978429|{td-112} 0, -17, 0, 0, 0, 0, 0, 0, 0, 0, 0, 0, 0, 0, 0, 0, 0, 0, 
2025-12-28 12:47:27.985308|{tx-112} :-BBB.............
2025-12-28 12:47:28.154741|{rx-113} 1, 0, 0, 3, 114, 114, 0, 0, 0, 0, 0, 1, 0, 1, 1
2025-12-28 12:47:28.159152|{rssi-113} 111, -51, -127, -127, -127, 111, 111, 111, 111, 111, 111, 111, 111, 111, 111, 111, 111, 111, 
2025-12-28 12:47:28.168265|{td-113} 0, -15, 0, 0, 0, 0, 0, 0, 0, 0, 0, 0, 0, 0, 0, 0, 0, 0, 
2025-12-28 12:47:28.174384|{tx-113} :-BBB.............
2025-12-28 12:47:28.344256|{rx-114} 1, 0, 0, 3, 115, 115, 0, 0, 0, 0, 0, 1, 0, 1, 1
2025-12-28 12:47:28.348789|{rssi-114} 111, -51, -127, -127, -127, 111, 111, 111, 111, 111, 111, 111, 111, 111, 111, 111, 111, 111, 
2025-12-28 12:47:28.358611|{td-114} 0, -15, 0, 0, 0, 0, 0, 0, 0, 0, 0, 0, 0, 0, 0, 0, 0, 0, 
2025-12-28 12:47:28.363988|{tx-114} :-BBB.............
2025-12-28 12:47:28.533011|{rx-115} 1, 0, 0, 3, 116, 116, 0, 0, 0, 0, 0, 1, 0, 1, 1
2025-12-28 12:47:28.541836|{rssi-115} 111, -53, -127, -127, -127, 111, 111, 111, 111, 111, 111, 111, 111, 111, 111, 111, 111, 111, 
2025-12-28 12:47:28.548150|{td-115} 0, -15, 0, 0, 0, 0, 0, 0, 0, 0, 0, 0, 0, 0, 0, 0, 0, 0, 
2025-12-28 12:47:28.554433|{tx-115} :-BBB.............
2025-12-28 12:47:28.723787|{rx-116} 1, 0, 0, 3, 117, 117, 0, 0, 0, 0, 0, 1, 0, 1, 1
2025-12-28 12:47:28.728363|{rssi-116} 111, -52, -127, -127, -127, 111, 111, 111, 111, 111, 111, 111, 111, 111, 111, 111, 111, 111, 
2025-12-28 12:47:28.737728|{td-116} 0, -15, 0, 0, 0, 0, 0, 0, 0, 0, 0, 0, 0, 0, 0, 0, 0, 0, 
2025-12-28 12:47:28.744806|{tx-116} :-BBB.............
2025-12-28 12:47:28.913218|{rx-117} 1, 0, 0, 3, 118, 118, 0, 0, 0, 0, 0, 1, 0, 1, 1
2025-12-28 12:47:28.918482|{rssi-117} 111, -52, -127, -127, -127, 111, 111, 111, 111, 111, 111, 111, 111, 111, 111, 111, 111, 111, 
2025-12-28 12:47:28.927660|{td-117} 0, -15, 0, 0, 0, 0, 0, 0, 0, 0, 0, 0, 0, 0, 0, 0, 0, 0, 
2025-12-28 12:47:28.932430|{tx-117} :-BBB.............
2025-12-28 12:47:29.103074|{rx-118} 1, 0, 0, 3, 119, 119, 0, 0, 0, 0, 0, 1, 0, 1, 1
2025-12-28 12:47:29.108054|{rssi-118} 111, -52, -127, -127, -127, 111, 111, 111, 111, 111, 111, 111, 111, 111, 111, 111, 111, 111, 
2025-12-28 12:47:29.118068|{td-118} 0, -15, 0, 0, 0, 0, 0, 0, 0, 0, 0, 0, 0, 0, 0, 0, 0, 0, 
2025-12-28 12:47:29.122979|{tx-118} :-BBB.............
2025-12-28 12:47:29.294598|{rx-119} 1, 0, 0, 3, 120, 120, 0, 0, 0, 0, 0, 1, 0, 1, 1
2025-12-28 12:47:29.298811|{rssi-119} 111, -53, -127, -127, -127, 111, 111, 111, 111, 111, 111, 111, 111, 111, 111, 111, 111, 111, 
2025-12-28 12:47:29.307727|{td-119} 0, -15, 0, 0, 0, 0, 0, 0, 0, 0, 0, 0, 0, 0, 0, 0, 0, 0, 
2025-12-28 12:47:29.312889|{tx-119} :-BBB.............
2025-12-28 12:47:29.484077|{rx-120} 1, 0, 0, 3, 121, 121, 0, 0, 0, 0, 0, 1, 0, 1, 1
2025-12-28 12:47:29.488561|{rssi-120} 111, -51, -127, -127, -127, 111, 111, 111, 111, 111, 111, 111, 111, 111, 111, 111, 111, 111, 
2025-12-28 12:47:29.497104|{td-120} 0, -15, 0, 0, 0, 0, 0, 0, 0, 0, 0, 0, 0, 0, 0, 0, 0, 0, 
2025-12-28 12:47:29.503053|{tx-120} :-BBB.............
2025-12-28 12:47:29.674518|{rx-121} 1, 0, 0, 3, 122, 122, 0, 0, 0, 0, 0, 1, 0, 1, 1
2025-12-28 12:47:29.678480|{rssi-121} 111, -52, -127, -127, -127, 111, 111, 111, 111, 111, 111, 111, 111, 111, 111, 111, 111, 111, 
2025-12-28 12:47:29.688155|{td-121} 0, -15, 0, 0, 0, 0, 0, 0, 0, 0, 0, 0, 0, 0, 0, 0, 0, 0, 
2025-12-28 12:47:29.693993|{tx-121} :-BBB.............
2025-12-28 12:47:29.864893|{rx-122} 1, 0, 0, 3, 123, 123, 0, 0, 0, 0, 0, 1, 0, 1, 1
2025-12-28 12:47:29.869505|{rssi-122} 111, -54, -127, -127, -127, 111, 111, 111, 111, 111, 111, 111, 111, 111, 111, 111, 111, 111, 
2025-12-28 12:47:29.878122|{td-122} 0, -17, 0, 0, 0, 0, 0, 0, 0, 0, 0, 0, 0, 0, 0, 0, 0, 0, 
2025-12-28 12:47:29.884395|{tx-122} :-BBB.............
2025-12-28 12:47:30.055047|{rx-123} 1, 0, 0, 3, 124, 124, 0, 0, 0, 0, 0, 1, 0, 1, 1
2025-12-28 12:47:30.058823|{rssi-123} 111, -56, -127, -127, -127, 111, 111, 111, 111, 111, 111, 111, 111, 111, 111, 111, 111, 111, 
2025-12-28 12:47:30.067425|{td-123} 0, -15, 0, 0, 0, 0, 0, 0, 0, 0, 0, 0, 0, 0, 0, 0, 0, 0, 
2025-12-28 12:47:30.073031|{tx-123} :-BBB.............
2025-12-28 12:47:30.243653|{rx-124} 1, 0, 0, 3, 125, 125, 0, 0, 0, 0, 0, 1, 0, 1, 1
2025-12-28 12:47:30.248719|{rssi-124} 111, -52, -127, -127, -127, 111, 111, 111, 111, 111, 111, 111, 111, 111, 111, 111, 111, 111, 
2025-12-28 12:47:30.257932|{td-124} 0, -15, 0, 0, 0, 0, 0, 0, 0, 0, 0, 0, 0, 0, 0, 0, 0, 0, 
2025-12-28 12:47:30.262610|{tx-124} :-BBB.............
2025-12-28 12:47:30.433905|{rx-125} 1, 0, 0, 3, 126, 126, 0, 0, 0, 0, 0, 1, 0, 1, 1
2025-12-28 12:47:30.438584|{rssi-125} 111, -51, -127, -127, -127, 111, 111, 111, 111, 111, 111, 111, 111, 111, 111, 111, 111, 111, 
2025-12-28 12:47:30.447873|{td-125} 0, -15, 0, 0, 0, 0, 0, 0, 0, 0, 0, 0, 0, 0, 0, 0, 0, 0, 
2025-12-28 12:47:30.452728|{tx-125} :-BBB.............
2025-12-28 12:47:30.624332|{rx-126} 1, 0, 0, 3, 127, 127, 0, 0, 0, 0, 0, 1, 0, 1, 1
2025-12-28 12:47:30.628616|{rssi-126} 111, -52, -127, -127, -127, 111, 111, 111, 111, 111, 111, 111, 111, 111, 111, 111, 111, 111, 
2025-12-28 12:47:30.637604|{td-126} 0, -15, 0, 0, 0, 0, 0, 0, 0, 0, 0, 0, 0, 0, 0, 0, 0, 0, 
2025-12-28 12:47:30.643209|{tx-126} :-BBB.............
2025-12-28 12:47:30.813633|{rx-127} 1, 0, 0, 3, 128, 128, 0, 0, 0, 0, 0, 1, 0, 1, 1
2025-12-28 12:47:30.818502|{rssi-127} 111, -51, -127, -127, -127, 111, 111, 111, 111, 111, 111, 111, 111, 111, 111, 111, 111, 111, 
2025-12-28 12:47:30.827319|{td-127} 0, -15, 0, 0, 0, 0, 0, 0, 0, 0, 0, 0, 0, 0, 0, 0, 0, 0, 
2025-12-28 12:47:30.832669|{tx-127} :-BBB.............
2025-12-28 12:47:31.003964|{rx-128} 1, 0, 0, 3, 129, 129, 0, 0, 0, 0, 0, 1, 0, 1, 1
2025-12-28 12:47:31.008266|{rssi-128} 111, -51, -127, -127, -127, 111, 111, 111, 111, 111, 111, 111, 111, 111, 111, 111, 111, 111, 
2025-12-28 12:47:31.017409|{td-128} 0, -15, 0, 0, 0, 0, 0, 0, 0, 0, 0, 0, 0, 0, 0, 0, 0, 0, 
2025-12-28 12:47:31.022292|{tx-128} :-BBB.............
2025-12-28 12:47:31.194948|{rx-129} 1, 0, 0, 3, 130, 130, 0, 0, 0, 0, 0, 1, 0, 1, 1
2025-12-28 12:47:31.198532|{rssi-129} 111, -51, -127, -127, -127, 111, 111, 111, 111, 111, 111, 111, 111, 111, 111, 111, 111, 111, 
2025-12-28 12:47:31.207736|{td-129} 0, -15, 0, 0, 0, 0, 0, 0, 0, 0, 0, 0, 0, 0, 0, 0, 0, 0, 
2025-12-28 12:47:31.214292|{tx-129} :-BBB.............
2025-12-28 12:47:31.383749|{rx-130} 1, 0, 0, 3, 131, 131, 0, 0, 0, 0, 0, 1, 0, 1, 1
2025-12-28 12:47:31.388349|{rssi-130} 111, -51, -127, -127, -127, 111, 111, 111, 111, 111, 111, 111, 111, 111, 111, 111, 111, 111, 
2025-12-28 12:47:31.397932|{td-130} 0, -15, 0, 0, 0, 0, 0, 0, 0, 0, 0, 0, 0, 0, 0, 0, 0, 0, 
2025-12-28 12:47:31.403850|{tx-130} :-BBB.............
2025-12-28 12:47:31.572788|{rx-131} 1, 0, 0, 3, 132, 132, 0, 0, 0, 0, 0, 1, 0, 1, 1
2025-12-28 12:47:31.578381|{rssi-131} 111, -49, -127, -127, -127, 111, 111, 111, 111, 111, 111, 111, 111, 111, 111, 111, 111, 111, 
2025-12-28 12:47:31.587668|{td-131} 0, -15, 0, 0, 0, 0, 0, 0, 0, 0, 0, 0, 0, 0, 0, 0, 0, 0, 
2025-12-28 12:47:31.592497|{tx-131} :-BBB.............
2025-12-28 12:47:31.763614|{rx-132} 1, 0, 0, 3, 133, 133, 0, 0, 0, 0, 0, 1, 0, 1, 1
2025-12-28 12:47:31.768416|{rssi-132} 111, -51, -127, -127, -127, 111, 111, 111, 111, 111, 111, 111, 111, 111, 111, 111, 111, 111, 
2025-12-28 12:47:31.778183|{td-132} 0, -17, 0, 0, 0, 0, 0, 0, 0, 0, 0, 0, 0, 0, 0, 0, 0, 0, 
2025-12-28 12:47:31.782213|{tx-132} :-BBB.............
2025-12-28 12:47:31.954201|{rx-133} 1, 0, 0, 3, 134, 134, 0, 0, 0, 0, 0, 1, 0, 1, 1
2025-12-28 12:47:31.958046|{rssi-133} 111, -51, -127, -127, -127, 111, 111, 111, 111, 111, 111, 111, 111, 111, 111, 111, 111, 111, 
2025-12-28 12:47:31.967416|{td-133} 0, -15, 0, 0, 0, 0, 0, 0, 0, 0, 0, 0, 0, 0, 0, 0, 0, 0, 
2025-12-28 12:47:31.973183|{tx-133} :-BBB.............
2025-12-28 12:47:32.143757|{rx-134} 1, 0, 0, 3, 135, 135, 0, 0, 0, 0, 0, 1, 0, 1, 1
2025-12-28 12:47:32.148341|{rssi-134} 111, -52, -127, -127, -127, 111, 111, 111, 111, 111, 111, 111, 111, 111, 111, 111, 111, 111, 
2025-12-28 12:47:32.158261|{td-134} 0, -15, 0, 0, 0, 0, 0, 0, 0, 0, 0, 0, 0, 0, 0, 0, 0, 0, 
2025-12-28 12:47:32.163200|{tx-134} :-BBB.............
2025-12-28 12:47:32.334109|{rx-135} 1, 0, 0, 3, 136, 136, 0, 0, 0, 0, 0, 1, 0, 1, 1
2025-12-28 12:47:32.337702|{rssi-135} 111, -51, -127, -127, -127, 111, 111, 111, 111, 111, 111, 111, 111, 111, 111, 111, 111, 111, 
2025-12-28 12:47:32.347798|{td-135} 0, -15, 0, 0, 0, 0, 0, 0, 0, 0, 0, 0, 0, 0, 0, 0, 0, 0, 
2025-12-28 12:47:32.352557|{tx-135} :-BBB.............
2025-12-28 12:47:32.523192|{rx-136} 1, 0, 0, 3, 137, 137, 0, 0, 0, 0, 0, 1, 0, 1, 1
2025-12-28 12:47:32.529537|{rssi-136} 111, -57, -127, -127, -127, 111, 111, 111, 111, 111, 111, 111, 111, 111, 111, 111, 111, 111, 
2025-12-28 12:47:32.537499|{td-136} 0, -15, 0, 0, 0, 0, 0, 0, 0, 0, 0, 0, 0, 0, 0, 0, 0, 0, 
2025-12-28 12:47:32.542422|{tx-136} :-BBB.............
2025-12-28 12:47:32.714259|{rx-137} 1, 0, 0, 3, 138, 138, 0, 0, 0, 0, 0, 1, 0, 1, 1
2025-12-28 12:47:32.717933|{rssi-137} 111, -51, -127, -127, -127, 111, 111, 111, 111, 111, 111, 111, 111, 111, 111, 111, 111, 111, 
2025-12-28 12:47:32.727420|{td-137} 0, -15, 0, 0, 0, 0, 0, 0, 0, 0, 0, 0, 0, 0, 0, 0, 0, 0, 
2025-12-28 12:47:32.733197|{tx-137} :-BBB.............
2025-12-28 12:47:32.903252|{rx-138} 1, 0, 0, 3, 139, 139, 0, 0, 0, 0, 0, 1, 0, 1, 1
2025-12-28 12:47:32.907253|{rssi-138} 111, -51, -127, -127, -127, 111, 111, 111, 111, 111, 111, 111, 111, 111, 111, 111, 111, 111, 
2025-12-28 12:47:32.917809|{td-138} 0, -15, 0, 0, 0, 0, 0, 0, 0, 0, 0, 0, 0, 0, 0, 0, 0, 0, 
2025-12-28 12:47:32.922280|{tx-138} :-BBB.............
2025-12-28 12:47:33.096657|{rx-139} 1, 0, 0, 3, 140, 140, 0, 0, 0, 0, 0, 1, 0, 1, 1
2025-12-28 12:47:33.099340|{rssi-139} 111, -52, -127, -127, -127, 111, 111, 111, 111, 111, 111, 111, 111, 111, 111, 111, 111, 111, 
2025-12-28 12:47:33.107644|{td-139} 0, -15, 0, 0, 0, 0, 0, 0, 0, 0, 0, 0, 0, 0, 0, 0, 0, 0, 
2025-12-28 12:47:33.113849|{tx-139} :-BBB.............
2025-12-28 12:47:33.283935|{rx-140} 1, 0, 0, 3, 141, 141, 0, 0, 0, 0, 0, 1, 0, 1, 1
2025-12-28 12:47:33.287713|{rssi-140} 111, -53, -127, -127, -127, 111, 111, 111, 111, 111, 111, 111, 111, 111, 111, 111, 111, 111, 
2025-12-28 12:47:33.297695|{td-140} 0, -15, 0, 0, 0, 0, 0, 0, 0, 0, 0, 0, 0, 0, 0, 0, 0, 0, 
2025-12-28 12:47:33.302754|{tx-140} :-BBB.............
2025-12-28 12:47:33.472428|{rx-141} 1, 0, 0, 3, 142, 142, 0, 0, 0, 0, 0, 1, 0, 1, 1
2025-12-28 12:47:33.477676|{rssi-141} 111, -51, -127, -127, -127, 111, 111, 111, 111, 111, 111, 111, 111, 111, 111, 111, 111, 111, 
2025-12-28 12:47:33.487111|{td-141} 0, -15, 0, 0, 0, 0, 0, 0, 0, 0, 0, 0, 0, 0, 0, 0, 0, 0, 
2025-12-28 12:47:33.493125|{tx-141} :-BBB.............
2025-12-28 12:47:33.662121|{rx-142} 1, 0, 0, 3, 143, 143, 0, 0, 0, 0, 0, 1, 0, 1, 1
2025-12-28 12:47:33.671174|{rssi-142} 111, -52, -127, -127, -127, 111, 111, 111, 111, 111, 111, 111, 111, 111, 111, 111, 111, 111, 
2025-12-28 12:47:33.677554|{td-142} 0, -15, 0, 0, 0, 0, 0, 0, 0, 0, 0, 0, 0, 0, 0, 0, 0, 0, 
2025-12-28 12:47:33.682931|{tx-142} :-BBB.............
2025-12-28 12:47:33.852119|{rx-143} 1, 0, 0, 3, 144, 144, 0, 0, 0, 0, 0, 1, 0, 1, 1
2025-12-28 12:47:33.858062|{rssi-143} 111, -51, -127, -127, -127, 111, 111, 111, 111, 111, 111, 111, 111, 111, 111, 111, 111, 111, 
2025-12-28 12:47:33.867081|{td-143} 0, -17, 0, 0, 0, 0, 0, 0, 0, 0, 0, 0, 0, 0, 0, 0, 0, 0, 
2025-12-28 12:47:33.872338|{tx-143} :-BBB.............
2025-12-28 12:47:34.042337|{rx-144} 1, 0, 0, 3, 145, 145, 0, 0, 0, 0, 0, 1, 0, 1, 1
2025-12-28 12:47:34.048030|{rssi-144} 111, -53, -127, -127, -127, 111, 111, 111, 111, 111, 111, 111, 111, 111, 111, 111, 111, 111, 
2025-12-28 12:47:34.056299|{td-144} 0, -15, 0, 0, 0, 0, 0, 0, 0, 0, 0, 0, 0, 0, 0, 0, 0, 0, 
2025-12-28 12:47:34.063148|{tx-144} :-BBB.............
2025-12-28 12:47:34.233088|{rx-145} 1, 0, 0, 3, 146, 146, 0, 0, 0, 0, 0, 1, 0, 1, 1
2025-12-28 12:47:34.237876|{rssi-145} 111, -51, -127, -127, -127, 111, 111, 111, 111, 111, 111, 111, 111, 111, 111, 111, 111, 111, 
2025-12-28 12:47:34.247199|{td-145} 0, -15, 0, 0, 0, 0, 0, 0, 0, 0, 0, 0, 0, 0, 0, 0, 0, 0, 
2025-12-28 12:47:34.252779|{tx-145} :-BBB.............
2025-12-28 12:47:34.422897|{rx-146} 1, 0, 0, 3, 147, 147, 0, 0, 0, 0, 0, 1, 0, 1, 1
2025-12-28 12:47:34.428967|{rssi-146} 111, -49, -127, -127, -127, 111, 111, 111, 111, 111, 111, 111, 111, 111, 111, 111, 111, 111, 
2025-12-28 12:47:34.437537|{td-146} 0, -15, 0, 0, 0, 0, 0, 0, 0, 0, 0, 0, 0, 0, 0, 0, 0, 0, 
2025-12-28 12:47:34.442803|{tx-146} :-BBB.............
2025-12-28 12:47:34.614875|{rx-147} 1, 0, 0, 3, 148, 148, 0, 0, 0, 0, 0, 1, 0, 1, 1
2025-12-28 12:47:34.617831|{rssi-147} 111, -51, -127, -127, -127, 111, 111, 111, 111, 111, 111, 111, 111, 111, 111, 111, 111, 111, 
2025-12-28 12:47:34.627182|{td-147} 0, -15, 0, 0, 0, 0, 0, 0, 0, 0, 0, 0, 0, 0, 0, 0, 0, 0, 
2025-12-28 12:47:34.632085|{tx-147} :-BBB.............
2025-12-28 12:47:34.802140|{rx-148} 1, 0, 0, 3, 149, 149, 0, 0, 0, 0, 0, 1, 0, 1, 1
2025-12-28 12:47:34.808517|{rssi-148} 111, -51, -127, -127, -127, 111, 111, 111, 111, 111, 111, 111, 111, 111, 111, 111, 111, 111, 
2025-12-28 12:47:34.816901|{td-148} 0, -15, 0, 0, 0, 0, 0, 0, 0, 0, 0, 0, 0, 0, 0, 0, 0, 0, 
2025-12-28 12:47:34.822825|{tx-148} :-BBB.............
2025-12-28 12:47:34.992701|{rx-149} 1, 0, 0, 3, 150, 150, 0, 0, 0, 0, 0, 1, 0, 1, 1
2025-12-28 12:47:34.997454|{rssi-149} 111, -51, -127, -127, -127, 111, 111, 111, 111, 111, 111, 111, 111, 111, 111, 111, 111, 111, 
2025-12-28 12:47:35.007511|{td-149} 0, -15, 0, 0, 0, 0, 0, 0, 0, 0, 0, 0, 0, 0, 0, 0, 0, 0, 
2025-12-28 12:47:35.012579|{tx-149} :-BBB.............
2025-12-28 12:47:35.183815|{rx-150} 1, 0, 0, 3, 151, 151, 0, 0, 0, 0, 0, 1, 0, 1, 1
2025-12-28 12:47:35.187147|{rssi-150} 111, -53, -127, -127, -127, 111, 111, 111, 111, 111, 111, 111, 111, 111, 111, 111, 111, 111, 
2025-12-28 12:47:35.198469|{td-150} 0, -15, 0, 0, 0, 0, 0, 0, 0, 0, 0, 0, 0, 0, 0, 0, 0, 0, 
2025-12-28 12:47:35.202449|{tx-150} :-BBB.............
2025-12-28 12:47:35.372545|{rx-151} 1, 0, 0, 3, 152, 152, 0, 0, 0, 0, 0, 1, 0, 1, 1
2025-12-28 12:47:35.377894|{rssi-151} 111, -51, -127, -127, -127, 111, 111, 111, 111, 111, 111, 111, 111, 111, 111, 111, 111, 111, 
2025-12-28 12:47:35.387231|{td-151} 0, -17, 0, 0, 0, 0, 0, 0, 0, 0, 0, 0, 0, 0, 0, 0, 0, 0, 
2025-12-28 12:47:35.392336|{tx-151} :-BBB.............
2025-12-28 12:47:35.562668|{rx-152} 1, 0, 0, 3, 153, 153, 0, 0, 0, 0, 0, 1, 0, 1, 1
2025-12-28 12:47:35.568900|{rssi-152} 111, -48, -127, -127, -127, 111, 111, 111, 111, 111, 111, 111, 111, 111, 111, 111, 111, 111, 
2025-12-28 12:47:35.577796|{td-152} 0, -13, 0, 0, 0, 0, 0, 0, 0, 0, 0, 0, 0, 0, 0, 0, 0, 0, 
2025-12-28 12:47:35.582019|{tx-152} :-BBB.............
2025-12-28 12:47:35.752584|{rx-153} 1, 0, 0, 3, 154, 154, 0, 0, 0, 0, 0, 1, 0, 1, 1
2025-12-28 12:47:35.757702|{rssi-153} 111, -51, -127, -127, -127, 111, 111, 111, 111, 111, 111, 111, 111, 111, 111, 111, 111, 111, 
2025-12-28 12:47:35.766845|{td-153} 0, -17, 0, 0, 0, 0, 0, 0, 0, 0, 0, 0, 0, 0, 0, 0, 0, 0, 
2025-12-28 12:47:35.772109|{tx-153} :-BBB.............
2025-12-28 12:47:35.942018|{rx-154} 1, 0, 0, 3, 155, 155, 0, 0, 0, 0, 0, 1, 0, 1, 1
2025-12-28 12:47:35.947829|{rssi-154} 111, -51, -127, -127, -127, 111, 111, 111, 111, 111, 111, 111, 111, 111, 111, 111, 111, 111, 
2025-12-28 12:47:35.956844|{td-154} 0, -15, 0, 0, 0, 0, 0, 0, 0, 0, 0, 0, 0, 0, 0, 0, 0, 0, 
2025-12-28 12:47:35.961592|{tx-154} :-BBB.............
2025-12-28 12:47:36.132295|{rx-155} 1, 0, 0, 3, 156, 156, 0, 0, 0, 0, 0, 1, 0, 1, 1
2025-12-28 12:47:36.137483|{rssi-155} 111, -51, -127, -127, -127, 111, 111, 111, 111, 111, 111, 111, 111, 111, 111, 111, 111, 111, 
2025-12-28 12:47:36.146870|{td-155} 0, -15, 0, 0, 0, 0, 0, 0, 0, 0, 0, 0, 0, 0, 0, 0, 0, 0, 
2025-12-28 12:47:36.152479|{tx-155} :-BBB.............
2025-12-28 12:47:36.322250|{rx-156} 1, 0, 0, 3, 157, 157, 0, 0, 0, 0, 0, 1, 0, 1, 1
2025-12-28 12:47:36.328145|{rssi-156} 111, -51, -127, -127, -127, 111, 111, 111, 111, 111, 111, 111, 111, 111, 111, 111, 111, 111, 
2025-12-28 12:47:36.337355|{td-156} 0, -15, 0, 0, 0, 0, 0, 0, 0, 0, 0, 0, 0, 0, 0, 0, 0, 0, 
2025-12-28 12:47:36.343208|{tx-156} :-BBB.............
2025-12-28 12:47:36.512658|{rx-157} 1, 0, 0, 3, 158, 158, 0, 0, 0, 0, 0, 1, 0, 1, 1
2025-12-28 12:47:36.517520|{rssi-157} 111, -51, -127, -127, -127, 111, 111, 111, 111, 111, 111, 111, 111, 111, 111, 111, 111, 111, 
2025-12-28 12:47:36.527008|{td-157} 0, -15, 0, 0, 0, 0, 0, 0, 0, 0, 0, 0, 0, 0, 0, 0, 0, 0, 
2025-12-28 12:47:36.532706|{tx-157} :-BBB.............
2025-12-28 12:47:36.702817|{rx-158} 1, 0, 0, 3, 159, 159, 0, 0, 0, 0, 0, 1, 0, 1, 1
2025-12-28 12:47:36.707766|{rssi-158} 111, -52, -127, -127, -127, 111, 111, 111, 111, 111, 111, 111, 111, 111, 111, 111, 111, 111, 
2025-12-28 12:47:36.716797|{td-158} 0, -15, 0, 0, 0, 0, 0, 0, 0, 0, 0, 0, 0, 0, 0, 0, 0, 0, 
2025-12-28 12:47:36.723087|{tx-158} :-BBB.............
2025-12-28 12:47:36.893012|{rx-159} 1, 0, 0, 3, 160, 160, 0, 0, 0, 0, 0, 1, 0, 1, 1
2025-12-28 12:47:36.897671|{rssi-159} 111, -53, -127, -127, -127, 111, 111, 111, 111, 111, 111, 111, 111, 111, 111, 111, 111, 111, 
2025-12-28 12:47:36.905760|{td-159} 0, -15, 0, 0, 0, 0, 0, 0, 0, 0, 0, 0, 0, 0, 0, 0, 0, 0, 
2025-12-28 12:47:36.912587|{tx-159} :-BBB.............
2025-12-28 12:47:37.082814|{rx-160} 1, 0, 0, 3, 161, 161, 0, 0, 0, 0, 0, 1, 0, 1, 1
2025-12-28 12:47:37.087129|{rssi-160} 111, -51, -127, -127, -127, 111, 111, 111, 111, 111, 111, 111, 111, 111, 111, 111, 111, 111, 
2025-12-28 12:47:37.095852|{td-160} 0, -15, 0, 0, 0, 0, 0, 0, 0, 0, 0, 0, 0, 0, 0, 0, 0, 0, 
2025-12-28 12:47:37.101335|{tx-160} :-BBB.............
2025-12-28 12:47:37.272520|{rx-161} 1, 0, 0, 3, 162, 162, 0, 0, 0, 0, 0, 1, 0, 1, 1
2025-12-28 12:47:37.276906|{rssi-161} 111, -51, -127, -127, -127, 111, 111, 111, 111, 111, 111, 111, 111, 111, 111, 111, 111, 111, 
2025-12-28 12:47:37.286933|{td-161} 0, -17, 0, 0, 0, 0, 0, 0, 0, 0, 0, 0, 0, 0, 0, 0, 0, 0, 
2025-12-28 12:47:37.291611|{tx-161} :-BBB.............
2025-12-28 12:47:37.462713|{rx-162} 1, 0, 0, 3, 163, 163, 0, 0, 0, 0, 0, 1, 0, 1, 1
2025-12-28 12:47:37.467207|{rssi-162} 111, -49, -127, -127, -127, 111, 111, 111, 111, 111, 111, 111, 111, 111, 111, 111, 111, 111, 
2025-12-28 12:47:37.477322|{td-162} 0, -15, 0, 0, 0, 0, 0, 0, 0, 0, 0, 0, 0, 0, 0, 0, 0, 0, 
2025-12-28 12:47:37.481506|{tx-162} :-BBB.............
2025-12-28 12:47:37.652947|{rx-163} 1, 0, 0, 3, 164, 164, 0, 0, 0, 0, 0, 1, 0, 1, 1
2025-12-28 12:47:37.657430|{rssi-163} 111, -52, -127, -127, -127, 111, 111, 111, 111, 111, 111, 111, 111, 111, 111, 111, 111, 111, 
2025-12-28 12:47:37.666928|{td-163} 0, -15, 0, 0, 0, 0, 0, 0, 0, 0, 0, 0, 0, 0, 0, 0, 0, 0, 
2025-12-28 12:47:37.671761|{tx-163} :-BBB.............
2025-12-28 12:47:37.842354|{rx-164} 1, 0, 0, 3, 165, 165, 0, 0, 0, 0, 0, 1, 0, 1, 1
2025-12-28 12:47:37.847319|{rssi-164} 111, -51, -127, -127, -127, 111, 111, 111, 111, 111, 111, 111, 111, 111, 111, 111, 111, 111, 
2025-12-28 12:47:37.856655|{td-164} 0, -15, 0, 0, 0, 0, 0, 0, 0, 0, 0, 0, 0, 0, 0, 0, 0, 0, 
2025-12-28 12:47:37.861201|{tx-164} :-BBB.............
2025-12-28 12:47:38.032312|{rx-165} 1, 0, 0, 3, 166, 166, 0, 0, 0, 0, 0, 1, 0, 1, 1
2025-12-28 12:47:38.036984|{rssi-165} 111, -52, -127, -127, -127, 111, 111, 111, 111, 111, 111, 111, 111, 111, 111, 111, 111, 111, 
2025-12-28 12:47:38.046750|{td-165} 0, -15, 0, 0, 0, 0, 0, 0, 0, 0, 0, 0, 0, 0, 0, 0, 0, 0, 
2025-12-28 12:47:38.051283|{tx-165} :-BBB.............
2025-12-28 12:47:38.222446|{rx-166} 1, 0, 0, 3, 167, 167, 0, 0, 0, 0, 0, 1, 0, 1, 1
2025-12-28 12:47:38.227810|{rssi-166} 111, -51, -127, -127, -127, 111, 111, 111, 111, 111, 111, 111, 111, 111, 111, 111, 111, 111, 
2025-12-28 12:47:38.236817|{td-166} 0, -15, 0, 0, 0, 0, 0, 0, 0, 0, 0, 0, 0, 0, 0, 0, 0, 0, 
2025-12-28 12:47:38.241779|{tx-166} :-BBB.............
2025-12-28 12:47:38.412543|{rx-167} 1, 0, 0, 3, 168, 168, 0, 0, 0, 0, 0, 1, 0, 1, 1
2025-12-28 12:47:38.416282|{rssi-167} 111, -52, -127, -127, -127, 111, 111, 111, 111, 111, 111, 111, 111, 111, 111, 111, 111, 111, 
2025-12-28 12:47:38.426827|{td-167} 0, -15, 0, 0, 0, 0, 0, 0, 0, 0, 0, 0, 0, 0, 0, 0, 0, 0, 
2025-12-28 12:47:38.431183|{tx-167} :-BBB.............
2025-12-28 12:47:38.602315|{rx-168} 1, 0, 0, 3, 169, 169, 0, 0, 0, 0, 0, 1, 0, 1, 1
2025-12-28 12:47:38.607175|{rssi-168} 111, -53, -127, -127, -127, 111, 111, 111, 111, 111, 111, 111, 111, 111, 111, 111, 111, 111, 
2025-12-28 12:47:38.616903|{td-168} 0, -15, 0, 0, 0, 0, 0, 0, 0, 0, 0, 0, 0, 0, 0, 0, 0, 0, 
2025-12-28 12:47:38.622380|{tx-168} :-BBB.............
2025-12-28 12:47:38.791754|{rx-169} 1, 0, 0, 3, 170, 170, 0, 0, 0, 0, 0, 1, 0, 1, 1
2025-12-28 12:47:38.803159|{rssi-169} 111, -51, -127, -127, -127, 111, 111, 111, 111, 111, 111, 111, 111, 111, 111, 111, 111, 111, 
2025-12-28 12:47:38.806806|{td-169} 0, -15, 0, 0, 0, 0, 0, 0, 0, 0, 0, 0, 0, 0, 0, 0, 0, 0, 
2025-12-28 12:47:38.811156|{tx-169} :-BBB.............
2025-12-28 12:47:38.981449|{rx-170} 1, 0, 0, 3, 171, 171, 0, 0, 0, 0, 0, 1, 0, 1, 1
2025-12-28 12:47:38.986961|{rssi-170} 111, -51, -127, -127, -127, 111, 111, 111, 111, 111, 111, 111, 111, 111, 111, 111, 111, 111, 
2025-12-28 12:47:38.996203|{td-170} 0, -15, 0, 0, 0, 0, 0, 0, 0, 0, 0, 0, 0, 0, 0, 0, 0, 0, 
2025-12-28 12:47:39.002320|{tx-170} :-BBB.............
2025-12-28 12:47:39.171665|{rx-171} 1, 0, 0, 3, 172, 172, 0, 0, 0, 0, 0, 1, 0, 1, 1
2025-12-28 12:47:39.177299|{rssi-171} 111, -50, -127, -127, -127, 111, 111, 111, 111, 111, 111, 111, 111, 111, 111, 111, 111, 111, 
2025-12-28 12:47:39.186522|{td-171} 0, -17, 0, 0, 0, 0, 0, 0, 0, 0, 0, 0, 0, 0, 0, 0, 0, 0, 
2025-12-28 12:47:39.191041|{tx-171} :-BBB.............
2025-12-28 12:47:39.362015|{rx-172} 1, 0, 0, 3, 173, 173, 0, 0, 0, 0, 0, 1, 0, 1, 1
2025-12-28 12:47:39.366650|{rssi-172} 111, -52, -127, -127, -127, 111, 111, 111, 111, 111, 111, 111, 111, 111, 111, 111, 111, 111, 
2025-12-28 12:47:39.376338|{td-172} 0, -15, 0, 0, 0, 0, 0, 0, 0, 0, 0, 0, 0, 0, 0, 0, 0, 0, 
2025-12-28 12:47:39.381187|{tx-172} :-BBB.............
2025-12-28 12:47:39.551853|{rx-173} 1, 0, 0, 3, 174, 174, 0, 0, 0, 0, 0, 1, 0, 1, 1
2025-12-28 12:47:39.556733|{rssi-173} 111, -52, -127, -127, -127, 111, 111, 111, 111, 111, 111, 111, 111, 111, 111, 111, 111, 111, 
2025-12-28 12:47:39.565758|{td-173} 0, -15, 0, 0, 0, 0, 0, 0, 0, 0, 0, 0, 0, 0, 0, 0, 0, 0, 
2025-12-28 12:47:39.571888|{tx-173} :-BBB.............
2025-12-28 12:47:39.741775|{rx-174} 1, 0, 0, 3, 175, 175, 0, 0, 0, 0, 0, 1, 0, 1, 1
2025-12-28 12:47:39.748044|{rssi-174} 111, -54, -127, -127, -127, 111, 111, 111, 111, 111, 111, 111, 111, 111, 111, 111, 111, 111, 
2025-12-28 12:47:39.755489|{td-174} 0, -15, 0, 0, 0, 0, 0, 0, 0, 0, 0, 0, 0, 0, 0, 0, 0, 0, 
2025-12-28 12:47:39.762051|{tx-174} :-BBB.............
2025-12-28 12:47:39.932656|{rx-175} 1, 0, 0, 3, 176, 176, 0, 0, 0, 0, 0, 1, 0, 1, 1
2025-12-28 12:47:39.937605|{rssi-175} 111, -51, -127, -127, -127, 111, 111, 111, 111, 111, 111, 111, 111, 111, 111, 111, 111, 111, 
2025-12-28 12:47:39.946143|{td-175} 0, -15, 0, 0, 0, 0, 0, 0, 0, 0, 0, 0, 0, 0, 0, 0, 0, 0, 
2025-12-28 12:47:39.951463|{tx-175} :-BBB.............
2025-12-28 12:47:40.121183|{rx-176} 1, 0, 0, 3, 177, 177, 0, 0, 0, 0, 0, 1, 0, 1, 1
2025-12-28 12:47:40.127452|{rssi-176} 111, -51, -127, -127, -127, 111, 111, 111, 111, 111, 111, 111, 111, 111, 111, 111, 111, 111, 
2025-12-28 12:47:40.136781|{td-176} 0, -15, 0, 0, 0, 0, 0, 0, 0, 0, 0, 0, 0, 0, 0, 0, 0, 0, 
2025-12-28 12:47:40.141958|{tx-176} :-BBB.............
2025-12-28 12:47:40.312071|{rx-177} 1, 0, 0, 3, 178, 178, 0, 0, 0, 0, 0, 1, 0, 1, 1
2025-12-28 12:47:40.316676|{rssi-177} 111, -53, -127, -127, -127, 111, 111, 111, 111, 111, 111, 111, 111, 111, 111, 111, 111, 111, 
2025-12-28 12:47:40.325549|{td-177} 0, -15, 0, 0, 0, 0, 0, 0, 0, 0, 0, 0, 0, 0, 0, 0, 0, 0, 
2025-12-28 12:47:40.332314|{tx-177} :-BBB.............
2025-12-28 12:47:40.501259|{rx-178} 1, 0, 0, 3, 179, 179, 0, 0, 0, 0, 0, 1, 0, 1, 1
2025-12-28 12:47:40.506712|{rssi-178} 111, -52, -127, -127, -127, 111, 111, 111, 111, 111, 111, 111, 111, 111, 111, 111, 111, 111, 
2025-12-28 12:47:40.516211|{td-178} 0, -15, 0, 0, 0, 0, 0, 0, 0, 0, 0, 0, 0, 0, 0, 0, 0, 0, 
2025-12-28 12:47:40.521777|{tx-178} :-BBB.............
2025-12-28 12:47:40.691608|{rx-179} 1, 0, 0, 3, 180, 180, 0, 0, 0, 0, 0, 1, 0, 1, 1
2025-12-28 12:47:40.697242|{rssi-179} 111, -52, -127, -127, -127, 111, 111, 111, 111, 111, 111, 111, 111, 111, 111, 111, 111, 111, 
2025-12-28 12:47:40.705083|{td-179} 0, -15, 0, 0, 0, 0, 0, 0, 0, 0, 0, 0, 0, 0, 0, 0, 0, 0, 
2025-12-28 12:47:40.711460|{tx-179} :-BBB.............
2025-12-28 12:47:40.881868|{rx-180} 1, 0, 0, 3, 181, 181, 0, 0, 0, 0, 0, 1, 0, 1, 1
2025-12-28 12:47:40.885469|{rssi-180} 111, -51, -127, -127, -127, 111, 111, 111, 111, 111, 111, 111, 111, 111, 111, 111, 111, 111, 
2025-12-28 12:47:40.895088|{td-180} 0, -15, 0, 0, 0, 0, 0, 0, 0, 0, 0, 0, 0, 0, 0, 0, 0, 0, 
2025-12-28 12:47:40.900705|{tx-180} :-BBB.............
2025-12-28 12:47:41.071256|{rx-181} 1, 0, 0, 3, 182, 182, 0, 0, 0, 0, 0, 1, 0, 1, 1
2025-12-28 12:47:41.076945|{rssi-181} 111, -51, -127, -127, -127, 111, 111, 111, 111, 111, 111, 111, 111, 111, 111, 111, 111, 111, 
2025-12-28 12:47:41.085992|{td-181} 0, -17, 0, 0, 0, 0, 0, 0, 0, 0, 0, 0, 0, 0, 0, 0, 0, 0, 
2025-12-28 12:47:41.091515|{tx-181} :-BBB.............
2025-12-28 12:47:41.261651|{rx-182} 1, 0, 0, 3, 183, 183, 0, 0, 0, 0, 0, 1, 0, 1, 1
2025-12-28 12:47:41.267491|{rssi-182} 111, -52, -127, -127, -127, 111, 111, 111, 111, 111, 111, 111, 111, 111, 111, 111, 111, 111, 
2025-12-28 12:47:41.276327|{td-182} 0, -15, 0, 0, 0, 0, 0, 0, 0, 0, 0, 0, 0, 0, 0, 0, 0, 0, 
2025-12-28 12:47:41.281333|{tx-182} :-BBB.............
2025-12-28 12:47:41.451687|{rx-183} 1, 0, 0, 3, 184, 184, 0, 0, 0, 0, 0, 1, 0, 1, 1
2025-12-28 12:47:41.456825|{rssi-183} 111, -54, -127, -127, -127, 111, 111, 111, 111, 111, 111, 111, 111, 111, 111, 111, 111, 111, 
2025-12-28 12:47:41.466280|{td-183} 0, -15, 0, 0, 0, 0, 0, 0, 0, 0, 0, 0, 0, 0, 0, 0, 0, 0, 
2025-12-28 12:47:41.471205|{tx-183} :-BBB.............
2025-12-28 12:47:41.643042|{rx-184} 1, 0, 0, 3, 185, 185, 0, 0, 0, 0, 0, 1, 0, 1, 1
2025-12-28 12:47:41.646908|{rssi-184} 111, -52, -127, -127, -127, 111, 111, 111, 111, 111, 111, 111, 111, 111, 111, 111, 111, 111, 
2025-12-28 12:47:41.655418|{td-184} 0, -15, 0, 0, 0, 0, 0, 0, 0, 0, 0, 0, 0, 0, 0, 0, 0, 0, 
2025-12-28 12:47:41.661972|{tx-184} :-BBB.............
2025-12-28 12:47:41.831977|{rx-185} 1, 0, 0, 3, 186, 186, 0, 0, 0, 0, 0, 1, 0, 1, 1
2025-12-28 12:47:41.836296|{rssi-185} 111, -51, -127, -127, -127, 111, 111, 111, 111, 111, 111, 111, 111, 111, 111, 111, 111, 111, 
2025-12-28 12:47:41.846449|{td-185} 0, -15, 0, 0, 0, 0, 0, 0, 0, 0, 0, 0, 0, 0, 0, 0, 0, 0, 
2025-12-28 12:47:41.851792|{tx-185} :-BBB.............
2025-12-28 12:47:42.022287|{rx-186} 1, 0, 0, 3, 187, 187, 0, 0, 0, 0, 0, 1, 0, 1, 1
2025-12-28 12:47:42.026670|{rssi-186} 111, -51, -127, -127, -127, 111, 111, 111, 111, 111, 111, 111, 111, 111, 111, 111, 111, 111, 
2025-12-28 12:47:42.035612|{td-186} 0, -15, 0, 0, 0, 0, 0, 0, 0, 0, 0, 0, 0, 0, 0, 0, 0, 0, 
2025-12-28 12:47:42.041201|{tx-186} :-BBB.............
2025-12-28 12:47:42.211127|{rx-187} 1, 0, 0, 3, 188, 188, 0, 0, 0, 0, 0, 1, 0, 1, 1
2025-12-28 12:47:42.216535|{rssi-187} 111, -52, -127, -127, -127, 111, 111, 111, 111, 111, 111, 111, 111, 111, 111, 111, 111, 111, 
2025-12-28 12:47:42.226109|{td-187} 0, -15, 0, 0, 0, 0, 0, 0, 0, 0, 0, 0, 0, 0, 0, 0, 0, 0, 
2025-12-28 12:47:42.231060|{tx-187} :-BBB.............
2025-12-28 12:47:42.401494|{rx-188} 1, 0, 0, 3, 189, 189, 0, 0, 0, 0, 0, 1, 0, 1, 1
2025-12-28 12:47:42.406113|{rssi-188} 111, -51, -127, -127, -127, 111, 111, 111, 111, 111, 111, 111, 111, 111, 111, 111, 111, 111, 
2025-12-28 12:47:42.415534|{td-188} 0, -15, 0, 0, 0, 0, 0, 0, 0, 0, 0, 0, 0, 0, 0, 0, 0, 0, 
2025-12-28 12:47:42.420594|{tx-188} :-BBB.............
2025-12-28 12:47:42.592156|{rx-189} 1, 0, 0, 3, 190, 190, 0, 0, 0, 0, 0, 1, 0, 1, 1
2025-12-28 12:47:42.596737|{rssi-189} 111, -52, -127, -127, -127, 111, 111, 111, 111, 111, 111, 111, 111, 111, 111, 111, 111, 111, 
2025-12-28 12:47:42.605883|{td-189} 0, -15, 0, 0, 0, 0, 0, 0, 0, 0, 0, 0, 0, 0, 0, 0, 0, 0, 
2025-12-28 12:47:42.610410|{tx-189} :-BBB.............
2025-12-28 12:47:42.782129|{rx-190} 1, 0, 0, 3, 191, 191, 0, 0, 0, 0, 0, 1, 0, 1, 1
2025-12-28 12:47:42.786351|{rssi-190} 111, -51, -127, -127, -127, 111, 111, 111, 111, 111, 111, 111, 111, 111, 111, 111, 111, 111, 
2025-12-28 12:47:42.795707|{td-190} 0, -17, 0, 0, 0, 0, 0, 0, 0, 0, 0, 0, 0, 0, 0, 0, 0, 0, 
2025-12-28 12:47:42.800353|{tx-190} :-BBB.............
2025-12-28 12:47:42.971280|{rx-191} 1, 0, 0, 3, 192, 192, 0, 0, 0, 0, 0, 1, 0, 1, 1
2025-12-28 12:47:42.976325|{rssi-191} 111, -53, -127, -127, -127, 111, 111, 111, 111, 111, 111, 111, 111, 111, 111, 111, 111, 111, 
2025-12-28 12:47:42.985827|{td-191} 0, -15, 0, 0, 0, 0, 0, 0, 0, 0, 0, 0, 0, 0, 0, 0, 0, 0, 
2025-12-28 12:47:42.990370|{tx-191} :-BBB.............
2025-12-28 12:47:43.161973|{rx-192} 1, 0, 0, 3, 193, 193, 0, 0, 0, 0, 0, 1, 0, 1, 1
2025-12-28 12:47:43.166320|{rssi-192} 111, -51, -127, -127, -127, 111, 111, 111, 111, 111, 111, 111, 111, 111, 111, 111, 111, 111, 
2025-12-28 12:47:43.176070|{td-192} 0, -15, 0, 0, 0, 0, 0, 0, 0, 0, 0, 0, 0, 0, 0, 0, 0, 0, 
2025-12-28 12:47:43.181034|{tx-192} :-BBB.............
2025-12-28 12:47:43.352476|{rx-193} 1, 0, 0, 3, 194, 194, 0, 0, 0, 0, 0, 1, 0, 1, 1
2025-12-28 12:47:43.357426|{rssi-193} 111, -52, -127, -127, -127, 111, 111, 111, 111, 111, 111, 111, 111, 111, 111, 111, 111, 111, 
2025-12-28 12:47:43.365479|{td-193} 0, -15, 0, 0, 0, 0, 0, 0, 0, 0, 0, 0, 0, 0, 0, 0, 0, 0, 
2025-12-28 12:47:43.371761|{tx-193} :-BBB.............
2025-12-28 12:47:43.541987|{rx-194} 1, 0, 0, 3, 195, 195, 0, 0, 0, 0, 0, 1, 0, 1, 1
2025-12-28 12:47:43.546033|{rssi-194} 111, -52, -127, -127, -127, 111, 111, 111, 111, 111, 111, 111, 111, 111, 111, 111, 111, 111, 
2025-12-28 12:47:43.555610|{td-194} 0, -15, 0, 0, 0, 0, 0, 0, 0, 0, 0, 0, 0, 0, 0, 0, 0, 0, 
2025-12-28 12:47:43.561562|{tx-194} :-BBB.............
2025-12-28 12:47:43.730527|{rx-195} 1, 0, 0, 3, 196, 196, 0, 0, 0, 0, 0, 1, 0, 1, 1
2025-12-28 12:47:43.736254|{rssi-195} 111, -51, -127, -127, -127, 111, 111, 111, 111, 111, 111, 111, 111, 111, 111, 111, 111, 111, 
2025-12-28 12:47:43.745222|{td-195} 0, -15, 0, 0, 0, 0, 0, 0, 0, 0, 0, 0, 0, 0, 0, 0, 0, 0, 
2025-12-28 12:47:43.750587|{tx-195} :-BBB.............
2025-12-28 12:47:43.921181|{rx-196} 1, 0, 0, 3, 197, 197, 0, 0, 0, 0, 0, 1, 0, 1, 1
2025-12-28 12:47:43.926376|{rssi-196} 111, -54, -127, -127, -127, 111, 111, 111, 111, 111, 111, 111, 111, 111, 111, 111, 111, 111, 
2025-12-28 12:47:43.935626|{td-196} 0, -15, 0, 0, 0, 0, 0, 0, 0, 0, 0, 0, 0, 0, 0, 0, 0, 0, 
2025-12-28 12:47:43.940413|{tx-196} :-BBB.............
2025-12-28 12:47:44.110266|{rx-197} 1, 0, 0, 3, 198, 198, 0, 0, 0, 0, 0, 1, 0, 1, 1
2025-12-28 12:47:44.116123|{rssi-197} 111, -51, -127, -127, -127, 111, 111, 111, 111, 111, 111, 111, 111, 111, 111, 111, 111, 111, 
2025-12-28 12:47:44.125417|{td-197} 0, -15, 0, 0, 0, 0, 0, 0, 0, 0, 0, 0, 0, 0, 0, 0, 0, 0, 
2025-12-28 12:47:44.131393|{tx-197} :-BBB.............
2025-12-28 12:47:44.300984|{rx-198} 1, 0, 0, 3, 199, 199, 0, 0, 0, 0, 0, 1, 0, 1, 1
2025-12-28 12:47:44.306068|{rssi-198} 111, -51, -127, -127, -127, 111, 111, 111, 111, 111, 111, 111, 111, 111, 111, 111, 111, 111, 
2025-12-28 12:47:44.315813|{td-198} 0, -17, 0, 0, 0, 0, 0, 0, 0, 0, 0, 0, 0, 0, 0, 0, 0, 0, 
2025-12-28 12:47:44.321285|{tx-198} :-BBB.............
2025-12-28 12:47:44.490491|{rx-199} 1, 0, 0, 3, 200, 200, 0, 0, 0, 0, 0, 1, 0, 1, 1
2025-12-28 12:47:44.496559|{rssi-199} 111, -52, -127, -127, -127, 111, 111, 111, 111, 111, 111, 111, 111, 111, 111, 111, 111, 111, 
2025-12-28 12:47:44.504957|{td-199} 0, -13, 0, 0, 0, 0, 0, 0, 0, 0, 0, 0, 0, 0, 0, 0, 0, 0, 
2025-12-28 12:47:44.511444|{tx-199} :-BBB.............
2025-12-28 12:47:44.680679|{rx-200} 1, 0, 0, 3, 201, 201, 0, 0, 0, 0, 0, 1, 0, 1, 1
2025-12-28 12:47:44.687001|{rssi-200} 111, -51, -127, -127, -127, 111, 111, 111, 111, 111, 111, 111, 111, 111, 111, 111, 111, 111, 
2025-12-28 12:47:44.695517|{td-200} 0, -17, 0, 0, 0, 0, 0, 0, 0, 0, 0, 0, 0, 0, 0, 0, 0, 0, 
2025-12-28 12:47:44.700419|{tx-200} :-BBB.............
2025-12-28 12:47:44.870336|{rx-201} 1, 0, 0, 3, 202, 202, 0, 0, 0, 0, 0, 1, 0, 1, 1
2025-12-28 12:47:44.875840|{rssi-201} 111, -53, -127, -127, -127, 111, 111, 111, 111, 111, 111, 111, 111, 111, 111, 111, 111, 111, 
2025-12-28 12:47:44.885282|{td-201} 0, -15, 0, 0, 0, 0, 0, 0, 0, 0, 0, 0, 0, 0, 0, 0, 0, 0, 
2025-12-28 12:47:44.891142|{tx-201} :-BBB.............
2025-12-28 12:47:45.060602|{rx-202} 1, 0, 0, 3, 203, 203, 0, 0, 0, 0, 0, 1, 0, 1, 1
2025-12-28 12:47:45.064620|{rssi-202} 111, -51, -127, -127, -127, 111, 111, 111, 111, 111, 111, 111, 111, 111, 111, 111, 111, 111, 
2025-12-28 12:47:45.092059|{td-202} 0, -15, 0, 0, 0, 0, 0, 0, 0, 0, 0, 0, 0, 0, 0, 0, 0, 0, 
2025-12-28 12:47:45.094023|{tx-202} :-BBB.............
2025-12-28 12:47:45.250289|{rx-203} 1, 0, 0, 3, 204, 204, 0, 0, 0, 0, 0, 1, 0, 1, 1
2025-12-28 12:47:45.256411|{rssi-203} 111, -52, -127, -127, -127, 111, 111, 111, 111, 111, 111, 111, 111, 111, 111, 111, 111, 111, 
2025-12-28 12:47:45.265686|{td-203} 0, -15, 0, 0, 0, 0, 0, 0, 0, 0, 0, 0, 0, 0, 0, 0, 0, 0, 
2025-12-28 12:47:45.271218|{tx-203} :-BBB.............
2025-12-28 12:47:45.440385|{rx-204} 1, 0, 0, 3, 205, 205, 0, 0, 0, 0, 0, 1, 0, 1, 1
2025-12-28 12:47:45.445868|{rssi-204} 111, -56, -127, -127, -127, 111, 111, 111, 111, 111, 111, 111, 111, 111, 111, 111, 111, 111, 
2025-12-28 12:47:45.455101|{td-204} 0, -15, 0, 0, 0, 0, 0, 0, 0, 0, 0, 0, 0, 0, 0, 0, 0, 0, 
2025-12-28 12:47:45.460790|{tx-204} :-BBB.............
2025-12-28 12:47:45.630629|{rx-205} 1, 0, 0, 3, 206, 206, 0, 0, 0, 0, 0, 1, 0, 1, 1
2025-12-28 12:47:45.634532|{rssi-205} 111, -49, -127, -127, -127, 111, 111, 111, 111, 111, 111, 111, 111, 111, 111, 111, 111, 111, 
2025-12-28 12:47:45.645188|{td-205} 0, -15, 0, 0, 0, 0, 0, 0, 0, 0, 0, 0, 0, 0, 0, 0, 0, 0, 
2025-12-28 12:47:45.649973|{tx-205} :-BBB.............
2025-12-28 12:47:45.820305|{rx-206} 1, 0, 0, 3, 207, 207, 0, 0, 0, 0, 0, 1, 0, 1, 1
2025-12-28 12:47:45.826045|{rssi-206} 111, -56, -127, -127, -127, 111, 111, 111, 111, 111, 111, 111, 111, 111, 111, 111, 111, 111, 
2025-12-28 12:47:45.835311|{td-206} 0, -15, 0, 0, 0, 0, 0, 0, 0, 0, 0, 0, 0, 0, 0, 0, 0, 0, 
2025-12-28 12:47:45.839777|{tx-206} :-BBB.............
2025-12-28 12:47:46.010843|{rx-207} 1, 0, 0, 3, 208, 208, 0, 0, 0, 0, 0, 1, 0, 1, 1
2025-12-28 12:47:46.015503|{rssi-207} 111, -51, -127, -127, -127, 111, 111, 111, 111, 111, 111, 111, 111, 111, 111, 111, 111, 111, 
2025-12-28 12:47:46.025086|{td-207} 0, -15, 0, 0, 0, 0, 0, 0, 0, 0, 0, 0, 0, 0, 0, 0, 0, 0, 
2025-12-28 12:47:46.030283|{tx-207} :-BBB.............
2025-12-28 12:47:46.200908|{rx-208} 1, 0, 0, 3, 209, 209, 0, 0, 0, 0, 0, 1, 0, 1, 1
2025-12-28 12:47:46.205722|{rssi-208} 111, -54, -127, -127, -127, 111, 111, 111, 111, 111, 111, 111, 111, 111, 111, 111, 111, 111, 
2025-12-28 12:47:46.215283|{td-208} 0, -15, 0, 0, 0, 0, 0, 0, 0, 0, 0, 0, 0, 0, 0, 0, 0, 0, 
2025-12-28 12:47:46.219432|{tx-208} :-BBB.............
2025-12-28 12:47:46.390618|{rx-209} 1, 0, 0, 3, 210, 210, 0, 0, 0, 0, 0, 1, 0, 1, 1
2025-12-28 12:47:46.396612|{rssi-209} 111, -53, -127, -127, -127, 111, 111, 111, 111, 111, 111, 111, 111, 111, 111, 111, 111, 111, 
2025-12-28 12:47:46.404531|{td-209} 0, -17, 0, 0, 0, 0, 0, 0, 0, 0, 0, 0, 0, 0, 0, 0, 0, 0, 
2025-12-28 12:47:46.410553|{tx-209} :-BBB.............
2025-12-28 12:47:46.580819|{rx-210} 1, 0, 0, 3, 211, 211, 0, 0, 0, 0, 0, 1, 0, 1, 1
2025-12-28 12:47:46.585779|{rssi-210} 111, -51, -127, -127, -127, 111, 111, 111, 111, 111, 111, 111, 111, 111, 111, 111, 111, 111, 
2025-12-28 12:47:46.594922|{td-210} 0, -15, 0, 0, 0, 0, 0, 0, 0, 0, 0, 0, 0, 0, 0, 0, 0, 0, 
2025-12-28 12:47:46.599480|{tx-210} :-BBB.............
2025-12-28 12:47:46.770342|{rx-211} 1, 0, 0, 3, 212, 212, 0, 0, 0, 0, 0, 1, 0, 1, 1
2025-12-28 12:47:46.775867|{rssi-211} 111, -51, -127, -127, -127, 111, 111, 111, 111, 111, 111, 111, 111, 111, 111, 111, 111, 111, 
2025-12-28 12:47:46.784456|{td-211} 0, -15, 0, 0, 0, 0, 0, 0, 0, 0, 0, 0, 0, 0, 0, 0, 0, 0, 
2025-12-28 12:47:46.789810|{tx-211} :-BBB.............
2025-12-28 12:47:46.961075|{rx-212} 1, 0, 0, 3, 213, 213, 0, 0, 0, 0, 0, 1, 0, 1, 1
2025-12-28 12:47:46.965702|{rssi-212} 111, -53, -127, -127, -127, 111, 111, 111, 111, 111, 111, 111, 111, 111, 111, 111, 111, 111, 
2025-12-28 12:47:46.976057|{td-212} 0, -15, 0, 0, 0, 0, 0, 0, 0, 0, 0, 0, 0, 0, 0, 0, 0, 0, 
2025-12-28 12:47:46.980751|{tx-212} :-BBB.............
2025-12-28 12:47:47.151238|{rx-213} 1, 0, 0, 3, 214, 214, 0, 0, 0, 0, 0, 1, 0, 1, 1
2025-12-28 12:47:47.155909|{rssi-213} 111, -52, -127, -127, -127, 111, 111, 111, 111, 111, 111, 111, 111, 111, 111, 111, 111, 111, 
2025-12-28 12:47:47.165206|{td-213} 0, -15, 0, 0, 0, 0, 0, 0, 0, 0, 0, 0, 0, 0, 0, 0, 0, 0, 
2025-12-28 12:47:47.170860|{tx-213} :-BBB.............
2025-12-28 12:47:47.341041|{rx-214} 1, 0, 0, 3, 215, 215, 0, 0, 0, 0, 0, 1, 0, 1, 1
2025-12-28 12:47:47.344514|{rssi-214} 111, -56, -127, -127, -127, 111, 111, 111, 111, 111, 111, 111, 111, 111, 111, 111, 111, 111, 
2025-12-28 12:47:47.354960|{td-214} 0, -15, 0, 0, 0, 0, 0, 0, 0, 0, 0, 0, 0, 0, 0, 0, 0, 0, 
2025-12-28 12:47:47.359603|{tx-214} :-BBB.............
2025-12-28 12:47:47.530538|{rx-215} 1, 0, 0, 3, 216, 216, 0, 0, 0, 0, 0, 1, 0, 1, 1
2025-12-28 12:47:47.535555|{rssi-215} 111, -52, -127, -127, -127, 111, 111, 111, 111, 111, 111, 111, 111, 111, 111, 111, 111, 111, 
2025-12-28 12:47:47.544648|{td-215} 0, -15, 0, 0, 0, 0, 0, 0, 0, 0, 0, 0, 0, 0, 0, 0, 0, 0, 
2025-12-28 12:47:47.550633|{tx-215} :-BBB.............
2025-12-28 12:47:47.720674|{rx-216} 1, 0, 0, 3, 217, 217, 0, 0, 0, 0, 0, 1, 0, 1, 1
2025-12-28 12:47:47.725610|{rssi-216} 111, -51, -127, -127, -127, 111, 111, 111, 111, 111, 111, 111, 111, 111, 111, 111, 111, 111, 
2025-12-28 12:47:47.735105|{td-216} 0, -15, 0, 0, 0, 0, 0, 0, 0, 0, 0, 0, 0, 0, 0, 0, 0, 0, 
2025-12-28 12:47:47.739611|{tx-216} :-BBB.............
2025-12-28 12:47:47.910675|{rx-217} 1, 0, 0, 3, 218, 218, 0, 0, 0, 0, 0, 1, 0, 1, 1
2025-12-28 12:47:47.915272|{rssi-217} 111, -52, -127, -127, -127, 111, 111, 111, 111, 111, 111, 111, 111, 111, 111, 111, 111, 111, 
2025-12-28 12:47:47.924758|{td-217} 0, -15, 0, 0, 0, 0, 0, 0, 0, 0, 0, 0, 0, 0, 0, 0, 0, 0, 
2025-12-28 12:47:47.930043|{tx-217} :-BBB.............
2025-12-28 12:47:48.100575|{rx-218} 1, 0, 0, 3, 219, 219, 0, 0, 0, 0, 0, 1, 0, 1, 1
2025-12-28 12:47:48.104586|{rssi-218} 111, -51, -127, -127, -127, 111, 111, 111, 111, 111, 111, 111, 111, 111, 111, 111, 111, 111, 
2025-12-28 12:47:48.115282|{td-218} 0, -17, 0, 0, 0, 0, 0, 0, 0, 0, 0, 0, 0, 0, 0, 0, 0, 0, 
2025-12-28 12:47:48.120447|{tx-218} :-BBB.............
2025-12-28 12:47:48.290579|{rx-219} 1, 0, 0, 3, 220, 220, 0, 0, 0, 0, 0, 1, 0, 1, 1
2025-12-28 12:47:48.295882|{rssi-219} 111, -52, -127, -127, -127, 111, 111, 111, 111, 111, 111, 111, 111, 111, 111, 111, 111, 111, 
2025-12-28 12:47:48.304808|{td-219} 0, -15, 0, 0, 0, 0, 0, 0, 0, 0, 0, 0, 0, 0, 0, 0, 0, 0, 
2025-12-28 12:47:48.310456|{tx-219} :-BBB.............
2025-12-28 12:47:48.480141|{rx-220} 1, 0, 0, 3, 221, 221, 0, 0, 0, 0, 0, 1, 0, 1, 1
2025-12-28 12:47:48.485206|{rssi-220} 111, -53, -127, -127, -127, 111, 111, 111, 111, 111, 111, 111, 111, 111, 111, 111, 111, 111, 
2025-12-28 12:47:48.494632|{td-220} 0, -15, 0, 0, 0, 0, 0, 0, 0, 0, 0, 0, 0, 0, 0, 0, 0, 0, 
2025-12-28 12:47:48.499626|{tx-220} :-BBB.............
2025-12-28 12:47:48.670696|{rx-221} 1, 0, 0, 3, 222, 222, 0, 0, 0, 0, 0, 1, 0, 1, 1
2025-12-28 12:47:48.676720|{rssi-221} 111, -51, -127, -127, -127, 111, 111, 111, 111, 111, 111, 111, 111, 111, 111, 111, 111, 111, 
2025-12-28 12:47:48.685603|{td-221} 0, -15, 0, 0, 0, 0, 0, 0, 0, 0, 0, 0, 0, 0, 0, 0, 0, 0, 
2025-12-28 12:47:48.690819|{tx-221} :-BBB.............
2025-12-28 12:47:48.860808|{rx-222} 1, 0, 0, 3, 223, 223, 0, 0, 0, 0, 0, 1, 0, 1, 1
2025-12-28 12:47:48.865014|{rssi-222} 111, -51, -127, -127, -127, 111, 111, 111, 111, 111, 111, 111, 111, 111, 111, 111, 111, 111, 
2025-12-28 12:47:48.874872|{td-222} 0, -15, 0, 0, 0, 0, 0, 0, 0, 0, 0, 0, 0, 0, 0, 0, 0, 0, 
2025-12-28 12:47:48.880595|{tx-222} :-BBB.............
2025-12-28 12:47:49.049190|{rx-223} 1, 0, 0, 3, 224, 224, 0, 0, 0, 0, 0, 1, 0, 1, 1
2025-12-28 12:47:49.060691|{rssi-223} 111, -52, -127, -127, -127, 111, 111, 111, 111, 111, 111, 111, 111, 111, 111, 111, 111, 111, 
2025-12-28 12:47:49.064951|{td-223} 0, -15, 0, 0, 0, 0, 0, 0, 0, 0, 0, 0, 0, 0, 0, 0, 0, 0, 
2025-12-28 12:47:49.069383|{tx-223} :-BBB.............
2025-12-28 12:47:49.239113|{rx-224} 1, 0, 0, 3, 225, 225, 0, 0, 0, 0, 0, 1, 0, 1, 1
2025-12-28 12:47:49.245298|{rssi-224} 111, -54, -127, -127, -127, 111, 111, 111, 111, 111, 111, 111, 111, 111, 111, 111, 111, 111, 
2025-12-28 12:47:49.254696|{td-224} 0, -15, 0, 0, 0, 0, 0, 0, 0, 0, 0, 0, 0, 0, 0, 0, 0, 0, 
2025-12-28 12:47:49.259727|{tx-224} :-BBB.............
2025-12-28 12:47:49.430084|{rx-225} 1, 0, 0, 3, 226, 226, 0, 0, 0, 0, 0, 1, 0, 1, 1
2025-12-28 12:47:49.434823|{rssi-225} 111, -52, -127, -127, -127, 111, 111, 111, 111, 111, 111, 111, 111, 111, 111, 111, 111, 111, 
2025-12-28 12:47:49.444727|{td-225} 0, -15, 0, 0, 0, 0, 0, 0, 0, 0, 0, 0, 0, 0, 0, 0, 0, 0, 
2025-12-28 12:47:49.450404|{tx-225} :-BBB.............
2025-12-28 12:47:49.619348|{rx-226} 1, 0, 0, 3, 227, 227, 0, 0, 0, 0, 0, 1, 0, 1, 1
2025-12-28 12:47:49.625973|{rssi-226} 111, -53, -127, -127, -127, 111, 111, 111, 111, 111, 111, 111, 111, 111, 111, 111, 111, 111, 
2025-12-28 12:47:49.634853|{td-226} 0, -15, 0, 0, 0, 0, 0, 0, 0, 0, 0, 0, 0, 0, 0, 0, 0, 0, 
2025-12-28 12:47:49.640730|{tx-226} :-BBB.............
2025-12-28 12:47:49.809263|{rx-227} 1, 0, 0, 3, 228, 228, 0, 0, 0, 0, 0, 1, 0, 1, 1
2025-12-28 12:47:49.815758|{rssi-227} 111, -51, -127, -127, -127, 111, 111, 111, 111, 111, 111, 111, 111, 111, 111, 111, 111, 111, 
2025-12-28 12:47:49.824576|{td-227} 0, -17, 0, 0, 0, 0, 0, 0, 0, 0, 0, 0, 0, 0, 0, 0, 0, 0, 
2025-12-28 12:47:49.829207|{tx-227} :-BBB.............
2025-12-28 12:47:49.999562|{rx-228} 1, 0, 0, 3, 229, 229, 0, 0, 0, 0, 0, 1, 0, 1, 1
2025-12-28 12:47:50.004597|{rssi-228} 111, -51, -127, -127, -127, 111, 111, 111, 111, 111, 111, 111, 111, 111, 111, 111, 111, 111, 
2025-12-28 12:47:50.014069|{td-228} 0, -15, 0, 0, 0, 0, 0, 0, 0, 0, 0, 0, 0, 0, 0, 0, 0, 0, 
2025-12-28 12:47:50.019640|{tx-228} :-BBB.............
2025-12-28 12:47:50.190336|{rx-229} 1, 0, 0, 3, 230, 230, 0, 0, 0, 0, 0, 1, 0, 1, 1
2025-12-28 12:47:50.196249|{rssi-229} 111, -52, -127, -127, -127, 111, 111, 111, 111, 111, 111, 111, 111, 111, 111, 111, 111, 111, 
2025-12-28 12:47:50.205014|{td-229} 0, -15, 0, 0, 0, 0, 0, 0, 0, 0, 0, 0, 0, 0, 0, 0, 0, 0, 
2025-12-28 12:47:50.209438|{tx-229} :-BBB.............
2025-12-28 12:47:50.379523|{rx-230} 1, 0, 0, 3, 231, 231, 0, 0, 0, 0, 0, 1, 0, 1, 1
2025-12-28 12:47:50.384879|{rssi-230} 111, -51, -127, -127, -127, 111, 111, 111, 111, 111, 111, 111, 111, 111, 111, 111, 111, 111, 
2025-12-28 12:47:50.394681|{td-230} 0, -15, 0, 0, 0, 0, 0, 0, 0, 0, 0, 0, 0, 0, 0, 0, 0, 0, 
2025-12-28 12:47:50.400185|{tx-230} :-BBB.............
2025-12-28 12:47:50.569296|{rx-231} 1, 0, 0, 3, 232, 232, 0, 0, 0, 0, 0, 1, 0, 1, 1
2025-12-28 12:47:50.574160|{rssi-231} 111, -51, -127, -127, -127, 111, 111, 111, 111, 111, 111, 111, 111, 111, 111, 111, 111, 111, 
2025-12-28 12:47:50.584717|{td-231} 0, -15, 0, 0, 0, 0, 0, 0, 0, 0, 0, 0, 0, 0, 0, 0, 0, 0, 
2025-12-28 12:47:50.589713|{tx-231} :-BBB.............
2025-12-28 12:47:50.759471|{rx-232} 1, 0, 0, 3, 233, 233, 0, 0, 0, 0, 0, 1, 0, 1, 1
2025-12-28 12:47:50.764520|{rssi-232} 111, -52, -127, -127, -127, 111, 111, 111, 111, 111, 111, 111, 111, 111, 111, 111, 111, 111, 
2025-12-28 12:47:50.774506|{td-232} 0, -15, 0, 0, 0, 0, 0, 0, 0, 0, 0, 0, 0, 0, 0, 0, 0, 0, 
2025-12-28 12:47:50.778837|{tx-232} :-BBB.............
2025-12-28 12:47:50.949802|{rx-233} 1, 0, 0, 3, 234, 234, 0, 0, 0, 0, 0, 1, 0, 1, 1
2025-12-28 12:47:50.954877|{rssi-233} 111, -51, -127, -127, -127, 111, 111, 111, 111, 111, 111, 111, 111, 111, 111, 111, 111, 111, 
2025-12-28 12:47:50.964538|{td-233} 0, -15, 0, 0, 0, 0, 0, 0, 0, 0, 0, 0, 0, 0, 0, 0, 0, 0, 
2025-12-28 12:47:50.969179|{tx-233} :-BBB.............
2025-12-28 12:47:51.140961|{rx-234} 1, 0, 0, 3, 235, 235, 0, 0, 0, 0, 0, 1, 0, 1, 1
2025-12-28 12:47:51.144840|{rssi-234} 111, -51, -127, -127, -127, 111, 111, 111, 111, 111, 111, 111, 111, 111, 111, 111, 111, 111, 
2025-12-28 12:47:51.154719|{td-234} 0, -15, 0, 0, 0, 0, 0, 0, 0, 0, 0, 0, 0, 0, 0, 0, 0, 0, 
2025-12-28 12:47:51.159307|{tx-234} :-BBB.............
2025-12-28 12:47:51.329892|{rx-235} 1, 0, 0, 3, 236, 236, 0, 0, 0, 0, 0, 1, 0, 1, 1
2025-12-28 12:47:51.334901|{rssi-235} 111, -53, -127, -127, -127, 111, 111, 111, 111, 111, 111, 111, 111, 111, 111, 111, 111, 111, 
2025-12-28 12:47:51.344623|{td-235} 0, -15, 0, 0, 0, 0, 0, 0, 0, 0, 0, 0, 0, 0, 0, 0, 0, 0, 
2025-12-28 12:47:51.348941|{tx-235} :-BBB.............
2025-12-28 12:47:51.519938|{rx-236} 1, 0, 0, 3, 237, 237, 0, 0, 0, 0, 0, 1, 0, 1, 1
2025-12-28 12:47:51.524858|{rssi-236} 111, -51, -127, -127, -127, 111, 111, 111, 111, 111, 111, 111, 111, 111, 111, 111, 111, 111, 
2025-12-28 12:47:51.534434|{td-236} 0, -17, 0, 0, 0, 0, 0, 0, 0, 0, 0, 0, 0, 0, 0, 0, 0, 0, 
2025-12-28 12:47:51.538906|{tx-236} :-BBB.............
2025-12-28 12:47:51.710263|{rx-237} 1, 0, 0, 3, 238, 238, 0, 0, 0, 0, 0, 1, 0, 1, 1
2025-12-28 12:47:51.714416|{rssi-237} 111, -49, -127, -127, -127, 111, 111, 111, 111, 111, 111, 111, 111, 111, 111, 111, 111, 111, 
2025-12-28 12:47:51.724532|{td-237} 0, -15, 0, 0, 0, 0, 0, 0, 0, 0, 0, 0, 0, 0, 0, 0, 0, 0, 
2025-12-28 12:47:51.728773|{tx-237} :-BBB.............
2025-12-28 12:47:51.899349|{rx-238} 1, 0, 0, 3, 239, 239, 0, 0, 0, 0, 0, 1, 0, 1, 1
2025-12-28 12:47:51.904458|{rssi-238} 111, -52, -127, -127, -127, 111, 111, 111, 111, 111, 111, 111, 111, 111, 111, 111, 111, 111, 
2025-12-28 12:47:51.913052|{td-238} 0, -15, 0, 0, 0, 0, 0, 0, 0, 0, 0, 0, 0, 0, 0, 0, 0, 0, 
2025-12-28 12:47:51.919703|{tx-238} :-BBB.............
2025-12-28 12:47:52.089512|{rx-239} 1, 0, 0, 3, 240, 240, 0, 0, 0, 0, 0, 1, 0, 1, 1
2025-12-28 12:47:52.095271|{rssi-239} 111, -51, -127, -127, -127, 111, 111, 111, 111, 111, 111, 111, 111, 111, 111, 111, 111, 111, 
2025-12-28 12:47:52.104466|{td-239} 0, -15, 0, 0, 0, 0, 0, 0, 0, 0, 0, 0, 0, 0, 0, 0, 0, 0, 
2025-12-28 12:47:52.109841|{tx-239} :-BBB.............
2025-12-28 12:47:52.280021|{rx-240} 1, 0, 0, 3, 241, 241, 0, 0, 0, 0, 0, 1, 0, 1, 1
2025-12-28 12:47:52.285311|{rssi-240} 111, -53, -127, -127, -127, 111, 111, 111, 111, 111, 111, 111, 111, 111, 111, 111, 111, 111, 
2025-12-28 12:47:52.294377|{td-240} 0, -15, 0, 0, 0, 0, 0, 0, 0, 0, 0, 0, 0, 0, 0, 0, 0, 0, 
2025-12-28 12:47:52.298973|{tx-240} :-BBB.............
2025-12-28 12:47:52.469901|{rx-241} 1, 0, 0, 3, 242, 242, 0, 0, 0, 0, 0, 1, 0, 1, 1
2025-12-28 12:47:52.474726|{rssi-241} 111, -52, -127, -127, -127, 111, 111, 111, 111, 111, 111, 111, 111, 111, 111, 111, 111, 111, 
2025-12-28 12:47:52.484120|{td-241} 0, -15, 0, 0, 0, 0, 0, 0, 0, 0, 0, 0, 0, 0, 0, 0, 0, 0, 
2025-12-28 12:47:52.489332|{tx-241} :-BBB.............
2025-12-28 12:47:52.659482|{rx-242} 1, 0, 0, 3, 243, 243, 0, 0, 0, 0, 0, 1, 0, 1, 1
2025-12-28 12:47:52.665360|{rssi-242} 111, -52, -127, -127, -127, 111, 111, 111, 111, 111, 111, 111, 111, 111, 111, 111, 111, 111, 
2025-12-28 12:47:52.675614|{td-242} 0, -15, 0, 0, 0, 0, 0, 0, 0, 0, 0, 0, 0, 0, 0, 0, 0, 0, 
2025-12-28 12:47:52.680575|{tx-242} :-BBB.............
2025-12-28 12:47:52.850323|{rx-243} 1, 0, 0, 3, 244, 244, 0, 0, 0, 0, 0, 1, 0, 1, 1
2025-12-28 12:47:52.854677|{rssi-243} 111, -51, -127, -127, -127, 111, 111, 111, 111, 111, 111, 111, 111, 111, 111, 111, 111, 111, 
2025-12-28 12:47:52.864518|{td-243} 0, -15, 0, 0, 0, 0, 0, 0, 0, 0, 0, 0, 0, 0, 0, 0, 0, 0, 
2025-12-28 12:47:52.869997|{tx-243} :-BBB.............
2025-12-28 12:47:53.039486|{rx-244} 1, 0, 0, 3, 245, 245, 0, 0, 0, 0, 0, 1, 0, 1, 1
2025-12-28 12:47:53.044892|{rssi-244} 111, -52, -127, -127, -127, 111, 111, 111, 111, 111, 111, 111, 111, 111, 111, 111, 111, 111, 
2025-12-28 12:47:53.054185|{td-244} 0, -15, 0, 0, 0, 0, 0, 0, 0, 0, 0, 0, 0, 0, 0, 0, 0, 0, 
2025-12-28 12:47:53.059554|{tx-244} :-BBB.............
2025-12-28 12:47:53.230664|{rx-245} 1, 0, 0, 3, 246, 246, 0, 0, 0, 0, 0, 1, 0, 1, 1
2025-12-28 12:47:53.234612|{rssi-245} 111, -52, -127, -127, -127, 111, 111, 111, 111, 111, 111, 111, 111, 111, 111, 111, 111, 111, 
2025-12-28 12:47:53.243677|{td-245} 0, -15, 0, 0, 0, 0, 0, 0, 0, 0, 0, 0, 0, 0, 0, 0, 0, 0, 
2025-12-28 12:47:53.248511|{tx-245} :-BBB.............
2025-12-28 12:47:53.419866|{rx-246} 1, 0, 0, 3, 247, 247, 0, 0, 0, 0, 0, 1, 0, 1, 1
2025-12-28 12:47:53.425107|{rssi-246} 111, -52, -127, -127, -127, 111, 111, 111, 111, 111, 111, 111, 111, 111, 111, 111, 111, 111, 
2025-12-28 12:47:53.433628|{td-246} 0, -17, 0, 0, 0, 0, 0, 0, 0, 0, 0, 0, 0, 0, 0, 0, 0, 0, 
2025-12-28 12:47:53.438718|{tx-246} :-BBB.............
2025-12-28 12:47:53.610577|{rx-247} 1, 0, 0, 3, 248, 248, 0, 0, 0, 0, 0, 1, 0, 1, 1
2025-12-28 12:47:53.613952|{rssi-247} 111, -48, -127, -127, -127, 111, 111, 111, 111, 111, 111, 111, 111, 111, 111, 111, 111, 111, 
2025-12-28 12:47:53.624059|{td-247} 0, -15, 0, 0, 0, 0, 0, 0, 0, 0, 0, 0, 0, 0, 0, 0, 0, 0, 
2025-12-28 12:47:53.629739|{tx-247} :-BBB.............
2025-12-28 12:47:53.800224|{rx-248} 1, 0, 0, 3, 249, 249, 0, 0, 0, 0, 0, 1, 0, 1, 1
2025-12-28 12:47:53.804483|{rssi-248} 111, -52, -127, -127, -127, 111, 111, 111, 111, 111, 111, 111, 111, 111, 111, 111, 111, 111, 
2025-12-28 12:47:53.812727|{td-248} 0, -13, 0, 0, 0, 0, 0, 0, 0, 0, 0, 0, 0, 0, 0, 0, 0, 0, 
2025-12-28 12:47:53.818498|{tx-248} :-BBB.............
2025-12-28 12:47:53.989016|{rx-249} 1, 0, 0, 3, 250, 250, 0, 0, 0, 0, 0, 1, 0, 1, 1
2025-12-28 12:47:53.995196|{rssi-249} 111, -51, -127, -127, -127, 111, 111, 111, 111, 111, 111, 111, 111, 111, 111, 111, 111, 111, 
2025-12-28 12:47:54.003833|{td-249} 0, -15, 0, 0, 0, 0, 0, 0, 0, 0, 0, 0, 0, 0, 0, 0, 0, 0, 
2025-12-28 12:47:54.009552|{tx-249} :-BBB.............
2025-12-28 12:47:54.178593|{rx-250} 1, 0, 0, 3, 251, 251, 0, 0, 0, 0, 0, 1, 0, 1, 1
2025-12-28 12:47:54.187476|{rssi-250} 111, -56, -127, -127, -127, 111, 111, 111, 111, 111, 111, 111, 111, 111, 111, 111, 111, 111, 
2025-12-28 12:47:54.194079|{td-250} 0, -17, 0, 0, 0, 0, 0, 0, 0, 0, 0, 0, 0, 0, 0, 0, 0, 0, 
2025-12-28 12:47:54.198063|{tx-250} :-BBB.............
2025-12-28 12:47:54.368173|{rx-251} 1, 0, 0, 3, 252, 252, 0, 0, 0, 0, 0, 1, 0, 1, 1
2025-12-28 12:47:54.374552|{rssi-251} 111, -51, -127, -127, -127, 111, 111, 111, 111, 111, 111, 111, 111, 111, 111, 111, 111, 111, 
2025-12-28 12:47:54.383783|{td-251} 0, -15, 0, 0, 0, 0, 0, 0, 0, 0, 0, 0, 0, 0, 0, 0, 0, 0, 
2025-12-28 12:47:54.389186|{tx-251} :-BBB.............
2025-12-28 12:47:54.559116|{rx-252} 1, 0, 0, 3, 253, 253, 0, 0, 0, 0, 0, 1, 0, 1, 1
2025-12-28 12:47:54.563750|{rssi-252} 111, -51, -127, -127, -127, 111, 111, 111, 111, 111, 111, 111, 111, 111, 111, 111, 111, 111, 
2025-12-28 12:47:54.573973|{td-252} 0, -15, 0, 0, 0, 0, 0, 0, 0, 0, 0, 0, 0, 0, 0, 0, 0, 0, 
2025-12-28 12:47:54.579500|{tx-252} :-BBB.............
2025-12-28 12:47:54.748966|{rx-253} 1, 0, 0, 3, 254, 254, 0, 0, 0, 0, 0, 1, 0, 1, 1
2025-12-28 12:47:54.753824|{rssi-253} 111, -51, -127, -127, -127, 111, 111, 111, 111, 111, 111, 111, 111, 111, 111, 111, 111, 111, 
2025-12-28 12:47:54.763899|{td-253} 0, -15, 0, 0, 0, 0, 0, 0, 0, 0, 0, 0, 0, 0, 0, 0, 0, 0, 
2025-12-28 12:47:54.768518|{tx-253} :-BBB.............
2025-12-28 12:47:54.939357|{rx-254} 1, 0, 0, 3, 255, 255, 0, 0, 0, 0, 0, 1, 0, 1, 1
2025-12-28 12:47:54.944757|{rssi-254} 111, -52, -127, -127, -127, 111, 111, 111, 111, 111, 111, 111, 111, 111, 111, 111, 111, 111, 
2025-12-28 12:47:54.953575|{td-254} 0, -15, 0, 0, 0, 0, 0, 0, 0, 0, 0, 0, 0, 0, 0, 0, 0, 0, 
2025-12-28 12:47:54.957750|{tx-254} :-BBB.............
2025-12-28 12:47:55.128762|{rx-255} 1, 0, 0, 3, 256, 256, 0, 0, 0, 0, 0, 1, 0, 1, 1
2025-12-28 12:47:55.134901|{rssi-255} 111, -51, -127, -127, -127, 111, 111, 111, 111, 111, 111, 111, 111, 111, 111, 111, 111, 111, 
2025-12-28 12:47:55.143633|{td-255} 0, -17, 0, 0, 0, 0, 0, 0, 0, 0, 0, 0, 0, 0, 0, 0, 0, 0, 
2025-12-28 12:47:55.148064|{tx-255} :-BBB.............
2025-12-28 12:47:55.319095|{rx-256} 1, 0, 0, 3, 257, 257, 0, 0, 0, 0, 0, 1, 0, 1, 1
2025-12-28 12:47:55.324343|{rssi-256} 111, -52, -127, -127, -127, 111, 111, 111, 111, 111, 111, 111, 111, 111, 111, 111, 111, 111, 
2025-12-28 12:47:55.333606|{td-256} 0, -13, 0, 0, 0, 0, 0, 0, 0, 0, 0, 0, 0, 0, 0, 0, 0, 0, 
2025-12-28 12:47:55.338229|{tx-256} :-BBB.............
2025-12-28 12:47:55.508826|{rx-257} 1, 0, 0, 3, 258, 258, 0, 0, 0, 0, 0, 1, 0, 1, 1
2025-12-28 12:47:55.514445|{rssi-257} 111, -52, -127, -127, -127, 111, 111, 111, 111, 111, 111, 111, 111, 111, 111, 111, 111, 111, 
2025-12-28 12:47:55.523016|{td-257} 0, -17, 0, 0, 0, 0, 0, 0, 0, 0, 0, 0, 0, 0, 0, 0, 0, 0, 
2025-12-28 12:47:55.527879|{tx-257} :-BBB.............
2025-12-28 12:47:55.699555|{rx-258} 1, 0, 0, 3, 259, 259, 0, 0, 0, 0, 0, 1, 0, 1, 1
2025-12-28 12:47:55.704438|{rssi-258} 111, -52, -127, -127, -127, 111, 111, 111, 111, 111, 111, 111, 111, 111, 111, 111, 111, 111, 
2025-12-28 12:47:55.713877|{td-258} 0, -15, 0, 0, 0, 0, 0, 0, 0, 0, 0, 0, 0, 0, 0, 0, 0, 0, 
2025-12-28 12:47:55.718104|{tx-258} :-BBB.............
2025-12-28 12:47:55.888351|{rx-259} 1, 0, 0, 3, 260, 260, 0, 0, 0, 0, 0, 1, 0, 1, 1
2025-12-28 12:47:55.893059|{rssi-259} 111, -51, -127, -127, -127, 111, 111, 111, 111, 111, 111, 111, 111, 111, 111, 111, 111, 111, 
2025-12-28 12:47:55.902609|{td-259} 0, -15, 0, 0, 0, 0, 0, 0, 0, 0, 0, 0, 0, 0, 0, 0, 0, 0, 
2025-12-28 12:47:55.908719|{tx-259} :-BBB.............
2025-12-28 12:47:56.078440|{rx-260} 1, 0, 0, 3, 261, 261, 0, 0, 0, 0, 0, 1, 0, 1, 1
2025-12-28 12:47:56.083969|{rssi-260} 111, -51, -127, -127, -127, 111, 111, 111, 111, 111, 111, 111, 111, 111, 111, 111, 111, 111, 
2025-12-28 12:47:56.093636|{td-260} 0, -15, 0, 0, 0, 0, 0, 0, 0, 0, 0, 0, 0, 0, 0, 0, 0, 0, 
2025-12-28 12:47:56.097838|{tx-260} :-BBB.............
2025-12-28 12:47:56.268853|{rx-261} 1, 0, 0, 3, 262, 262, 0, 0, 0, 0, 0, 1, 0, 1, 1
2025-12-28 12:47:56.274197|{rssi-261} 111, -57, -127, -127, -127, 111, 111, 111, 111, 111, 111, 111, 111, 111, 111, 111, 111, 111, 
2025-12-28 12:47:56.282868|{td-261} 0, -15, 0, 0, 0, 0, 0, 0, 0, 0, 0, 0, 0, 0, 0, 0, 0, 0, 
2025-12-28 12:47:56.288106|{tx-261} :-BBB.............
2025-12-28 12:47:56.458952|{rx-262} 1, 0, 0, 3, 263, 263, 0, 0, 0, 0, 0, 1, 0, 1, 1
2025-12-28 12:47:56.463921|{rssi-262} 111, -52, -127, -127, -127, 111, 111, 111, 111, 111, 111, 111, 111, 111, 111, 111, 111, 111, 
2025-12-28 12:47:56.473247|{td-262} 0, -15, 0, 0, 0, 0, 0, 0, 0, 0, 0, 0, 0, 0, 0, 0, 0, 0, 
2025-12-28 12:47:56.478390|{tx-262} :-BBB.............
2025-12-28 12:47:56.649366|{rx-263} 1, 0, 0, 3, 264, 264, 0, 0, 0, 0, 0, 1, 0, 1, 1
2025-12-28 12:47:56.653043|{rssi-263} 111, -52, -127, -127, -127, 111, 111, 111, 111, 111, 111, 111, 111, 111, 111, 111, 111, 111, 
2025-12-28 12:47:56.663239|{td-263} 0, -15, 0, 0, 0, 0, 0, 0, 0, 0, 0, 0, 0, 0, 0, 0, 0, 0, 
2025-12-28 12:47:56.669472|{tx-263} :-BBB.............
2025-12-28 12:47:56.839874|{rx-264} 1, 0, 0, 3, 265, 265, 0, 0, 0, 0, 0, 1, 0, 1, 1
2025-12-28 12:47:56.842448|{rssi-264} 111, -56, -127, -127, -127, 111, 111, 111, 111, 111, 111, 111, 111, 111, 111, 111, 111, 111, 
2025-12-28 12:47:56.854089|{td-264} 0, -17, 0, 0, 0, 0, 0, 0, 0, 0, 0, 0, 0, 0, 0, 0, 0, 0, 
2025-12-28 12:47:56.858092|{tx-264} :-BBB.............
2025-12-28 12:47:57.028325|{rx-265} 1, 0, 0, 3, 266, 266, 0, 0, 0, 0, 0, 1, 0, 1, 1
2025-12-28 12:47:57.034150|{rssi-265} 111, -52, -127, -127, -127, 111, 111, 111, 111, 111, 111, 111, 111, 111, 111, 111, 111, 111, 
2025-12-28 12:47:57.044325|{td-265} 0, -13, 0, 0, 0, 0, 0, 0, 0, 0, 0, 0, 0, 0, 0, 0, 0, 0, 
2025-12-28 12:47:57.047866|{tx-265} :-BBB.............
2025-12-28 12:47:57.220031|{rx-266} 1, 0, 0, 3, 267, 267, 0, 0, 0, 0, 0, 1, 0, 1, 1
2025-12-28 12:47:57.224266|{rssi-266} 111, -53, -127, -127, -127, 111, 111, 111, 111, 111, 111, 111, 111, 111, 111, 111, 111, 111, 
2025-12-28 12:47:57.233188|{td-266} 0, -17, 0, 0, 0, 0, 0, 0, 0, 0, 0, 0, 0, 0, 0, 0, 0, 0, 
2025-12-28 12:47:57.238826|{tx-266} :-BBB.............
2025-12-28 12:47:57.408318|{rx-267} 1, 0, 0, 3, 268, 268, 0, 0, 0, 0, 0, 1, 0, 1, 1
2025-12-28 12:47:57.413804|{rssi-267} 111, -51, -127, -127, -127, 111, 111, 111, 111, 111, 111, 111, 111, 111, 111, 111, 111, 111, 
2025-12-28 12:47:57.422129|{td-267} 0, -15, 0, 0, 0, 0, 0, 0, 0, 0, 0, 0, 0, 0, 0, 0, 0, 0, 
2025-12-28 12:47:57.428263|{tx-267} :-BBB.............
2025-12-28 12:47:57.598319|{rx-268} 1, 0, 0, 3, 269, 269, 0, 0, 0, 0, 0, 1, 0, 1, 1
2025-12-28 12:47:57.602358|{rssi-268} 111, -51, -127, -127, -127, 111, 111, 111, 111, 111, 111, 111, 111, 111, 111, 111, 111, 111, 
2025-12-28 12:47:57.612915|{td-268} 0, -15, 0, 0, 0, 0, 0, 0, 0, 0, 0, 0, 0, 0, 0, 0, 0, 0, 
2025-12-28 12:47:57.617318|{tx-268} :-BBB.............
2025-12-28 12:47:57.788608|{rx-269} 1, 0, 0, 3, 270, 270, 0, 0, 0, 0, 0, 1, 0, 1, 1
2025-12-28 12:47:57.792831|{rssi-269} 111, -52, -127, -127, -127, 111, 111, 111, 111, 111, 111, 111, 111, 111, 111, 111, 111, 111, 
2025-12-28 12:47:57.803056|{td-269} 0, -15, 0, 0, 0, 0, 0, 0, 0, 0, 0, 0, 0, 0, 0, 0, 0, 0, 
2025-12-28 12:47:57.808819|{tx-269} :-BBB.............
2025-12-28 12:47:57.978801|{rx-270} 1, 0, 0, 3, 271, 271, 0, 0, 0, 0, 0, 1, 0, 1, 1
2025-12-28 12:47:57.983650|{rssi-270} 111, -53, -127, -127, -127, 111, 111, 111, 111, 111, 111, 111, 111, 111, 111, 111, 111, 111, 
2025-12-28 12:47:57.992725|{td-270} 0, -15, 0, 0, 0, 0, 0, 0, 0, 0, 0, 0, 0, 0, 0, 0, 0, 0, 
2025-12-28 12:47:57.998220|{tx-270} :-BBB.............
2025-12-28 12:47:58.169486|{rx-271} 1, 0, 0, 3, 272, 272, 0, 0, 0, 0, 0, 1, 0, 1, 1
2025-12-28 12:47:58.173999|{rssi-271} 111, -51, -127, -127, -127, 111, 111, 111, 111, 111, 111, 111, 111, 111, 111, 111, 111, 111, 
2025-12-28 12:47:58.182693|{td-271} 0, -15, 0, 0, 0, 0, 0, 0, 0, 0, 0, 0, 0, 0, 0, 0, 0, 0, 
2025-12-28 12:47:58.189025|{tx-271} :-BBB.............
2025-12-28 12:47:58.358804|{rx-272} 1, 0, 0, 3, 273, 273, 0, 0, 0, 0, 0, 1, 0, 1, 1
2025-12-28 12:47:58.363255|{rssi-272} 111, -51, -127, -127, -127, 111, 111, 111, 111, 111, 111, 111, 111, 111, 111, 111, 111, 111, 
2025-12-28 12:47:58.372719|{td-272} 0, -15, 0, 0, 0, 0, 0, 0, 0, 0, 0, 0, 0, 0, 0, 0, 0, 0, 
2025-12-28 12:47:58.377854|{tx-272} :-BBB.............
2025-12-28 12:47:58.549080|{rx-273} 1, 0, 0, 3, 274, 274, 0, 0, 0, 0, 0, 1, 0, 1, 1
2025-12-28 12:47:58.554138|{rssi-273} 111, -51, -127, -127, -127, 111, 111, 111, 111, 111, 111, 111, 111, 111, 111, 111, 111, 111, 
2025-12-28 12:47:58.563121|{td-273} 0, -15, 0, 0, 0, 0, 0, 0, 0, 0, 0, 0, 0, 0, 0, 0, 0, 0, 
2025-12-28 12:47:58.568876|{tx-273} :-BBB.............
2025-12-28 12:47:58.739273|{rx-274} 1, 0, 0, 3, 275, 275, 0, 0, 0, 0, 0, 1, 0, 1, 1
2025-12-28 12:47:58.743798|{rssi-274} 111, -56, -127, -127, -127, 111, 111, 111, 111, 111, 111, 111, 111, 111, 111, 111, 111, 111, 
2025-12-28 12:47:58.752713|{td-274} 0, -17, 0, 0, 0, 0, 0, 0, 0, 0, 0, 0, 0, 0, 0, 0, 0, 0, 
2025-12-28 12:47:58.758923|{tx-274} :-BBB.............
2025-12-28 12:47:58.928016|{rx-275} 1, 0, 0, 3, 276, 276, 0, 0, 0, 0, 0, 1, 0, 1, 1
2025-12-28 12:47:58.933090|{rssi-275} 111, -52, -127, -127, -127, 111, 111, 111, 111, 111, 111, 111, 111, 111, 111, 111, 111, 111, 
2025-12-28 12:47:58.942894|{td-275} 0, -13, 0, 0, 0, 0, 0, 0, 0, 0, 0, 0, 0, 0, 0, 0, 0, 0, 
2025-12-28 12:47:58.948619|{tx-275} :-BBB.............
2025-12-28 12:47:59.117426|{rx-276} 1, 0, 0, 3, 277, 277, 0, 0, 0, 0, 0, 1, 0, 1, 1
2025-12-28 12:47:59.123766|{rssi-276} 111, -52, -127, -127, -127, 111, 111, 111, 111, 111, 111, 111, 111, 111, 111, 111, 111, 111, 
2025-12-28 12:47:59.132609|{td-276} 0, -17, 0, 0, 0, 0, 0, 0, 0, 0, 0, 0, 0, 0, 0, 0, 0, 0, 
2025-12-28 12:47:59.138714|{tx-276} :-BBB.............
2025-12-28 12:47:59.307617|{rx-277} 1, 0, 0, 3, 278, 278, 0, 0, 0, 0, 0, 1, 0, 1, 1
2025-12-28 12:47:59.316470|{rssi-277} 111, -51, -127, -127, -127, 111, 111, 111, 111, 111, 111, 111, 111, 111, 111, 111, 111, 111, 
2025-12-28 12:47:59.322826|{td-277} 0, -15, 0, 0, 0, 0, 0, 0, 0, 0, 0, 0, 0, 0, 0, 0, 0, 0, 
2025-12-28 12:47:59.328515|{tx-277} :-BBB.............
2025-12-28 12:47:59.497613|{rx-278} 1, 0, 0, 3, 279, 279, 0, 0, 0, 0, 0, 1, 0, 1, 1
2025-12-28 12:47:59.502712|{rssi-278} 111, -56, -127, -127, -127, 111, 111, 111, 111, 111, 111, 111, 111, 111, 111, 111, 111, 111, 
2025-12-28 12:47:59.512519|{td-278} 0, -15, 0, 0, 0, 0, 0, 0, 0, 0, 0, 0, 0, 0, 0, 0, 0, 0, 
2025-12-28 12:47:59.518518|{tx-278} :-BBB.............
2025-12-28 12:47:59.688469|{rx-279} 1, 0, 0, 3, 280, 280, 0, 0, 0, 0, 0, 1, 0, 1, 1
2025-12-28 12:47:59.693201|{rssi-279} 111, -52, -127, -127, -127, 111, 111, 111, 111, 111, 111, 111, 111, 111, 111, 111, 111, 111, 
2025-12-28 12:47:59.702558|{td-279} 0, -15, 0, 0, 0, 0, 0, 0, 0, 0, 0, 0, 0, 0, 0, 0, 0, 0, 
2025-12-28 12:47:59.707708|{tx-279} :-BBB.............
2025-12-28 12:47:59.878193|{rx-280} 1, 0, 0, 3, 281, 281, 0, 0, 0, 0, 0, 1, 0, 1, 1
2025-12-28 12:47:59.882882|{rssi-280} 111, -53, -127, -127, -127, 111, 111, 111, 111, 111, 111, 111, 111, 111, 111, 111, 111, 111, 
2025-12-28 12:47:59.892346|{td-280} 0, -15, 0, 0, 0, 0, 0, 0, 0, 0, 0, 0, 0, 0, 0, 0, 0, 0, 
2025-12-28 12:47:59.898706|{tx-280} :-BBB.............
2025-12-28 12:48:00.068068|{rx-281} 1, 0, 0, 3, 282, 282, 0, 0, 0, 0, 0, 1, 0, 1, 1
2025-12-28 12:48:00.073143|{rssi-281} 111, -51, -127, -127, -127, 111, 111, 111, 111, 111, 111, 111, 111, 111, 111, 111, 111, 111, 
2025-12-28 12:48:00.082548|{td-281} 0, -15, 0, 0, 0, 0, 0, 0, 0, 0, 0, 0, 0, 0, 0, 0, 0, 0, 
2025-12-28 12:48:00.087481|{tx-281} :-BBB.............
2025-12-28 12:48:00.257391|{rx-282} 1, 0, 0, 3, 283, 283, 0, 0, 0, 0, 0, 1, 0, 1, 1
2025-12-28 12:48:00.263217|{rssi-282} 111, -51, -127, -127, -127, 111, 111, 111, 111, 111, 111, 111, 111, 111, 111, 111, 111, 111, 
2025-12-28 12:48:00.272462|{td-282} 0, -15, 0, 0, 0, 0, 0, 0, 0, 0, 0, 0, 0, 0, 0, 0, 0, 0, 
2025-12-28 12:48:00.277556|{tx-282} :-BBB.............
2025-12-28 12:48:00.447606|{rx-283} 1, 0, 0, 3, 284, 284, 0, 0, 0, 0, 0, 1, 0, 1, 1
2025-12-28 12:48:00.453084|{rssi-283} 111, -51, -127, -127, -127, 111, 111, 111, 111, 111, 111, 111, 111, 111, 111, 111, 111, 111, 
2025-12-28 12:48:00.461322|{td-283} 0, -17, 0, 0, 0, 0, 0, 0, 0, 0, 0, 0, 0, 0, 0, 0, 0, 0, 
2025-12-28 12:48:00.467794|{tx-283} :-BBB.............
2025-12-28 12:48:00.637984|{rx-284} 1, 0, 0, 3, 285, 285, 0, 0, 0, 0, 0, 1, 0, 1, 1
2025-12-28 12:48:00.641822|{rssi-284} 111, -52, -127, -127, -127, 111, 111, 111, 111, 111, 111, 111, 111, 111, 111, 111, 111, 111, 
2025-12-28 12:48:00.652175|{td-284} 0, -15, 0, 0, 0, 0, 0, 0, 0, 0, 0, 0, 0, 0, 0, 0, 0, 0, 
2025-12-28 12:48:00.657662|{tx-284} :-BBB.............
2025-12-28 12:48:00.827668|{rx-285} 1, 0, 0, 3, 286, 286, 0, 0, 0, 0, 0, 1, 0, 1, 1
2025-12-28 12:48:00.832868|{rssi-285} 111, -51, -127, -127, -127, 111, 111, 111, 111, 111, 111, 111, 111, 111, 111, 111, 111, 111, 
2025-12-28 12:48:00.842511|{td-285} 0, -15, 0, 0, 0, 0, 0, 0, 0, 0, 0, 0, 0, 0, 0, 0, 0, 0, 
2025-12-28 12:48:00.848934|{tx-285} :-BBB.............
2025-12-28 12:48:01.019109|{rx-286} 1, 0, 0, 3, 287, 287, 0, 0, 0, 0, 0, 1, 0, 1, 1
2025-12-28 12:48:01.022875|{rssi-286} 111, -51, -127, -127, -127, 111, 111, 111, 111, 111, 111, 111, 111, 111, 111, 111, 111, 111, 
2025-12-28 12:48:01.032491|{td-286} 0, -13, 0, 0, 0, 0, 0, 0, 0, 0, 0, 0, 0, 0, 0, 0, 0, 0, 
2025-12-28 12:48:01.036887|{tx-286} :-BBB.............
2025-12-28 12:48:01.208038|{rx-287} 1, 0, 0, 3, 288, 288, 0, 0, 0, 0, 0, 1, 0, 1, 1
2025-12-28 12:48:01.212208|{rssi-287} 111, -51, -127, -127, -127, 111, 111, 111, 111, 111, 111, 111, 111, 111, 111, 111, 111, 111, 
2025-12-28 12:48:01.222284|{td-287} 0, -17, 0, 0, 0, 0, 0, 0, 0, 0, 0, 0, 0, 0, 0, 0, 0, 0, 
2025-12-28 12:48:01.227009|{tx-287} :-BBB.............
2025-12-28 12:48:01.398144|{rx-288} 1, 0, 0, 3, 289, 289, 0, 0, 0, 0, 0, 1, 0, 1, 1
2025-12-28 12:48:01.402950|{rssi-288} 111, -52, -127, -127, -127, 111, 111, 111, 111, 111, 111, 111, 111, 111, 111, 111, 111, 111, 
2025-12-28 12:48:01.412236|{td-288} 0, -15, 0, 0, 0, 0, 0, 0, 0, 0, 0, 0, 0, 0, 0, 0, 0, 0, 
2025-12-28 12:48:01.417325|{tx-288} :-BBB.............
2025-12-28 12:48:01.587482|{rx-289} 1, 0, 0, 3, 290, 290, 0, 0, 0, 0, 0, 1, 0, 1, 1
2025-12-28 12:48:01.591793|{rssi-289} 111, -52, -127, -127, -127, 111, 111, 111, 111, 111, 111, 111, 111, 111, 111, 111, 111, 111, 
2025-12-28 12:48:01.602302|{td-289} 0, -15, 0, 0, 0, 0, 0, 0, 0, 0, 0, 0, 0, 0, 0, 0, 0, 0, 
2025-12-28 12:48:01.607476|{tx-289} :-BBB.............
2025-12-28 12:48:01.778618|{rx-290} 1, 0, 0, 3, 291, 291, 0, 0, 0, 0, 0, 1, 0, 1, 1
2025-12-28 12:48:01.783017|{rssi-290} 111, -51, -127, -127, -127, 111, 111, 111, 111, 111, 111, 111, 111, 111, 111, 111, 111, 111, 
2025-12-28 12:48:01.791975|{td-290} 0, -15, 0, 0, 0, 0, 0, 0, 0, 0, 0, 0, 0, 0, 0, 0, 0, 0, 
2025-12-28 12:48:01.797379|{tx-290} :-BBB.............
2025-12-28 12:48:01.968076|{rx-291} 1, 0, 0, 3, 292, 292, 0, 0, 0, 0, 0, 1, 0, 1, 1
2025-12-28 12:48:01.972591|{rssi-291} 111, -52, -127, -127, -127, 111, 111, 111, 111, 111, 111, 111, 111, 111, 111, 111, 111, 111, 
2025-12-28 12:48:01.982039|{td-291} 0, -15, 0, 0, 0, 0, 0, 0, 0, 0, 0, 0, 0, 0, 0, 0, 0, 0, 
2025-12-28 12:48:01.987305|{tx-291} :-BBB.............
2025-12-28 12:48:02.157627|{rx-292} 1, 0, 0, 3, 293, 293, 0, 0, 0, 0, 0, 1, 0, 1, 1
2025-12-28 12:48:02.163163|{rssi-292} 111, -51, -127, -127, -127, 111, 111, 111, 111, 111, 111, 111, 111, 111, 111, 111, 111, 111, 
2025-12-28 12:48:02.171698|{td-292} 0, -15, 0, 0, 0, 0, 0, 0, 0, 0, 0, 0, 0, 0, 0, 0, 0, 0, 
2025-12-28 12:48:02.177038|{tx-292} :-BBB.............
2025-12-28 12:48:02.349445|{rx-293} 1, 0, 0, 3, 294, 294, 0, 0, 0, 0, 0, 1, 0, 1, 1
2025-12-28 12:48:02.353164|{rssi-293} 111, -51, -127, -127, -127, 111, 111, 111, 111, 111, 111, 111, 111, 111, 111, 111, 111, 111, 
2025-12-28 12:48:02.361678|{td-293} 0, -17, 0, 0, 0, 0, 0, 0, 0, 0, 0, 0, 0, 0, 0, 0, 0, 0, 
2025-12-28 12:48:02.368689|{tx-293} :-BBB.............
2025-12-28 12:48:02.538127|{rx-294} 1, 0, 0, 3, 295, 295, 0, 0, 0, 0, 0, 1, 0, 1, 1
2025-12-28 12:48:02.541756|{rssi-294} 111, -52, -127, -127, -127, 111, 111, 111, 111, 111, 111, 111, 111, 111, 111, 111, 111, 111, 
2025-12-28 12:48:02.551061|{td-294} 0, -13, 0, 0, 0, 0, 0, 0, 0, 0, 0, 0, 0, 0, 0, 0, 0, 0, 
2025-12-28 12:48:02.556963|{tx-294} :-BBB.............
2025-12-28 12:48:02.728030|{rx-295} 1, 0, 0, 3, 296, 296, 0, 0, 0, 0, 0, 1, 0, 1, 1
2025-12-28 12:48:02.732466|{rssi-295} 111, -52, -127, -127, -127, 111, 111, 111, 111, 111, 111, 111, 111, 111, 111, 111, 111, 111, 
2025-12-28 12:48:02.741348|{td-295} 0, -17, 0, 0, 0, 0, 0, 0, 0, 0, 0, 0, 0, 0, 0, 0, 0, 0, 
2025-12-28 12:48:02.747294|{tx-295} :-BBB.............
2025-12-28 12:48:02.916572|{rx-296} 1, 0, 0, 3, 297, 297, 0, 0, 0, 0, 0, 1, 0, 1, 1
2025-12-28 12:48:02.922379|{rssi-296} 111, -52, -127, -127, -127, 111, 111, 111, 111, 111, 111, 111, 111, 111, 111, 111, 111, 111, 
2025-12-28 12:48:02.932080|{td-296} 0, -15, 0, 0, 0, 0, 0, 0, 0, 0, 0, 0, 0, 0, 0, 0, 0, 0, 
2025-12-28 12:48:02.936768|{tx-296} :-BBB.............
2025-12-28 12:48:03.107282|{rx-297} 1, 0, 0, 3, 298, 298, 0, 0, 0, 0, 0, 1, 0, 1, 1
2025-12-28 12:48:03.112543|{rssi-297} 111, -56, -127, -127, -127, 111, 111, 111, 111, 111, 111, 111, 111, 111, 111, 111, 111, 111, 
2025-12-28 12:48:03.122282|{td-297} 0, -15, 0, 0, 0, 0, 0, 0, 0, 0, 0, 0, 0, 0, 0, 0, 0, 0, 
2025-12-28 12:48:03.126581|{tx-297} :-BBB.............
2025-12-28 12:48:03.297584|{rx-298} 1, 0, 0, 3, 299, 299, 0, 0, 0, 0, 0, 1, 0, 1, 1
2025-12-28 12:48:03.302704|{rssi-298} 111, -51, -127, -127, -127, 111, 111, 111, 111, 111, 111, 111, 111, 111, 111, 111, 111, 111, 
2025-12-28 12:48:03.311842|{td-298} 0, -15, 0, 0, 0, 0, 0, 0, 0, 0, 0, 0, 0, 0, 0, 0, 0, 0, 
2025-12-28 12:48:03.316894|{tx-298} :-BBB.............
2025-12-28 12:48:03.487458|{rx-299} 1, 0, 0, 3, 300, 300, 0, 0, 0, 0, 0, 1, 0, 1, 1
2025-12-28 12:48:03.491538|{rssi-299} 111, -52, -127, -127, -127, 111, 111, 111, 111, 111, 111, 111, 111, 111, 111, 111, 111, 111, 
2025-12-28 12:48:03.500651|{td-299} 0, -15, 0, 0, 0, 0, 0, 0, 0, 0, 0, 0, 0, 0, 0, 0, 0, 0, 
2025-12-28 12:48:03.506663|{tx-299} :-BBB.............
2025-12-28 12:48:03.677731|{rx-300} 1, 0, 0, 3, 301, 301, 0, 0, 0, 0, 0, 1, 0, 1, 1
2025-12-28 12:48:03.682974|{rssi-300} 111, -51, -127, -127, -127, 111, 111, 111, 111, 111, 111, 111, 111, 111, 111, 111, 111, 111, 
2025-12-28 12:48:03.691628|{td-300} 0, -15, 0, 0, 0, 0, 0, 0, 0, 0, 0, 0, 0, 0, 0, 0, 0, 0, 
2025-12-28 12:48:03.697027|{tx-300} :-BBB.............
2025-12-28 12:48:03.867214|{rx-301} 1, 0, 0, 3, 302, 302, 0, 0, 0, 0, 0, 1, 0, 1, 1
2025-12-28 12:48:03.872299|{rssi-301} 111, -49, -127, -127, -127, 111, 111, 111, 111, 111, 111, 111, 111, 111, 111, 111, 111, 111, 
2025-12-28 12:48:03.881412|{td-301} 0, -15, 0, 0, 0, 0, 0, 0, 0, 0, 0, 0, 0, 0, 0, 0, 0, 0, 
2025-12-28 12:48:03.886589|{tx-301} :-BBB.............
2025-12-28 12:48:04.057445|{rx-302} 1, 0, 0, 3, 303, 303, 0, 0, 0, 0, 0, 1, 0, 1, 1
2025-12-28 12:48:04.062409|{rssi-302} 111, -51, -127, -127, -127, 111, 111, 111, 111, 111, 111, 111, 111, 111, 111, 111, 111, 111, 
2025-12-28 12:48:04.071814|{td-302} 0, -15, 0, 0, 0, 0, 0, 0, 0, 0, 0, 0, 0, 0, 0, 0, 0, 0, 
2025-12-28 12:48:04.077689|{tx-302} :-BBB.............
2025-12-28 12:48:04.246860|{rx-303} 1, 0, 0, 3, 304, 304, 0, 0, 0, 0, 0, 1, 0, 1, 1
2025-12-28 12:48:04.252565|{rssi-303} 111, -52, -127, -127, -127, 111, 111, 111, 111, 111, 111, 111, 111, 111, 111, 111, 111, 111, 
2025-12-28 12:48:04.261734|{td-303} 0, -15, 0, 0, 0, 0, 0, 0, 0, 0, 0, 0, 0, 0, 0, 0, 0, 0, 
2025-12-28 12:48:04.266279|{tx-303} :-BBB.............
2025-12-28 12:48:04.437466|{rx-304} 1, 0, 0, 3, 305, 305, 0, 0, 0, 0, 0, 1, 0, 1, 1
2025-12-28 12:48:04.444729|{rssi-304} 111, -49, -127, -127, -127, 111, 111, 111, 111, 111, 111, 111, 111, 111, 111, 111, 111, 111, 
2025-12-28 12:48:04.451708|{td-304} 0, -17, 0, 0, 0, 0, 0, 0, 0, 0, 0, 0, 0, 0, 0, 0, 0, 0, 
2025-12-28 12:48:04.457679|{tx-304} :-BBB.............
2025-12-28 12:48:04.627137|{rx-305} 1, 0, 0, 3, 306, 306, 0, 0, 0, 0, 0, 1, 0, 1, 1
2025-12-28 12:48:04.632531|{rssi-305} 111, -52, -127, -127, -127, 111, 111, 111, 111, 111, 111, 111, 111, 111, 111, 111, 111, 111, 
2025-12-28 12:48:04.641585|{td-305} 0, -15, 0, 0, 0, 0, 0, 0, 0, 0, 0, 0, 0, 0, 0, 0, 0, 0, 
2025-12-28 12:48:04.647033|{tx-305} :-BBB.............
2025-12-28 12:48:04.816995|{rx-306} 1, 0, 0, 3, 307, 307, 0, 0, 0, 0, 0, 1, 0, 1, 1
2025-12-28 12:48:04.822595|{rssi-306} 111, -51, -127, -127, -127, 111, 111, 111, 111, 111, 111, 111, 111, 111, 111, 111, 111, 111, 
2025-12-28 12:48:04.831795|{td-306} 0, -15, 0, 0, 0, 0, 0, 0, 0, 0, 0, 0, 0, 0, 0, 0, 0, 0, 
2025-12-28 12:48:04.837645|{tx-306} :-BBB.............
2025-12-28 12:48:05.006405|{rx-307} 1, 0, 0, 3, 308, 308, 0, 0, 0, 0, 0, 1, 0, 1, 1
2025-12-28 12:48:05.012212|{rssi-307} 111, -57, -127, -127, -127, 111, 111, 111, 111, 111, 111, 111, 111, 111, 111, 111, 111, 111, 
2025-12-28 12:48:05.021529|{td-307} 0, -15, 0, 0, 0, 0, 0, 0, 0, 0, 0, 0, 0, 0, 0, 0, 0, 0, 
2025-12-28 12:48:05.027810|{tx-307} :-BBB.............
2025-12-28 12:48:05.197068|{rx-308} 1, 0, 0, 3, 309, 309, 0, 0, 0, 0, 0, 1, 0, 1, 1
2025-12-28 12:48:05.202521|{rssi-308} 111, -56, -127, -127, -127, 111, 111, 111, 111, 111, 111, 111, 111, 111, 111, 111, 111, 111, 
2025-12-28 12:48:05.211525|{td-308} 0, -15, 0, 0, 0, 0, 0, 0, 0, 0, 0, 0, 0, 0, 0, 0, 0, 0, 
2025-12-28 12:48:05.216527|{tx-308} :-BBB.............
2025-12-28 12:48:05.387390|{rx-309} 1, 0, 0, 3, 310, 310, 0, 0, 0, 0, 0, 1, 0, 1, 1
2025-12-28 12:48:05.392096|{rssi-309} 111, -51, -127, -127, -127, 111, 111, 111, 111, 111, 111, 111, 111, 111, 111, 111, 111, 111, 
2025-12-28 12:48:05.401492|{td-309} 0, -15, 0, 0, 0, 0, 0, 0, 0, 0, 0, 0, 0, 0, 0, 0, 0, 0, 
2025-12-28 12:48:05.407612|{tx-309} :-BBB.............
2025-12-28 12:48:05.577342|{rx-310} 1, 0, 0, 3, 311, 311, 0, 0, 0, 0, 0, 1, 0, 1, 1
2025-12-28 12:48:05.582200|{rssi-310} 111, -51, -127, -127, -127, 111, 111, 111, 111, 111, 111, 111, 111, 111, 111, 111, 111, 111, 
2025-12-28 12:48:05.592177|{td-310} 0, -15, 0, 0, 0, 0, 0, 0, 0, 0, 0, 0, 0, 0, 0, 0, 0, 0, 
2025-12-28 12:48:05.596371|{tx-310} :-BBB.............
2025-12-28 12:48:05.767567|{rx-311} 1, 0, 0, 3, 312, 312, 0, 0, 0, 0, 0, 1, 0, 1, 1
2025-12-28 12:48:05.771869|{rssi-311} 111, -51, -127, -127, -127, 111, 111, 111, 111, 111, 111, 111, 111, 111, 111, 111, 111, 111, 
2025-12-28 12:48:05.781277|{td-311} 0, -15, 0, 0, 0, 0, 0, 0, 0, 0, 0, 0, 0, 0, 0, 0, 0, 0, 
2025-12-28 12:48:05.787295|{tx-311} :-BBB.............
2025-12-28 12:48:05.957524|{rx-312} 1, 0, 0, 3, 313, 313, 0, 0, 0, 0, 0, 1, 0, 1, 1
2025-12-28 12:48:05.961731|{rssi-312} 111, -52, -127, -127, -127, 111, 111, 111, 111, 111, 111, 111, 111, 111, 111, 111, 111, 111, 
2025-12-28 12:48:05.971067|{td-312} 0, -17, 0, 0, 0, 0, 0, 0, 0, 0, 0, 0, 0, 0, 0, 0, 0, 0, 
2025-12-28 12:48:05.976999|{tx-312} :-BBB.............
2025-12-28 12:48:06.147146|{rx-313} 1, 0, 0, 3, 314, 314, 0, 0, 0, 0, 0, 1, 0, 1, 1
2025-12-28 12:48:06.151160|{rssi-313} 111, -53, -127, -127, -127, 111, 111, 111, 111, 111, 111, 111, 111, 111, 111, 111, 111, 111, 
2025-12-28 12:48:06.161305|{td-313} 0, -15, 0, 0, 0, 0, 0, 0, 0, 0, 0, 0, 0, 0, 0, 0, 0, 0, 
2025-12-28 12:48:06.166365|{tx-313} :-BBB.............
2025-12-28 12:48:06.337466|{rx-314} 1, 0, 0, 3, 315, 315, 0, 0, 0, 0, 0, 1, 0, 1, 1
2025-12-28 12:48:06.341711|{rssi-314} 111, -53, -127, -127, -127, 111, 111, 111, 111, 111, 111, 111, 111, 111, 111, 111, 111, 111, 
2025-12-28 12:48:06.351359|{td-314} 0, -15, 0, 0, 0, 0, 0, 0, 0, 0, 0, 0, 0, 0, 0, 0, 0, 0, 
2025-12-28 12:48:06.357281|{tx-314} :-BBB.............
2025-12-28 12:48:06.526594|{rx-315} 1, 0, 0, 3, 316, 316, 0, 0, 0, 0, 0, 1, 0, 1, 1
2025-12-28 12:48:06.531380|{rssi-315} 111, -53, -127, -127, -127, 111, 111, 111, 111, 111, 111, 111, 111, 111, 111, 111, 111, 111, 
2025-12-28 12:48:06.541315|{td-315} 0, -15, 0, 0, 0, 0, 0, 0, 0, 0, 0, 0, 0, 0, 0, 0, 0, 0, 
2025-12-28 12:48:06.546271|{tx-315} :-BBB.............
2025-12-28 12:48:06.717363|{rx-316} 1, 0, 0, 3, 317, 317, 0, 0, 0, 0, 0, 1, 0, 1, 1
2025-12-28 12:48:06.721016|{rssi-316} 111, -52, -127, -127, -127, 111, 111, 111, 111, 111, 111, 111, 111, 111, 111, 111, 111, 111, 
2025-12-28 12:48:06.731312|{td-316} 0, -15, 0, 0, 0, 0, 0, 0, 0, 0, 0, 0, 0, 0, 0, 0, 0, 0, 
2025-12-28 12:48:06.736891|{tx-316} :-BBB.............
2025-12-28 12:48:06.907076|{rx-317} 1, 0, 0, 3, 318, 318, 0, 0, 0, 0, 0, 1, 0, 1, 1
2025-12-28 12:48:06.911732|{rssi-317} 111, -53, -127, -127, -127, 111, 111, 111, 111, 111, 111, 111, 111, 111, 111, 111, 111, 111, 
2025-12-28 12:48:06.921346|{td-317} 0, -15, 0, 0, 0, 0, 0, 0, 0, 0, 0, 0, 0, 0, 0, 0, 0, 0, 
2025-12-28 12:48:06.926552|{tx-317} :-BBB.............
2025-12-28 12:48:07.097146|{rx-318} 1, 0, 0, 3, 319, 319, 0, 0, 0, 0, 0, 1, 0, 1, 1
2025-12-28 12:48:07.102106|{rssi-318} 111, -51, -127, -127, -127, 111, 111, 111, 111, 111, 111, 111, 111, 111, 111, 111, 111, 111, 
2025-12-28 12:48:07.111230|{td-318} 0, -15, 0, 0, 0, 0, 0, 0, 0, 0, 0, 0, 0, 0, 0, 0, 0, 0, 
2025-12-28 12:48:07.117160|{tx-318} :-BBB.............
2025-12-28 12:48:07.286703|{rx-319} 1, 0, 0, 3, 320, 320, 0, 0, 0, 0, 0, 1, 0, 1, 1
2025-12-28 12:48:07.290966|{rssi-319} 111, -56, -127, -127, -127, 111, 111, 111, 111, 111, 111, 111, 111, 111, 111, 111, 111, 111, 
2025-12-28 12:48:07.299952|{td-319} 0, -15, 0, 0, 0, 0, 0, 0, 0, 0, 0, 0, 0, 0, 0, 0, 0, 0, 
2025-12-28 12:48:07.307041|{tx-319} :-BBB.............
2025-12-28 12:48:07.477235|{rx-320} 1, 0, 0, 3, 321, 321, 0, 0, 0, 0, 0, 1, 0, 1, 1
2025-12-28 12:48:07.482610|{rssi-320} 111, -51, -127, -127, -127, 111, 111, 111, 111, 111, 111, 111, 111, 111, 111, 111, 111, 111, 
2025-12-28 12:48:07.490895|{td-320} 0, -15, 0, 0, 0, 0, 0, 0, 0, 0, 0, 0, 0, 0, 0, 0, 0, 0, 
2025-12-28 12:48:07.497369|{tx-320} :-BBB.............
2025-12-28 12:48:07.666768|{rx-321} 1, 0, 0, 3, 322, 322, 0, 0, 0, 0, 0, 1, 0, 1, 1
2025-12-28 12:48:07.670979|{rssi-321} 111, -51, -127, -127, -127, 111, 111, 111, 111, 111, 111, 111, 111, 111, 111, 111, 111, 111, 
2025-12-28 12:48:07.681036|{td-321} 0, -17, 0, 0, 0, 0, 0, 0, 0, 0, 0, 0, 0, 0, 0, 0, 0, 0, 
2025-12-28 12:48:07.685832|{tx-321} :-BBB.............
2025-12-28 12:48:07.856546|{rx-322} 1, 0, 0, 3, 323, 323, 0, 0, 0, 0, 0, 1, 0, 1, 1
2025-12-28 12:48:07.860885|{rssi-322} 111, -51, -127, -127, -127, 111, 111, 111, 111, 111, 111, 111, 111, 111, 111, 111, 111, 111, 
2025-12-28 12:48:07.870789|{td-322} 0, -15, 0, 0, 0, 0, 0, 0, 0, 0, 0, 0, 0, 0, 0, 0, 0, 0, 
2025-12-28 12:48:07.876809|{tx-322} :-BBB.............
2025-12-28 12:48:08.047149|{rx-323} 1, 0, 0, 3, 324, 324, 0, 0, 0, 0, 0, 1, 0, 1, 1
2025-12-28 12:48:08.051485|{rssi-323} 111, -56, -127, -127, -127, 111, 111, 111, 111, 111, 111, 111, 111, 111, 111, 111, 111, 111, 
2025-12-28 12:48:08.061016|{td-323} 0, -15, 0, 0, 0, 0, 0, 0, 0, 0, 0, 0, 0, 0, 0, 0, 0, 0, 
2025-12-28 12:48:08.067348|{tx-323} :-BBB.............
2025-12-28 12:48:08.237596|{rx-324} 1, 0, 0, 3, 325, 325, 0, 0, 0, 0, 0, 1, 0, 1, 1
2025-12-28 12:48:08.241348|{rssi-324} 111, -51, -127, -127, -127, 111, 111, 111, 111, 111, 111, 111, 111, 111, 111, 111, 111, 111, 
2025-12-28 12:48:08.251035|{td-324} 0, -15, 0, 0, 0, 0, 0, 0, 0, 0, 0, 0, 0, 0, 0, 0, 0, 0, 
2025-12-28 12:48:08.256631|{tx-324} :-BBB.............
2025-12-28 12:48:08.427051|{rx-325} 1, 0, 0, 3, 326, 326, 0, 0, 0, 0, 0, 1, 0, 1, 1
2025-12-28 12:48:08.431316|{rssi-325} 111, -52, -127, -127, -127, 111, 111, 111, 111, 111, 111, 111, 111, 111, 111, 111, 111, 111, 
2025-12-28 12:48:08.440782|{td-325} 0, -15, 0, 0, 0, 0, 0, 0, 0, 0, 0, 0, 0, 0, 0, 0, 0, 0, 
2025-12-28 12:48:08.446827|{tx-325} :-BBB.............
2025-12-28 12:48:08.617487|{rx-326} 1, 0, 0, 3, 327, 327, 0, 0, 0, 0, 0, 1, 0, 1, 1
2025-12-28 12:48:08.621570|{rssi-326} 111, -56, -127, -127, -127, 111, 111, 111, 111, 111, 111, 111, 111, 111, 111, 111, 111, 111, 
2025-12-28 12:48:08.630416|{td-326} 0, -15, 0, 0, 0, 0, 0, 0, 0, 0, 0, 0, 0, 0, 0, 0, 0, 0, 
2025-12-28 12:48:08.637178|{tx-326} :-BBB.............
2025-12-28 12:48:08.807213|{rx-327} 1, 0, 0, 3, 328, 328, 0, 0, 0, 0, 0, 1, 0, 1, 1
2025-12-28 12:48:08.811255|{rssi-327} 111, -51, -127, -127, -127, 111, 111, 111, 111, 111, 111, 111, 111, 111, 111, 111, 111, 111, 
2025-12-28 12:48:08.820508|{td-327} 0, -15, 0, 0, 0, 0, 0, 0, 0, 0, 0, 0, 0, 0, 0, 0, 0, 0, 
2025-12-28 12:48:08.826812|{tx-327} :-BBB.............
2025-12-28 12:48:08.997086|{rx-328} 1, 0, 0, 3, 329, 329, 0, 0, 0, 0, 0, 1, 0, 1, 1
2025-12-28 12:48:09.000587|{rssi-328} 111, -51, -127, -127, -127, 111, 111, 111, 111, 111, 111, 111, 111, 111, 111, 111, 111, 111, 
2025-12-28 12:48:09.010113|{td-328} 0, -15, 0, 0, 0, 0, 0, 0, 0, 0, 0, 0, 0, 0, 0, 0, 0, 0, 
2025-12-28 12:48:09.015559|{tx-328} :-BBB.............
2025-12-28 12:48:09.186348|{rx-329} 1, 0, 0, 3, 330, 330, 0, 0, 0, 0, 0, 1, 0, 1, 1
2025-12-28 12:48:09.191593|{rssi-329} 111, -52, -127, -127, -127, 111, 111, 111, 111, 111, 111, 111, 111, 111, 111, 111, 111, 111, 
2025-12-28 12:48:09.200719|{td-329} 0, -15, 0, 0, 0, 0, 0, 0, 0, 0, 0, 0, 0, 0, 0, 0, 0, 0, 
2025-12-28 12:48:09.207050|{tx-329} :-BBB.............
2025-12-28 12:48:09.376332|{rx-330} 1, 0, 0, 3, 331, 331, 0, 0, 0, 0, 0, 1, 0, 1, 1
2025-12-28 12:48:09.382871|{rssi-330} 111, -51, -127, -127, -127, 111, 111, 111, 111, 111, 111, 111, 111, 111, 111, 111, 111, 111, 
2025-12-28 12:48:09.391087|{td-330} 0, -15, 0, 0, 0, 0, 0, 0, 0, 0, 0, 0, 0, 0, 0, 0, 0, 0, 
2025-12-28 12:48:09.396625|{tx-330} :-BBB.............
2025-12-28 12:48:09.566126|{rx-331} 1, 0, 0, 3, 332, 332, 0, 0, 0, 0, 0, 1, 0, 1, 1
2025-12-28 12:48:09.574780|{rssi-331} 111, -52, -127, -127, -127, 111, 111, 111, 111, 111, 111, 111, 111, 111, 111, 111, 111, 111, 
2025-12-28 12:48:09.580567|{td-331} 0, -17, 0, 0, 0, 0, 0, 0, 0, 0, 0, 0, 0, 0, 0, 0, 0, 0, 
2025-12-28 12:48:09.585841|{tx-331} :-BBB.............
2025-12-28 12:48:09.756881|{rx-332} 1, 0, 0, 3, 333, 333, 0, 0, 0, 0, 0, 1, 0, 1, 1
2025-12-28 12:48:09.761270|{rssi-332} 111, -53, -127, -127, -127, 111, 111, 111, 111, 111, 111, 111, 111, 111, 111, 111, 111, 111, 
2025-12-28 12:48:09.770672|{td-332} 0, -15, 0, 0, 0, 0, 0, 0, 0, 0, 0, 0, 0, 0, 0, 0, 0, 0, 
2025-12-28 12:48:09.775715|{tx-332} :-BBB.............
2025-12-28 12:48:09.946003|{rx-333} 1, 0, 0, 3, 334, 334, 0, 0, 0, 0, 0, 1, 0, 1, 1
2025-12-28 12:48:09.951884|{rssi-333} 111, -51, -127, -127, -127, 111, 111, 111, 111, 111, 111, 111, 111, 111, 111, 111, 111, 111, 
2025-12-28 12:48:09.961125|{td-333} 0, -15, 0, 0, 0, 0, 0, 0, 0, 0, 0, 0, 0, 0, 0, 0, 0, 0, 
2025-12-28 12:48:09.966240|{tx-333} :-BBB.............
2025-12-28 12:48:10.135548|{rx-334} 1, 0, 0, 3, 335, 335, 0, 0, 0, 0, 0, 1, 0, 1, 1
2025-12-28 12:48:10.141245|{rssi-334} 111, -52, -127, -127, -127, 111, 111, 111, 111, 111, 111, 111, 111, 111, 111, 111, 111, 111, 
2025-12-28 12:48:10.150688|{td-334} 0, -15, 0, 0, 0, 0, 0, 0, 0, 0, 0, 0, 0, 0, 0, 0, 0, 0, 
2025-12-28 12:48:10.155551|{tx-334} :-BBB.............
2025-12-28 12:48:10.326184|{rx-335} 1, 0, 0, 3, 336, 336, 0, 0, 0, 0, 0, 1, 0, 1, 1
2025-12-28 12:48:10.331064|{rssi-335} 111, -51, -127, -127, -127, 111, 111, 111, 111, 111, 111, 111, 111, 111, 111, 111, 111, 111, 
2025-12-28 12:48:10.339913|{td-335} 0, -15, 0, 0, 0, 0, 0, 0, 0, 0, 0, 0, 0, 0, 0, 0, 0, 0, 
2025-12-28 12:48:10.346477|{tx-335} :-BBB.............
2025-12-28 12:48:10.515838|{rx-336} 1, 0, 0, 3, 337, 337, 0, 0, 0, 0, 0, 1, 0, 1, 1
2025-12-28 12:48:10.522478|{rssi-336} 111, -51, -127, -127, -127, 111, 111, 111, 111, 111, 111, 111, 111, 111, 111, 111, 111, 111, 
2025-12-28 12:48:10.530872|{td-336} 0, -15, 0, 0, 0, 0, 0, 0, 0, 0, 0, 0, 0, 0, 0, 0, 0, 0, 
2025-12-28 12:48:10.535780|{tx-336} :-BBB.............
2025-12-28 12:48:10.705792|{rx-337} 1, 0, 0, 3, 338, 338, 0, 0, 0, 0, 0, 1, 0, 1, 1
2025-12-28 12:48:10.710944|{rssi-337} 111, -53, -127, -127, -127, 111, 111, 111, 111, 111, 111, 111, 111, 111, 111, 111, 111, 111, 
2025-12-28 12:48:10.720871|{td-337} 0, -15, 0, 0, 0, 0, 0, 0, 0, 0, 0, 0, 0, 0, 0, 0, 0, 0, 
2025-12-28 12:48:10.725338|{tx-337} :-BBB.............
2025-12-28 12:48:10.896409|{rx-338} 1, 0, 0, 3, 339, 339, 0, 0, 0, 0, 0, 1, 0, 1, 1
2025-12-28 12:48:10.900629|{rssi-338} 111, -52, -127, -127, -127, 111, 111, 111, 111, 111, 111, 111, 111, 111, 111, 111, 111, 111, 
2025-12-28 12:48:10.910423|{td-338} 0, -15, 0, 0, 0, 0, 0, 0, 0, 0, 0, 0, 0, 0, 0, 0, 0, 0, 
2025-12-28 12:48:10.915907|{tx-338} :-BBB.............
2025-12-28 12:48:11.085815|{rx-339} 1, 0, 0, 3, 340, 340, 0, 0, 0, 0, 0, 1, 0, 1, 1
2025-12-28 12:48:11.090463|{rssi-339} 111, -51, -127, -127, -127, 111, 111, 111, 111, 111, 111, 111, 111, 111, 111, 111, 111, 111, 
2025-12-28 12:48:11.100681|{td-339} 0, -15, 0, 0, 0, 0, 0, 0, 0, 0, 0, 0, 0, 0, 0, 0, 0, 0, 
2025-12-28 12:48:11.105298|{tx-339} :-BBB.............
2025-12-28 12:48:11.276054|{rx-340} 1, 0, 0, 3, 341, 341, 0, 0, 0, 0, 0, 1, 0, 1, 1
2025-12-28 12:48:11.281364|{rssi-340} 111, -52, -127, -127, -127, 111, 111, 111, 111, 111, 111, 111, 111, 111, 111, 111, 111, 111, 
2025-12-28 12:48:11.289867|{td-340} 0, -17, 0, 0, 0, 0, 0, 0, 0, 0, 0, 0, 0, 0, 0, 0, 0, 0, 
2025-12-28 12:48:11.296374|{tx-340} :-BBB.............
2025-12-28 12:48:11.465521|{rx-341} 1, 0, 0, 3, 342, 342, 0, 0, 0, 0, 0, 1, 0, 1, 1
2025-12-28 12:48:11.470850|{rssi-341} 111, -51, -127, -127, -127, 111, 111, 111, 111, 111, 111, 111, 111, 111, 111, 111, 111, 111, 
2025-12-28 12:48:11.480404|{td-341} 0, -15, 0, 0, 0, 0, 0, 0, 0, 0, 0, 0, 0, 0, 0, 0, 0, 0, 
2025-12-28 12:48:11.485041|{tx-341} :-BBB.............
2025-12-28 12:48:11.655556|{rx-342} 1, 0, 0, 3, 343, 343, 0, 0, 0, 0, 0, 1, 0, 1, 1
2025-12-28 12:48:11.660961|{rssi-342} 111, -51, -127, -127, -127, 111, 111, 111, 111, 111, 111, 111, 111, 111, 111, 111, 111, 111, 
2025-12-28 12:48:11.669783|{td-342} 0, -15, 0, 0, 0, 0, 0, 0, 0, 0, 0, 0, 0, 0, 0, 0, 0, 0, 
2025-12-28 12:48:11.675532|{tx-342} :-BBB.............
2025-12-28 12:48:11.845236|{rx-343} 1, 0, 0, 3, 344, 344, 0, 0, 0, 0, 0, 1, 0, 1, 1
2025-12-28 12:48:11.850990|{rssi-343} 111, -53, -127, -127, -127, 111, 111, 111, 111, 111, 111, 111, 111, 111, 111, 111, 111, 111, 
2025-12-28 12:48:11.860660|{td-343} 0, -15, 0, 0, 0, 0, 0, 0, 0, 0, 0, 0, 0, 0, 0, 0, 0, 0, 
2025-12-28 12:48:11.866448|{tx-343} :-BBB.............
2025-12-28 12:48:12.035939|{rx-344} 1, 0, 0, 3, 345, 345, 0, 0, 0, 0, 0, 1, 0, 1, 1
2025-12-28 12:48:12.040712|{rssi-344} 111, -52, -127, -127, -127, 111, 111, 111, 111, 111, 111, 111, 111, 111, 111, 111, 111, 111, 
2025-12-28 12:48:12.050221|{td-344} 0, -15, 0, 0, 0, 0, 0, 0, 0, 0, 0, 0, 0, 0, 0, 0, 0, 0, 
2025-12-28 12:48:12.055015|{tx-344} :-BBB.............
2025-12-28 12:48:12.226124|{rx-345} 1, 0, 0, 3, 346, 346, 0, 0, 0, 0, 0, 1, 0, 1, 1
2025-12-28 12:48:12.230763|{rssi-345} 111, -51, -127, -127, -127, 111, 111, 111, 111, 111, 111, 111, 111, 111, 111, 111, 111, 111, 
2025-12-28 12:48:12.239583|{td-345} 0, -15, 0, 0, 0, 0, 0, 0, 0, 0, 0, 0, 0, 0, 0, 0, 0, 0, 
2025-12-28 12:48:12.245887|{tx-345} :-BBB.............
2025-12-28 12:48:12.416546|{rx-346} 1, 0, 0, 3, 347, 347, 0, 0, 0, 0, 0, 1, 0, 1, 1
2025-12-28 12:48:12.420726|{rssi-346} 111, -48, -127, -127, -127, 111, 111, 111, 111, 111, 111, 111, 111, 111, 111, 111, 111, 111, 
2025-12-28 12:48:12.430278|{td-346} 0, -15, 0, 0, 0, 0, 0, 0, 0, 0, 0, 0, 0, 0, 0, 0, 0, 0, 
2025-12-28 12:48:12.435420|{tx-346} :-BBB.............
2025-12-28 12:48:12.605778|{rx-347} 1, 0, 0, 3, 348, 348, 0, 0, 0, 0, 0, 1, 0, 1, 1
2025-12-28 12:48:12.610076|{rssi-347} 111, -53, -127, -127, -127, 111, 111, 111, 111, 111, 111, 111, 111, 111, 111, 111, 111, 111, 
2025-12-28 12:48:12.620383|{td-347} 0, -17, 0, 0, 0, 0, 0, 0, 0, 0, 0, 0, 0, 0, 0, 0, 0, 0, 
2025-12-28 12:48:12.625724|{tx-347} :-BBB.............
2025-12-28 12:48:12.795504|{rx-348} 1, 0, 0, 3, 349, 349, 0, 0, 0, 0, 0, 1, 0, 1, 1
2025-12-28 12:48:12.800679|{rssi-348} 111, -52, -127, -127, -127, 111, 111, 111, 111, 111, 111, 111, 111, 111, 111, 111, 111, 111, 
2025-12-28 12:48:12.810038|{td-348} 0, -13, 0, 0, 0, 0, 0, 0, 0, 0, 0, 0, 0, 0, 0, 0, 0, 0, 
2025-12-28 12:48:12.815037|{tx-348} :-BBB.............
2025-12-28 12:48:12.986299|{rx-349} 1, 0, 0, 3, 350, 350, 0, 0, 0, 0, 0, 1, 0, 1, 1
2025-12-28 12:48:12.990625|{rssi-349} 111, -51, -127, -127, -127, 111, 111, 111, 111, 111, 111, 111, 111, 111, 111, 111, 111, 111, 
2025-12-28 12:48:12.000351|{td-349} 0, -15, 0, 0, 0, 0, 0, 0, 0, 0, 0, 0, 0, 0, 0, 0, 0, 0, 
2025-12-28 12:48:13.005371|{tx-349} :-BBB.............
2025-12-28 12:48:13.176543|{rx-350} 1, 0, 0, 3, 351, 351, 0, 0, 0, 0, 0, 1, 0, 1, 1
2025-12-28 12:48:13.181335|{rssi-350} 111, -52, -127, -127, -127, 111, 111, 111, 111, 111, 111, 111, 111, 111, 111, 111, 111, 111, 
2025-12-28 12:48:13.190985|{td-350} 0, -17, 0, 0, 0, 0, 0, 0, 0, 0, 0, 0, 0, 0, 0, 0, 0, 0, 
2025-12-28 12:48:13.195464|{tx-350} :-BBB.............
2025-12-28 12:48:13.366137|{rx-351} 1, 0, 0, 3, 352, 352, 0, 0, 0, 0, 0, 1, 0, 1, 1
2025-12-28 12:48:13.369777|{rssi-351} 111, -56, -127, -127, -127, 111, 111, 111, 111, 111, 111, 111, 111, 111, 111, 111, 111, 111, 
2025-12-28 12:48:13.379942|{td-351} 0, -15, 0, 0, 0, 0, 0, 0, 0, 0, 0, 0, 0, 0, 0, 0, 0, 0, 
2025-12-28 12:48:13.385082|{tx-351} :-BBB.............
2025-12-28 12:48:13.556318|{rx-352} 1, 0, 0, 3, 353, 353, 0, 0, 0, 0, 0, 1, 0, 1, 1
2025-12-28 12:48:13.560815|{rssi-352} 111, -51, -127, -127, -127, 111, 111, 111, 111, 111, 111, 111, 111, 111, 111, 111, 111, 111, 
2025-12-28 12:48:13.569089|{td-352} 0, -15, 0, 0, 0, 0, 0, 0, 0, 0, 0, 0, 0, 0, 0, 0, 0, 0, 
2025-12-28 12:48:13.575077|{tx-352} :-BBB.............
2025-12-28 12:48:13.745861|{rx-353} 1, 0, 0, 3, 354, 354, 0, 0, 0, 0, 0, 1, 0, 1, 1
2025-12-28 12:48:13.750388|{rssi-353} 111, -51, -127, -127, -127, 111, 111, 111, 111, 111, 111, 111, 111, 111, 111, 111, 111, 111, 
2025-12-28 12:48:13.759104|{td-353} 0, -15, 0, 0, 0, 0, 0, 0, 0, 0, 0, 0, 0, 0, 0, 0, 0, 0, 
2025-12-28 12:48:13.764767|{tx-353} :-BBB.............
2025-12-28 12:48:13.935624|{rx-354} 1, 0, 0, 3, 355, 355, 0, 0, 0, 0, 0, 1, 0, 1, 1
2025-12-28 12:48:13.941021|{rssi-354} 111, -51, -127, -127, -127, 111, 111, 111, 111, 111, 111, 111, 111, 111, 111, 111, 111, 111, 
2025-12-28 12:48:13.950131|{td-354} 0, -15, 0, 0, 0, 0, 0, 0, 0, 0, 0, 0, 0, 0, 0, 0, 0, 0, 
2025-12-28 12:48:13.955042|{tx-354} :-BBB.............
2025-12-28 12:48:14.126138|{rx-355} 1, 0, 0, 3, 356, 356, 0, 0, 0, 0, 0, 1, 0, 1, 1
2025-12-28 12:48:14.130296|{rssi-355} 111, -51, -127, -127, -127, 111, 111, 111, 111, 111, 111, 111, 111, 111, 111, 111, 111, 111, 
2025-12-28 12:48:14.139074|{td-355} 0, -15, 0, 0, 0, 0, 0, 0, 0, 0, 0, 0, 0, 0, 0, 0, 0, 0, 
2025-12-28 12:48:14.145629|{tx-355} :-BBB.............
2025-12-28 12:48:14.315652|{rx-356} 1, 0, 0, 3, 357, 357, 0, 0, 0, 0, 0, 1, 0, 1, 1
2025-12-28 12:48:14.320451|{rssi-356} 111, -53, -127, -127, -127, 111, 111, 111, 111, 111, 111, 111, 111, 111, 111, 111, 111, 111, 
2025-12-28 12:48:14.330049|{td-356} 0, -15, 0, 0, 0, 0, 0, 0, 0, 0, 0, 0, 0, 0, 0, 0, 0, 0, 
2025-12-28 12:48:14.335578|{tx-356} :-BBB.............
2025-12-28 12:48:14.505390|{rx-357} 1, 0, 0, 3, 358, 358, 0, 0, 0, 0, 0, 1, 0, 1, 1
2025-12-28 12:48:14.510608|{rssi-357} 111, -52, -127, -127, -127, 111, 111, 111, 111, 111, 111, 111, 111, 111, 111, 111, 111, 111, 
2025-12-28 12:48:14.519628|{td-357} 0, -15, 0, 0, 0, 0, 0, 0, 0, 0, 0, 0, 0, 0, 0, 0, 0, 0, 
2025-12-28 12:48:14.525687|{tx-357} :-BBB.............
2025-12-28 12:48:14.695071|{rx-358} 1, 0, 0, 3, 359, 359, 0, 0, 0, 0, 0, 1, 0, 1, 1
2025-12-28 12:48:14.703807|{rssi-358} 111, -52, -127, -127, -127, 111, 111, 111, 111, 111, 111, 111, 111, 111, 111, 111, 111, 111, 
2025-12-28 12:48:14.709622|{td-358} 0, -15, 0, 0, 0, 0, 0, 0, 0, 0, 0, 0, 0, 0, 0, 0, 0, 0, 
2025-12-28 12:48:14.715019|{tx-358} :-BBB.............
2025-12-28 12:48:14.885455|{rx-359} 1, 0, 0, 3, 360, 360, 0, 0, 0, 0, 0, 1, 0, 1, 1
2025-12-28 12:48:14.890304|{rssi-359} 111, -51, -127, -127, -127, 111, 111, 111, 111, 111, 111, 111, 111, 111, 111, 111, 111, 111, 
2025-12-28 12:48:14.899779|{td-359} 0, -15, 0, 0, 0, 0, 0, 0, 0, 0, 0, 0, 0, 0, 0, 0, 0, 0, 
2025-12-28 12:48:14.905136|{tx-359} :-BBB.............
2025-12-28 12:48:15.097399|{rx-360} 1, 0, 0, 3, 361, 361, 0, 0, 0, 0, 0, 1, 0, 1, 1
2025-12-28 12:48:15.100567|{rssi-360} 111, -52, -127, -127, -127, 111, 111, 111, 111, 111, 111, 111, 111, 111, 111, 111, 111, 111, 
2025-12-28 12:48:15.104595|{td-360} 0, -15, 0, 0, 0, 0, 0, 0, 0, 0, 0, 0, 0, 0, 0, 0, 0, 0, 
2025-12-28 12:48:15.106068|{tx-360} :-BBB.............
2025-12-28 12:48:15.265131|{rx-361} 1, 0, 0, 3, 362, 362, 0, 0, 0, 0, 0, 1, 0, 1, 1
2025-12-28 12:48:15.269783|{rssi-361} 111, -53, -127, -127, -127, 111, 111, 111, 111, 111, 111, 111, 111, 111, 111, 111, 111, 111, 
2025-12-28 12:48:15.279409|{td-361} 0, -17, 0, 0, 0, 0, 0, 0, 0, 0, 0, 0, 0, 0, 0, 0, 0, 0, 
2025-12-28 12:48:15.284936|{tx-361} :-BBB.............
2025-12-28 12:48:15.455119|{rx-362} 1, 0, 0, 3, 363, 363, 0, 0, 0, 0, 0, 1, 0, 1, 1
2025-12-28 12:48:15.461125|{rssi-362} 111, -51, -127, -127, -127, 111, 111, 111, 111, 111, 111, 111, 111, 111, 111, 111, 111, 111, 
2025-12-28 12:48:15.477309|{td-362} 0, -15, 0, 0, 0, 0, 0, 0, 0, 0, 0, 0, 0, 0, 0, 0, 0, 0, 
2025-12-28 12:48:15.478690|{tx-362} :-BBB.............
2025-12-28 12:48:15.645127|{rx-363} 1, 0, 0, 3, 364, 364, 0, 0, 0, 0, 0, 1, 0, 1, 1
2025-12-28 12:48:15.650199|{rssi-363} 111, -51, -127, -127, -127, 111, 111, 111, 111, 111, 111, 111, 111, 111, 111, 111, 111, 111, 
2025-12-28 12:48:15.659548|{td-363} 0, -15, 0, 0, 0, 0, 0, 0, 0, 0, 0, 0, 0, 0, 0, 0, 0, 0, 
2025-12-28 12:48:15.665020|{tx-363} :-BBB.............
2025-12-28 12:48:15.835201|{rx-364} 1, 0, 0, 3, 365, 365, 0, 0, 0, 0, 0, 1, 0, 1, 1
2025-12-28 12:48:15.840290|{rssi-364} 111, -51, -127, -127, -127, 111, 111, 111, 111, 111, 111, 111, 111, 111, 111, 111, 111, 111, 
2025-12-28 12:48:15.850227|{td-364} 0, -15, 0, 0, 0, 0, 0, 0, 0, 0, 0, 0, 0, 0, 0, 0, 0, 0, 
2025-12-28 12:48:15.855129|{tx-364} :-BBB.............
2025-12-28 12:48:16.024961|{rx-365} 1, 0, 0, 3, 366, 366, 0, 0, 0, 0, 0, 1, 0, 1, 1
2025-12-28 12:48:16.030256|{rssi-365} 111, -51, -127, -127, -127, 111, 111, 111, 111, 111, 111, 111, 111, 111, 111, 111, 111, 111, 
2025-12-28 12:48:16.039353|{td-365} 0, -15, 0, 0, 0, 0, 0, 0, 0, 0, 0, 0, 0, 0, 0, 0, 0, 0, 
2025-12-28 12:48:16.045393|{tx-365} :-BBB.............
2025-12-28 12:48:16.214719|{rx-366} 1, 0, 0, 3, 367, 367, 0, 0, 0, 0, 0, 1, 0, 1, 1
2025-12-28 12:48:16.220037|{rssi-366} 111, -51, -127, -127, -127, 111, 111, 111, 111, 111, 111, 111, 111, 111, 111, 111, 111, 111, 
2025-12-28 12:48:16.229786|{td-366} 0, -15, 0, 0, 0, 0, 0, 0, 0, 0, 0, 0, 0, 0, 0, 0, 0, 0, 
2025-12-28 12:48:16.235279|{tx-366} :-BBB.............
2025-12-28 12:48:16.404809|{rx-367} 1, 0, 0, 3, 368, 368, 0, 0, 0, 0, 0, 1, 0, 1, 1
2025-12-28 12:48:16.410067|{rssi-367} 111, -51, -127, -127, -127, 111, 111, 111, 111, 111, 111, 111, 111, 111, 111, 111, 111, 111, 
2025-12-28 12:48:16.419581|{td-367} 0, -15, 0, 0, 0, 0, 0, 0, 0, 0, 0, 0, 0, 0, 0, 0, 0, 0, 
2025-12-28 12:48:16.424941|{tx-367} :-BBB.............
2025-12-28 12:48:16.595535|{rx-368} 1, 0, 0, 3, 369, 369, 0, 0, 0, 0, 0, 1, 0, 1, 1
2025-12-28 12:48:16.599841|{rssi-368} 111, -52, -127, -127, -127, 111, 111, 111, 111, 111, 111, 111, 111, 111, 111, 111, 111, 111, 
2025-12-28 12:48:16.609390|{td-368} 0, -15, 0, 0, 0, 0, 0, 0, 0, 0, 0, 0, 0, 0, 0, 0, 0, 0, 
2025-12-28 12:48:16.614887|{tx-368} :-BBB.............
2025-12-28 12:48:16.785437|{rx-369} 1, 0, 0, 3, 370, 370, 0, 0, 0, 0, 0, 1, 0, 1, 1
2025-12-28 12:48:16.789971|{rssi-369} 111, -51, -127, -127, -127, 111, 111, 111, 111, 111, 111, 111, 111, 111, 111, 111, 111, 111, 
2025-12-28 12:48:16.799291|{td-369} 0, -15, 0, 0, 0, 0, 0, 0, 0, 0, 0, 0, 0, 0, 0, 0, 0, 0, 
2025-12-28 12:48:16.804757|{tx-369} :-BBB.............
2025-12-28 12:48:16.974996|{rx-370} 1, 0, 0, 3, 371, 371, 0, 0, 0, 0, 0, 1, 0, 1, 1
2025-12-28 12:48:16.978787|{rssi-370} 111, -51, -127, -127, -127, 111, 111, 111, 111, 111, 111, 111, 111, 111, 111, 111, 111, 111, 
2025-12-28 12:48:16.989473|{td-370} 0, -17, 0, 0, 0, 0, 0, 0, 0, 0, 0, 0, 0, 0, 0, 0, 0, 0, 
2025-12-28 12:48:16.994826|{tx-370} :-BBB.............
2025-12-28 12:48:17.164874|{rx-371} 1, 0, 0, 3, 372, 372, 0, 0, 0, 0, 0, 1, 0, 1, 1
2025-12-28 12:48:17.169360|{rssi-371} 111, -49, -127, -127, -127, 111, 111, 111, 111, 111, 111, 111, 111, 111, 111, 111, 111, 111, 
2025-12-28 12:48:17.178346|{td-371} 0, -15, 0, 0, 0, 0, 0, 0, 0, 0, 0, 0, 0, 0, 0, 0, 0, 0, 
2025-12-28 12:48:17.185165|{tx-371} :-BBB.............
2025-12-28 12:48:17.355173|{rx-372} 1, 0, 0, 3, 373, 373, 0, 0, 0, 0, 0, 1, 0, 1, 1
2025-12-28 12:48:17.359686|{rssi-372} 111, -56, -127, -127, -127, 111, 111, 111, 111, 111, 111, 111, 111, 111, 111, 111, 111, 111, 
2025-12-28 12:48:17.369245|{td-372} 0, -15, 0, 0, 0, 0, 0, 0, 0, 0, 0, 0, 0, 0, 0, 0, 0, 0, 
2025-12-28 12:48:17.374445|{tx-372} :-BBB.............
2025-12-28 12:48:17.545089|{rx-373} 1, 0, 0, 3, 374, 374, 0, 0, 0, 0, 0, 1, 0, 1, 1
2025-12-28 12:48:17.549790|{rssi-373} 111, -52, -127, -127, -127, 111, 111, 111, 111, 111, 111, 111, 111, 111, 111, 111, 111, 111, 
2025-12-28 12:48:17.559572|{td-373} 0, -15, 0, 0, 0, 0, 0, 0, 0, 0, 0, 0, 0, 0, 0, 0, 0, 0, 
2025-12-28 12:48:17.564704|{tx-373} :-BBB.............
2025-12-28 12:48:17.734843|{rx-374} 1, 0, 0, 3, 375, 375, 0, 0, 0, 0, 0, 1, 0, 1, 1
2025-12-28 12:48:17.738985|{rssi-374} 111, -51, -127, -127, -127, 111, 111, 111, 111, 111, 111, 111, 111, 111, 111, 111, 111, 111, 
2025-12-28 12:48:17.749346|{td-374} 0, -15, 0, 0, 0, 0, 0, 0, 0, 0, 0, 0, 0, 0, 0, 0, 0, 0, 
2025-12-28 12:48:17.754880|{tx-374} :-BBB.............
2025-12-28 12:48:17.925499|{rx-375} 1, 0, 0, 3, 376, 376, 0, 0, 0, 0, 0, 1, 0, 1, 1
2025-12-28 12:48:17.930027|{rssi-375} 111, -52, -127, -127, -127, 111, 111, 111, 111, 111, 111, 111, 111, 111, 111, 111, 111, 111, 
2025-12-28 12:48:17.939164|{td-375} 0, -15, 0, 0, 0, 0, 0, 0, 0, 0, 0, 0, 0, 0, 0, 0, 0, 0, 
2025-12-28 12:48:17.945557|{tx-375} :-BBB.............
2025-12-28 12:48:18.115092|{rx-376} 1, 0, 0, 3, 377, 377, 0, 0, 0, 0, 0, 1, 0, 1, 1
2025-12-28 12:48:18.120014|{rssi-376} 111, -51, -127, -127, -127, 111, 111, 111, 111, 111, 111, 111, 111, 111, 111, 111, 111, 111, 
2025-12-28 12:48:18.129143|{td-376} 0, -15, 0, 0, 0, 0, 0, 0, 0, 0, 0, 0, 0, 0, 0, 0, 0, 0, 
2025-12-28 12:48:18.135215|{tx-376} :-BBB.............
2025-12-28 12:48:18.304899|{rx-377} 1, 0, 0, 3, 378, 378, 0, 0, 0, 0, 0, 1, 0, 1, 1
2025-12-28 12:48:18.309363|{rssi-377} 111, -50, -127, -127, -127, 111, 111, 111, 111, 111, 111, 111, 111, 111, 111, 111, 111, 111, 
2025-12-28 12:48:18.318997|{td-377} 0, -17, 0, 0, 0, 0, 0, 0, 0, 0, 0, 0, 0, 0, 0, 0, 0, 0, 
2025-12-28 12:48:18.324056|{tx-377} :-BBB.............
2025-12-28 12:48:18.494806|{rx-378} 1, 0, 0, 3, 379, 379, 0, 0, 0, 0, 0, 1, 0, 1, 1
2025-12-28 12:48:18.499111|{rssi-378} 111, -51, -127, -127, -127, 111, 111, 111, 111, 111, 111, 111, 111, 111, 111, 111, 111, 111, 
2025-12-28 12:48:18.509087|{td-378} 0, -13, 0, 0, 0, 0, 0, 0, 0, 0, 0, 0, 0, 0, 0, 0, 0, 0, 
2025-12-28 12:48:18.514580|{tx-378} :-BBB.............
2025-12-28 12:48:18.686675|{rx-379} 1, 0, 0, 3, 380, 380, 0, 0, 0, 0, 0, 1, 0, 1, 1
2025-12-28 12:48:18.690755|{rssi-379} 111, -50, -127, -127, -127, 111, 111, 111, 111, 111, 111, 111, 111, 111, 111, 111, 111, 111, 
2025-12-28 12:48:18.698255|{td-379} 0, -17, 0, 0, 0, 0, 0, 0, 0, 0, 0, 0, 0, 0, 0, 0, 0, 0, 
2025-12-28 12:48:18.704938|{tx-379} :-BBB.............
2025-12-28 12:48:18.875148|{rx-380} 1, 0, 0, 3, 381, 381, 0, 0, 0, 0, 0, 1, 0, 1, 1
2025-12-28 12:48:18.879246|{rssi-380} 111, -52, -127, -127, -127, 111, 111, 111, 111, 111, 111, 111, 111, 111, 111, 111, 111, 111, 
2025-12-28 12:48:18.889041|{td-380} 0, -15, 0, 0, 0, 0, 0, 0, 0, 0, 0, 0, 0, 0, 0, 0, 0, 0, 
2025-12-28 12:48:18.894726|{tx-380} :-BBB.............
2025-12-28 12:48:19.065623|{rx-381} 1, 0, 0, 3, 382, 382, 0, 0, 0, 0, 0, 1, 0, 1, 1
2025-12-28 12:48:19.069377|{rssi-381} 111, -53, -127, -127, -127, 111, 111, 111, 111, 111, 111, 111, 111, 111, 111, 111, 111, 111, 
2025-12-28 12:48:19.078558|{td-381} 0, -15, 0, 0, 0, 0, 0, 0, 0, 0, 0, 0, 0, 0, 0, 0, 0, 0, 
2025-12-28 12:48:19.085312|{tx-381} :-BBB.............
2025-12-28 12:48:19.255027|{rx-382} 1, 0, 0, 3, 383, 383, 0, 0, 0, 0, 0, 1, 0, 1, 1
2025-12-28 12:48:19.259172|{rssi-382} 111, -53, -127, -127, -127, 111, 111, 111, 111, 111, 111, 111, 111, 111, 111, 111, 111, 111, 
2025-12-28 12:48:19.268863|{td-382} 0, -15, 0, 0, 0, 0, 0, 0, 0, 0, 0, 0, 0, 0, 0, 0, 0, 0, 
2025-12-28 12:48:19.275165|{tx-382} :-BBB.............
2025-12-28 12:48:19.443707|{rx-383} 1, 0, 0, 3, 384, 384, 0, 0, 0, 0, 0, 1, 0, 1, 1
2025-12-28 12:48:19.449220|{rssi-383} 111, -53, -127, -127, -127, 111, 111, 111, 111, 111, 111, 111, 111, 111, 111, 111, 111, 111, 
2025-12-28 12:48:19.458294|{td-383} 0, -15, 0, 0, 0, 0, 0, 0, 0, 0, 0, 0, 0, 0, 0, 0, 0, 0, 
2025-12-28 12:48:19.465053|{tx-383} :-BBB.............
2025-12-28 12:48:19.634639|{rx-384} 1, 0, 0, 3, 385, 385, 0, 0, 0, 0, 0, 1, 0, 1, 1
2025-12-28 12:48:19.639652|{rssi-384} 111, -51, -127, -127, -127, 111, 111, 111, 111, 111, 111, 111, 111, 111, 111, 111, 111, 111, 
2025-12-28 12:48:19.648863|{td-384} 0, -15, 0, 0, 0, 0, 0, 0, 0, 0, 0, 0, 0, 0, 0, 0, 0, 0, 
2025-12-28 12:48:19.654959|{tx-384} :-BBB.............
2025-12-28 12:48:19.824446|{rx-385} 1, 0, 0, 3, 386, 386, 0, 0, 0, 0, 0, 1, 0, 1, 1
2025-12-28 12:48:19.832233|{rssi-385} 111, -51, -127, -127, -127, 111, 111, 111, 111, 111, 111, 111, 111, 111, 111, 111, 111, 111, 
2025-12-28 12:48:19.837917|{td-385} 0, -15, 0, 0, 0, 0, 0, 0, 0, 0, 0, 0, 0, 0, 0, 0, 0, 0, 
2025-12-28 12:48:19.844179|{tx-385} :-BBB.............
2025-12-28 12:48:20.014330|{rx-386} 1, 0, 0, 3, 387, 387, 0, 0, 0, 0, 0, 1, 0, 1, 1
2025-12-28 12:48:20.019290|{rssi-386} 111, -52, -127, -127, -127, 111, 111, 111, 111, 111, 111, 111, 111, 111, 111, 111, 111, 111, 
2025-12-28 12:48:20.028896|{td-386} 0, -15, 0, 0, 0, 0, 0, 0, 0, 0, 0, 0, 0, 0, 0, 0, 0, 0, 
2025-12-28 12:48:20.035576|{tx-386} :-BBB.............
2025-12-28 12:48:20.203621|{rx-387} 1, 0, 0, 3, 388, 388, 0, 0, 0, 0, 0, 1, 0, 1, 1
2025-12-28 12:48:20.209705|{rssi-387} 111, -51, -127, -127, -127, 111, 111, 111, 111, 111, 111, 111, 111, 111, 111, 111, 111, 111, 
2025-12-28 12:48:20.218331|{td-387} 0, -17, 0, 0, 0, 0, 0, 0, 0, 0, 0, 0, 0, 0, 0, 0, 0, 0, 
2025-12-28 12:48:20.224240|{tx-387} :-BBB.............
2025-12-28 12:48:20.393667|{rx-388} 1, 0, 0, 3, 389, 389, 0, 0, 0, 0, 0, 1, 0, 1, 1
2025-12-28 12:48:20.399387|{rssi-388} 111, -53, -127, -127, -127, 111, 111, 111, 111, 111, 111, 111, 111, 111, 111, 111, 111, 111, 
2025-12-28 12:48:20.407863|{td-388} 0, -15, 0, 0, 0, 0, 0, 0, 0, 0, 0, 0, 0, 0, 0, 0, 0, 0, 
2025-12-28 12:48:20.414526|{tx-388} :-BBB.............
2025-12-28 12:48:20.584740|{rx-389} 1, 0, 0, 3, 390, 390, 0, 0, 0, 0, 0, 1, 0, 1, 1
2025-12-28 12:48:20.588582|{rssi-389} 111, -52, -127, -127, -127, 111, 111, 111, 111, 111, 111, 111, 111, 111, 111, 111, 111, 111, 
2025-12-28 12:48:20.598826|{td-389} 0, -13, 0, 0, 0, 0, 0, 0, 0, 0, 0, 0, 0, 0, 0, 0, 0, 0, 
2025-12-28 12:48:20.604554|{tx-389} :-BBB.............
2025-12-28 12:48:20.774151|{rx-390} 1, 0, 0, 3, 391, 391, 0, 0, 0, 0, 0, 1, 0, 1, 1
2025-12-28 12:48:20.779286|{rssi-390} 111, -52, -127, -127, -127, 111, 111, 111, 111, 111, 111, 111, 111, 111, 111, 111, 111, 111, 
2025-12-28 12:48:20.788207|{td-390} 0, -17, 0, 0, 0, 0, 0, 0, 0, 0, 0, 0, 0, 0, 0, 0, 0, 0, 
2025-12-28 12:48:20.793900|{tx-390} :-BBB.............
2025-12-28 12:48:20.964430|{rx-391} 1, 0, 0, 3, 392, 392, 0, 0, 0, 0, 0, 1, 0, 1, 1
2025-12-28 12:48:20.969164|{rssi-391} 111, -53, -127, -127, -127, 111, 111, 111, 111, 111, 111, 111, 111, 111, 111, 111, 111, 111, 
2025-12-28 12:48:20.978397|{td-391} 0, -15, 0, 0, 0, 0, 0, 0, 0, 0, 0, 0, 0, 0, 0, 0, 0, 0, 
2025-12-28 12:48:20.983880|{tx-391} :-BBB.............
2025-12-28 12:48:21.154010|{rx-392} 1, 0, 0, 3, 393, 393, 0, 0, 0, 0, 0, 1, 0, 1, 1
2025-12-28 12:48:21.159012|{rssi-392} 111, -51, -127, -127, -127, 111, 111, 111, 111, 111, 111, 111, 111, 111, 111, 111, 111, 111, 
2025-12-28 12:48:21.168571|{td-392} 0, -15, 0, 0, 0, 0, 0, 0, 0, 0, 0, 0, 0, 0, 0, 0, 0, 0, 
2025-12-28 12:48:21.173230|{tx-392} :-BBB.............
2025-12-28 12:48:21.344834|{rx-393} 1, 0, 0, 3, 394, 394, 0, 0, 0, 0, 0, 1, 0, 1, 1
2025-12-28 12:48:21.349766|{rssi-393} 111, -51, -127, -127, -127, 111, 111, 111, 111, 111, 111, 111, 111, 111, 111, 111, 111, 111, 
2025-12-28 12:48:21.358856|{td-393} 0, -15, 0, 0, 0, 0, 0, 0, 0, 0, 0, 0, 0, 0, 0, 0, 0, 0, 
2025-12-28 12:48:21.365229|{tx-393} :-BBB.............
2025-12-28 12:48:21.534751|{rx-394} 1, 0, 0, 3, 395, 395, 0, 0, 0, 0, 0, 1, 0, 1, 1
2025-12-28 12:48:21.539066|{rssi-394} 111, -51, -127, -127, -127, 111, 111, 111, 111, 111, 111, 111, 111, 111, 111, 111, 111, 111, 
2025-12-28 12:48:21.548494|{td-394} 0, -15, 0, 0, 0, 0, 0, 0, 0, 0, 0, 0, 0, 0, 0, 0, 0, 0, 
2025-12-28 12:48:21.553849|{tx-394} :-BBB.............
2025-12-28 12:48:21.724104|{rx-395} 1, 0, 0, 3, 396, 396, 0, 0, 0, 0, 0, 1, 0, 1, 1
2025-12-28 12:48:21.728592|{rssi-395} 111, -52, -127, -127, -127, 111, 111, 111, 111, 111, 111, 111, 111, 111, 111, 111, 111, 111, 
2025-12-28 12:48:21.737829|{td-395} 0, -15, 0, 0, 0, 0, 0, 0, 0, 0, 0, 0, 0, 0, 0, 0, 0, 0, 
2025-12-28 12:48:21.744309|{tx-395} :-BBB.............
2025-12-28 12:48:21.914666|{rx-396} 1, 0, 0, 3, 397, 397, 0, 0, 0, 0, 0, 1, 0, 1, 1
2025-12-28 12:48:21.919311|{rssi-396} 111, -52, -127, -127, -127, 111, 111, 111, 111, 111, 111, 111, 111, 111, 111, 111, 111, 111, 
2025-12-28 12:48:21.928540|{td-396} 0, -15, 0, 0, 0, 0, 0, 0, 0, 0, 0, 0, 0, 0, 0, 0, 0, 0, 
2025-12-28 12:48:21.934735|{tx-396} :-BBB.............
2025-12-28 12:48:22.104766|{rx-397} 1, 0, 0, 3, 398, 398, 0, 0, 0, 0, 0, 1, 0, 1, 1
2025-12-28 12:48:22.109244|{rssi-397} 111, -51, -127, -127, -127, 111, 111, 111, 111, 111, 111, 111, 111, 111, 111, 111, 111, 111, 
2025-12-28 12:48:22.117630|{td-397} 0, -15, 0, 0, 0, 0, 0, 0, 0, 0, 0, 0, 0, 0, 0, 0, 0, 0, 
2025-12-28 12:48:22.123046|{tx-397} :-BBB.............
2025-12-28 12:48:22.294220|{rx-398} 1, 0, 0, 3, 399, 399, 0, 0, 0, 0, 0, 1, 0, 1, 1
2025-12-28 12:48:22.298791|{rssi-398} 111, -51, -127, -127, -127, 111, 111, 111, 111, 111, 111, 111, 111, 111, 111, 111, 111, 111, 
2025-12-28 12:48:22.308565|{td-398} 0, -17, 0, 0, 0, 0, 0, 0, 0, 0, 0, 0, 0, 0, 0, 0, 0, 0, 
2025-12-28 12:48:22.314476|{tx-398} :-BBB.............
2025-12-28 12:48:22.484171|{rx-399} 1, 0, 0, 3, 400, 400, 0, 0, 0, 0, 0, 1, 0, 1, 1
2025-12-28 12:48:22.488564|{rssi-399} 111, -51, -127, -127, -127, 111, 111, 111, 111, 111, 111, 111, 111, 111, 111, 111, 111, 111, 
2025-12-28 12:48:22.498385|{td-399} 0, -13, 0, 0, 0, 0, 0, 0, 0, 0, 0, 0, 0, 0, 0, 0, 0, 0, 
2025-12-28 12:48:22.504417|{tx-399} :-BBB.............
2025-12-28 12:48:22.674468|{rx-400} 1, 0, 0, 3, 401, 401, 0, 0, 0, 0, 0, 1, 0, 1, 1
2025-12-28 12:48:22.678970|{rssi-400} 111, -51, -127, -127, -127, 111, 111, 111, 111, 111, 111, 111, 111, 111, 111, 111, 111, 111, 
2025-12-28 12:48:22.687937|{td-400} 0, -17, 0, 0, 0, 0, 0, 0, 0, 0, 0, 0, 0, 0, 0, 0, 0, 0, 
2025-12-28 12:48:22.694588|{tx-400} :-BBB.............
2025-12-28 12:48:22.865250|{rx-401} 1, 0, 0, 3, 402, 402, 0, 0, 0, 0, 0, 1, 0, 1, 1
2025-12-28 12:48:22.868959|{rssi-401} 111, -52, -127, -127, -127, 111, 111, 111, 111, 111, 111, 111, 111, 111, 111, 111, 111, 111, 
2025-12-28 12:48:22.878305|{td-401} 0, -15, 0, 0, 0, 0, 0, 0, 0, 0, 0, 0, 0, 0, 0, 0, 0, 0, 
2025-12-28 12:48:22.882857|{tx-401} :-BBB.............
2025-12-28 12:48:23.054789|{rx-402} 1, 0, 0, 3, 403, 403, 0, 0, 0, 0, 0, 1, 0, 1, 1
2025-12-28 12:48:23.058540|{rssi-402} 111, -53, -127, -127, -127, 111, 111, 111, 111, 111, 111, 111, 111, 111, 111, 111, 111, 111, 
2025-12-28 12:48:23.067963|{td-402} 0, -15, 0, 0, 0, 0, 0, 0, 0, 0, 0, 0, 0, 0, 0, 0, 0, 0, 
2025-12-28 12:48:23.072761|{tx-402} :-BBB.............
2025-12-28 12:48:23.244875|{rx-403} 1, 0, 0, 3, 404, 404, 0, 0, 0, 0, 0, 1, 0, 1, 1
2025-12-28 12:48:23.249075|{rssi-403} 111, -51, -127, -127, -127, 111, 111, 111, 111, 111, 111, 111, 111, 111, 111, 111, 111, 111, 
2025-12-28 12:48:23.258310|{td-403} 0, -15, 0, 0, 0, 0, 0, 0, 0, 0, 0, 0, 0, 0, 0, 0, 0, 0, 
2025-12-28 12:48:23.262764|{tx-403} :-BBB.............
2025-12-28 12:48:23.434375|{rx-404} 1, 0, 0, 3, 405, 405, 0, 0, 0, 0, 0, 1, 0, 1, 1
2025-12-28 12:48:23.438829|{rssi-404} 111, -49, -127, -127, -127, 111, 111, 111, 111, 111, 111, 111, 111, 111, 111, 111, 111, 111, 
2025-12-28 12:48:23.447155|{td-404} 0, -15, 0, 0, 0, 0, 0, 0, 0, 0, 0, 0, 0, 0, 0, 0, 0, 0, 
2025-12-28 12:48:23.454350|{tx-404} :-BBB.............
2025-12-28 12:48:23.624010|{rx-405} 1, 0, 0, 3, 406, 406, 0, 0, 0, 0, 0, 1, 0, 1, 1
2025-12-28 12:48:23.628187|{rssi-405} 111, -51, -127, -127, -127, 111, 111, 111, 111, 111, 111, 111, 111, 111, 111, 111, 111, 111, 
2025-12-28 12:48:23.638248|{td-405} 0, -15, 0, 0, 0, 0, 0, 0, 0, 0, 0, 0, 0, 0, 0, 0, 0, 0, 
2025-12-28 12:48:23.642815|{tx-405} :-BBB.............
2025-12-28 12:48:23.814455|{rx-406} 1, 0, 0, 3, 407, 407, 0, 0, 0, 0, 0, 1, 0, 1, 1
2025-12-28 12:48:23.819227|{rssi-406} 111, -51, -127, -127, -127, 111, 111, 111, 111, 111, 111, 111, 111, 111, 111, 111, 111, 111, 
2025-12-28 12:48:23.828098|{td-406} 0, -15, 0, 0, 0, 0, 0, 0, 0, 0, 0, 0, 0, 0, 0, 0, 0, 0, 
2025-12-28 12:48:23.833701|{tx-406} :-BBB.............
2025-12-28 12:48:24.004732|{rx-407} 1, 0, 0, 3, 408, 408, 0, 0, 0, 0, 0, 1, 0, 1, 1
2025-12-28 12:48:24.008837|{rssi-407} 111, -51, -127, -127, -127, 111, 111, 111, 111, 111, 111, 111, 111, 111, 111, 111, 111, 111, 
2025-12-28 12:48:24.017690|{td-407} 0, -17, 0, 0, 0, 0, 0, 0, 0, 0, 0, 0, 0, 0, 0, 0, 0, 0, 
2025-12-28 12:48:24.024339|{tx-407} :-BBB.............
2025-12-28 12:48:24.195032|{rx-408} 1, 0, 0, 3, 409, 409, 0, 0, 0, 0, 0, 1, 0, 1, 1
2025-12-28 12:48:24.198586|{rssi-408} 111, -51, -127, -127, -127, 111, 111, 111, 111, 111, 111, 111, 111, 111, 111, 111, 111, 111, 
2025-12-28 12:48:24.208026|{td-408} 0, -15, 0, 0, 0, 0, 0, 0, 0, 0, 0, 0, 0, 0, 0, 0, 0, 0, 
2025-12-28 12:48:24.214191|{tx-408} :-BBB.............
2025-12-28 12:48:24.384936|{rx-409} 1, 0, 0, 3, 410, 410, 0, 0, 0, 0, 0, 1, 0, 1, 1
2025-12-28 12:48:24.388712|{rssi-409} 111, -53, -127, -127, -127, 111, 111, 111, 111, 111, 111, 111, 111, 111, 111, 111, 111, 111, 
2025-12-28 12:48:24.398443|{td-409} 0, -15, 0, 0, 0, 0, 0, 0, 0, 0, 0, 0, 0, 0, 0, 0, 0, 0, 
2025-12-28 12:48:24.402796|{tx-409} :-BBB.............
2025-12-28 12:48:24.573985|{rx-410} 1, 0, 0, 3, 411, 411, 0, 0, 0, 0, 0, 1, 0, 1, 1
2025-12-28 12:48:24.577753|{rssi-410} 111, -52, -127, -127, -127, 111, 111, 111, 111, 111, 111, 111, 111, 111, 111, 111, 111, 111, 
2025-12-28 12:48:24.587589|{td-410} 0, -15, 0, 0, 0, 0, 0, 0, 0, 0, 0, 0, 0, 0, 0, 0, 0, 0, 
2025-12-28 12:48:24.594200|{tx-410} :-BBB.............
2025-12-28 12:48:24.762953|{rx-411} 1, 0, 0, 3, 412, 412, 0, 0, 0, 0, 0, 1, 0, 1, 1
2025-12-28 12:48:24.768089|{rssi-411} 111, -51, -127, -127, -127, 111, 111, 111, 111, 111, 111, 111, 111, 111, 111, 111, 111, 111, 
2025-12-28 12:48:24.778058|{td-411} 0, -15, 0, 0, 0, 0, 0, 0, 0, 0, 0, 0, 0, 0, 0, 0, 0, 0, 
2025-12-28 12:48:24.782705|{tx-411} :-BBB.............
2025-12-28 12:48:24.953615|{rx-412} 1, 0, 0, 3, 413, 413, 0, 0, 0, 0, 0, 1, 0, 1, 1
2025-12-28 12:48:24.957860|{rssi-412} 111, -52, -127, -127, -127, 111, 111, 111, 111, 111, 111, 111, 111, 111, 111, 111, 111, 111, 
2025-12-28 12:48:24.967696|{td-412} 0, -15, 0, 0, 0, 0, 0, 0, 0, 0, 0, 0, 0, 0, 0, 0, 0, 0, 
2025-12-28 12:48:24.974314|{tx-412} :-BBB.............
2025-12-28 12:48:25.143019|{rx-413} 1, 0, 0, 3, 414, 414, 0, 0, 0, 0, 0, 1, 0, 1, 1
2025-12-28 12:48:25.148696|{rssi-413} 111, -51, -127, -127, -127, 111, 111, 111, 111, 111, 111, 111, 111, 111, 111, 111, 111, 111, 
2025-12-28 12:48:25.157234|{td-413} 0, -15, 0, 0, 0, 0, 0, 0, 0, 0, 0, 0, 0, 0, 0, 0, 0, 0, 
2025-12-28 12:48:25.162579|{tx-413} :-BBB.............
2025-12-28 12:48:25.334621|{rx-414} 1, 0, 0, 3, 415, 415, 0, 0, 0, 0, 0, 1, 0, 1, 1
2025-12-28 12:48:25.338833|{rssi-414} 111, -53, -127, -127, -127, 111, 111, 111, 111, 111, 111, 111, 111, 111, 111, 111, 111, 111, 
2025-12-28 12:48:25.346533|{td-414} 0, -15, 0, 0, 0, 0, 0, 0, 0, 0, 0, 0, 0, 0, 0, 0, 0, 0, 
2025-12-28 12:48:25.353077|{tx-414} :-BBB.............
2025-12-28 12:48:25.522611|{rx-415} 1, 0, 0, 3, 416, 416, 0, 0, 0, 0, 0, 1, 0, 1, 1
2025-12-28 12:48:25.528722|{rssi-415} 111, -49, -127, -127, -127, 111, 111, 111, 111, 111, 111, 111, 111, 111, 111, 111, 111, 111, 
2025-12-28 12:48:25.538039|{td-415} 0, -15, 0, 0, 0, 0, 0, 0, 0, 0, 0, 0, 0, 0, 0, 0, 0, 0, 
2025-12-28 12:48:25.544009|{tx-415} :-BBB.............
2025-12-28 12:48:25.715325|{rx-416} 1, 0, 0, 3, 417, 417, 0, 0, 0, 0, 0, 1, 0, 1, 1
2025-12-28 12:48:25.719118|{rssi-416} 111, -51, -127, -127, -127, 111, 111, 111, 111, 111, 111, 111, 111, 111, 111, 111, 111, 111, 
2025-12-28 12:48:25.727871|{td-416} 0, -15, 0, 0, 0, 0, 0, 0, 0, 0, 0, 0, 0, 0, 0, 0, 0, 0, 
2025-12-28 12:48:25.734360|{tx-416} :-BBB.............
2025-12-28 12:48:25.902154|{rx-417} 1, 0, 0, 3, 418, 418, 0, 0, 0, 0, 0, 1, 0, 1, 1
2025-12-28 12:48:25.908308|{rssi-417} 111, -56, -127, -127, -127, 111, 111, 111, 111, 111, 111, 111, 111, 111, 111, 111, 111, 111, 
2025-12-28 12:48:25.917523|{td-417} 0, -17, 0, 0, 0, 0, 0, 0, 0, 0, 0, 0, 0, 0, 0, 0, 0, 0, 
2025-12-28 12:48:25.923216|{tx-417} :-BBB.............
2025-12-28 12:48:26.094329|{rx-418} 1, 0, 0, 3, 419, 419, 0, 0, 0, 0, 0, 1, 0, 1, 1
2025-12-28 12:48:26.098347|{rssi-418} 111, -52, -127, -127, -127, 111, 111, 111, 111, 111, 111, 111, 111, 111, 111, 111, 111, 111, 
2025-12-28 12:48:26.107513|{td-418} 0, -15, 0, 0, 0, 0, 0, 0, 0, 0, 0, 0, 0, 0, 0, 0, 0, 0, 
2025-12-28 12:48:26.113946|{tx-418} :-BBB.............
2025-12-28 12:48:26.283643|{rx-419} 1, 0, 0, 3, 420, 420, 0, 0, 0, 0, 0, 1, 0, 1, 1
2025-12-28 12:48:26.287404|{rssi-419} 111, -52, -127, -127, -127, 111, 111, 111, 111, 111, 111, 111, 111, 111, 111, 111, 111, 111, 
2025-12-28 12:48:26.297079|{td-419} 0, -15, 0, 0, 0, 0, 0, 0, 0, 0, 0, 0, 0, 0, 0, 0, 0, 0, 
2025-12-28 12:48:26.303223|{tx-419} :-BBB.............
2025-12-28 12:48:26.473931|{rx-420} 1, 0, 0, 3, 421, 421, 0, 0, 0, 0, 0, 1, 0, 1, 1
2025-12-28 12:48:26.478208|{rssi-420} 111, -57, -127, -127, -127, 111, 111, 111, 111, 111, 111, 111, 111, 111, 111, 111, 111, 111, 
2025-12-28 12:48:26.487565|{td-420} 0, -15, 0, 0, 0, 0, 0, 0, 0, 0, 0, 0, 0, 0, 0, 0, 0, 0, 
2025-12-28 12:48:26.494145|{tx-420} :-BBB.............
2025-12-28 12:48:26.663590|{rx-421} 1, 0, 0, 3, 422, 422, 0, 0, 0, 0, 0, 1, 0, 1, 1
2025-12-28 12:48:26.668119|{rssi-421} 111, -56, -127, -127, -127, 111, 111, 111, 111, 111, 111, 111, 111, 111, 111, 111, 111, 111, 
2025-12-28 12:48:26.676927|{td-421} 0, -15, 0, 0, 0, 0, 0, 0, 0, 0, 0, 0, 0, 0, 0, 0, 0, 0, 
2025-12-28 12:48:26.682328|{tx-421} :-BBB.............
2025-12-28 12:48:26.853133|{rx-422} 1, 0, 0, 3, 423, 423, 0, 0, 0, 0, 0, 1, 0, 1, 1
2025-12-28 12:48:26.857061|{rssi-422} 111, -52, -127, -127, -127, 111, 111, 111, 111, 111, 111, 111, 111, 111, 111, 111, 111, 111, 
2025-12-28 12:48:26.866860|{td-422} 0, -15, 0, 0, 0, 0, 0, 0, 0, 0, 0, 0, 0, 0, 0, 0, 0, 0, 
2025-12-28 12:48:26.873015|{tx-422} :-BBB.............
2025-12-28 12:48:27.042582|{rx-423} 1, 0, 0, 3, 424, 424, 0, 0, 0, 0, 0, 1, 0, 1, 1
2025-12-28 12:48:27.048242|{rssi-423} 111, -51, -127, -127, -127, 111, 111, 111, 111, 111, 111, 111, 111, 111, 111, 111, 111, 111, 
2025-12-28 12:48:27.057582|{td-423} 0, -15, 0, 0, 0, 0, 0, 0, 0, 0, 0, 0, 0, 0, 0, 0, 0, 0, 
2025-12-28 12:48:27.062277|{tx-423} :-BBB.............
2025-12-28 12:48:27.233680|{rx-424} 1, 0, 0, 3, 425, 425, 0, 0, 0, 0, 0, 1, 0, 1, 1
2025-12-28 12:48:27.237980|{rssi-424} 111, -51, -127, -127, -127, 111, 111, 111, 111, 111, 111, 111, 111, 111, 111, 111, 111, 111, 
2025-12-28 12:48:27.246911|{td-424} 0, -15, 0, 0, 0, 0, 0, 0, 0, 0, 0, 0, 0, 0, 0, 0, 0, 0, 
2025-12-28 12:48:27.252222|{tx-424} :-BBB.............
2025-12-28 12:48:27.423717|{rx-425} 1, 0, 0, 3, 426, 426, 0, 0, 0, 0, 0, 1, 0, 1, 1
2025-12-28 12:48:27.428073|{rssi-425} 111, -52, -127, -127, -127, 111, 111, 111, 111, 111, 111, 111, 111, 111, 111, 111, 111, 111, 
2025-12-28 12:48:27.436897|{td-425} 0, -15, 0, 0, 0, 0, 0, 0, 0, 0, 0, 0, 0, 0, 0, 0, 0, 0, 
2025-12-28 12:48:27.443854|{tx-425} :-BBB.............
2025-12-28 12:48:27.614192|{rx-426} 1, 0, 0, 3, 427, 427, 0, 0, 0, 0, 0, 1, 0, 1, 1
2025-12-28 12:48:27.619822|{rssi-426} 111, -51, -127, -127, -127, 111, 111, 111, 111, 111, 111, 111, 111, 111, 111, 111, 111, 111, 
2025-12-28 12:48:27.629304|{td-426} 0, -15, 0, 0, 0, 0, 0, 0, 0, 0, 0, 0, 0, 0, 0, 0, 0, 0, 
2025-12-28 12:48:27.634137|{tx-426} :-BBB.............
2025-12-28 12:48:27.803666|{rx-427} 1, 0, 0, 3, 428, 428, 0, 0, 0, 0, 0, 1, 0, 1, 1
2025-12-28 12:48:27.808529|{rssi-427} 111, -52, -127, -127, -127, 111, 111, 111, 111, 111, 111, 111, 111, 111, 111, 111, 111, 111, 
2025-12-28 12:48:27.816902|{td-427} 0, -17, 0, 0, 0, 0, 0, 0, 0, 0, 0, 0, 0, 0, 0, 0, 0, 0, 
2025-12-28 12:48:27.823712|{tx-427} :-BBB.............
2025-12-28 12:48:27.993098|{rx-428} 1, 0, 0, 3, 429, 429, 0, 0, 0, 0, 0, 1, 0, 1, 1
2025-12-28 12:48:27.997518|{rssi-428} 111, -54, -127, -127, -127, 111, 111, 111, 111, 111, 111, 111, 111, 111, 111, 111, 111, 111, 
2025-12-28 12:48:28.009051|{td-428} 0, -15, 0, 0, 0, 0, 0, 0, 0, 0, 0, 0, 0, 0, 0, 0, 0, 0, 
2025-12-28 12:48:28.015129|{tx-428} :-BBB.............
2025-12-28 12:48:28.183215|{rx-429} 1, 0, 0, 3, 430, 430, 0, 0, 0, 0, 0, 1, 0, 1, 1
2025-12-28 12:48:28.190426|{rssi-429} 111, -51, -127, -127, -127, 111, 111, 111, 111, 111, 111, 111, 111, 111, 111, 111, 111, 111, 
2025-12-28 12:48:28.197503|{td-429} 0, -15, 0, 0, 0, 0, 0, 0, 0, 0, 0, 0, 0, 0, 0, 0, 0, 0, 
2025-12-28 12:48:28.202608|{tx-429} :-BBB.............
2025-12-28 12:48:28.374266|{rx-430} 1, 0, 0, 3, 431, 431, 0, 0, 0, 0, 0, 1, 0, 1, 1
2025-12-28 12:48:28.380467|{rssi-430} 111, -52, -127, -127, -127, 111, 111, 111, 111, 111, 111, 111, 111, 111, 111, 111, 111, 111, 
2025-12-28 12:48:28.389082|{td-430} 0, -15, 0, 0, 0, 0, 0, 0, 0, 0, 0, 0, 0, 0, 0, 0, 0, 0, 
2025-12-28 12:48:28.392517|{tx-430} :-BBB.............
2025-12-28 12:48:28.564976|{rx-431} 1, 0, 0, 3, 432, 432, 0, 0, 0, 0, 0, 1, 0, 1, 1
2025-12-28 12:48:28.569637|{rssi-431} 111, -53, -127, -127, -127, 111, 111, 111, 111, 111, 111, 111, 111, 111, 111, 111, 111, 111, 
2025-12-28 12:48:28.579494|{td-431} 0, -15, 0, 0, 0, 0, 0, 0, 0, 0, 0, 0, 0, 0, 0, 0, 0, 0, 
2025-12-28 12:48:28.582360|{tx-431} :-BBB.............
2025-12-28 12:48:28.753725|{rx-432} 1, 0, 0, 3, 433, 433, 0, 0, 0, 0, 0, 1, 0, 1, 1
2025-12-28 12:48:28.758066|{rssi-432} 111, -51, -127, -127, -127, 111, 111, 111, 111, 111, 111, 111, 111, 111, 111, 111, 111, 111, 
2025-12-28 12:48:28.768509|{td-432} 0, -15, 0, 0, 0, 0, 0, 0, 0, 0, 0, 0, 0, 0, 0, 0, 0, 0, 
2025-12-28 12:48:28.774311|{tx-432} :-BBB.............
2025-12-28 12:48:28.946130|{rx-433} 1, 0, 0, 3, 434, 434, 0, 0, 0, 0, 0, 1, 0, 1, 1
2025-12-28 12:48:28.950251|{rssi-433} 111, -52, -127, -127, -127, 111, 111, 111, 111, 111, 111, 111, 111, 111, 111, 111, 111, 111, 
2025-12-28 12:48:28.958035|{td-433} 0, -15, 0, 0, 0, 0, 0, 0, 0, 0, 0, 0, 0, 0, 0, 0, 0, 0, 
2025-12-28 12:48:28.964788|{tx-433} :-BBB.............
2025-12-28 12:48:29.134187|{rx-434} 1, 0, 0, 3, 435, 435, 0, 0, 0, 0, 0, 1, 0, 1, 1
2025-12-28 12:48:29.138515|{rssi-434} 111, -51, -127, -127, -127, 111, 111, 111, 111, 111, 111, 111, 111, 111, 111, 111, 111, 111, 
2025-12-28 12:48:29.148163|{td-434} 0, -15, 0, 0, 0, 0, 0, 0, 0, 0, 0, 0, 0, 0, 0, 0, 0, 0, 
2025-12-28 12:48:29.152776|{tx-434} :-BBB.............
2025-12-28 12:48:29.324004|{rx-435} 1, 0, 0, 3, 436, 436, 0, 0, 0, 0, 0, 1, 0, 1, 1
2025-12-28 12:48:29.328911|{rssi-435} 111, -51, -127, -127, -127, 111, 111, 111, 111, 111, 111, 111, 111, 111, 111, 111, 111, 111, 
2025-12-28 12:48:29.337031|{td-435} 0, -17, 0, 0, 0, 0, 0, 0, 0, 0, 0, 0, 0, 0, 0, 0, 0, 0, 
2025-12-28 12:48:29.342825|{tx-435} :-BBB.............
2025-12-28 12:48:29.514568|{rx-436} 1, 0, 0, 3, 437, 437, 0, 0, 0, 0, 0, 1, 0, 1, 1
2025-12-28 12:48:29.517066|{rssi-436} 111, -52, -127, -127, -127, 111, 111, 111, 111, 111, 111, 111, 111, 111, 111, 111, 111, 111, 
2025-12-28 12:48:29.530682|{td-436} 0, -15, 0, 0, 0, 0, 0, 0, 0, 0, 0, 0, 0, 0, 0, 0, 0, 0, 
2025-12-28 12:48:29.533915|{tx-436} :-BBB.............
2025-12-28 12:48:29.701703|{rx-437} 1, 0, 0, 3, 438, 438, 0, 0, 0, 0, 0, 1, 0, 1, 1
2025-12-28 12:48:29.709121|{rssi-437} 111, -52, -127, -127, -127, 111, 111, 111, 111, 111, 111, 111, 111, 111, 111, 111, 111, 111, 
2025-12-28 12:48:29.721059|{td-437} 0, -15, 0, 0, 0, 0, 0, 0, 0, 0, 0, 0, 0, 0, 0, 0, 0, 0, 
2025-12-28 12:48:29.724664|{tx-437} :-BBB.............
2025-12-28 12:48:29.892775|{rx-438} 1, 0, 0, 3, 439, 439, 0, 0, 0, 0, 0, 1, 0, 1, 1
2025-12-28 12:48:29.898562|{rssi-438} 111, -52, -127, -127, -127, 111, 111, 111, 111, 111, 111, 111, 111, 111, 111, 111, 111, 111, 
2025-12-28 12:48:29.909066|{td-438} 0, -15, 0, 0, 0, 0, 0, 0, 0, 0, 0, 0, 0, 0, 0, 0, 0, 0, 
2025-12-28 12:48:29.911620|{tx-438} :-BBB.............
2025-12-28 12:48:30.082898|{rx-439} 1, 0, 0, 3, 440, 440, 0, 0, 0, 0, 0, 1, 0, 1, 1
2025-12-28 12:48:30.094338|{rssi-439} 111, -51, -127, -127, -127, 111, 111, 111, 111, 111, 111, 111, 111, 111, 111, 111, 111, 111, 
2025-12-28 12:48:30.100874|{td-439} 0, -15, 0, 0, 0, 0, 0, 0, 0, 0, 0, 0, 0, 0, 0, 0, 0, 0, 
2025-12-28 12:48:30.104111|{tx-439} :-BBB.............
2025-12-28 12:48:30.274035|{rx-440} 1, 0, 0, 3, 441, 441, 0, 0, 0, 0, 0, 1, 0, 1, 1
2025-12-28 12:48:30.280295|{rssi-440} 111, -53, -127, -127, -127, 111, 111, 111, 111, 111, 111, 111, 111, 111, 111, 111, 111, 111, 
2025-12-28 12:48:30.289027|{td-440} 0, -15, 0, 0, 0, 0, 0, 0, 0, 0, 0, 0, 0, 0, 0, 0, 0, 0, 
2025-12-28 12:48:30.294079|{tx-440} :-BBB.............
2025-12-28 12:48:30.465147|{rx-441} 1, 0, 0, 3, 442, 442, 0, 0, 0, 0, 0, 1, 0, 1, 1
2025-12-28 12:48:30.470118|{rssi-441} 111, -51, -127, -127, -127, 111, 111, 111, 111, 111, 111, 111, 111, 111, 111, 111, 111, 111, 
2025-12-28 12:48:30.476845|{td-441} 0, -15, 0, 0, 0, 0, 0, 0, 0, 0, 0, 0, 0, 0, 0, 0, 0, 0, 
2025-12-28 12:48:30.482654|{tx-441} :-BBB.............
2025-12-28 12:48:30.653667|{rx-442} 1, 0, 0, 3, 443, 443, 0, 0, 0, 0, 0, 1, 0, 1, 1
2025-12-28 12:48:30.657461|{rssi-442} 111, -51, -127, -127, -127, 111, 111, 111, 111, 111, 111, 111, 111, 111, 111, 111, 111, 111, 
2025-12-28 12:48:30.666746|{td-442} 0, -15, 0, 0, 0, 0, 0, 0, 0, 0, 0, 0, 0, 0, 0, 0, 0, 0, 
2025-12-28 12:48:30.672691|{tx-442} :-BBB.............
2025-12-28 12:48:30.843117|{rx-443} 1, 0, 0, 3, 444, 444, 0, 0, 0, 0, 0, 1, 0, 1, 1
2025-12-28 12:48:30.849624|{rssi-443} 111, -52, -127, -127, -127, 111, 111, 111, 111, 111, 111, 111, 111, 111, 111, 111, 111, 111, 
2025-12-28 12:48:30.858027|{td-443} 0, -15, 0, 0, 0, 0, 0, 0, 0, 0, 0, 0, 0, 0, 0, 0, 0, 0, 
2025-12-28 12:48:30.864453|{tx-443} :-BBB.............
2025-12-28 12:48:31.033272|{rx-444} 1, 0, 0, 3, 445, 445, 0, 0, 0, 0, 0, 1, 0, 1, 1
2025-12-28 12:48:31.037384|{rssi-444} 111, -50, -127, -127, -127, 111, 111, 111, 111, 111, 111, 111, 111, 111, 111, 111, 111, 111, 
2025-12-28 12:48:31.048658|{td-444} 0, -15, 0, 0, 0, 0, 0, 0, 0, 0, 0, 0, 0, 0, 0, 0, 0, 0, 
2025-12-28 12:48:31.052841|{tx-444} :-BBB.............
2025-12-28 12:48:31.222877|{rx-445} 1, 0, 0, 3, 446, 446, 0, 0, 0, 0, 0, 1, 0, 1, 1
2025-12-28 12:48:31.227212|{rssi-445} 111, -51, -127, -127, -127, 111, 111, 111, 111, 111, 111, 111, 111, 111, 111, 111, 111, 111, 
2025-12-28 12:48:31.236656|{td-445} 0, -17, 0, 0, 0, 0, 0, 0, 0, 0, 0, 0, 0, 0, 0, 0, 0, 0, 
2025-12-28 12:48:31.242077|{tx-445} :-BBB.............
2025-12-28 12:48:31.412443|{rx-446} 1, 0, 0, 3, 447, 447, 0, 0, 0, 0, 0, 1, 0, 1, 1
2025-12-28 12:48:31.418461|{rssi-446} 111, -51, -127, -127, -127, 111, 111, 111, 111, 111, 111, 111, 111, 111, 111, 111, 111, 111, 
2025-12-28 12:48:31.427042|{td-446} 0, -15, 0, 0, 0, 0, 0, 0, 0, 0, 0, 0, 0, 0, 0, 0, 0, 0, 
2025-12-28 12:48:31.433799|{tx-446} :-BBB.............
2025-12-28 12:48:31.602754|{rx-447} 1, 0, 0, 3, 448, 448, 0, 0, 0, 0, 0, 1, 0, 1, 1
2025-12-28 12:48:31.609156|{rssi-447} 111, -51, -127, -127, -127, 111, 111, 111, 111, 111, 111, 111, 111, 111, 111, 111, 111, 111, 
2025-12-28 12:48:31.618520|{td-447} 0, -15, 0, 0, 0, 0, 0, 0, 0, 0, 0, 0, 0, 0, 0, 0, 0, 0, 
2025-12-28 12:48:31.621210|{tx-447} :-BBB.............
2025-12-28 12:48:31.792039|{rx-448} 1, 0, 0, 3, 449, 449, 0, 0, 0, 0, 0, 1, 0, 1, 1
2025-12-28 12:48:31.798986|{rssi-448} 111, -52, -127, -127, -127, 111, 111, 111, 111, 111, 111, 111, 111, 111, 111, 111, 111, 111, 
2025-12-28 12:48:31.807321|{td-448} 0, -15, 0, 0, 0, 0, 0, 0, 0, 0, 0, 0, 0, 0, 0, 0, 0, 0, 
2025-12-28 12:48:31.811418|{tx-448} :-BBB.............
2025-12-28 12:48:31.983829|{rx-449} 1, 0, 0, 3, 450, 450, 0, 0, 0, 0, 0, 1, 0, 1, 1
2025-12-28 12:48:31.986641|{rssi-449} 111, -48, -127, -127, -127, 111, 111, 111, 111, 111, 111, 111, 111, 111, 111, 111, 111, 111, 
2025-12-28 12:48:31.997458|{td-449} 0, -15, 0, 0, 0, 0, 0, 0, 0, 0, 0, 0, 0, 0, 0, 0, 0, 0, 
2025-12-28 12:48:32.002184|{tx-449} :-BBB.............
2025-12-28 12:48:32.172457|{rx-450} 1, 0, 0, 3, 451, 451, 0, 0, 0, 0, 0, 1, 0, 1, 1
2025-12-28 12:48:32.177092|{rssi-450} 111, -52, -127, -127, -127, 111, 111, 111, 111, 111, 111, 111, 111, 111, 111, 111, 111, 111, 
2025-12-28 12:48:32.186798|{td-450} 0, -15, 0, 0, 0, 0, 0, 0, 0, 0, 0, 0, 0, 0, 0, 0, 0, 0, 
2025-12-28 12:48:32.191106|{tx-450} :-BBB.............
2025-12-28 12:48:32.362824|{rx-451} 1, 0, 0, 3, 452, 452, 0, 0, 0, 0, 0, 1, 0, 1, 1
2025-12-28 12:48:32.367148|{rssi-451} 111, -51, -127, -127, -127, 111, 111, 111, 111, 111, 111, 111, 111, 111, 111, 111, 111, 111, 
2025-12-28 12:48:32.376132|{td-451} 0, -15, 0, 0, 0, 0, 0, 0, 0, 0, 0, 0, 0, 0, 0, 0, 0, 0, 
2025-12-28 12:48:32.381746|{tx-451} :-BBB.............
2025-12-28 12:48:32.552736|{rx-452} 1, 0, 0, 3, 453, 453, 0, 0, 0, 0, 0, 1, 0, 1, 1
2025-12-28 12:48:32.557412|{rssi-452} 111, -51, -127, -127, -127, 111, 111, 111, 111, 111, 111, 111, 111, 111, 111, 111, 111, 111, 
2025-12-28 12:48:32.566299|{td-452} 0, -17, 0, 0, 0, 0, 0, 0, 0, 0, 0, 0, 0, 0, 0, 0, 0, 0, 
2025-12-28 12:48:32.572360|{tx-452} :-BBB.............
2025-12-28 12:48:32.742218|{rx-453} 1, 0, 0, 3, 454, 454, 0, 0, 0, 0, 0, 1, 0, 1, 1
2025-12-28 12:48:32.747491|{rssi-453} 111, -52, -127, -127, -127, 111, 111, 111, 111, 111, 111, 111, 111, 111, 111, 111, 111, 111, 
2025-12-28 12:48:32.756677|{td-453} 0, -13, 0, 0, 0, 0, 0, 0, 0, 0, 0, 0, 0, 0, 0, 0, 0, 0, 
2025-12-28 12:48:32.761243|{tx-453} :-BBB.............
2025-12-28 12:48:32.932333|{rx-454} 1, 0, 0, 3, 455, 455, 0, 0, 0, 0, 0, 1, 0, 1, 1
2025-12-28 12:48:32.936917|{rssi-454} 111, -51, -127, -127, -127, 111, 111, 111, 111, 111, 111, 111, 111, 111, 111, 111, 111, 111, 
2025-12-28 12:48:32.945474|{td-454} 0, -15, 0, 0, 0, 0, 0, 0, 0, 0, 0, 0, 0, 0, 0, 0, 0, 0, 
2025-12-28 12:48:32.952196|{tx-454} :-BBB.............
2025-12-28 12:48:33.122646|{rx-455} 1, 0, 0, 3, 456, 456, 0, 0, 0, 0, 0, 1, 0, 1, 1
2025-12-28 12:48:33.127242|{rssi-455} 111, -52, -127, -127, -127, 111, 111, 111, 111, 111, 111, 111, 111, 111, 111, 111, 111, 111, 
2025-12-28 12:48:33.135363|{td-455} 0, -17, 0, 0, 0, 0, 0, 0, 0, 0, 0, 0, 0, 0, 0, 0, 0, 0, 
2025-12-28 12:48:33.141008|{tx-455} :-BBB.............
2025-12-28 12:48:33.312100|{rx-456} 1, 0, 0, 3, 457, 457, 0, 0, 0, 0, 0, 1, 0, 1, 1
2025-12-28 12:48:33.317292|{rssi-456} 111, -51, -127, -127, -127, 111, 111, 111, 111, 111, 111, 111, 111, 111, 111, 111, 111, 111, 
2025-12-28 12:48:33.326520|{td-456} 0, -15, 0, 0, 0, 0, 0, 0, 0, 0, 0, 0, 0, 0, 0, 0, 0, 0, 
2025-12-28 12:48:33.331540|{tx-456} :-BBB.............
2025-12-28 12:48:33.502690|{rx-457} 1, 0, 0, 3, 458, 458, 0, 0, 0, 0, 0, 1, 0, 1, 1
2025-12-28 12:48:33.506777|{rssi-457} 111, -52, -127, -127, -127, 111, 111, 111, 111, 111, 111, 111, 111, 111, 111, 111, 111, 111, 
2025-12-28 12:48:33.516688|{td-457} 0, -15, 0, 0, 0, 0, 0, 0, 0, 0, 0, 0, 0, 0, 0, 0, 0, 0, 
2025-12-28 12:48:33.522378|{tx-457} :-BBB.............
2025-12-28 12:48:33.692647|{rx-458} 1, 0, 0, 3, 459, 459, 0, 0, 0, 0, 0, 1, 0, 1, 1
2025-12-28 12:48:33.696202|{rssi-458} 111, -51, -127, -127, -127, 111, 111, 111, 111, 111, 111, 111, 111, 111, 111, 111, 111, 111, 
2025-12-28 12:48:33.707067|{td-458} 0, -15, 0, 0, 0, 0, 0, 0, 0, 0, 0, 0, 0, 0, 0, 0, 0, 0, 
2025-12-28 12:48:33.711257|{tx-458} :-BBB.............
2025-12-28 12:48:33.882006|{rx-459} 1, 0, 0, 3, 460, 460, 0, 0, 0, 0, 0, 1, 0, 1, 1
2025-12-28 12:48:33.886986|{rssi-459} 111, -51, -127, -127, -127, 111, 111, 111, 111, 111, 111, 111, 111, 111, 111, 111, 111, 111, 
2025-12-28 12:48:33.896117|{td-459} 0, -15, 0, 0, 0, 0, 0, 0, 0, 0, 0, 0, 0, 0, 0, 0, 0, 0, 
2025-12-28 12:48:33.901921|{tx-459} :-BBB.............
2025-12-28 12:48:34.072952|{rx-460} 1, 0, 0, 3, 461, 461, 0, 0, 0, 0, 0, 1, 0, 1, 1
2025-12-28 12:48:34.076823|{rssi-460} 111, -52, -127, -127, -127, 111, 111, 111, 111, 111, 111, 111, 111, 111, 111, 111, 111, 111, 
2025-12-28 12:48:34.086397|{td-460} 0, -15, 0, 0, 0, 0, 0, 0, 0, 0, 0, 0, 0, 0, 0, 0, 0, 0, 
2025-12-28 12:48:34.091397|{tx-460} :-BBB.............
2025-12-28 12:48:34.261886|{rx-461} 1, 0, 0, 3, 462, 462, 0, 0, 0, 0, 0, 1, 0, 1, 1
2025-12-28 12:48:34.266730|{rssi-461} 111, -54, -127, -127, -127, 111, 111, 111, 111, 111, 111, 111, 111, 111, 111, 111, 111, 111, 
2025-12-28 12:48:34.276404|{td-461} 0, -15, 0, 0, 0, 0, 0, 0, 0, 0, 0, 0, 0, 0, 0, 0, 0, 0, 
2025-12-28 12:48:34.282009|{tx-461} :-BBB.............
2025-12-28 12:48:34.452284|{rx-462} 1, 0, 0, 3, 463, 463, 0, 0, 0, 0, 0, 1, 0, 1, 1
2025-12-28 12:48:34.457187|{rssi-462} 111, -50, -127, -127, -127, 111, 111, 111, 111, 111, 111, 111, 111, 111, 111, 111, 111, 111, 
2025-12-28 12:48:34.466513|{td-462} 0, -15, 0, 0, 0, 0, 0, 0, 0, 0, 0, 0, 0, 0, 0, 0, 0, 0, 
2025-12-28 12:48:34.471313|{tx-462} :-BBB.............
2025-12-28 12:48:34.642360|{rx-463} 1, 0, 0, 3, 464, 464, 0, 0, 0, 0, 0, 1, 0, 1, 1
2025-12-28 12:48:34.647010|{rssi-463} 111, -52, -127, -127, -127, 111, 111, 111, 111, 111, 111, 111, 111, 111, 111, 111, 111, 111, 
2025-12-28 12:48:34.656382|{td-463} 0, -17, 0, 0, 0, 0, 0, 0, 0, 0, 0, 0, 0, 0, 0, 0, 0, 0, 
2025-12-28 12:48:34.661260|{tx-463} :-BBB.............
2025-12-28 12:48:34.830989|{rx-464} 1, 0, 0, 3, 465, 465, 0, 0, 0, 0, 0, 1, 0, 1, 1
2025-12-28 12:48:34.837005|{rssi-464} 111, -52, -127, -127, -127, 111, 111, 111, 111, 111, 111, 111, 111, 111, 111, 111, 111, 111, 
2025-12-28 12:48:34.846355|{td-464} 0, -15, 0, 0, 0, 0, 0, 0, 0, 0, 0, 0, 0, 0, 0, 0, 0, 0, 
2025-12-28 12:48:34.851774|{tx-464} :-BBB.............
2025-12-28 12:48:35.022168|{rx-465} 1, 0, 0, 3, 466, 466, 0, 0, 0, 0, 0, 1, 0, 1, 1
2025-12-28 12:48:35.027273|{rssi-465} 111, -51, -127, -127, -127, 111, 111, 111, 111, 111, 111, 111, 111, 111, 111, 111, 111, 111, 
2025-12-28 12:48:35.036037|{td-465} 0, -15, 0, 0, 0, 0, 0, 0, 0, 0, 0, 0, 0, 0, 0, 0, 0, 0, 
2025-12-28 12:48:35.041929|{tx-465} :-BBB.............
2025-12-28 12:48:35.212676|{rx-466} 1, 0, 0, 3, 467, 467, 0, 0, 0, 0, 0, 1, 0, 1, 1
2025-12-28 12:48:35.222386|{rssi-466} 111, -53, -127, -127, -127, 111, 111, 111, 111, 111, 111, 111, 111, 111, 111, 111, 111, 111, 
2025-12-28 12:48:35.227201|{td-466} 0, -15, 0, 0, 0, 0, 0, 0, 0, 0, 0, 0, 0, 0, 0, 0, 0, 0, 
2025-12-28 12:48:35.232125|{tx-466} :-BBB.............
2025-12-28 12:48:35.400892|{rx-467} 1, 0, 0, 3, 468, 468, 0, 0, 0, 0, 0, 1, 0, 1, 1
2025-12-28 12:48:35.406824|{rssi-467} 111, -52, -127, -127, -127, 111, 111, 111, 111, 111, 111, 111, 111, 111, 111, 111, 111, 111, 
2025-12-28 12:48:35.415911|{td-467} 0, -15, 0, 0, 0, 0, 0, 0, 0, 0, 0, 0, 0, 0, 0, 0, 0, 0, 
2025-12-28 12:48:35.421188|{tx-467} :-BBB.............
2025-12-28 12:48:35.590417|{rx-468} 1, 0, 0, 3, 469, 469, 0, 0, 0, 0, 0, 1, 0, 1, 1
2025-12-28 12:48:35.596718|{rssi-468} 111, -51, -127, -127, -127, 111, 111, 111, 111, 111, 111, 111, 111, 111, 111, 111, 111, 111, 
2025-12-28 12:48:35.605563|{td-468} 0, -15, 0, 0, 0, 0, 0, 0, 0, 0, 0, 0, 0, 0, 0, 0, 0, 0, 
2025-12-28 12:48:35.611771|{tx-468} :-BBB.............
2025-12-28 12:48:35.781609|{rx-469} 1, 0, 0, 3, 470, 470, 0, 0, 0, 0, 0, 1, 0, 1, 1
2025-12-28 12:48:35.786966|{rssi-469} 111, -54, -127, -127, -127, 111, 111, 111, 111, 111, 111, 111, 111, 111, 111, 111, 111, 111, 
2025-12-28 12:48:35.795908|{td-469} 0, -15, 0, 0, 0, 0, 0, 0, 0, 0, 0, 0, 0, 0, 0, 0, 0, 0, 
2025-12-28 12:48:35.801903|{tx-469} :-BBB.............
2025-12-28 12:48:35.970703|{rx-470} 1, 0, 0, 3, 471, 471, 0, 0, 0, 0, 0, 1, 0, 1, 1
2025-12-28 12:48:35.977389|{rssi-470} 111, -49, -127, -127, -127, 111, 111, 111, 111, 111, 111, 111, 111, 111, 111, 111, 111, 111, 
2025-12-28 12:48:35.986224|{td-470} 0, -15, 0, 0, 0, 0, 0, 0, 0, 0, 0, 0, 0, 0, 0, 0, 0, 0, 
2025-12-28 12:48:35.990721|{tx-470} :-BBB.............
2025-12-28 12:48:36.161596|{rx-471} 1, 0, 0, 3, 472, 472, 0, 0, 0, 0, 0, 1, 0, 1, 1
2025-12-28 12:48:36.166669|{rssi-471} 111, -51, -127, -127, -127, 111, 111, 111, 111, 111, 111, 111, 111, 111, 111, 111, 111, 111, 
2025-12-28 12:48:36.175375|{td-471} 0, -15, 0, 0, 0, 0, 0, 0, 0, 0, 0, 0, 0, 0, 0, 0, 0, 0, 
2025-12-28 12:48:36.180316|{tx-471} :-BBB.............
2025-12-28 12:48:36.351330|{rx-472} 1, 0, 0, 3, 473, 473, 0, 0, 0, 0, 0, 1, 0, 1, 1
2025-12-28 12:48:36.356588|{rssi-472} 111, -51, -127, -127, -127, 111, 111, 111, 111, 111, 111, 111, 111, 111, 111, 111, 111, 111, 
2025-12-28 12:48:36.366177|{td-472} 0, -17, 0, 0, 0, 0, 0, 0, 0, 0, 0, 0, 0, 0, 0, 0, 0, 0, 
2025-12-28 12:48:36.371545|{tx-472} :-BBB.............
2025-12-28 12:48:36.541593|{rx-473} 1, 0, 0, 3, 474, 474, 0, 0, 0, 0, 0, 1, 0, 1, 1
2025-12-28 12:48:36.545927|{rssi-473} 111, -51, -127, -127, -127, 111, 111, 111, 111, 111, 111, 111, 111, 111, 111, 111, 111, 111, 
2025-12-28 12:48:36.556408|{td-473} 0, -15, 0, 0, 0, 0, 0, 0, 0, 0, 0, 0, 0, 0, 0, 0, 0, 0, 
2025-12-28 12:48:36.561908|{tx-473} :-BBB.............
2025-12-28 12:48:36.731825|{rx-474} 1, 0, 0, 3, 475, 475, 0, 0, 0, 0, 0, 1, 0, 1, 1
2025-12-28 12:48:36.736461|{rssi-474} 111, -51, -127, -127, -127, 111, 111, 111, 111, 111, 111, 111, 111, 111, 111, 111, 111, 111, 
2025-12-28 12:48:36.745050|{td-474} 0, -15, 0, 0, 0, 0, 0, 0, 0, 0, 0, 0, 0, 0, 0, 0, 0, 0, 
2025-12-28 12:48:36.750216|{tx-474} :-BBB.............
2025-12-28 12:48:36.921306|{rx-475} 1, 0, 0, 3, 476, 476, 0, 0, 0, 0, 0, 1, 0, 1, 1
2025-12-28 12:48:36.926376|{rssi-475} 111, -51, -127, -127, -127, 111, 111, 111, 111, 111, 111, 111, 111, 111, 111, 111, 111, 111, 
2025-12-28 12:48:36.935848|{td-475} 0, -15, 0, 0, 0, 0, 0, 0, 0, 0, 0, 0, 0, 0, 0, 0, 0, 0, 
2025-12-28 12:48:36.940279|{tx-475} :-BBB.............
2025-12-28 12:48:37.111357|{rx-476} 1, 0, 0, 3, 477, 477, 0, 0, 0, 0, 0, 1, 0, 1, 1
2025-12-28 12:48:37.116794|{rssi-476} 111, -54, -127, -127, -127, 111, 111, 111, 111, 111, 111, 111, 111, 111, 111, 111, 111, 111, 
2025-12-28 12:48:37.125144|{td-476} 0, -15, 0, 0, 0, 0, 0, 0, 0, 0, 0, 0, 0, 0, 0, 0, 0, 0, 
2025-12-28 12:48:37.131589|{tx-476} :-BBB.............
2025-12-28 12:48:37.301278|{rx-477} 1, 0, 0, 3, 478, 478, 0, 0, 0, 0, 0, 1, 0, 1, 1
2025-12-28 12:48:37.307104|{rssi-477} 111, -51, -127, -127, -127, 111, 111, 111, 111, 111, 111, 111, 111, 111, 111, 111, 111, 111, 
2025-12-28 12:48:37.316092|{td-477} 0, -15, 0, 0, 0, 0, 0, 0, 0, 0, 0, 0, 0, 0, 0, 0, 0, 0, 
2025-12-28 12:48:37.320117|{tx-477} :-BBB.............
2025-12-28 12:48:37.491013|{rx-478} 1, 0, 0, 3, 479, 479, 0, 0, 0, 0, 0, 1, 0, 1, 1
2025-12-28 12:48:37.496312|{rssi-478} 111, -52, -127, -127, -127, 111, 111, 111, 111, 111, 111, 111, 111, 111, 111, 111, 111, 111, 
2025-12-28 12:48:37.505709|{td-478} 0, -15, 0, 0, 0, 0, 0, 0, 0, 0, 0, 0, 0, 0, 0, 0, 0, 0, 
2025-12-28 12:48:37.510395|{tx-478} :-BBB.............
2025-12-28 12:48:37.680929|{rx-479} 1, 0, 0, 3, 480, 480, 0, 0, 0, 0, 0, 1, 0, 1, 1
2025-12-28 12:48:37.686072|{rssi-479} 111, -52, -127, -127, -127, 111, 111, 111, 111, 111, 111, 111, 111, 111, 111, 111, 111, 111, 
2025-12-28 12:48:37.695719|{td-479} 0, -15, 0, 0, 0, 0, 0, 0, 0, 0, 0, 0, 0, 0, 0, 0, 0, 0, 
2025-12-28 12:48:37.701647|{tx-479} :-BBB.............
2025-12-28 12:48:37.871954|{rx-480} 1, 0, 0, 3, 481, 481, 0, 0, 0, 0, 0, 1, 0, 1, 1
2025-12-28 12:48:37.875936|{rssi-480} 111, -51, -127, -127, -127, 111, 111, 111, 111, 111, 111, 111, 111, 111, 111, 111, 111, 111, 
2025-12-28 12:48:37.886086|{td-480} 0, -15, 0, 0, 0, 0, 0, 0, 0, 0, 0, 0, 0, 0, 0, 0, 0, 0, 
2025-12-28 12:48:37.891323|{tx-480} :-BBB.............
2025-12-28 12:48:38.061182|{rx-481} 1, 0, 0, 3, 482, 482, 0, 0, 0, 0, 0, 1, 0, 1, 1
2025-12-28 12:48:38.065997|{rssi-481} 111, -49, -127, -127, -127, 111, 111, 111, 111, 111, 111, 111, 111, 111, 111, 111, 111, 111, 
2025-12-28 12:48:38.074516|{td-481} 0, -17, 0, 0, 0, 0, 0, 0, 0, 0, 0, 0, 0, 0, 0, 0, 0, 0, 
2025-12-28 12:48:38.081175|{tx-481} :-BBB.............
2025-12-28 12:48:38.251267|{rx-482} 1, 0, 0, 3, 483, 483, 0, 0, 0, 0, 0, 1, 0, 1, 1
2025-12-28 12:48:38.256160|{rssi-482} 111, -51, -127, -127, -127, 111, 111, 111, 111, 111, 111, 111, 111, 111, 111, 111, 111, 111, 
2025-12-28 12:48:38.265591|{td-482} 0, -15, 0, 0, 0, 0, 0, 0, 0, 0, 0, 0, 0, 0, 0, 0, 0, 0, 
2025-12-28 12:48:38.271313|{tx-482} :-BBB.............
2025-12-28 12:48:38.441173|{rx-483} 1, 0, 0, 3, 484, 484, 0, 0, 0, 0, 0, 1, 0, 1, 1
2025-12-28 12:48:38.445437|{rssi-483} 111, -52, -127, -127, -127, 111, 111, 111, 111, 111, 111, 111, 111, 111, 111, 111, 111, 111, 
2025-12-28 12:48:38.456522|{td-483} 0, -15, 0, 0, 0, 0, 0, 0, 0, 0, 0, 0, 0, 0, 0, 0, 0, 0, 
2025-12-28 12:48:38.460434|{tx-483} :-BBB.............
2025-12-28 12:48:38.631678|{rx-484} 1, 0, 0, 3, 485, 485, 0, 0, 0, 0, 0, 1, 0, 1, 1
2025-12-28 12:48:38.636115|{rssi-484} 111, -56, -127, -127, -127, 111, 111, 111, 111, 111, 111, 111, 111, 111, 111, 111, 111, 111, 
2025-12-28 12:48:38.645258|{td-484} 0, -15, 0, 0, 0, 0, 0, 0, 0, 0, 0, 0, 0, 0, 0, 0, 0, 0, 
2025-12-28 12:48:38.650110|{tx-484} :-BBB.............
2025-12-28 12:48:38.821691|{rx-485} 1, 0, 0, 3, 486, 486, 0, 0, 0, 0, 0, 1, 0, 1, 1
2025-12-28 12:48:38.826230|{rssi-485} 111, -52, -127, -127, -127, 111, 111, 111, 111, 111, 111, 111, 111, 111, 111, 111, 111, 111, 
2025-12-28 12:48:38.835296|{td-485} 0, -15, 0, 0, 0, 0, 0, 0, 0, 0, 0, 0, 0, 0, 0, 0, 0, 0, 
2025-12-28 12:48:38.839966|{tx-485} :-BBB.............
2025-12-28 12:48:39.011292|{rx-486} 1, 0, 0, 3, 487, 487, 0, 0, 0, 0, 0, 1, 0, 1, 1
2025-12-28 12:48:39.016736|{rssi-486} 111, -53, -127, -127, -127, 111, 111, 111, 111, 111, 111, 111, 111, 111, 111, 111, 111, 111, 
2025-12-28 12:48:39.025155|{td-486} 0, -15, 0, 0, 0, 0, 0, 0, 0, 0, 0, 0, 0, 0, 0, 0, 0, 0, 
2025-12-28 12:48:39.031211|{tx-486} :-BBB.............
2025-12-28 12:48:39.202058|{rx-487} 1, 0, 0, 3, 488, 488, 0, 0, 0, 0, 0, 1, 0, 1, 1
2025-12-28 12:48:39.205322|{rssi-487} 111, -52, -127, -127, -127, 111, 111, 111, 111, 111, 111, 111, 111, 111, 111, 111, 111, 111, 
2025-12-28 12:48:39.215597|{td-487} 0, -15, 0, 0, 0, 0, 0, 0, 0, 0, 0, 0, 0, 0, 0, 0, 0, 0, 
2025-12-28 12:48:39.219927|{tx-487} :-BBB.............
2025-12-28 12:48:39.391087|{rx-488} 1, 0, 0, 3, 489, 489, 0, 0, 0, 0, 0, 1, 0, 1, 1
2025-12-28 12:48:39.396016|{rssi-488} 111, -53, -127, -127, -127, 111, 111, 111, 111, 111, 111, 111, 111, 111, 111, 111, 111, 111, 
2025-12-28 12:48:39.405320|{td-488} 0, -15, 0, 0, 0, 0, 0, 0, 0, 0, 0, 0, 0, 0, 0, 0, 0, 0, 
2025-12-28 12:48:39.410765|{tx-488} :-BBB.............
2025-12-28 12:48:39.581114|{rx-489} 1, 0, 0, 3, 490, 490, 0, 0, 0, 0, 0, 1, 0, 1, 1
2025-12-28 12:48:39.585879|{rssi-489} 111, -52, -127, -127, -127, 111, 111, 111, 111, 111, 111, 111, 111, 111, 111, 111, 111, 111, 
2025-12-28 12:48:39.594738|{td-489} 0, -15, 0, 0, 0, 0, 0, 0, 0, 0, 0, 0, 0, 0, 0, 0, 0, 0, 
2025-12-28 12:48:39.600950|{tx-489} :-BBB.............
2025-12-28 12:48:39.770278|{rx-490} 1, 0, 0, 3, 491, 491, 0, 0, 0, 0, 0, 1, 0, 1, 1
2025-12-28 12:48:39.775113|{rssi-490} 111, -51, -127, -127, -127, 111, 111, 111, 111, 111, 111, 111, 111, 111, 111, 111, 111, 111, 
2025-12-28 12:48:39.785269|{td-490} 0, -15, 0, 0, 0, 0, 0, 0, 0, 0, 0, 0, 0, 0, 0, 0, 0, 0, 
2025-12-28 12:48:39.791178|{tx-490} :-BBB.............
2025-12-28 12:48:39.960016|{rx-491} 1, 0, 0, 3, 492, 492, 0, 0, 0, 0, 0, 1, 0, 1, 1
2025-12-28 12:48:39.965714|{rssi-491} 111, -51, -127, -127, -127, 111, 111, 111, 111, 111, 111, 111, 111, 111, 111, 111, 111, 111, 
2025-12-28 12:48:39.975438|{td-491} 0, -15, 0, 0, 0, 0, 0, 0, 0, 0, 0, 0, 0, 0, 0, 0, 0, 0, 
2025-12-28 12:48:39.980000|{tx-491} :-BBB.............
2025-12-28 12:48:40.150642|{rx-492} 1, 0, 0, 3, 493, 493, 0, 0, 0, 0, 0, 1, 0, 1, 1
2025-12-28 12:48:40.155770|{rssi-492} 111, -50, -127, -127, -127, 111, 111, 111, 111, 111, 111, 111, 111, 111, 111, 111, 111, 111, 
2025-12-28 12:48:40.165030|{td-492} 0, -17, 0, 0, 0, 0, 0, 0, 0, 0, 0, 0, 0, 0, 0, 0, 0, 0, 
2025-12-28 12:48:40.170800|{tx-492} :-BBB.............
2025-12-28 12:48:40.340941|{rx-493} 1, 0, 0, 3, 494, 494, 0, 0, 0, 0, 0, 1, 0, 1, 1
2025-12-28 12:48:40.350709|{rssi-493} 111, -51, -127, -127, -127, 111, 111, 111, 111, 111, 111, 111, 111, 111, 111, 111, 111, 111, 
2025-12-28 12:48:40.355195|{td-493} 0, -15, 0, 0, 0, 0, 0, 0, 0, 0, 0, 0, 0, 0, 0, 0, 0, 0, 
2025-12-28 12:48:40.360370|{tx-493} :-BBB.............
2025-12-28 12:48:40.530910|{rx-494} 1, 0, 0, 3, 495, 495, 0, 0, 0, 0, 0, 1, 0, 1, 1
2025-12-28 12:48:40.535951|{rssi-494} 111, -52, -127, -127, -127, 111, 111, 111, 111, 111, 111, 111, 111, 111, 111, 111, 111, 111, 
2025-12-28 12:48:40.544951|{td-494} 0, -15, 0, 0, 0, 0, 0, 0, 0, 0, 0, 0, 0, 0, 0, 0, 0, 0, 
2025-12-28 12:48:40.551104|{tx-494} :-BBB.............
2025-12-28 12:48:40.720521|{rx-495} 1, 0, 0, 3, 496, 496, 0, 0, 0, 0, 0, 1, 0, 1, 1
2025-12-28 12:48:40.725898|{rssi-495} 111, -53, -127, -127, -127, 111, 111, 111, 111, 111, 111, 111, 111, 111, 111, 111, 111, 111, 
2025-12-28 12:48:40.735099|{td-495} 0, -15, 0, 0, 0, 0, 0, 0, 0, 0, 0, 0, 0, 0, 0, 0, 0, 0, 
2025-12-28 12:48:40.740241|{tx-495} :-BBB.............
2025-12-28 12:48:40.909926|{rx-496} 1, 0, 0, 3, 497, 497, 0, 0, 0, 0, 0, 1, 0, 1, 1
2025-12-28 12:48:40.918044|{rssi-496} 111, -52, -127, -127, -127, 111, 111, 111, 111, 111, 111, 111, 111, 111, 111, 111, 111, 111, 
2025-12-28 12:48:40.928849|{td-496} 0, -15, 0, 0, 0, 0, 0, 0, 0, 0, 0, 0, 0, 0, 0, 0, 0, 0, 
2025-12-28 12:48:40.931973|{tx-496} :-BBB.............
2025-12-28 12:48:41.100674|{rx-497} 1, 0, 0, 3, 498, 498, 0, 0, 0, 0, 0, 1, 0, 1, 1
2025-12-28 12:48:41.104419|{rssi-497} 111, -52, -127, -127, -127, 111, 111, 111, 111, 111, 111, 111, 111, 111, 111, 111, 111, 111, 
2025-12-28 12:48:41.115109|{td-497} 0, -15, 0, 0, 0, 0, 0, 0, 0, 0, 0, 0, 0, 0, 0, 0, 0, 0, 
2025-12-28 12:48:41.119566|{tx-497} :-BBB.............
2025-12-28 12:48:41.290280|{rx-498} 1, 0, 0, 3, 499, 499, 0, 0, 0, 0, 0, 1, 0, 1, 1
2025-12-28 12:48:41.295584|{rssi-498} 111, -52, -127, -127, -127, 111, 111, 111, 111, 111, 111, 111, 111, 111, 111, 111, 111, 111, 
2025-12-28 12:48:41.304671|{td-498} 0, -15, 0, 0, 0, 0, 0, 0, 0, 0, 0, 0, 0, 0, 0, 0, 0, 0, 
2025-12-28 12:48:41.309764|{tx-498} :-BBB.............
2025-12-28 12:48:41.480886|{rx-499} 1, 0, 0, 3, 500, 500, 0, 0, 0, 0, 0, 1, 0, 1, 1
2025-12-28 12:48:41.484520|{rssi-499} 111, -51, -127, -127, -127, 111, 111, 111, 111, 111, 111, 111, 111, 111, 111, 111, 111, 111, 
2025-12-28 12:48:41.495122|{td-499} 0, -15, 0, 0, 0, 0, 0, 0, 0, 0, 0, 0, 0, 0, 0, 0, 0, 0, 
2025-12-28 12:48:41.500568|{tx-499} :-BBB.............
2025-12-28 12:48:41.670055|{rx-500} 1, 0, 0, 3, 501, 501, 0, 0, 0, 0, 0, 1, 0, 1, 1
2025-12-28 12:48:41.675918|{rssi-500} 111, -53, -127, -127, -127, 111, 111, 111, 111, 111, 111, 111, 111, 111, 111, 111, 111, 111, 
2025-12-28 12:48:41.684586|{td-500} 0, -15, 0, 0, 0, 0, 0, 0, 0, 0, 0, 0, 0, 0, 0, 0, 0, 0, 
2025-12-28 12:48:41.690375|{tx-500} :-BBB.............
2025-12-28 12:48:41.860261|{rx-501} 1, 0, 0, 3, 502, 502, 0, 0, 0, 0, 0, 1, 0, 1, 1
2025-12-28 12:48:41.866161|{rssi-501} 111, -49, -127, -127, -127, 111, 111, 111, 111, 111, 111, 111, 111, 111, 111, 111, 111, 111, 
2025-12-28 12:48:41.874882|{td-501} 0, -15, 0, 0, 0, 0, 0, 0, 0, 0, 0, 0, 0, 0, 0, 0, 0, 0, 
2025-12-28 12:48:41.879566|{tx-501} :-BBB.............
2025-12-28 12:48:42.049785|{rx-502} 1, 0, 0, 3, 503, 503, 0, 0, 0, 0, 0, 1, 0, 1, 1
2025-12-28 12:48:42.054652|{rssi-502} 111, -51, -127, -127, -127, 111, 111, 111, 111, 111, 111, 111, 111, 111, 111, 111, 111, 111, 
2025-12-28 12:48:42.064715|{td-502} 0, -17, 0, 0, 0, 0, 0, 0, 0, 0, 0, 0, 0, 0, 0, 0, 0, 0, 
2025-12-28 12:48:42.070182|{tx-502} :-BBB.............
2025-12-28 12:48:42.240408|{rx-503} 1, 0, 0, 3, 504, 504, 0, 0, 0, 0, 0, 1, 0, 1, 1
2025-12-28 12:48:42.245539|{rssi-503} 111, -51, -127, -127, -127, 111, 111, 111, 111, 111, 111, 111, 111, 111, 111, 111, 111, 111, 
2025-12-28 12:48:42.254691|{td-503} 0, -15, 0, 0, 0, 0, 0, 0, 0, 0, 0, 0, 0, 0, 0, 0, 0, 0, 
2025-12-28 12:48:42.260318|{tx-503} :-BBB.............
2025-12-28 12:48:42.430318|{rx-504} 1, 0, 0, 3, 505, 505, 0, 0, 0, 0, 0, 1, 0, 1, 1
2025-12-28 12:48:42.435962|{rssi-504} 111, -51, -127, -127, -127, 111, 111, 111, 111, 111, 111, 111, 111, 111, 111, 111, 111, 111, 
2025-12-28 12:48:42.445045|{td-504} 0, -15, 0, 0, 0, 0, 0, 0, 0, 0, 0, 0, 0, 0, 0, 0, 0, 0, 
2025-12-28 12:48:42.450046|{tx-504} :-BBB.............
2025-12-28 12:48:42.620296|{rx-505} 1, 0, 0, 3, 506, 506, 0, 0, 0, 0, 0, 1, 0, 1, 1
2025-12-28 12:48:42.625439|{rssi-505} 111, -51, -127, -127, -127, 111, 111, 111, 111, 111, 111, 111, 111, 111, 111, 111, 111, 111, 
2025-12-28 12:48:42.634147|{td-505} 0, -15, 0, 0, 0, 0, 0, 0, 0, 0, 0, 0, 0, 0, 0, 0, 0, 0, 
2025-12-28 12:48:42.640009|{tx-505} :-BBB.............
2025-12-28 12:48:42.810395|{rx-506} 1, 0, 0, 3, 507, 507, 0, 0, 0, 0, 0, 1, 0, 1, 1
2025-12-28 12:48:42.815973|{rssi-506} 111, -51, -127, -127, -127, 111, 111, 111, 111, 111, 111, 111, 111, 111, 111, 111, 111, 111, 
2025-12-28 12:48:42.824970|{td-506} 0, -15, 0, 0, 0, 0, 0, 0, 0, 0, 0, 0, 0, 0, 0, 0, 0, 0, 
2025-12-28 12:48:42.830523|{tx-506} :-BBB.............
2025-12-28 12:48:43.000968|{rx-507} 1, 0, 0, 3, 508, 508, 0, 0, 0, 0, 0, 1, 0, 1, 1
2025-12-28 12:48:43.005494|{rssi-507} 111, -52, -127, -127, -127, 111, 111, 111, 111, 111, 111, 111, 111, 111, 111, 111, 111, 111, 
2025-12-28 12:48:43.015125|{td-507} 0, -15, 0, 0, 0, 0, 0, 0, 0, 0, 0, 0, 0, 0, 0, 0, 0, 0, 
2025-12-28 12:48:43.019653|{tx-507} :-BBB.............
2025-12-28 12:48:43.190376|{rx-508} 1, 0, 0, 3, 509, 509, 0, 0, 0, 0, 0, 1, 0, 1, 1
2025-12-28 12:48:43.194388|{rssi-508} 111, -52, -127, -127, -127, 111, 111, 111, 111, 111, 111, 111, 111, 111, 111, 111, 111, 111, 
2025-12-28 12:48:43.204344|{td-508} 0, -15, 0, 0, 0, 0, 0, 0, 0, 0, 0, 0, 0, 0, 0, 0, 0, 0, 
2025-12-28 12:48:43.210248|{tx-508} :-BBB.............
2025-12-28 12:48:43.380814|{rx-509} 1, 0, 0, 3, 510, 510, 0, 0, 0, 0, 0, 1, 0, 1, 1
2025-12-28 12:48:43.385285|{rssi-509} 111, -51, -127, -127, -127, 111, 111, 111, 111, 111, 111, 111, 111, 111, 111, 111, 111, 111, 
2025-12-28 12:48:43.394584|{td-509} 0, -15, 0, 0, 0, 0, 0, 0, 0, 0, 0, 0, 0, 0, 0, 0, 0, 0, 
2025-12-28 12:48:43.400343|{tx-509} :-BBB.............
2025-12-28 12:48:43.570980|{rx-510} 1, 0, 0, 3, 511, 511, 0, 0, 0, 0, 0, 1, 0, 1, 1
2025-12-28 12:48:43.575167|{rssi-510} 111, -51, -127, -127, -127, 111, 111, 111, 111, 111, 111, 111, 111, 111, 111, 111, 111, 111, 
2025-12-28 12:48:43.584033|{td-510} 0, -15, 0, 0, 0, 0, 0, 0, 0, 0, 0, 0, 0, 0, 0, 0, 0, 0, 
2025-12-28 12:48:43.590115|{tx-510} :-BBB.............
2025-12-28 12:48:43.760076|{rx-511} 1, 0, 0, 3, 512, 512, 0, 0, 0, 0, 0, 1, 0, 1, 1
2025-12-28 12:48:43.764965|{rssi-511} 111, -53, -127, -127, -127, 111, 111, 111, 111, 111, 111, 111, 111, 111, 111, 111, 111, 111, 
2025-12-28 12:48:43.774690|{td-511} 0, -17, 0, 0, 0, 0, 0, 0, 0, 0, 0, 0, 0, 0, 0, 0, 0, 0, 
2025-12-28 12:48:43.778848|{tx-511} :-BBB.............
2025-12-28 12:48:43.950837|{rx-512} 1, 0, 0, 3, 513, 513, 0, 0, 0, 0, 0, 1, 0, 1, 1
2025-12-28 12:48:43.954747|{rssi-512} 111, -49, -127, -127, -127, 111, 111, 111, 111, 111, 111, 111, 111, 111, 111, 111, 111, 111, 
2025-12-28 12:48:43.964535|{td-512} 0, -15, 0, 0, 0, 0, 0, 0, 0, 0, 0, 0, 0, 0, 0, 0, 0, 0, 
2025-12-28 12:48:43.969032|{tx-512} :-BBB.............
2025-12-28 12:48:44.140484|{rx-513} 1, 0, 0, 3, 514, 514, 0, 0, 0, 0, 0, 1, 0, 1, 1
2025-12-28 12:48:44.145409|{rssi-513} 111, -52, -127, -127, -127, 111, 111, 111, 111, 111, 111, 111, 111, 111, 111, 111, 111, 111, 
2025-12-28 12:48:44.155187|{td-513} 0, -15, 0, 0, 0, 0, 0, 0, 0, 0, 0, 0, 0, 0, 0, 0, 0, 0, 
2025-12-28 12:48:44.160780|{tx-513} :-BBB.............
2025-12-28 12:48:44.330339|{rx-514} 1, 0, 0, 3, 515, 515, 0, 0, 0, 0, 0, 1, 0, 1, 1
2025-12-28 12:48:44.335068|{rssi-514} 111, -52, -127, -127, -127, 111, 111, 111, 111, 111, 111, 111, 111, 111, 111, 111, 111, 111, 
2025-12-28 12:48:44.344635|{td-514} 0, -15, 0, 0, 0, 0, 0, 0, 0, 0, 0, 0, 0, 0, 0, 0, 0, 0, 
2025-12-28 12:48:44.348864|{tx-514} :-BBB.............
2025-12-28 12:48:44.520704|{rx-515} 1, 0, 0, 3, 516, 516, 0, 0, 0, 0, 0, 1, 0, 1, 1
2025-12-28 12:48:44.524420|{rssi-515} 111, -53, -127, -127, -127, 111, 111, 111, 111, 111, 111, 111, 111, 111, 111, 111, 111, 111, 
2025-12-28 12:48:44.533973|{td-515} 0, -15, 0, 0, 0, 0, 0, 0, 0, 0, 0, 0, 0, 0, 0, 0, 0, 0, 
2025-12-28 12:48:44.540157|{tx-515} :-BBB.............
2025-12-28 12:48:44.710746|{rx-516} 1, 0, 0, 3, 517, 517, 0, 0, 0, 0, 0, 1, 0, 1, 1
2025-12-28 12:48:44.715192|{rssi-516} 111, -51, -127, -127, -127, 111, 111, 111, 111, 111, 111, 111, 111, 111, 111, 111, 111, 111, 
2025-12-28 12:48:44.724615|{td-516} 0, -15, 0, 0, 0, 0, 0, 0, 0, 0, 0, 0, 0, 0, 0, 0, 0, 0, 
2025-12-28 12:48:44.730248|{tx-516} :-BBB.............
2025-12-28 12:48:44.899113|{rx-517} 1, 0, 0, 3, 518, 518, 0, 0, 0, 0, 0, 1, 0, 1, 1
2025-12-28 12:48:44.905382|{rssi-517} 111, -52, -127, -127, -127, 111, 111, 111, 111, 111, 111, 111, 111, 111, 111, 111, 111, 111, 
2025-12-28 12:48:44.914005|{td-517} 0, -17, 0, 0, 0, 0, 0, 0, 0, 0, 0, 0, 0, 0, 0, 0, 0, 0, 
2025-12-28 12:48:44.920205|{tx-517} :-BBB.............
2025-12-28 12:48:45.090258|{rx-518} 1, 0, 0, 3, 519, 519, 0, 0, 0, 0, 0, 1, 0, 1, 1
2025-12-28 12:48:45.094591|{rssi-518} 111, -51, -127, -127, -127, 111, 111, 111, 111, 111, 111, 111, 111, 111, 111, 111, 111, 111, 
2025-12-28 12:48:45.104581|{td-518} 0, -13, 0, 0, 0, 0, 0, 0, 0, 0, 0, 0, 0, 0, 0, 0, 0, 0, 
2025-12-28 12:48:45.110657|{tx-518} :-BBB.............
2025-12-28 12:48:45.279177|{rx-519} 1, 0, 0, 3, 520, 520, 0, 0, 0, 0, 0, 1, 0, 1, 1
2025-12-28 12:48:45.284671|{rssi-519} 111, -51, -127, -127, -127, 111, 111, 111, 111, 111, 111, 111, 111, 111, 111, 111, 111, 111, 
2025-12-28 12:48:45.293025|{td-519} 0, -17, 0, 0, 0, 0, 0, 0, 0, 0, 0, 0, 0, 0, 0, 0, 0, 0, 
2025-12-28 12:48:45.299429|{tx-519} :-BBB.............
2025-12-28 12:48:45.476902|{rx-520} 1, 0, 0, 3, 521, 521, 0, 0, 0, 0, 0, 1, 0, 1, 1
2025-12-28 12:48:45.484117|{rssi-520} 111, -51, -127, -127, -127, 111, 111, 111, 111, 111, 111, 111, 111, 111, 111, 111, 111, 111, 
2025-12-28 12:48:45.488444|{td-520} 0, -15, 0, 0, 0, 0, 0, 0, 0, 0, 0, 0, 0, 0, 0, 0, 0, 0, 
2025-12-28 12:48:45.490362|{tx-520} :-BBB.............
2025-12-28 12:48:45.659671|{rx-521} 1, 0, 0, 3, 522, 522, 0, 0, 0, 0, 0, 1, 0, 1, 1
2025-12-28 12:48:45.664648|{rssi-521} 111, -54, -127, -127, -127, 111, 111, 111, 111, 111, 111, 111, 111, 111, 111, 111, 111, 111, 
2025-12-28 12:48:45.674547|{td-521} 0, -15, 0, 0, 0, 0, 0, 0, 0, 0, 0, 0, 0, 0, 0, 0, 0, 0, 
2025-12-28 12:48:45.680028|{tx-521} :-BBB.............
2025-12-28 12:48:45.848750|{rx-522} 1, 0, 0, 3, 523, 523, 0, 0, 0, 0, 0, 1, 0, 1, 1
2025-12-28 12:48:45.855062|{rssi-522} 111, -52, -127, -127, -127, 111, 111, 111, 111, 111, 111, 111, 111, 111, 111, 111, 111, 111, 
2025-12-28 12:48:45.864370|{td-522} 0, -15, 0, 0, 0, 0, 0, 0, 0, 0, 0, 0, 0, 0, 0, 0, 0, 0, 
2025-12-28 12:48:45.869752|{tx-522} :-BBB.............
2025-12-28 12:48:46.040377|{rx-523} 1, 0, 0, 3, 524, 524, 0, 0, 0, 0, 0, 1, 0, 1, 1
2025-12-28 12:48:46.045247|{rssi-523} 111, -52, -127, -127, -127, 111, 111, 111, 111, 111, 111, 111, 111, 111, 111, 111, 111, 111, 
2025-12-28 12:48:46.054662|{td-523} 0, -15, 0, 0, 0, 0, 0, 0, 0, 0, 0, 0, 0, 0, 0, 0, 0, 0, 
2025-12-28 12:48:46.059647|{tx-523} :-BBB.............
2025-12-28 12:48:46.229601|{rx-524} 1, 0, 0, 3, 525, 525, 0, 0, 0, 0, 0, 1, 0, 1, 1
2025-12-28 12:48:46.233742|{rssi-524} 111, -51, -127, -127, -127, 111, 111, 111, 111, 111, 111, 111, 111, 111, 111, 111, 111, 111, 
2025-12-28 12:48:46.242946|{td-524} 0, -15, 0, 0, 0, 0, 0, 0, 0, 0, 0, 0, 0, 0, 0, 0, 0, 0, 
2025-12-28 12:48:46.248910|{tx-524} :-BBB.............
2025-12-28 12:48:46.419172|{rx-525} 1, 0, 0, 3, 526, 526, 0, 0, 0, 0, 0, 1, 0, 1, 1
2025-12-28 12:48:46.424370|{rssi-525} 111, -51, -127, -127, -127, 111, 111, 111, 111, 111, 111, 111, 111, 111, 111, 111, 111, 111, 
2025-12-28 12:48:46.433266|{td-525} 0, -15, 0, 0, 0, 0, 0, 0, 0, 0, 0, 0, 0, 0, 0, 0, 0, 0, 
2025-12-28 12:48:46.438443|{tx-525} :-BBB.............
2025-12-28 12:48:46.609139|{rx-526} 1, 0, 0, 3, 527, 527, 0, 0, 0, 0, 0, 1, 0, 1, 1
2025-12-28 12:48:46.614799|{rssi-526} 111, -52, -127, -127, -127, 111, 111, 111, 111, 111, 111, 111, 111, 111, 111, 111, 111, 111, 
2025-12-28 12:48:46.624629|{td-526} 0, -15, 0, 0, 0, 0, 0, 0, 0, 0, 0, 0, 0, 0, 0, 0, 0, 0, 
2025-12-28 12:48:46.629074|{tx-526} :-BBB.............
2025-12-28 12:48:46.798987|{rx-527} 1, 0, 0, 3, 528, 528, 0, 0, 0, 0, 0, 1, 0, 1, 1
2025-12-28 12:48:46.804691|{rssi-527} 111, -51, -127, -127, -127, 111, 111, 111, 111, 111, 111, 111, 111, 111, 111, 111, 111, 111, 
2025-12-28 12:48:46.814341|{td-527} 0, -15, 0, 0, 0, 0, 0, 0, 0, 0, 0, 0, 0, 0, 0, 0, 0, 0, 
2025-12-28 12:48:46.818725|{tx-527} :-BBB.............
2025-12-28 12:48:46.989825|{rx-528} 1, 0, 0, 3, 529, 529, 0, 0, 0, 0, 0, 1, 0, 1, 1
2025-12-28 12:48:46.994463|{rssi-528} 111, -51, -127, -127, -127, 111, 111, 111, 111, 111, 111, 111, 111, 111, 111, 111, 111, 111, 
2025-12-28 12:48:47.003124|{td-528} 0, -15, 0, 0, 0, 0, 0, 0, 0, 0, 0, 0, 0, 0, 0, 0, 0, 0, 
2025-12-28 12:48:47.008374|{tx-528} :-BBB.............
2025-12-28 12:48:47.179876|{rx-529} 1, 0, 0, 3, 530, 530, 0, 0, 0, 0, 0, 1, 0, 1, 1
2025-12-28 12:48:47.184388|{rssi-529} 111, -52, -127, -127, -127, 111, 111, 111, 111, 111, 111, 111, 111, 111, 111, 111, 111, 111, 
2025-12-28 12:48:47.194110|{td-529} 0, -17, 0, 0, 0, 0, 0, 0, 0, 0, 0, 0, 0, 0, 0, 0, 0, 0, 
2025-12-28 12:48:47.198908|{tx-529} :-BBB.............
2025-12-28 12:48:47.368995|{rx-530} 1, 0, 0, 3, 531, 531, 0, 0, 0, 0, 0, 1, 0, 1, 1
2025-12-28 12:48:47.374742|{rssi-530} 111, -51, -127, -127, -127, 111, 111, 111, 111, 111, 111, 111, 111, 111, 111, 111, 111, 111, 
2025-12-28 12:48:47.384031|{td-530} 0, -15, 0, 0, 0, 0, 0, 0, 0, 0, 0, 0, 0, 0, 0, 0, 0, 0, 
2025-12-28 12:48:47.388580|{tx-530} :-BBB.............
2025-12-28 12:48:47.559129|{rx-531} 1, 0, 0, 3, 532, 532, 0, 0, 0, 0, 0, 1, 0, 1, 1
2025-12-28 12:48:47.564159|{rssi-531} 111, -52, -127, -127, -127, 111, 111, 111, 111, 111, 111, 111, 111, 111, 111, 111, 111, 111, 
2025-12-28 12:48:47.574226|{td-531} 0, -15, 0, 0, 0, 0, 0, 0, 0, 0, 0, 0, 0, 0, 0, 0, 0, 0, 
2025-12-28 12:48:47.579088|{tx-531} :-BBB.............
2025-12-28 12:48:47.749002|{rx-532} 1, 0, 0, 3, 533, 533, 0, 0, 0, 0, 0, 1, 0, 1, 1
2025-12-28 12:48:47.754264|{rssi-532} 111, -51, -127, -127, -127, 111, 111, 111, 111, 111, 111, 111, 111, 111, 111, 111, 111, 111, 
2025-12-28 12:48:47.763108|{td-532} 0, -15, 0, 0, 0, 0, 0, 0, 0, 0, 0, 0, 0, 0, 0, 0, 0, 0, 
2025-12-28 12:48:47.768663|{tx-532} :-BBB.............
2025-12-28 12:48:47.939736|{rx-533} 1, 0, 0, 3, 534, 534, 0, 0, 0, 0, 0, 1, 0, 1, 1
2025-12-28 12:48:47.944948|{rssi-533} 111, -51, -127, -127, -127, 111, 111, 111, 111, 111, 111, 111, 111, 111, 111, 111, 111, 111, 
2025-12-28 12:48:47.952724|{td-533} 0, -15, 0, 0, 0, 0, 0, 0, 0, 0, 0, 0, 0, 0, 0, 0, 0, 0, 
2025-12-28 12:48:47.959957|{tx-533} :-BBB.............
2025-12-28 12:48:48.128925|{rx-534} 1, 0, 0, 3, 535, 535, 0, 0, 0, 0, 0, 1, 0, 1, 1
2025-12-28 12:48:48.134185|{rssi-534} 111, -51, -127, -127, -127, 111, 111, 111, 111, 111, 111, 111, 111, 111, 111, 111, 111, 111, 
2025-12-28 12:48:48.144696|{td-534} 0, -15, 0, 0, 0, 0, 0, 0, 0, 0, 0, 0, 0, 0, 0, 0, 0, 0, 
2025-12-28 12:48:48.149453|{tx-534} :-BBB.............
2025-12-28 12:48:48.320041|{rx-535} 1, 0, 0, 3, 536, 536, 0, 0, 0, 0, 0, 1, 0, 1, 1
2025-12-28 12:48:48.324242|{rssi-535} 111, -51, -127, -127, -127, 111, 111, 111, 111, 111, 111, 111, 111, 111, 111, 111, 111, 111, 
2025-12-28 12:48:48.332881|{td-535} 0, -15, 0, 0, 0, 0, 0, 0, 0, 0, 0, 0, 0, 0, 0, 0, 0, 0, 
2025-12-28 12:48:48.338486|{tx-535} :-BBB.............
2025-12-28 12:48:48.509260|{rx-536} 1, 0, 0, 3, 537, 537, 0, 0, 0, 0, 0, 1, 0, 1, 1
2025-12-28 12:48:48.514605|{rssi-536} 111, -52, -127, -127, -127, 111, 111, 111, 111, 111, 111, 111, 111, 111, 111, 111, 111, 111, 
2025-12-28 12:48:48.524165|{td-536} 0, -15, 0, 0, 0, 0, 0, 0, 0, 0, 0, 0, 0, 0, 0, 0, 0, 0, 
2025-12-28 12:48:48.529778|{tx-536} :-BBB.............
2025-12-28 12:48:48.699217|{rx-537} 1, 0, 0, 3, 538, 538, 0, 0, 0, 0, 0, 1, 0, 1, 1
2025-12-28 12:48:48.703871|{rssi-537} 111, -52, -127, -127, -127, 111, 111, 111, 111, 111, 111, 111, 111, 111, 111, 111, 111, 111, 
2025-12-28 12:48:48.713708|{td-537} 0, -15, 0, 0, 0, 0, 0, 0, 0, 0, 0, 0, 0, 0, 0, 0, 0, 0, 
2025-12-28 12:48:48.718322|{tx-537} :-BBB.............
2025-12-28 12:48:48.889446|{rx-538} 1, 0, 0, 3, 539, 539, 0, 0, 0, 0, 0, 1, 0, 1, 1
2025-12-28 12:48:48.894690|{rssi-538} 111, -52, -127, -127, -127, 111, 111, 111, 111, 111, 111, 111, 111, 111, 111, 111, 111, 111, 
2025-12-28 12:48:48.903878|{td-538} 0, -17, 0, 0, 0, 0, 0, 0, 0, 0, 0, 0, 0, 0, 0, 0, 0, 0, 
2025-12-28 12:48:48.908528|{tx-538} :-BBB.............
2025-12-28 12:48:49.079823|{rx-539} 1, 0, 0, 3, 540, 540, 0, 0, 0, 0, 0, 1, 0, 1, 1
2025-12-28 12:48:49.084673|{rssi-539} 111, -51, -127, -127, -127, 111, 111, 111, 111, 111, 111, 111, 111, 111, 111, 111, 111, 111, 
2025-12-28 12:48:49.093036|{td-539} 0, -15, 0, 0, 0, 0, 0, 0, 0, 0, 0, 0, 0, 0, 0, 0, 0, 0, 
2025-12-28 12:48:49.099534|{tx-539} :-BBB.............
2025-12-28 12:48:49.269059|{rx-540} 1, 0, 0, 3, 541, 541, 0, 0, 0, 0, 0, 1, 0, 1, 1
2025-12-28 12:48:49.274252|{rssi-540} 111, -57, -127, -127, -127, 111, 111, 111, 111, 111, 111, 111, 111, 111, 111, 111, 111, 111, 
2025-12-28 12:48:49.284238|{td-540} 0, -15, 0, 0, 0, 0, 0, 0, 0, 0, 0, 0, 0, 0, 0, 0, 0, 0, 
2025-12-28 12:48:49.288588|{tx-540} :-BBB.............
2025-12-28 12:48:49.459539|{rx-541} 1, 0, 0, 3, 542, 542, 0, 0, 0, 0, 0, 1, 0, 1, 1
2025-12-28 12:48:49.464216|{rssi-541} 111, -51, -127, -127, -127, 111, 111, 111, 111, 111, 111, 111, 111, 111, 111, 111, 111, 111, 
2025-12-28 12:48:49.473796|{td-541} 0, -15, 0, 0, 0, 0, 0, 0, 0, 0, 0, 0, 0, 0, 0, 0, 0, 0, 
2025-12-28 12:48:49.478946|{tx-541} :-BBB.............
2025-12-28 12:48:49.649499|{rx-542} 1, 0, 0, 3, 543, 543, 0, 0, 0, 0, 0, 1, 0, 1, 1
2025-12-28 12:48:49.653476|{rssi-542} 111, -51, -127, -127, -127, 111, 111, 111, 111, 111, 111, 111, 111, 111, 111, 111, 111, 111, 
2025-12-28 12:48:49.663112|{td-542} 0, -15, 0, 0, 0, 0, 0, 0, 0, 0, 0, 0, 0, 0, 0, 0, 0, 0, 
2025-12-28 12:48:49.667778|{tx-542} :-BBB.............
2025-12-28 12:48:49.839195|{rx-543} 1, 0, 0, 3, 544, 544, 0, 0, 0, 0, 0, 1, 0, 1, 1
2025-12-28 12:48:49.844355|{rssi-543} 111, -53, -127, -127, -127, 111, 111, 111, 111, 111, 111, 111, 111, 111, 111, 111, 111, 111, 
2025-12-28 12:48:49.853917|{td-543} 0, -15, 0, 0, 0, 0, 0, 0, 0, 0, 0, 0, 0, 0, 0, 0, 0, 0, 
2025-12-28 12:48:49.858161|{tx-543} :-BBB.............
2025-12-28 12:48:50.028756|{rx-544} 1, 0, 0, 3, 545, 545, 0, 0, 0, 0, 0, 1, 0, 1, 1
2025-12-28 12:48:50.034175|{rssi-544} 111, -51, -127, -127, -127, 111, 111, 111, 111, 111, 111, 111, 111, 111, 111, 111, 111, 111, 
2025-12-28 12:48:50.043131|{td-544} 0, -15, 0, 0, 0, 0, 0, 0, 0, 0, 0, 0, 0, 0, 0, 0, 0, 0, 
2025-12-28 12:48:50.049180|{tx-544} :-BBB.............
2025-12-28 12:48:50.218797|{rx-545} 1, 0, 0, 3, 546, 546, 0, 0, 0, 0, 0, 1, 0, 1, 1
2025-12-28 12:48:50.224414|{rssi-545} 111, -52, -127, -127, -127, 111, 111, 111, 111, 111, 111, 111, 111, 111, 111, 111, 111, 111, 
2025-12-28 12:48:50.233262|{td-545} 0, -15, 0, 0, 0, 0, 0, 0, 0, 0, 0, 0, 0, 0, 0, 0, 0, 0, 
2025-12-28 12:48:50.239023|{tx-545} :-BBB.............
2025-12-28 12:48:50.408413|{rx-546} 1, 0, 0, 3, 547, 547, 0, 0, 0, 0, 0, 1, 0, 1, 1
2025-12-28 12:48:50.414325|{rssi-546} 111, -52, -127, -127, -127, 111, 111, 111, 111, 111, 111, 111, 111, 111, 111, 111, 111, 111, 
2025-12-28 12:48:50.422550|{td-546} 0, -17, 0, 0, 0, 0, 0, 0, 0, 0, 0, 0, 0, 0, 0, 0, 0, 0, 
2025-12-28 12:48:50.427775|{tx-546} :-BBB.............
2025-12-28 12:48:50.597965|{rx-547} 1, 0, 0, 3, 548, 548, 0, 0, 0, 0, 0, 1, 0, 1, 1
2025-12-28 12:48:50.604873|{rssi-547} 111, -51, -127, -127, -127, 111, 111, 111, 111, 111, 111, 111, 111, 111, 111, 111, 111, 111, 
2025-12-28 12:48:50.612588|{td-547} 0, -15, 0, 0, 0, 0, 0, 0, 0, 0, 0, 0, 0, 0, 0, 0, 0, 0, 
2025-12-28 12:48:50.619247|{tx-547} :-BBB.............
2025-12-28 12:48:50.787948|{rx-548} 1, 0, 0, 3, 549, 549, 0, 0, 0, 0, 0, 1, 0, 1, 1
2025-12-28 12:48:50.793718|{rssi-548} 111, -53, -127, -127, -127, 111, 111, 111, 111, 111, 111, 111, 111, 111, 111, 111, 111, 111, 
2025-12-28 12:48:50.803755|{td-548} 0, -15, 0, 0, 0, 0, 0, 0, 0, 0, 0, 0, 0, 0, 0, 0, 0, 0, 
2025-12-28 12:48:50.809026|{tx-548} :-BBB.............
2025-12-28 12:48:50.978589|{rx-549} 1, 0, 0, 3, 550, 550, 0, 0, 0, 0, 0, 1, 0, 1, 1
2025-12-28 12:48:50.984086|{rssi-549} 111, -51, -127, -127, -127, 111, 111, 111, 111, 111, 111, 111, 111, 111, 111, 111, 111, 111, 
2025-12-28 12:48:50.992316|{td-549} 0, -15, 0, 0, 0, 0, 0, 0, 0, 0, 0, 0, 0, 0, 0, 0, 0, 0, 
2025-12-28 12:48:50.998552|{tx-549} :-BBB.............
2025-12-28 12:48:51.168466|{rx-550} 1, 0, 0, 3, 551, 551, 0, 0, 0, 0, 0, 1, 0, 1, 1
2025-12-28 12:48:51.175519|{rssi-550} 111, -51, -127, -127, -127, 111, 111, 111, 111, 111, 111, 111, 111, 111, 111, 111, 111, 111, 
2025-12-28 12:48:51.183586|{td-550} 0, -15, 0, 0, 0, 0, 0, 0, 0, 0, 0, 0, 0, 0, 0, 0, 0, 0, 
2025-12-28 12:48:51.188064|{tx-550} :-BBB.............
2025-12-28 12:48:51.359393|{rx-551} 1, 0, 0, 3, 552, 552, 0, 0, 0, 0, 0, 1, 0, 1, 1
2025-12-28 12:48:51.364656|{rssi-551} 111, -51, -127, -127, -127, 111, 111, 111, 111, 111, 111, 111, 111, 111, 111, 111, 111, 111, 
2025-12-28 12:48:51.373631|{td-551} 0, -15, 0, 0, 0, 0, 0, 0, 0, 0, 0, 0, 0, 0, 0, 0, 0, 0, 
2025-12-28 12:48:51.378590|{tx-551} :-BBB.............
2025-12-28 12:48:51.548590|{rx-552} 1, 0, 0, 3, 553, 553, 0, 0, 0, 0, 0, 1, 0, 1, 1
2025-12-28 12:48:51.552615|{rssi-552} 111, -51, -127, -127, -127, 111, 111, 111, 111, 111, 111, 111, 111, 111, 111, 111, 111, 111, 
2025-12-28 12:48:51.562994|{td-552} 0, -15, 0, 0, 0, 0, 0, 0, 0, 0, 0, 0, 0, 0, 0, 0, 0, 0, 
2025-12-28 12:48:51.568254|{tx-552} :-BBB.............
2025-12-28 12:48:51.738780|{rx-553} 1, 0, 0, 3, 554, 554, 0, 0, 0, 0, 0, 1, 0, 1, 1
2025-12-28 12:48:51.744297|{rssi-553} 111, -56, -127, -127, -127, 111, 111, 111, 111, 111, 111, 111, 111, 111, 111, 111, 111, 111, 
2025-12-28 12:48:51.752481|{td-553} 0, -15, 0, 0, 0, 0, 0, 0, 0, 0, 0, 0, 0, 0, 0, 0, 0, 0, 
2025-12-28 12:48:51.759209|{tx-553} :-BBB.............
2025-12-28 12:48:51.927723|{rx-554} 1, 0, 0, 3, 555, 555, 0, 0, 0, 0, 0, 1, 0, 1, 1
2025-12-28 12:48:51.935158|{rssi-554} 111, -51, -127, -127, -127, 111, 111, 111, 111, 111, 111, 111, 111, 111, 111, 111, 111, 111, 
2025-12-28 12:48:51.942817|{td-554} 0, -15, 0, 0, 0, 0, 0, 0, 0, 0, 0, 0, 0, 0, 0, 0, 0, 0, 
2025-12-28 12:48:51.947711|{tx-554} :-BBB.............
2025-12-28 12:48:52.118001|{rx-555} 1, 0, 0, 3, 556, 556, 0, 0, 0, 0, 0, 1, 0, 1, 1
2025-12-28 12:48:52.122831|{rssi-555} 111, -51, -127, -127, -127, 111, 111, 111, 111, 111, 111, 111, 111, 111, 111, 111, 111, 111, 
2025-12-28 12:48:52.132100|{td-555} 0, -15, 0, 0, 0, 0, 0, 0, 0, 0, 0, 0, 0, 0, 0, 0, 0, 0, 
2025-12-28 12:48:52.138336|{tx-555} :-BBB.............
2025-12-28 12:48:52.308275|{rx-556} 1, 0, 0, 3, 557, 557, 0, 0, 0, 0, 0, 1, 0, 1, 1
2025-12-28 12:48:52.312349|{rssi-556} 111, -51, -127, -127, -127, 111, 111, 111, 111, 111, 111, 111, 111, 111, 111, 111, 111, 111, 
2025-12-28 12:48:52.323054|{td-556} 0, -17, 0, 0, 0, 0, 0, 0, 0, 0, 0, 0, 0, 0, 0, 0, 0, 0, 
2025-12-28 12:48:52.328371|{tx-556} :-BBB.............
2025-12-28 12:48:52.498421|{rx-557} 1, 0, 0, 3, 558, 558, 0, 0, 0, 0, 0, 1, 0, 1, 1
2025-12-28 12:48:52.503150|{rssi-557} 111, -52, -127, -127, -127, 111, 111, 111, 111, 111, 111, 111, 111, 111, 111, 111, 111, 111, 
2025-12-28 12:48:52.512614|{td-557} 0, -15, 0, 0, 0, 0, 0, 0, 0, 0, 0, 0, 0, 0, 0, 0, 0, 0, 
2025-12-28 12:48:52.518743|{tx-557} :-BBB.............
2025-12-28 12:48:52.688143|{rx-558} 1, 0, 0, 3, 559, 559, 0, 0, 0, 0, 0, 1, 0, 1, 1
2025-12-28 12:48:52.694541|{rssi-558} 111, -51, -127, -127, -127, 111, 111, 111, 111, 111, 111, 111, 111, 111, 111, 111, 111, 111, 
2025-12-28 12:48:52.702826|{td-558} 0, -15, 0, 0, 0, 0, 0, 0, 0, 0, 0, 0, 0, 0, 0, 0, 0, 0, 
2025-12-28 12:48:52.707390|{tx-558} :-BBB.............
2025-12-28 12:48:52.878831|{rx-559} 1, 0, 0, 3, 560, 560, 0, 0, 0, 0, 0, 1, 0, 1, 1
2025-12-28 12:48:52.883151|{rssi-559} 111, -51, -127, -127, -127, 111, 111, 111, 111, 111, 111, 111, 111, 111, 111, 111, 111, 111, 
2025-12-28 12:48:52.892427|{td-559} 0, -15, 0, 0, 0, 0, 0, 0, 0, 0, 0, 0, 0, 0, 0, 0, 0, 0, 
2025-12-28 12:48:52.898641|{tx-559} :-BBB.............
2025-12-28 12:48:53.068148|{rx-560} 1, 0, 0, 3, 561, 561, 0, 0, 0, 0, 0, 1, 0, 1, 1
2025-12-28 12:48:53.074154|{rssi-560} 111, -52, -127, -127, -127, 111, 111, 111, 111, 111, 111, 111, 111, 111, 111, 111, 111, 111, 
2025-12-28 12:48:53.082681|{td-560} 0, -15, 0, 0, 0, 0, 0, 0, 0, 0, 0, 0, 0, 0, 0, 0, 0, 0, 
2025-12-28 12:48:53.087857|{tx-560} :-BBB.............
2025-12-28 12:48:53.258323|{rx-561} 1, 0, 0, 3, 562, 562, 0, 0, 0, 0, 0, 1, 0, 1, 1
2025-12-28 12:48:53.263609|{rssi-561} 111, -53, -127, -127, -127, 111, 111, 111, 111, 111, 111, 111, 111, 111, 111, 111, 111, 111, 
2025-12-28 12:48:53.271705|{td-561} 0, -15, 0, 0, 0, 0, 0, 0, 0, 0, 0, 0, 0, 0, 0, 0, 0, 0, 
2025-12-28 12:48:53.278029|{tx-561} :-BBB.............
2025-12-28 12:48:53.448898|{rx-562} 1, 0, 0, 3, 563, 563, 0, 0, 0, 0, 0, 1, 0, 1, 1
2025-12-28 12:48:53.454196|{rssi-562} 111, -51, -127, -127, -127, 111, 111, 111, 111, 111, 111, 111, 111, 111, 111, 111, 111, 111, 
2025-12-28 12:48:53.462513|{td-562} 0, -17, 0, 0, 0, 0, 0, 0, 0, 0, 0, 0, 0, 0, 0, 0, 0, 0, 
2025-12-28 12:48:53.468915|{tx-562} :-BBB.............
2025-12-28 12:48:53.638420|{rx-563} 1, 0, 0, 3, 564, 564, 0, 0, 0, 0, 0, 1, 0, 1, 1
2025-12-28 12:48:53.642568|{rssi-563} 111, -51, -127, -127, -127, 111, 111, 111, 111, 111, 111, 111, 111, 111, 111, 111, 111, 111, 
2025-12-28 12:48:53.653609|{td-563} 0, -15, 0, 0, 0, 0, 0, 0, 0, 0, 0, 0, 0, 0, 0, 0, 0, 0, 
2025-12-28 12:48:53.657273|{tx-563} :-BBB.............
2025-12-28 12:48:53.828295|{rx-564} 1, 0, 0, 3, 565, 565, 0, 0, 0, 0, 0, 1, 0, 1, 1
2025-12-28 12:48:53.833256|{rssi-564} 111, -52, -127, -127, -127, 111, 111, 111, 111, 111, 111, 111, 111, 111, 111, 111, 111, 111, 
2025-12-28 12:48:53.842359|{td-564} 0, -15, 0, 0, 0, 0, 0, 0, 0, 0, 0, 0, 0, 0, 0, 0, 0, 0, 
2025-12-28 12:48:53.847467|{tx-564} :-BBB.............
2025-12-28 12:48:54.018681|{rx-565} 1, 0, 0, 3, 566, 566, 0, 0, 0, 0, 0, 1, 0, 1, 1
2025-12-28 12:48:54.023229|{rssi-565} 111, -51, -127, -127, -127, 111, 111, 111, 111, 111, 111, 111, 111, 111, 111, 111, 111, 111, 
2025-12-28 12:48:54.032323|{td-565} 0, -15, 0, 0, 0, 0, 0, 0, 0, 0, 0, 0, 0, 0, 0, 0, 0, 0, 
2025-12-28 12:48:54.037583|{tx-565} :-BBB.............
2025-12-28 12:48:54.208758|{rx-566} 1, 0, 0, 3, 567, 567, 0, 0, 0, 0, 0, 1, 0, 1, 1
2025-12-28 12:48:54.212645|{rssi-566} 111, -51, -127, -127, -127, 111, 111, 111, 111, 111, 111, 111, 111, 111, 111, 111, 111, 111, 
2025-12-28 12:48:54.222175|{td-566} 0, -15, 0, 0, 0, 0, 0, 0, 0, 0, 0, 0, 0, 0, 0, 0, 0, 0, 
2025-12-28 12:48:54.227851|{tx-566} :-BBB.............
2025-12-28 12:48:54.398368|{rx-567} 1, 0, 0, 3, 568, 568, 0, 0, 0, 0, 0, 1, 0, 1, 1
2025-12-28 12:48:54.403001|{rssi-567} 111, -51, -127, -127, -127, 111, 111, 111, 111, 111, 111, 111, 111, 111, 111, 111, 111, 111, 
2025-12-28 12:48:54.412195|{td-567} 0, -15, 0, 0, 0, 0, 0, 0, 0, 0, 0, 0, 0, 0, 0, 0, 0, 0, 
2025-12-28 12:48:54.417260|{tx-567} :-BBB.............
2025-12-28 12:48:54.588964|{rx-568} 1, 0, 0, 3, 569, 569, 0, 0, 0, 0, 0, 1, 0, 1, 1
2025-12-28 12:48:54.592261|{rssi-568} 111, -51, -127, -127, -127, 111, 111, 111, 111, 111, 111, 111, 111, 111, 111, 111, 111, 111, 
2025-12-28 12:48:54.602521|{td-568} 0, -15, 0, 0, 0, 0, 0, 0, 0, 0, 0, 0, 0, 0, 0, 0, 0, 0, 
2025-12-28 12:48:54.608397|{tx-568} :-BBB.............
2025-12-28 12:48:54.778394|{rx-569} 1, 0, 0, 3, 570, 570, 0, 0, 0, 0, 0, 1, 0, 1, 1
2025-12-28 12:48:54.782462|{rssi-569} 111, -51, -127, -127, -127, 111, 111, 111, 111, 111, 111, 111, 111, 111, 111, 111, 111, 111, 
2025-12-28 12:48:54.792657|{td-569} 0, -15, 0, 0, 0, 0, 0, 0, 0, 0, 0, 0, 0, 0, 0, 0, 0, 0, 
2025-12-28 12:48:54.797839|{tx-569} :-BBB.............
2025-12-28 12:48:54.968148|{rx-570} 1, 0, 0, 3, 571, 571, 0, 0, 0, 0, 0, 1, 0, 1, 1
2025-12-28 12:48:54.973064|{rssi-570} 111, -52, -127, -127, -127, 111, 111, 111, 111, 111, 111, 111, 111, 111, 111, 111, 111, 111, 
2025-12-28 12:48:54.982909|{td-570} 0, -15, 0, 0, 0, 0, 0, 0, 0, 0, 0, 0, 0, 0, 0, 0, 0, 0, 
2025-12-28 12:48:54.987854|{tx-570} :-BBB.............
2025-12-28 12:48:55.157314|{rx-571} 1, 0, 0, 3, 572, 572, 0, 0, 0, 0, 0, 1, 0, 1, 1
2025-12-28 12:48:55.162666|{rssi-571} 111, -52, -127, -127, -127, 111, 111, 111, 111, 111, 111, 111, 111, 111, 111, 111, 111, 111, 
2025-12-28 12:48:55.172199|{td-571} 0, -15, 0, 0, 0, 0, 0, 0, 0, 0, 0, 0, 0, 0, 0, 0, 0, 0, 
2025-12-28 12:48:55.177153|{tx-571} :-BBB.............
2025-12-28 12:48:55.347629|{rx-572} 1, 0, 0, 3, 573, 573, 0, 0, 0, 0, 0, 1, 0, 1, 1
2025-12-28 12:48:55.352340|{rssi-572} 111, -51, -127, -127, -127, 111, 111, 111, 111, 111, 111, 111, 111, 111, 111, 111, 111, 111, 
2025-12-28 12:48:55.361977|{td-572} 0, -17, 0, 0, 0, 0, 0, 0, 0, 0, 0, 0, 0, 0, 0, 0, 0, 0, 
2025-12-28 12:48:55.368387|{tx-572} :-BBB.............
2025-12-28 12:48:55.537313|{rx-573} 1, 0, 0, 3, 574, 574, 0, 0, 0, 0, 0, 1, 0, 1, 1
2025-12-28 12:48:55.542691|{rssi-573} 111, -48, -127, -127, -127, 111, 111, 111, 111, 111, 111, 111, 111, 111, 111, 111, 111, 111, 
2025-12-28 12:48:55.551778|{td-573} 0, -15, 0, 0, 0, 0, 0, 0, 0, 0, 0, 0, 0, 0, 0, 0, 0, 0, 
2025-12-28 12:48:55.557262|{tx-573} :-BBB.............
2025-12-28 12:48:55.727602|{rx-574} 1, 0, 0, 3, 575, 575, 0, 0, 0, 0, 0, 1, 0, 1, 1
2025-12-28 12:48:55.735900|{rssi-574} 111, -56, -127, -127, -127, 111, 111, 111, 111, 111, 111, 111, 111, 111, 111, 111, 111, 111, 
2025-12-28 12:48:55.742200|{td-574} 0, -15, 0, 0, 0, 0, 0, 0, 0, 0, 0, 0, 0, 0, 0, 0, 0, 0, 
2025-12-28 12:48:55.747058|{tx-574} :-BBB.............
2025-12-28 12:48:55.917532|{rx-575} 1, 0, 0, 3, 576, 576, 0, 0, 0, 0, 0, 1, 0, 1, 1
2025-12-28 12:48:55.922625|{rssi-575} 111, -54, -127, -127, -127, 111, 111, 111, 111, 111, 111, 111, 111, 111, 111, 111, 111, 111, 
2025-12-28 12:48:55.932124|{td-575} 0, -15, 0, 0, 0, 0, 0, 0, 0, 0, 0, 0, 0, 0, 0, 0, 0, 0, 
2025-12-28 12:48:55.937294|{tx-575} :-BBB.............
2025-12-28 12:48:56.107700|{rx-576} 1, 0, 0, 3, 577, 577, 0, 0, 0, 0, 0, 1, 0, 1, 1
2025-12-28 12:48:56.112520|{rssi-576} 111, -53, -127, -127, -127, 111, 111, 111, 111, 111, 111, 111, 111, 111, 111, 111, 111, 111, 
2025-12-28 12:48:56.122286|{td-576} 0, -15, 0, 0, 0, 0, 0, 0, 0, 0, 0, 0, 0, 0, 0, 0, 0, 0, 
2025-12-28 12:48:56.127124|{tx-576} :-BBB.............
2025-12-28 12:48:56.297482|{rx-577} 1, 0, 0, 3, 578, 578, 0, 0, 0, 0, 0, 1, 0, 1, 1
2025-12-28 12:48:56.302305|{rssi-577} 111, -52, -127, -127, -127, 111, 111, 111, 111, 111, 111, 111, 111, 111, 111, 111, 111, 111, 
2025-12-28 12:48:56.312149|{td-577} 0, -15, 0, 0, 0, 0, 0, 0, 0, 0, 0, 0, 0, 0, 0, 0, 0, 0, 
2025-12-28 12:48:56.316856|{tx-577} :-BBB.............
2025-12-28 12:48:56.487035|{rx-578} 1, 0, 0, 3, 579, 579, 0, 0, 0, 0, 0, 1, 0, 1, 1
2025-12-28 12:48:56.492849|{rssi-578} 111, -51, -127, -127, -127, 111, 111, 111, 111, 111, 111, 111, 111, 111, 111, 111, 111, 111, 
2025-12-28 12:48:56.502006|{td-578} 0, -15, 0, 0, 0, 0, 0, 0, 0, 0, 0, 0, 0, 0, 0, 0, 0, 0, 
2025-12-28 12:48:56.506943|{tx-578} :-BBB.............
2025-12-28 12:48:56.677407|{rx-579} 1, 0, 0, 3, 580, 580, 0, 0, 0, 0, 0, 1, 0, 1, 1
2025-12-28 12:48:56.682498|{rssi-579} 111, -52, -127, -127, -127, 111, 111, 111, 111, 111, 111, 111, 111, 111, 111, 111, 111, 111, 
2025-12-28 12:48:56.691823|{td-579} 0, -15, 0, 0, 0, 0, 0, 0, 0, 0, 0, 0, 0, 0, 0, 0, 0, 0, 
2025-12-28 12:48:56.697503|{tx-579} :-BBB.............
2025-12-28 12:48:56.867293|{rx-580} 1, 0, 0, 3, 581, 581, 0, 0, 0, 0, 0, 1, 0, 1, 1
2025-12-28 12:48:56.872678|{rssi-580} 111, -51, -127, -127, -127, 111, 111, 111, 111, 111, 111, 111, 111, 111, 111, 111, 111, 111, 
2025-12-28 12:48:56.882558|{td-580} 0, -17, 0, 0, 0, 0, 0, 0, 0, 0, 0, 0, 0, 0, 0, 0, 0, 0, 
2025-12-28 12:48:56.887505|{tx-580} :-BBB.............
2025-12-28 12:48:57.057631|{rx-581} 1, 0, 0, 3, 582, 582, 0, 0, 0, 0, 0, 1, 0, 1, 1
2025-12-28 12:48:57.061352|{rssi-581} 111, -56, -127, -127, -127, 111, 111, 111, 111, 111, 111, 111, 111, 111, 111, 111, 111, 111, 
2025-12-28 12:48:57.071189|{td-581} 0, -13, 0, 0, 0, 0, 0, 0, 0, 0, 0, 0, 0, 0, 0, 0, 0, 0, 
2025-12-28 12:48:57.077119|{tx-581} :-BBB.............
2025-12-28 12:48:57.247504|{rx-582} 1, 0, 0, 3, 583, 583, 0, 0, 0, 0, 0, 1, 0, 1, 1
2025-12-28 12:48:57.252317|{rssi-582} 111, -53, -127, -127, -127, 111, 111, 111, 111, 111, 111, 111, 111, 111, 111, 111, 111, 111, 
2025-12-28 12:48:57.262121|{td-582} 0, -17, 0, 0, 0, 0, 0, 0, 0, 0, 0, 0, 0, 0, 0, 0, 0, 0, 
2025-12-28 12:48:57.267027|{tx-582} :-BBB.............
2025-12-28 12:48:57.437964|{rx-583} 1, 0, 0, 3, 584, 584, 0, 0, 0, 0, 0, 1, 0, 1, 1
2025-12-28 12:48:57.441719|{rssi-583} 111, -51, -127, -127, -127, 111, 111, 111, 111, 111, 111, 111, 111, 111, 111, 111, 111, 111, 
2025-12-28 12:48:57.451629|{td-583} 0, -15, 0, 0, 0, 0, 0, 0, 0, 0, 0, 0, 0, 0, 0, 0, 0, 0, 
2025-12-28 12:48:57.457198|{tx-583} :-BBB.............
2025-12-28 12:48:57.627866|{rx-584} 1, 0, 0, 3, 585, 585, 0, 0, 0, 0, 0, 1, 0, 1, 1
2025-12-28 12:48:57.632083|{rssi-584} 111, -53, -127, -127, -127, 111, 111, 111, 111, 111, 111, 111, 111, 111, 111, 111, 111, 111, 
2025-12-28 12:48:57.641184|{td-584} 0, -15, 0, 0, 0, 0, 0, 0, 0, 0, 0, 0, 0, 0, 0, 0, 0, 0, 
2025-12-28 12:48:57.647684|{tx-584} :-BBB.............
2025-12-28 12:48:57.817754|{rx-585} 1, 0, 0, 3, 586, 586, 0, 0, 0, 0, 0, 1, 0, 1, 1
2025-12-28 12:48:57.822322|{rssi-585} 111, -53, -127, -127, -127, 111, 111, 111, 111, 111, 111, 111, 111, 111, 111, 111, 111, 111, 
2025-12-28 12:48:57.831770|{td-585} 0, -15, 0, 0, 0, 0, 0, 0, 0, 0, 0, 0, 0, 0, 0, 0, 0, 0, 
2025-12-28 12:48:57.837449|{tx-585} :-BBB.............
2025-12-28 12:48:58.007901|{rx-586} 1, 0, 0, 3, 587, 587, 0, 0, 0, 0, 0, 1, 0, 1, 1
2025-12-28 12:48:58.012238|{rssi-586} 111, -52, -127, -127, -127, 111, 111, 111, 111, 111, 111, 111, 111, 111, 111, 111, 111, 111, 
2025-12-28 12:48:58.021275|{td-586} 0, -15, 0, 0, 0, 0, 0, 0, 0, 0, 0, 0, 0, 0, 0, 0, 0, 0, 
2025-12-28 12:48:58.027682|{tx-586} :-BBB.............
2025-12-28 12:48:58.197122|{rx-587} 1, 0, 0, 3, 588, 588, 0, 0, 0, 0, 0, 1, 0, 1, 1
2025-12-28 12:48:58.202850|{rssi-587} 111, -51, -127, -127, -127, 111, 111, 111, 111, 111, 111, 111, 111, 111, 111, 111, 111, 111, 
2025-12-28 12:48:58.211847|{td-587} 0, -15, 0, 0, 0, 0, 0, 0, 0, 0, 0, 0, 0, 0, 0, 0, 0, 0, 
2025-12-28 12:48:58.217646|{tx-587} :-BBB.............
2025-12-28 12:48:58.388772|{rx-588} 1, 0, 0, 3, 589, 589, 0, 0, 0, 0, 0, 1, 0, 1, 1
2025-12-28 12:48:58.392220|{rssi-588} 111, -49, -127, -127, -127, 111, 111, 111, 111, 111, 111, 111, 111, 111, 111, 111, 111, 111, 
2025-12-28 12:48:58.401906|{td-588} 0, -15, 0, 0, 0, 0, 0, 0, 0, 0, 0, 0, 0, 0, 0, 0, 0, 0, 
2025-12-28 12:48:58.406437|{tx-588} :-BBB.............
2025-12-28 12:48:58.577417|{rx-589} 1, 0, 0, 3, 590, 590, 0, 0, 0, 0, 0, 1, 0, 1, 1
2025-12-28 12:48:58.582394|{rssi-589} 111, -52, -127, -127, -127, 111, 111, 111, 111, 111, 111, 111, 111, 111, 111, 111, 111, 111, 
2025-12-28 12:48:58.591527|{td-589} 0, -15, 0, 0, 0, 0, 0, 0, 0, 0, 0, 0, 0, 0, 0, 0, 0, 0, 
2025-12-28 12:48:58.597615|{tx-589} :-BBB.............
2025-12-28 12:48:58.767396|{rx-590} 1, 0, 0, 3, 591, 591, 0, 0, 0, 0, 0, 1, 0, 1, 1
2025-12-28 12:48:58.772650|{rssi-590} 111, -51, -127, -127, -127, 111, 111, 111, 111, 111, 111, 111, 111, 111, 111, 111, 111, 111, 
2025-12-28 12:48:58.781434|{td-590} 0, -17, 0, 0, 0, 0, 0, 0, 0, 0, 0, 0, 0, 0, 0, 0, 0, 0, 
2025-12-28 12:48:58.786796|{tx-590} :-BBB.............
2025-12-28 12:48:58.957895|{rx-591} 1, 0, 0, 3, 592, 592, 0, 0, 0, 0, 0, 1, 0, 1, 1
2025-12-28 12:48:58.962100|{rssi-591} 111, -53, -127, -127, -127, 111, 111, 111, 111, 111, 111, 111, 111, 111, 111, 111, 111, 111, 
2025-12-28 12:48:58.970820|{td-591} 0, -15, 0, 0, 0, 0, 0, 0, 0, 0, 0, 0, 0, 0, 0, 0, 0, 0, 
2025-12-28 12:48:58.976554|{tx-591} :-BBB.............
2025-12-28 12:48:59.147129|{rx-592} 1, 0, 0, 3, 593, 593, 0, 0, 0, 0, 0, 1, 0, 1, 1
2025-12-28 12:48:59.151273|{rssi-592} 111, -51, -127, -127, -127, 111, 111, 111, 111, 111, 111, 111, 111, 111, 111, 111, 111, 111, 
2025-12-28 12:48:59.161641|{td-592} 0, -15, 0, 0, 0, 0, 0, 0, 0, 0, 0, 0, 0, 0, 0, 0, 0, 0, 
2025-12-28 12:48:59.167551|{tx-592} :-BBB.............
2025-12-28 12:48:59.337392|{rx-593} 1, 0, 0, 3, 594, 594, 0, 0, 0, 0, 0, 1, 0, 1, 1
2025-12-28 12:48:59.341772|{rssi-593} 111, -52, -127, -127, -127, 111, 111, 111, 111, 111, 111, 111, 111, 111, 111, 111, 111, 111, 
2025-12-28 12:48:59.351823|{td-593} 0, -15, 0, 0, 0, 0, 0, 0, 0, 0, 0, 0, 0, 0, 0, 0, 0, 0, 
2025-12-28 12:48:59.356987|{tx-593} :-BBB.............
2025-12-28 12:48:59.528082|{rx-594} 1, 0, 0, 3, 595, 595, 0, 0, 0, 0, 0, 1, 0, 1, 1
2025-12-28 12:48:59.531994|{rssi-594} 111, -56, -127, -127, -127, 111, 111, 111, 111, 111, 111, 111, 111, 111, 111, 111, 111, 111, 
2025-12-28 12:48:59.541437|{td-594} 0, -15, 0, 0, 0, 0, 0, 0, 0, 0, 0, 0, 0, 0, 0, 0, 0, 0, 
2025-12-28 12:48:59.547773|{tx-594} :-BBB.............
2025-12-28 12:48:59.717308|{rx-595} 1, 0, 0, 3, 596, 596, 0, 0, 0, 0, 0, 1, 0, 1, 1
2025-12-28 12:48:59.720987|{rssi-595} 111, -51, -127, -127, -127, 111, 111, 111, 111, 111, 111, 111, 111, 111, 111, 111, 111, 111, 
2025-12-28 12:48:59.731516|{td-595} 0, -15, 0, 0, 0, 0, 0, 0, 0, 0, 0, 0, 0, 0, 0, 0, 0, 0, 
2025-12-28 12:48:59.736344|{tx-595} :-BBB.............
2025-12-28 12:48:59.907312|{rx-596} 1, 0, 0, 3, 597, 597, 0, 0, 0, 0, 0, 1, 0, 1, 1
2025-12-28 12:48:59.911648|{rssi-596} 111, -52, -127, -127, -127, 111, 111, 111, 111, 111, 111, 111, 111, 111, 111, 111, 111, 111, 
2025-12-28 12:48:59.921773|{td-596} 0, -15, 0, 0, 0, 0, 0, 0, 0, 0, 0, 0, 0, 0, 0, 0, 0, 0, 
2025-12-28 12:48:59.927059|{tx-596} :-BBB.............
2025-12-28 12:49:00.097537|{rx-597} 1, 0, 0, 3, 598, 598, 0, 0, 0, 0, 0, 1, 0, 1, 1
2025-12-28 12:49:00.102001|{rssi-597} 111, -52, -127, -127, -127, 111, 111, 111, 111, 111, 111, 111, 111, 111, 111, 111, 111, 111, 
2025-12-28 12:49:00.112325|{td-597} 0, -15, 0, 0, 0, 0, 0, 0, 0, 0, 0, 0, 0, 0, 0, 0, 0, 0, 
2025-12-28 12:49:00.117460|{tx-597} :-BBB.............
2025-12-28 12:49:00.286596|{rx-598} 1, 0, 0, 3, 599, 599, 0, 0, 0, 0, 0, 1, 0, 1, 1
2025-12-28 12:49:00.291142|{rssi-598} 111, -52, -127, -127, -127, 111, 111, 111, 111, 111, 111, 111, 111, 111, 111, 111, 111, 111, 
2025-12-28 12:49:00.300569|{td-598} 0, -17, 0, 0, 0, 0, 0, 0, 0, 0, 0, 0, 0, 0, 0, 0, 0, 0, 
2025-12-28 12:49:00.307153|{tx-598} :-BBB.............
2025-12-28 12:49:00.476956|{rx-599} 1, 0, 0, 3, 600, 600, 0, 0, 0, 0, 0, 1, 0, 1, 1
2025-12-28 12:49:00.481851|{rssi-599} 111, -51, -127, -127, -127, 111, 111, 111, 111, 111, 111, 111, 111, 111, 111, 111, 111, 111, 
2025-12-28 12:49:00.491353|{td-599} 0, -15, 0, 0, 0, 0, 0, 0, 0, 0, 0, 0, 0, 0, 0, 0, 0, 0, 
2025-12-28 12:49:00.497331|{tx-599} :-BBB.............
2025-12-28 12:49:00.669269|{rx-600} 1, 0, 0, 3, 601, 601, 0, 0, 0, 0, 0, 1, 0, 1, 1
2025-12-28 12:49:00.672301|{rssi-600} 111, -51, -127, -127, -127, 111, 111, 111, 111, 111, 111, 111, 111, 111, 111, 111, 111, 111, 
2025-12-28 12:49:00.681729|{td-600} 0, -15, 0, 0, 0, 0, 0, 0, 0, 0, 0, 0, 0, 0, 0, 0, 0, 0, 
2025-12-28 12:49:00.686170|{tx-600} :-BBB.............
2025-12-28 12:49:00.856188|{rx-601} 1, 0, 0, 3, 602, 602, 0, 0, 0, 0, 0, 1, 0, 1, 1
2025-12-28 12:49:00.864421|{rssi-601} 111, -52, -127, -127, -127, 111, 111, 111, 111, 111, 111, 111, 111, 111, 111, 111, 111, 111, 
2025-12-28 12:49:00.871113|{td-601} 0, -15, 0, 0, 0, 0, 0, 0, 0, 0, 0, 0, 0, 0, 0, 0, 0, 0, 
2025-12-28 12:49:00.876229|{tx-601} :-BBB.............
2025-12-28 12:49:01.047065|{rx-602} 1, 0, 0, 3, 603, 603, 0, 0, 0, 0, 0, 1, 0, 1, 1
2025-12-28 12:49:01.051976|{rssi-602} 111, -51, -127, -127, -127, 111, 111, 111, 111, 111, 111, 111, 111, 111, 111, 111, 111, 111, 
2025-12-28 12:49:01.061230|{td-602} 0, -15, 0, 0, 0, 0, 0, 0, 0, 0, 0, 0, 0, 0, 0, 0, 0, 0, 
2025-12-28 12:49:01.066356|{tx-602} :-BBB.............
2025-12-28 12:49:01.236617|{rx-603} 1, 0, 0, 3, 604, 604, 0, 0, 0, 0, 0, 1, 0, 1, 1
2025-12-28 12:49:01.241769|{rssi-603} 111, -51, -127, -127, -127, 111, 111, 111, 111, 111, 111, 111, 111, 111, 111, 111, 111, 111, 
2025-12-28 12:49:01.251236|{td-603} 0, -15, 0, 0, 0, 0, 0, 0, 0, 0, 0, 0, 0, 0, 0, 0, 0, 0, 
2025-12-28 12:49:01.256541|{tx-603} :-BBB.............
2025-12-28 12:49:01.427052|{rx-604} 1, 0, 0, 3, 605, 605, 0, 0, 0, 0, 0, 1, 0, 1, 1
2025-12-28 12:49:01.432733|{rssi-604} 111, -51, -127, -127, -127, 111, 111, 111, 111, 111, 111, 111, 111, 111, 111, 111, 111, 111, 
2025-12-28 12:49:01.441390|{td-604} 0, -15, 0, 0, 0, 0, 0, 0, 0, 0, 0, 0, 0, 0, 0, 0, 0, 0, 
2025-12-28 12:49:01.447180|{tx-604} :-BBB.............
2025-12-28 12:49:01.616570|{rx-605} 1, 0, 0, 3, 606, 606, 0, 0, 0, 0, 0, 1, 0, 1, 1
2025-12-28 12:49:01.621282|{rssi-605} 111, -51, -127, -127, -127, 111, 111, 111, 111, 111, 111, 111, 111, 111, 111, 111, 111, 111, 
2025-12-28 12:49:01.631031|{td-605} 0, -15, 0, 0, 0, 0, 0, 0, 0, 0, 0, 0, 0, 0, 0, 0, 0, 0, 
2025-12-28 12:49:01.637167|{tx-605} :-BBB.............
2025-12-28 12:49:01.806785|{rx-606} 1, 0, 0, 3, 607, 607, 0, 0, 0, 0, 0, 1, 0, 1, 1
2025-12-28 12:49:01.811827|{rssi-606} 111, -51, -127, -127, -127, 111, 111, 111, 111, 111, 111, 111, 111, 111, 111, 111, 111, 111, 
2025-12-28 12:49:01.820880|{td-606} 0, -15, 0, 0, 0, 0, 0, 0, 0, 0, 0, 0, 0, 0, 0, 0, 0, 0, 
2025-12-28 12:49:01.826291|{tx-606} :-BBB.............
2025-12-28 12:49:01.997094|{rx-607} 1, 0, 0, 3, 608, 608, 0, 0, 0, 0, 0, 1, 0, 1, 1
2025-12-28 12:49:02.001984|{rssi-607} 111, -51, -127, -127, -127, 111, 111, 111, 111, 111, 111, 111, 111, 111, 111, 111, 111, 111, 
2025-12-28 12:49:02.011083|{td-607} 0, -17, 0, 0, 0, 0, 0, 0, 0, 0, 0, 0, 0, 0, 0, 0, 0, 0, 
2025-12-28 12:49:02.015892|{tx-607} :-BBB.............
2025-12-28 12:49:02.186684|{rx-608} 1, 0, 0, 3, 609, 609, 0, 0, 0, 0, 0, 1, 0, 1, 1
2025-12-28 12:49:02.190666|{rssi-608} 111, -51, -127, -127, -127, 111, 111, 111, 111, 111, 111, 111, 111, 111, 111, 111, 111, 111, 
2025-12-28 12:49:02.201064|{td-608} 0, -15, 0, 0, 0, 0, 0, 0, 0, 0, 0, 0, 0, 0, 0, 0, 0, 0, 
2025-12-28 12:49:02.205822|{tx-608} :-BBB.............
2025-12-28 12:49:02.376156|{rx-609} 1, 0, 0, 3, 610, 610, 0, 0, 0, 0, 0, 1, 0, 1, 1
2025-12-28 12:49:02.380950|{rssi-609} 111, -52, -127, -127, -127, 111, 111, 111, 111, 111, 111, 111, 111, 111, 111, 111, 111, 111, 
2025-12-28 12:49:02.391147|{td-609} 0, -15, 0, 0, 0, 0, 0, 0, 0, 0, 0, 0, 0, 0, 0, 0, 0, 0, 
2025-12-28 12:49:02.395884|{tx-609} :-BBB.............
2025-12-28 12:49:02.567289|{rx-610} 1, 0, 0, 3, 611, 611, 0, 0, 0, 0, 0, 1, 0, 1, 1
2025-12-28 12:49:02.571715|{rssi-610} 111, -52, -127, -127, -127, 111, 111, 111, 111, 111, 111, 111, 111, 111, 111, 111, 111, 111, 
2025-12-28 12:49:02.581270|{td-610} 0, -15, 0, 0, 0, 0, 0, 0, 0, 0, 0, 0, 0, 0, 0, 0, 0, 0, 
2025-12-28 12:49:02.585752|{tx-610} :-BBB.............
2025-12-28 12:49:02.756333|{rx-611} 1, 0, 0, 3, 612, 612, 0, 0, 0, 0, 0, 1, 0, 1, 1
2025-12-28 12:49:02.761597|{rssi-611} 111, -51, -127, -127, -127, 111, 111, 111, 111, 111, 111, 111, 111, 111, 111, 111, 111, 111, 
2025-12-28 12:49:02.769810|{td-611} 0, -15, 0, 0, 0, 0, 0, 0, 0, 0, 0, 0, 0, 0, 0, 0, 0, 0, 
2025-12-28 12:49:02.776055|{tx-611} :-BBB.............
2025-12-28 12:49:02.946365|{rx-612} 1, 0, 0, 3, 613, 613, 0, 0, 0, 0, 0, 1, 0, 1, 1
2025-12-28 12:49:02.950615|{rssi-612} 111, -53, -127, -127, -127, 111, 111, 111, 111, 111, 111, 111, 111, 111, 111, 111, 111, 111, 
2025-12-28 12:49:02.959918|{td-612} 0, -15, 0, 0, 0, 0, 0, 0, 0, 0, 0, 0, 0, 0, 0, 0, 0, 0, 
2025-12-28 12:49:02.966572|{tx-612} :-BBB.............
2025-12-28 12:49:03.136568|{rx-613} 1, 0, 0, 3, 614, 614, 0, 0, 0, 0, 0, 1, 0, 1, 1
2025-12-28 12:49:03.142012|{rssi-613} 111, -52, -127, -127, -127, 111, 111, 111, 111, 111, 111, 111, 111, 111, 111, 111, 111, 111, 
2025-12-28 12:49:03.151319|{td-613} 0, -15, 0, 0, 0, 0, 0, 0, 0, 0, 0, 0, 0, 0, 0, 0, 0, 0, 
2025-12-28 12:49:03.157155|{tx-613} :-BBB.............
2025-12-28 12:49:03.326491|{rx-614} 1, 0, 0, 3, 615, 615, 0, 0, 0, 0, 0, 1, 0, 1, 1
2025-12-28 12:49:03.331258|{rssi-614} 111, -52, -127, -127, -127, 111, 111, 111, 111, 111, 111, 111, 111, 111, 111, 111, 111, 111, 
2025-12-28 12:49:03.341807|{td-614} 0, -15, 0, 0, 0, 0, 0, 0, 0, 0, 0, 0, 0, 0, 0, 0, 0, 0, 
2025-12-28 12:49:03.346809|{tx-614} :-BBB.............
2025-12-28 12:49:03.517078|{rx-615} 1, 0, 0, 3, 616, 616, 0, 0, 0, 0, 0, 1, 0, 1, 1
2025-12-28 12:49:03.521365|{rssi-615} 111, -52, -127, -127, -127, 111, 111, 111, 111, 111, 111, 111, 111, 111, 111, 111, 111, 111, 
2025-12-28 12:49:03.529722|{td-615} 0, -15, 0, 0, 0, 0, 0, 0, 0, 0, 0, 0, 0, 0, 0, 0, 0, 0, 
2025-12-28 12:49:03.535898|{tx-615} :-BBB.............
2025-12-28 12:49:03.705757|{rx-616} 1, 0, 0, 3, 617, 617, 0, 0, 0, 0, 0, 1, 0, 1, 1
2025-12-28 12:49:03.711417|{rssi-616} 111, -52, -127, -127, -127, 111, 111, 111, 111, 111, 111, 111, 111, 111, 111, 111, 111, 111, 
2025-12-28 12:49:03.720872|{td-616} 0, -15, 0, 0, 0, 0, 0, 0, 0, 0, 0, 0, 0, 0, 0, 0, 0, 0, 
2025-12-28 12:49:03.726278|{tx-616} :-BBB.............
2025-12-28 12:49:03.896210|{rx-617} 1, 0, 0, 3, 618, 618, 0, 0, 0, 0, 0, 1, 0, 1, 1
2025-12-28 12:49:03.901037|{rssi-617} 111, -51, -127, -127, -127, 111, 111, 111, 111, 111, 111, 111, 111, 111, 111, 111, 111, 111, 
2025-12-28 12:49:03.909824|{td-617} 0, -15, 0, 0, 0, 0, 0, 0, 0, 0, 0, 0, 0, 0, 0, 0, 0, 0, 
2025-12-28 12:49:03.916075|{tx-617} :-BBB.............
2025-12-28 12:49:04.086355|{rx-618} 1, 0, 0, 3, 619, 619, 0, 0, 0, 0, 0, 1, 0, 1, 1
2025-12-28 12:49:04.091368|{rssi-618} 111, -51, -127, -127, -127, 111, 111, 111, 111, 111, 111, 111, 111, 111, 111, 111, 111, 111, 
2025-12-28 12:49:04.100573|{td-618} 0, -17, 0, 0, 0, 0, 0, 0, 0, 0, 0, 0, 0, 0, 0, 0, 0, 0, 
2025-12-28 12:49:04.105698|{tx-618} :-BBB.............
2025-12-28 12:49:04.276185|{rx-619} 1, 0, 0, 3, 620, 620, 0, 0, 0, 0, 0, 1, 0, 1, 1
2025-12-28 12:49:04.281275|{rssi-619} 111, -51, -127, -127, -127, 111, 111, 111, 111, 111, 111, 111, 111, 111, 111, 111, 111, 111, 
2025-12-28 12:49:04.290709|{td-619} 0, -15, 0, 0, 0, 0, 0, 0, 0, 0, 0, 0, 0, 0, 0, 0, 0, 0, 
2025-12-28 12:49:04.295782|{tx-619} :-BBB.............
2025-12-28 12:49:04.466375|{rx-620} 1, 0, 0, 3, 621, 621, 0, 0, 0, 0, 0, 1, 0, 1, 1
2025-12-28 12:49:04.471502|{rssi-620} 111, -53, -127, -127, -127, 111, 111, 111, 111, 111, 111, 111, 111, 111, 111, 111, 111, 111, 
2025-12-28 12:49:04.480946|{td-620} 0, -15, 0, 0, 0, 0, 0, 0, 0, 0, 0, 0, 0, 0, 0, 0, 0, 0, 
2025-12-28 12:49:04.486869|{tx-620} :-BBB.............
2025-12-28 12:49:04.656013|{rx-621} 1, 0, 0, 3, 622, 622, 0, 0, 0, 0, 0, 1, 0, 1, 1
2025-12-28 12:49:04.660986|{rssi-621} 111, -51, -127, -127, -127, 111, 111, 111, 111, 111, 111, 111, 111, 111, 111, 111, 111, 111, 
2025-12-28 12:49:04.670852|{td-621} 0, -15, 0, 0, 0, 0, 0, 0, 0, 0, 0, 0, 0, 0, 0, 0, 0, 0, 
2025-12-28 12:49:04.675864|{tx-621} :-BBB.............
2025-12-28 12:49:04.846432|{rx-622} 1, 0, 0, 3, 623, 623, 0, 0, 0, 0, 0, 1, 0, 1, 1
2025-12-28 12:49:04.851336|{rssi-622} 111, -52, -127, -127, -127, 111, 111, 111, 111, 111, 111, 111, 111, 111, 111, 111, 111, 111, 
2025-12-28 12:49:04.860461|{td-622} 0, -15, 0, 0, 0, 0, 0, 0, 0, 0, 0, 0, 0, 0, 0, 0, 0, 0, 
2025-12-28 12:49:04.866443|{tx-622} :-BBB.............
2025-12-28 12:49:05.037007|{rx-623} 1, 0, 0, 3, 624, 624, 0, 0, 0, 0, 0, 1, 0, 1, 1
2025-12-28 12:49:05.041215|{rssi-623} 111, -51, -127, -127, -127, 111, 111, 111, 111, 111, 111, 111, 111, 111, 111, 111, 111, 111, 
2025-12-28 12:49:05.050709|{td-623} 0, -15, 0, 0, 0, 0, 0, 0, 0, 0, 0, 0, 0, 0, 0, 0, 0, 0, 
2025-12-28 12:49:05.056391|{tx-623} :-BBB.............
2025-12-28 12:49:05.226457|{rx-624} 1, 0, 0, 3, 625, 625, 0, 0, 0, 0, 0, 1, 0, 1, 1
2025-12-28 12:49:05.231193|{rssi-624} 111, -53, -127, -127, -127, 111, 111, 111, 111, 111, 111, 111, 111, 111, 111, 111, 111, 111, 
2025-12-28 12:49:05.246609|{td-624} 0, -15, 0, 0, 0, 0, 0, 0, 0, 0, 0, 0, 0, 0, 0, 0, 0, 0, 
2025-12-28 12:49:05.248416|{tx-624} :-BBB.............
2025-12-28 12:49:05.416267|{rx-625} 1, 0, 0, 3, 626, 626, 0, 0, 0, 0, 0, 1, 0, 1, 1
2025-12-28 12:49:05.420423|{rssi-625} 111, -51, -127, -127, -127, 111, 111, 111, 111, 111, 111, 111, 111, 111, 111, 111, 111, 111, 
2025-12-28 12:49:05.430584|{td-625} 0, -15, 0, 0, 0, 0, 0, 0, 0, 0, 0, 0, 0, 0, 0, 0, 0, 0, 
2025-12-28 12:49:05.435669|{tx-625} :-BBB.............
2025-12-28 12:49:05.605958|{rx-626} 1, 0, 0, 3, 627, 627, 0, 0, 0, 0, 0, 1, 0, 1, 1
2025-12-28 12:49:05.610930|{rssi-626} 111, -51, -127, -127, -127, 111, 111, 111, 111, 111, 111, 111, 111, 111, 111, 111, 111, 111, 
2025-12-28 12:49:05.621062|{td-626} 0, -17, 0, 0, 0, 0, 0, 0, 0, 0, 0, 0, 0, 0, 0, 0, 0, 0, 
2025-12-28 12:49:05.626593|{tx-626} :-BBB.............
2025-12-28 12:49:05.701326| 