2025-12-28 12:47:06.011681|Testing
2025-12-28 12:47:06.011856|Node 0xcc49bcab
2025-12-28 12:47:09.919356|{rx-17} 1, 0, 0, 3, 1, 1, 0, 0, 0, 0, 6, 6, 0, 0, 0
2025-12-28 12:47:09.924478|{rssi-17} 0, 0, 0, 0, 0, 0, 0, -77, -127, -127, -127, 0, 0, 0, 0, 0, 0, 0, 
2025-12-28 12:47:09.930989|{td-17} 0, 0, 0, 0, 0, 0, 0, 56983560, 0, 0, 0, 0, 0, 0, 0, 0, 0, 0, 
2025-12-28 12:47:09.936527|{tx-17} :
2025-12-28 12:47:10.110655|{rx-18} 1, 0, 6, 3, 2, 8, 0, 0, 0, 0, 6, 6, 0, 6, 6
2025-12-28 12:47:10.114046|{rssi-18} 111, -127, -127, -127, -127, -127, -127, -77, -127, -127, -127, 111, 111, 111, 111, 111, 111, 111, 
2025-12-28 12:47:10.123568|{td-18} 0, -2959328, -2968248, -2977168, -2986088, -2995008, -3003928, -27, 0, 0, 0, 0, 0, 0, 0, 0, 0, 0, 
2025-12-28 12:47:10.132995|{tx-18} :AAAAAA-BBB.......
2025-12-28 12:47:10.300715|{rx-19} 1, 0, 7, 3, 3, 16, 0, 0, 0, 0, 7, 6, 0, 6, 6
2025-12-28 12:47:10.304834|{rssi-19} 111, -127, -127, -127, -127, -127, -127, -127, -77, -127, -127, -127, 111, 111, 111, 111, 111, 111, 
2025-12-28 12:47:10.314303|{td-19} 0, -2959328, -2968248, -2977168, -2986088, -2995008, -3003928, -3012848, -25, 0, 0, 0, 0, 0, 0, 0, 0, 0, 
2025-12-28 12:47:10.324216|{tx-19} :AAAAAAA-BBB......
2025-12-28 12:47:10.490540|{rx-20} 1, 0, 7, 3, 4, 24, 0, 0, 0, 0, 7, 6, 0, 6, 6
2025-12-28 12:47:10.494789|{rssi-20} 111, -127, -127, -127, -127, -127, -127, -127, -77, -127, -127, -127, 111, 111, 111, 111, 111, 111, 
2025-12-28 12:47:10.505266|{td-20} 0, -2950408, -2959328, -2968248, -2977168, -2986088, -2995008, -3003928, -27, 0, 0, 0, 0, 0, 0, 0, 0, 0, 
2025-12-28 12:47:10.514081|{tx-20} :AAAAAAA-BBB......
2025-12-28 12:47:10.680724|{rx-21} 1, 0, 7, 3, 5, 32, 0, 0, 0, 0, 7, 6, 0, 6, 6
2025-12-28 12:47:10.685020|{rssi-21} 111, -127, -127, -127, -127, -127, -127, -127, -77, -127, -127, -127, 111, 111, 111, 111, 111, 111, 
2025-12-28 12:47:10.696248|{td-21} 0, -2950408, -2959328, -2968248, -2977168, -2986088, -2995008, -3003928, -29, 0, 0, 0, 0, 0, 0, 0, 0, 0, 
2025-12-28 12:47:10.703903|{tx-21} :AAAAAAA-BBB......
2025-12-28 12:47:10.869600|{rx-22} 1, 0, 5, 3, 6, 38, 0, 0, 0, 0, 5, 6, 0, 6, 6
2025-12-28 12:47:10.873438|{rssi-22} 111, -127, -127, -127, -127, -127, -77, -127, -127, -127, 111, 111, 111, 111, 111, 111, 111, 111, 
2025-12-28 12:47:10.883062|{td-22} 0, -2950408, -2959328, -2968248, -2977168, -2986088, -23, 0, 0, 0, 0, 0, 0, 0, 0, 0, 0, 0, 
2025-12-28 12:47:10.892729|{tx-22} :AAAAA-BBB........
2025-12-28 12:47:11.061670|{rx-23} 0, 0, 14, 0, 6, 52, 0, 0, 0, 0, 65535, 255, 0, 6, 6
2025-12-28 12:47:11.067108|{rssi-23} 111, -127, -127, -127, -127, -127, -127, -127, -127, -127, -127, -127, -127, -127, -127, 111, 111, 111, 
2025-12-28 12:47:11.076725|{td-23} 0, -2968248, -2977168, -2986088, -2995008, -3003928, -3012848, -3021768, -3030688, -3039608, -3048528, -3057448, -3066368, -3075288, -3084208, 0, 0, 0, 
2025-12-28 12:47:11.092133|{tx-23} :AAAAAAAAAAAAAA...
2025-12-28 12:47:11.251075|{rx-24} 1, 0, 7, 3, 7, 60, 0, 0, 0, 0, 7, 6, 0, 6, 6
2025-12-28 12:47:11.254380|{rssi-24} 111, -127, -127, -127, -127, -127, -127, -127, -77, -127, -127, -127, 111, 111, 111, 111, 111, 111, 
2025-12-28 12:47:11.265103|{td-24} 0, -6007688, -6016608, -6025528, -6034448, -6043368, -6052288, -6061208, -53, 0, 0, 0, 0, 0, 0, 0, 0, 0, 
2025-12-28 12:47:11.274880|{tx-24} :AAAAAAA-BBB......
2025-12-28 12:47:11.441476|{rx-25} 1, 0, 7, 3, 8, 68, 0, 0, 0, 0, 7, 6, 0, 6, 6
2025-12-28 12:47:11.445271|{rssi-25} 111, -127, -127, -127, -127, -127, -127, -127, -77, -127, -127, -127, 111, 111, 111, 111, 111, 111, 
2025-12-28 12:47:11.455260|{td-25} 0, -2950408, -2959328, -2968248, -2977168, -2986088, -2995008, -3003928, -25, 0, 0, 0, 0, 0, 0, 0, 0, 0, 
2025-12-28 12:47:11.464193|{tx-25} :AAAAAAA-BBB......
2025-12-28 12:47:11.629762|{rx-26} 1, 0, 6, 3, 9, 75, 0, 0, 0, 0, 6, 6, 0, 6, 6
2025-12-28 12:47:11.634593|{rssi-26} 111, -127, -127, -127, -127, -127, -127, -77, -127, -127, -127, 111, 111, 111, 111, 111, 111, 111, 
2025-12-28 12:47:11.643515|{td-26} 0, -2950408, -2959328, -2968248, -2977168, -2986088, -2995008, -35, 0, 0, 0, 0, 0, 0, 0, 0, 0, 0, 
2025-12-28 12:47:11.652521|{tx-26} :AAAAAA-BBB.......
2025-12-28 12:47:11.821403|{rx-27} 1, 0, 6, 3, 10, 82, 0, 0, 0, 0, 6, 6, 0, 6, 6
2025-12-28 12:47:11.824629|{rssi-27} 111, -127, -127, -127, -127, -127, -127, -77, -127, -127, -127, 111, 111, 111, 111, 111, 111, 111, 
2025-12-28 12:47:11.834877|{td-27} 0, -2959328, -2968248, -2977168, -2986088, -2995008, -3003928, -25, 0, 0, 0, 0, 0, 0, 0, 0, 0, 0, 
2025-12-28 12:47:11.843969|{tx-27} :AAAAAA-BBB.......
2025-12-28 12:47:12.010658|{rx-28} 1, 0, 7, 3, 11, 90, 0, 0, 0, 0, 7, 6, 0, 6, 6
2025-12-28 12:47:12.015065|{rssi-28} 111, -127, -127, -127, -127, -127, -127, -127, -77, -127, -127, -127, 111, 111, 111, 111, 111, 111, 
2025-12-28 12:47:12.024045|{td-28} 0, -2959328, -2968248, -2977168, -2986088, -2995008, -3003928, -3012848, -21, 0, 0, 0, 0, 0, 0, 0, 0, 0, 
2025-12-28 12:47:12.035209|{tx-28} :AAAAAAA-BBB......
2025-12-28 12:47:12.199887|{rx-29} 1, 0, 7, 3, 12, 98, 0, 0, 0, 0, 7, 7, 0, 6, 6
2025-12-28 12:47:12.205163|{rssi-29} 111, -127, -127, -127, -127, -127, -127, -127, -77, -127, -127, -127, 111, 111, 111, 111, 111, 111, 
2025-12-28 12:47:12.214863|{td-29} 0, -2950408, -2959328, -2968248, -2977168, -2986088, -2995008, -3003928, -27, 0, 0, 0, 0, 0, 0, 0, 0, 0, 
2025-12-28 12:47:12.224970|{tx-29} :AAAAAAA-BBB......
2025-12-28 12:47:12.392201|{rx-30} 0, 0, 14, 0, 12, 112, 0, 0, 0, 0, 65535, 255, 0, 6, 6
2025-12-28 12:47:12.398220|{rssi-30} 111, -127, -127, -127, -127, -127, -127, -127, -127, -127, -127, -127, -127, -127, -127, 111, 111, 111, 
2025-12-28 12:47:12.406456|{td-30} 0, -2950408, -2959328, -2968248, -2977168, -2986088, -2995008, -3003928, -3012848, -3021768, -3030688, -3039608, -3048528, -3057448, -3066368, 0, 0, 0, 
2025-12-28 12:47:12.421529|{tx-30} :AAAAAAAAAAAAAA...
2025-12-28 12:47:12.579337|{rx-31} 1, 0, 7, 3, 13, 120, 0, 0, 0, 0, 7, 6, 0, 6, 6
2025-12-28 12:47:12.584720|{rssi-31} 111, -127, -127, -127, -127, -127, -127, -127, -77, -127, -127, -127, 111, 111, 111, 111, 111, 111, 
2025-12-28 12:47:12.595262|{td-31} 0, -5989848, -5998768, -6007688, -6016608, -6025528, -6034448, -6043368, -53, 0, 0, 0, 0, 0, 0, 0, 0, 0, 
2025-12-28 12:47:12.604172|{tx-31} :AAAAAAA-BBB......
2025-12-28 12:47:12.771384|{rx-32} 0, 0, 14, 0, 13, 134, 0, 0, 0, 0, 65535, 255, 0, 6, 6
2025-12-28 12:47:12.776412|{rssi-32} 111, -127, -127, -127, -127, -127, -127, -127, -127, -127, -127, -127, -127, -127, -127, 111, 111, 111, 
2025-12-28 12:47:12.786561|{td-32} 0, -2950408, -2959328, -2968248, -2977168, -2986088, -2995008, -3003928, -3012848, -3021768, -3030688, -3039608, -3048528, -3057448, -3066368, 0, 0, 0, 
2025-12-28 12:47:12.801033|{tx-32} :AAAAAAAAAAAAAA...
2025-12-28 12:47:12.959548|{rx-33} 1, 0, 7, 3, 14, 142, 0, 0, 0, 0, 7, 6, 0, 6, 6
2025-12-28 12:47:12.964907|{rssi-33} 111, -127, -127, -127, -127, -127, -127, -127, -77, -127, -127, -127, 111, 111, 111, 111, 111, 111, 
2025-12-28 12:47:12.974599|{td-33} 0, -5989848, -5998768, -6007688, -6016608, -6025528, -6034448, -6043368, -49, 0, 0, 0, 0, 0, 0, 0, 0, 0, 
2025-12-28 12:47:12.984102|{tx-33} :AAAAAAA-BBB......
2025-12-28 12:47:13.150500|{rx-34} 1, 0, 7, 3, 15, 150, 0, 0, 0, 0, 7, 6, 0, 6, 6
2025-12-28 12:47:13.155121|{rssi-34} 111, -127, -127, -127, -127, -127, -127, -127, -77, -127, -127, -127, 111, 111, 111, 111, 111, 111, 
2025-12-28 12:47:13.164097|{td-34} 0, -2950408, -2959328, -2968248, -2977168, -2986088, -2995008, -3003928, -31, 0, 0, 0, 0, 0, 0, 0, 0, 0, 
2025-12-28 12:47:13.173775|{tx-34} :AAAAAAA-BBB......
2025-12-28 12:47:13.340913|{rx-35} 1, 0, 6, 3, 16, 157, 0, 0, 0, 0, 6, 6, 0, 6, 6
2025-12-28 12:47:13.344926|{rssi-35} 111, -127, -127, -127, -127, -127, -127, -77, -127, -127, -127, 111, 111, 111, 111, 111, 111, 111, 
2025-12-28 12:47:13.354663|{td-35} 0, -2950408, -2959328, -2968248, -2977168, -2986088, -2995008, -31, 0, 0, 0, 0, 0, 0, 0, 0, 0, 0, 
2025-12-28 12:47:13.364919|{tx-35} :AAAAAA-BBB.......
2025-12-28 12:47:13.533152|{rx-36} 1, 0, 8, 3, 17, 166, 0, 0, 0, 0, 8, 6, 0, 6, 6
2025-12-28 12:47:13.536358|{rssi-36} 111, -127, -127, -127, -127, -127, -127, -127, -127, -77, -127, -127, -127, 111, 111, 111, 111, 111, 
2025-12-28 12:47:13.546054|{td-36} 0, -2959328, -2968248, -2977168, -2986088, -2995008, -3003928, -3012848, -3021768, -21, 0, 0, 0, 0, 0, 0, 0, 0, 
2025-12-28 12:47:13.555562|{tx-36} :AAAAAAAA-BBB.....
2025-12-28 12:47:13.720955|{rx-37} 1, 0, 7, 3, 18, 174, 0, 0, 0, 0, 7, 6, 0, 6, 6
2025-12-28 12:47:13.725322|{rssi-37} 111, -127, -127, -127, -127, -127, -127, -127, -77, -127, -127, -127, 111, 111, 111, 111, 111, 111, 
2025-12-28 12:47:13.734625|{td-37} 0, -2941488, -2950408, -2959328, -2968248, -2977168, -2986088, -2995008, -25, 0, 0, 0, 0, 0, 0, 0, 0, 0, 
2025-12-28 12:47:13.743916|{tx-37} :AAAAAAA-BBB......
2025-12-28 12:47:13.911202|{rx-38} 1, 0, 7, 3, 19, 182, 0, 0, 0, 0, 7, 6, 0, 6, 6
2025-12-28 12:47:13.915300|{rssi-38} 111, -127, -127, -127, -127, -127, -127, -127, -77, -127, -127, -127, 111, 111, 111, 111, 111, 111, 
2025-12-28 12:47:13.925097|{td-38} 0, -2950408, -2959328, -2968248, -2977168, -2986088, -2995008, -3003928, -27, 0, 0, 0, 0, 0, 0, 0, 0, 0, 
2025-12-28 12:47:13.935492|{tx-38} :AAAAAAA-BBB......
2025-12-28 12:47:14.100991|{rx-39} 1, 0, 7, 3, 20, 190, 0, 0, 0, 0, 7, 6, 0, 6, 6
2025-12-28 12:47:14.104703|{rssi-39} 111, -127, -127, -127, -127, -127, -127, -127, -77, -127, -127, -127, 111, 111, 111, 111, 111, 111, 
2025-12-28 12:47:14.115189|{td-39} 0, -2950408, -2959328, -2968248, -2977168, -2986088, -2995008, -3003928, -31, 0, 0, 0, 0, 0, 0, 0, 0, 0, 
2025-12-28 12:47:14.124784|{tx-39} :AAAAAAA-BBB......
2025-12-28 12:47:14.289889|{rx-40} 1, 0, 5, 3, 21, 196, 0, 0, 0, 0, 5, 6, 0, 6, 6
2025-12-28 12:47:14.294155|{rssi-40} 111, -127, -127, -127, -127, -127, -77, -127, -127, -127, 111, 111, 111, 111, 111, 111, 111, 111, 
2025-12-28 12:47:14.303624|{td-40} 0, -2950408, -2959328, -2968248, -2977168, -2986088, -23, 0, 0, 0, 0, 0, 0, 0, 0, 0, 0, 0, 
2025-12-28 12:47:14.311917|{tx-40} :AAAAA-BBB........
2025-12-28 12:47:14.479978|{rx-41} 1, 0, 7, 3, 22, 204, 0, 0, 0, 0, 7, 6, 0, 6, 6
2025-12-28 12:47:14.484469|{rssi-41} 111, -127, -127, -127, -127, -127, -127, -127, -77, -127, -127, -127, 111, 111, 111, 111, 111, 111, 
2025-12-28 12:47:14.495023|{td-41} 0, -2968248, -2977168, -2986088, -2995008, -3003928, -3012848, -3021768, -25, 0, 0, 0, 0, 0, 0, 0, 0, 0, 
2025-12-28 12:47:14.504797|{tx-41} :AAAAAAA-BBB......
2025-12-28 12:47:14.669293|{rx-42} 1, 0, 6, 3, 23, 211, 0, 0, 0, 0, 6, 6, 0, 6, 6
2025-12-28 12:47:14.674012|{rssi-42} 111, -127, -127, -127, -127, -127, -127, -77, -127, -127, -127, 111, 111, 111, 111, 111, 111, 111, 
2025-12-28 12:47:14.683487|{td-42} 0, -2950408, -2959328, -2968248, -2977168, -2986088, -2995008, -27, 0, 0, 0, 0, 0, 0, 0, 0, 0, 0, 
2025-12-28 12:47:14.692738|{tx-42} :AAAAAA-BBB.......
2025-12-28 12:47:14.861035|{rx-43} 1, 0, 7, 3, 24, 219, 0, 0, 0, 0, 7, 6, 0, 6, 6
2025-12-28 12:47:14.865145|{rssi-43} 111, -127, -127, -127, -127, -127, -127, -127, -77, -127, -127, -127, 111, 111, 111, 111, 111, 111, 
2025-12-28 12:47:14.875015|{td-43} 0, -2959328, -2968248, -2977168, -2986088, -2995008, -3003928, -3012848, -27, 0, 0, 0, 0, 0, 0, 0, 0, 0, 
2025-12-28 12:47:14.884314|{tx-43} :AAAAAAA-BBB......
2025-12-28 12:47:15.050936|{rx-44} 1, 0, 8, 3, 25, 228, 0, 0, 0, 0, 8, 7, 0, 6, 6
2025-12-28 12:47:15.055499|{rssi-44} 111, -127, -127, -127, -127, -127, -127, -127, -127, -77, -127, -127, -127, 111, 111, 111, 111, 111, 
2025-12-28 12:47:15.065118|{td-44} 0, -2950408, -2959328, -2968248, -2977168, -2986088, -2995008, -3003928, -3012848, -27, 0, 0, 0, 0, 0, 0, 0, 0, 
2025-12-28 12:47:15.076171|{tx-44} :AAAAAAAA-BBB.....
2025-12-28 12:47:15.241154|{rx-45} 1, 0, 7, 3, 26, 236, 0, 0, 0, 0, 7, 6, 0, 6, 6
2025-12-28 12:47:15.244075|{rssi-45} 111, -127, -127, -127, -127, -127, -127, -127, -77, -127, -127, -127, 111, 111, 111, 111, 111, 111, 
2025-12-28 12:47:15.254784|{td-45} 0, -2941488, -2950408, -2959328, -2968248, -2977168, -2986088, -2995008, -25, 0, 0, 0, 0, 0, 0, 0, 0, 0, 
2025-12-28 12:47:15.263708|{tx-45} :AAAAAAA-BBB......
2025-12-28 12:47:15.431526|{rx-46} 1, 0, 7, 3, 27, 244, 0, 0, 0, 0, 7, 6, 0, 6, 6
2025-12-28 12:47:15.434519|{rssi-46} 111, -127, -127, -127, -127, -127, -127, -127, -77, -127, -127, -127, 111, 111, 111, 111, 111, 111, 
2025-12-28 12:47:15.445020|{td-46} 0, -2950408, -2959328, -2968248, -2977168, -2986088, -2995008, -3003928, -31, 0, 0, 0, 0, 0, 0, 0, 0, 0, 
2025-12-28 12:47:15.455049|{tx-46} :AAAAAAA-BBB......
2025-12-28 12:47:15.621244|{rx-47} 1, 0, 7, 3, 28, 252, 0, 0, 0, 0, 7, 6, 0, 6, 6
2025-12-28 12:47:15.624820|{rssi-47} 111, -127, -127, -127, -127, -127, -127, -127, -77, -127, -127, -127, 111, 111, 111, 111, 111, 111, 
2025-12-28 12:47:15.634661|{td-47} 0, -2950408, -2959328, -2968248, -2977168, -2986088, -2995008, -3003928, -25, 0, 0, 0, 0, 0, 0, 0, 0, 0, 
2025-12-28 12:47:15.644168|{tx-47} :AAAAAAA-BBB......
2025-12-28 12:47:15.811851|{rx-48} 1, 1, 8, 3, 29, 262, 0, 0, 0, 0, 9, 7, 0, 6, 6
2025-12-28 12:47:15.815997|{rssi-48} 111, -127, -127, -127, -127, -127, -127, -127, -127, -77, -79, -127, -127, -127, 111, 111, 111, 111, 
2025-12-28 12:47:15.825959|{td-48} 0, -2950408, -2959328, -2968248, -2977168, -2986088, -2995008, -3003928, -3012848, -27, -23, 0, 0, 0, 0, 0, 0, 0, 
2025-12-28 12:47:15.836063|{tx-48} :AAAAAAAAC-BBB....
2025-12-28 12:47:16.001565|{rx-49} 1, 0, 7, 3, 30, 270, 0, 0, 0, 0, 7, 6, 0, 6, 6
2025-12-28 12:47:16.004938|{rssi-49} 111, -127, -127, -127, -127, -127, -127, -127, -77, -127, -127, -127, 111, 111, 111, 111, 111, 111, 
2025-12-28 12:47:16.015259|{td-49} 0, -2932568, -2941488, -2950408, -2959328, -2968248, -2977168, -2986088, -31, 0, 0, 0, 0, 0, 0, 0, 0, 0, 
2025-12-28 12:47:16.024661|{tx-49} :AAAAAAA-BBB......
2025-12-28 12:47:16.191079|{rx-50} 1, 0, 7, 3, 31, 278, 0, 0, 0, 0, 7, 6, 0, 6, 6
2025-12-28 12:47:16.196800|{rssi-50} 111, -127, -127, -127, -127, -127, -127, -127, -77, -127, -127, -127, 111, 111, 111, 111, 111, 111, 
2025-12-28 12:47:16.204817|{td-50} 0, -2950408, -2959328, -2968248, -2977168, -2986088, -2995008, -3003928, -25, 0, 0, 0, 0, 0, 0, 0, 0, 0, 
2025-12-28 12:47:16.214379|{tx-50} :AAAAAAA-BBB......
2025-12-28 12:47:16.382254|{rx-51} 1, 0, 10, 3, 32, 289, 0, 0, 0, 0, 10, 7, 0, 6, 6
2025-12-28 12:47:16.387008|{rssi-51} 111, -127, -127, -127, -127, -127, -127, -127, -127, -127, -127, -77, -127, -127, -127, 111, 111, 111, 
2025-12-28 12:47:16.396504|{td-51} 0, -2950408, -2959328, -2968248, -2977168, -2986088, -2995008, -3003928, -3012848, -3021768, -3030688, -29, 0, 0, 0, 0, 0, 0, 
2025-12-28 12:47:16.407883|{tx-51} :AAAAAAAAAA-BBB...
2025-12-28 12:47:16.571667|{rx-52} 1, 0, 10, 3, 33, 300, 0, 0, 0, 0, 10, 7, 0, 6, 6
2025-12-28 12:47:16.576425|{rssi-52} 111, -127, -127, -127, -127, -127, -127, -127, -127, -127, -127, -77, -127, -127, -127, 111, 111, 111, 
2025-12-28 12:47:16.586351|{td-52} 0, -2923648, -2932568, -2941488, -2950408, -2959328, -2968248, -2977168, -2986088, -2995008, -3003928, -25, 0, 0, 0, 0, 0, 0, 
2025-12-28 12:47:16.598124|{tx-52} :AAAAAAAAAA-BBB...
2025-12-28 12:47:16.759592|{rx-53} 1, 0, 6, 3, 34, 307, 0, 0, 0, 0, 6, 6, 0, 6, 6
2025-12-28 12:47:16.764273|{rssi-53} 111, -127, -127, -127, -127, -127, -127, -77, -127, -127, -127, 111, 111, 111, 111, 111, 111, 111, 
2025-12-28 12:47:16.774347|{td-53} 0, -2923648, -2932568, -2941488, -2950408, -2959328, -2968248, -29, 0, 0, 0, 0, 0, 0, 0, 0, 0, 0, 
2025-12-28 12:47:16.783863|{tx-53} :AAAAAA-BBB.......
2025-12-28 12:47:16.949401|{rx-54} 1, 0, 7, 3, 35, 315, 0, 0, 0, 0, 7, 6, 0, 6, 6
2025-12-28 12:47:16.955728|{rssi-54} 111, -127, -127, -127, -127, -127, -127, -127, -77, -127, -127, -127, 111, 111, 111, 111, 111, 111, 
2025-12-28 12:47:16.963700|{td-54} 0, -2959328, -2968248, -2977168, -2986088, -2995008, -3003928, -3012848, -23, 0, 0, 0, 0, 0, 0, 0, 0, 0, 
2025-12-28 12:47:16.973841|{tx-54} :AAAAAAA-BBB......
2025-12-28 12:47:17.141271|{rx-55} 1, 0, 8, 3, 36, 324, 0, 0, 0, 0, 8, 6, 0, 6, 6
2025-12-28 12:47:17.145387|{rssi-55} 111, -127, -127, -127, -127, -127, -127, -127, -127, -77, -127, -127, -127, 111, 111, 111, 111, 111, 
2025-12-28 12:47:17.154648|{td-55} 0, -2950408, -2959328, -2968248, -2977168, -2986088, -2995008, -3003928, -3012848, -29, 0, 0, 0, 0, 0, 0, 0, 0, 
2025-12-28 12:47:17.164853|{tx-55} :AAAAAAAA-BBB.....
2025-12-28 12:47:17.328770|{rx-56} 1, 0, 7, 3, 37, 332, 0, 0, 0, 0, 7, 6, 0, 6, 6
2025-12-28 12:47:17.335213|{rssi-56} 111, -127, -127, -127, -127, -127, -127, -127, -77, -127, -127, -127, 111, 111, 111, 111, 111, 111, 
2025-12-28 12:47:17.343944|{td-56} 0, -2941488, -2950408, -2959328, -2968248, -2977168, -2986088, -2995008, -27, 0, 0, 0, 0, 0, 0, 0, 0, 0, 
2025-12-28 12:47:17.354092|{tx-56} :AAAAAAA-BBB......
2025-12-28 12:47:17.519816|{rx-57} 1, 0, 7, 3, 38, 340, 0, 0, 0, 0, 7, 6, 0, 6, 6
2025-12-28 12:47:17.524553|{rssi-57} 111, -127, -127, -127, -127, -127, -127, -127, -77, -127, -127, -127, 111, 111, 111, 111, 111, 111, 
2025-12-28 12:47:17.534367|{td-57} 0, -2950408, -2959328, -2968248, -2977168, -2986088, -2995008, -3003928, -23, 0, 0, 0, 0, 0, 0, 0, 0, 0, 
2025-12-28 12:47:17.543512|{tx-57} :AAAAAAA-BBB......
2025-12-28 12:47:17.709476|{rx-58} 1, 0, 6, 3, 39, 347, 0, 0, 0, 0, 6, 7, 0, 6, 6
2025-12-28 12:47:17.713503|{rssi-58} 111, -127, -127, -127, -127, -127, -127, -77, -127, -127, -127, 111, 111, 111, 111, 111, 111, 111, 
2025-12-28 12:47:17.723960|{td-58} 0, -2950408, -2959328, -2968248, -2977168, -2986088, -2995008, -29, 0, 0, 0, 0, 0, 0, 0, 0, 0, 0, 
2025-12-28 12:47:17.733609|{tx-58} :AAAAAA-BBB.......
2025-12-28 12:47:17.902670|{rx-59} 1, 1, 9, 3, 40, 358, 0, 0, 0, 0, 10, 8, 0, 6, 6
2025-12-28 12:47:17.906238|{rssi-59} 111, -127, -127, -127, -127, -127, -127, -127, -127, -127, -70, -73, -127, -127, -127, 111, 111, 111, 
2025-12-28 12:47:17.916716|{td-59} 0, -2959328, -2968248, -2977168, -2986088, -2995008, -3003928, -3012848, -3021768, -3030688, -21, -23, 0, 0, 0, 0, 0, 0, 
2025-12-28 12:47:17.927111|{tx-59} :AAAAAAAAAC-BBB...
2025-12-28 12:47:18.089049|{rx-60} 1, 0, 7, 3, 41, 366, 0, 0, 0, 0, 7, 6, 0, 6, 6
2025-12-28 12:47:18.094291|{rssi-60} 111, -127, -127, -127, -127, -127, -127, -127, -77, -127, -127, -127, 111, 111, 111, 111, 111, 111, 
2025-12-28 12:47:18.104169|{td-60} 0, -2923648, -2932568, -2941488, -2950408, -2959328, -2968248, -2977168, -29, 0, 0, 0, 0, 0, 0, 0, 0, 0, 
2025-12-28 12:47:18.114469|{tx-60} :AAAAAAA-BBB......
2025-12-28 12:47:18.279147|{rx-61} 1, 0, 7, 3, 42, 374, 0, 0, 0, 0, 7, 6, 0, 6, 6
2025-12-28 12:47:18.284308|{rssi-61} 111, -127, -127, -127, -127, -127, -127, -127, -77, -127, -127, -127, 111, 111, 111, 111, 111, 111, 
2025-12-28 12:47:18.294611|{td-61} 0, -2950408, -2959328, -2968248, -2977168, -2986088, -2995008, -3003928, -25, 0, 0, 0, 0, 0, 0, 0, 0, 0, 
2025-12-28 12:47:18.303258|{tx-61} :AAAAAAA-BBB......
2025-12-28 12:47:18.469699|{rx-62} 1, 0, 7, 3, 43, 382, 0, 0, 0, 0, 7, 6, 0, 6, 6
2025-12-28 12:47:18.474864|{rssi-62} 111, -127, -127, -127, -127, -127, -127, -127, -77, -127, -127, -127, 111, 111, 111, 111, 111, 111, 
2025-12-28 12:47:18.484450|{td-62} 0, -2950408, -2959328, -2968248, -2977168, -2986088, -2995008, -3003928, -29, 0, 0, 0, 0, 0, 0, 0, 0, 0, 
2025-12-28 12:47:18.494745|{tx-62} :AAAAAAA-BBB......
2025-12-28 12:47:18.658987|{rx-63} 1, 0, 6, 3, 44, 389, 0, 0, 0, 0, 6, 6, 0, 6, 6
2025-12-28 12:47:18.664499|{rssi-63} 111, -127, -127, -127, -127, -127, -127, -77, -127, -127, -127, 111, 111, 111, 111, 111, 111, 111, 
2025-12-28 12:47:18.674760|{td-63} 0, -2950408, -2959328, -2968248, -2977168, -2986088, -2995008, -27, 0, 0, 0, 0, 0, 0, 0, 0, 0, 0, 
2025-12-28 12:47:18.683506|{tx-63} :AAAAAA-BBB.......
2025-12-28 12:47:18.849166|{rx-64} 1, 0, 7, 3, 45, 397, 0, 0, 0, 0, 7, 6, 0, 6, 6
2025-12-28 12:47:18.854279|{rssi-64} 111, -127, -127, -127, -127, -127, -127, -127, -77, -127, -127, -127, 111, 111, 111, 111, 111, 111, 
2025-12-28 12:47:18.863531|{td-64} 0, -2959328, -2968248, -2977168, -2986088, -2995008, -3003928, -3012848, -25, 0, 0, 0, 0, 0, 0, 0, 0, 0, 
2025-12-28 12:47:18.873479|{tx-64} :AAAAAAA-BBB......
2025-12-28 12:47:19.038865|{rx-65} 1, 0, 7, 3, 46, 405, 0, 0, 0, 0, 7, 6, 0, 6, 6
2025-12-28 12:47:19.044260|{rssi-65} 111, -127, -127, -127, -127, -127, -127, -127, -77, -127, -127, -127, 111, 111, 111, 111, 111, 111, 
2025-12-28 12:47:19.054102|{td-65} 0, -2950408, -2959328, -2968248, -2977168, -2986088, -2995008, -3003928, -31, 0, 0, 0, 0, 0, 0, 0, 0, 0, 
2025-12-28 12:47:19.064382|{tx-65} :AAAAAAA-BBB......
2025-12-28 12:47:19.231468|{rx-66} 1, 0, 9, 3, 47, 415, 0, 0, 0, 0, 9, 6, 0, 6, 6
2025-12-28 12:47:19.235966|{rssi-66} 111, -127, -127, -127, -127, -127, -127, -127, -127, -127, -77, -127, -127, -127, 111, 111, 111, 111, 
2025-12-28 12:47:19.245580|{td-66} 0, -2950408, -2959328, -2968248, -2977168, -2986088, -2995008, -3003928, -3012848, -3021768, -21, 0, 0, 0, 0, 0, 0, 0, 
2025-12-28 12:47:19.256802|{tx-66} :AAAAAAAAA-BBB....
2025-12-28 12:47:19.419544|{rx-67} 1, 0, 7, 3, 48, 423, 0, 0, 0, 0, 7, 6, 0, 6, 6
2025-12-28 12:47:19.423702|{rssi-67} 111, -127, -127, -127, -127, -127, -127, -127, -77, -127, -127, -127, 111, 111, 111, 111, 111, 111, 
2025-12-28 12:47:19.434108|{td-67} 0, -2932568, -2941488, -2950408, -2959328, -2968248, -2977168, -2986088, -31, 0, 0, 0, 0, 0, 0, 0, 0, 0, 
2025-12-28 12:47:19.444201|{tx-67} :AAAAAAA-BBB......
2025-12-28 12:47:19.608412|{rx-68} 1, 0, 6, 3, 49, 430, 0, 0, 0, 0, 6, 6, 0, 6, 6
2025-12-28 12:47:19.613217|{rssi-68} 111, -127, -127, -127, -127, -127, -127, -77, -127, -127, -127, 111, 111, 111, 111, 111, 111, 111, 
2025-12-28 12:47:19.623573|{td-68} 0, -2950408, -2959328, -2968248, -2977168, -2986088, -2995008, -25, 0, 0, 0, 0, 0, 0, 0, 0, 0, 0, 
2025-12-28 12:47:19.633142|{tx-68} :AAAAAA-BBB.......
2025-12-28 12:47:19.799698|{rx-69} 1, 0, 8, 3, 50, 439, 0, 0, 0, 0, 8, 6, 0, 6, 6
2025-12-28 12:47:19.805149|{rssi-69} 111, -127, -127, -127, -127, -127, -127, -127, -127, -77, -127, -127, -127, 111, 111, 111, 111, 111, 
2025-12-28 12:47:19.814827|{td-69} 0, -2959328, -2968248, -2977168, -2986088, -2995008, -3003928, -3012848, -3021768, -21, 0, 0, 0, 0, 0, 0, 0, 0, 
2025-12-28 12:47:19.825472|{tx-69} :AAAAAAAA-BBB.....
2025-12-28 12:47:19.988426|{rx-70} 1, 0, 6, 3, 51, 446, 0, 0, 0, 0, 6, 6, 0, 6, 6
2025-12-28 12:47:19.993899|{rssi-70} 111, -127, -127, -127, -127, -127, -127, -77, -127, -127, -127, 111, 111, 111, 111, 111, 111, 111, 
2025-12-28 12:47:20.003631|{td-70} 0, -2941488, -2950408, -2959328, -2968248, -2977168, -2986088, -31, 0, 0, 0, 0, 0, 0, 0, 0, 0, 0, 
2025-12-28 12:47:20.012377|{tx-70} :AAAAAA-BBB.......
2025-12-28 12:47:20.179433|{rx-71} 1, 0, 7, 3, 52, 454, 0, 0, 0, 0, 7, 6, 0, 6, 6
2025-12-28 12:47:20.184069|{rssi-71} 111, -127, -127, -127, -127, -127, -127, -127, -77, -127, -127, -127, 111, 111, 111, 111, 111, 111, 
2025-12-28 12:47:20.194044|{td-71} 0, -2959328, -2968248, -2977168, -2986088, -2995008, -3003928, -3012848, -25, 0, 0, 0, 0, 0, 0, 0, 0, 0, 
2025-12-28 12:47:20.203177|{tx-71} :AAAAAAA-BBB......
2025-12-28 12:47:20.369370|{rx-72} 1, 0, 7, 3, 53, 462, 0, 0, 0, 0, 7, 6, 0, 6, 6
2025-12-28 12:47:20.373693|{rssi-72} 111, -127, -127, -127, -127, -127, -127, -127, -77, -127, -127, -127, 111, 111, 111, 111, 111, 111, 
2025-12-28 12:47:20.384193|{td-72} 0, -2950408, -2959328, -2968248, -2977168, -2986088, -2995008, -3003928, -27, 0, 0, 0, 0, 0, 0, 0, 0, 0, 
2025-12-28 12:47:20.393195|{tx-72} :AAAAAAA-BBB......
2025-12-28 12:47:20.559123|{rx-73} 1, 0, 7, 3, 54, 470, 0, 0, 0, 0, 7, 6, 0, 6, 6
2025-12-28 12:47:20.563752|{rssi-73} 111, -127, -127, -127, -127, -127, -127, -127, -77, -127, -127, -127, 111, 111, 111, 111, 111, 111, 
2025-12-28 12:47:20.573392|{td-73} 0, -2950408, -2959328, -2968248, -2977168, -2986088, -2995008, -3003928, -25, 0, 0, 0, 0, 0, 0, 0, 0, 0, 
2025-12-28 12:47:20.583260|{tx-73} :AAAAAAA-BBB......
2025-12-28 12:47:20.749014|{rx-74} 1, 0, 7, 3, 55, 478, 0, 0, 0, 0, 7, 6, 0, 6, 6
2025-12-28 12:47:20.753197|{rssi-74} 111, -127, -127, -127, -127, -127, -127, -127, -77, -127, -127, -127, 111, 111, 111, 111, 111, 111, 
2025-12-28 12:47:20.764049|{td-74} 0, -2950408, -2959328, -2968248, -2977168, -2986088, -2995008, -3003928, -29, 0, 0, 0, 0, 0, 0, 0, 0, 0, 
2025-12-28 12:47:20.773599|{tx-74} :AAAAAAA-BBB......
2025-12-28 12:47:20.940938|{rx-75} 0, 0, 14, 0, 55, 492, 0, 0, 0, 0, 65535, 255, 0, 6, 6
2025-12-28 12:47:20.945536|{rssi-75} 111, -127, -127, -127, -127, -127, -127, -127, -127, -127, -127, -127, -127, -127, -127, 111, 111, 111, 
2025-12-28 12:47:20.963662|{td-75} 0, -2950408, -2959328, -2968248, -2977168, -2986088, -2995008, -3003928, -3012848, -3021768, -3030688, -3039608, -3048528, -3057448, -3066368, 0, 0, 0, 
2025-12-28 12:47:20.969777|{tx-75} :AAAAAAAAAAAAAA...
2025-12-28 12:47:21.128948|{rx-76} 1, 0, 6, 3, 56, 499, 0, 0, 0, 0, 6, 6, 0, 6, 6
2025-12-28 12:47:21.133441|{rssi-76} 111, -127, -127, -127, -127, -127, -127, -77, -127, -127, -127, 111, 111, 111, 111, 111, 111, 111, 
2025-12-28 12:47:21.143148|{td-76} 0, -5989848, -5998768, -6007688, -6016608, -6025528, -6034448, -47, 0, 0, 0, 0, 0, 0, 0, 0, 0, 0, 
2025-12-28 12:47:21.152094|{tx-76} :AAAAAA-BBB.......
2025-12-28 12:47:21.318913|{rx-77} 1, 0, 8, 3, 57, 508, 0, 0, 0, 0, 8, 7, 0, 6, 6
2025-12-28 12:47:21.324391|{rssi-77} 111, -127, -127, -127, -127, -127, -127, -127, -127, -77, -127, -127, -127, 111, 111, 111, 111, 111, 
2025-12-28 12:47:21.332971|{td-77} 0, -2959328, -2968248, -2977168, -2986088, -2995008, -3003928, -3012848, -3021768, -31, 0, 0, 0, 0, 0, 0, 0, 0, 
2025-12-28 12:47:21.344854|{tx-77} :AAAAAAAA-BBB.....
2025-12-28 12:47:21.508826|{rx-78} 1, 0, 7, 3, 58, 516, 0, 0, 0, 0, 7, 6, 0, 6, 6
2025-12-28 12:47:21.513915|{rssi-78} 111, -127, -127, -127, -127, -127, -127, -127, -77, -127, -127, -127, 111, 111, 111, 111, 111, 111, 
2025-12-28 12:47:21.523498|{td-78} 0, -2941488, -2950408, -2959328, -2968248, -2977168, -2986088, -2995008, -31, 0, 0, 0, 0, 0, 0, 0, 0, 0, 
2025-12-28 12:47:21.533396|{tx-78} :AAAAAAA-BBB......
2025-12-28 12:47:21.700793|{rx-79} 1, 0, 10, 3, 59, 527, 0, 0, 0, 0, 10, 7, 0, 6, 6
2025-12-28 12:47:21.705599|{rssi-79} 111, -127, -127, -127, -127, -127, -127, -127, -127, -127, -127, -77, -127, -127, -127, 111, 111, 111, 
2025-12-28 12:47:21.715958|{td-79} 0, -2950408, -2959328, -2968248, -2977168, -2986088, -2995008, -3003928, -3012848, -3021768, -3030688, -21, 0, 0, 0, 0, 0, 0, 
2025-12-28 12:47:21.726972|{tx-79} :AAAAAAAAAA-BBB...
2025-12-28 12:47:21.887745|{rx-80} 1, 0, 7, 3, 60, 535, 0, 0, 0, 0, 7, 6, 0, 6, 6
2025-12-28 12:47:21.893823|{rssi-80} 111, -127, -127, -127, -127, -127, -127, -127, -77, -127, -127, -127, 111, 111, 111, 111, 111, 111, 
2025-12-28 12:47:21.903709|{td-80} 0, -2923648, -2932568, -2941488, -2950408, -2959328, -2968248, -2977168, -25, 0, 0, 0, 0, 0, 0, 0, 0, 0, 
2025-12-28 12:47:21.912882|{tx-80} :AAAAAAA-BBB......
2025-12-28 12:47:22.080579|{rx-81} 1, 0, 8, 3, 61, 544, 0, 0, 0, 0, 8, 6, 0, 6, 6
2025-12-28 12:47:22.083474|{rssi-81} 111, -127, -127, -127, -127, -127, -127, -127, -127, -77, -127, -127, -127, 111, 111, 111, 111, 111, 
2025-12-28 12:47:22.094380|{td-81} 0, -2950408, -2959328, -2968248, -2977168, -2986088, -2995008, -3003928, -3012848, -31, 0, 0, 0, 0, 0, 0, 0, 0, 
2025-12-28 12:47:22.104099|{tx-81} :AAAAAAAA-BBB.....
2025-12-28 12:47:22.268421|{rx-82} 1, 0, 7, 3, 62, 552, 0, 0, 0, 0, 7, 6, 0, 6, 6
2025-12-28 12:47:22.274788|{rssi-82} 111, -127, -127, -127, -127, -127, -127, -127, -77, -127, -127, -127, 111, 111, 111, 111, 111, 111, 
2025-12-28 12:47:22.283815|{td-82} 0, -2941488, -2950408, -2959328, -2968248, -2977168, -2986088, -2995008, -27, 0, 0, 0, 0, 0, 0, 0, 0, 0, 
2025-12-28 12:47:22.293639|{tx-82} :AAAAAAA-BBB......
2025-12-28 12:47:22.457981|{rx-83} 1, 0, 5, 3, 63, 558, 0, 0, 0, 0, 5, 6, 0, 6, 6
2025-12-28 12:47:22.462057|{rssi-83} 111, -127, -127, -127, -127, -127, -77, -127, -127, -127, 111, 111, 111, 111, 111, 111, 111, 111, 
2025-12-28 12:47:22.472150|{td-83} 0, -2950408, -2959328, -2968248, -2977168, -2986088, -23, 0, 0, 0, 0, 0, 0, 0, 0, 0, 0, 0, 
2025-12-28 12:47:22.480861|{tx-83} :AAAAA-BBB........
2025-12-28 12:47:22.648932|{rx-84} 1, 0, 7, 3, 64, 566, 0, 0, 0, 0, 7, 6, 0, 6, 6
2025-12-28 12:47:22.652712|{rssi-84} 111, -127, -127, -127, -127, -127, -127, -127, -77, -127, -127, -127, 111, 111, 111, 111, 111, 111, 
2025-12-28 12:47:22.663526|{td-84} 0, -2968248, -2977168, -2986088, -2995008, -3003928, -3012848, -3021768, -29, 0, 0, 0, 0, 0, 0, 0, 0, 0, 
2025-12-28 12:47:22.673625|{tx-84} :AAAAAAA-BBB......
2025-12-28 12:47:22.839854|{rx-85} 1, 0, 9, 3, 65, 576, 0, 0, 0, 0, 9, 6, 0, 6, 6
2025-12-28 12:47:22.845110|{rssi-85} 111, -127, -127, -127, -127, -127, -127, -127, -127, -127, -77, -127, -127, -127, 111, 111, 111, 111, 
2025-12-28 12:47:22.855078|{td-85} 0, -2950408, -2959328, -2968248, -2977168, -2986088, -2995008, -3003928, -3012848, -3021768, -25, 0, 0, 0, 0, 0, 0, 0, 
2025-12-28 12:47:22.866432|{tx-85} :AAAAAAAAA-BBB....
2025-12-28 12:47:23.032219|{rx-86} 0, 0, 14, 0, 65, 590, 0, 0, 0, 0, 65535, 255, 0, 6, 6
2025-12-28 12:47:23.035331|{rssi-86} 111, -127, -127, -127, -127, -127, -127, -127, -127, -127, -127, -127, -127, -127, -127, 111, 111, 111, 
2025-12-28 12:47:23.046016|{td-86} 0, -2932568, -2941488, -2950408, -2959328, -2968248, -2977168, -2986088, -2995008, -3003928, -3012848, -3021768, -3030688, -3039608, -3048528, 0, 0, 0, 
2025-12-28 12:47:23.059795|{tx-86} :AAAAAAAAAAAAAA...
2025-12-28 12:47:23.218802|{rx-87} 1, 0, 6, 3, 66, 597, 0, 0, 0, 0, 6, 6, 0, 6, 6
2025-12-28 12:47:23.222445|{rssi-87} 111, -127, -127, -127, -127, -127, -127, -77, -127, -127, -127, 111, 111, 111, 111, 111, 111, 111, 
2025-12-28 12:47:23.232939|{td-87} 0, -5972008, -5980928, -5989848, -5998768, -6007688, -6016608, -57, 0, 0, 0, 0, 0, 0, 0, 0, 0, 0, 
2025-12-28 12:47:23.242516|{tx-87} :AAAAAA-BBB.......
2025-12-28 12:47:23.409593|{rx-88} 1, 0, 8, 3, 67, 606, 0, 0, 0, 0, 8, 6, 0, 6, 6
2025-12-28 12:47:23.414270|{rssi-88} 111, -127, -127, -127, -127, -127, -127, -127, -127, -77, -127, -127, -127, 111, 111, 111, 111, 111, 
2025-12-28 12:47:23.424226|{td-88} 0, -2959328, -2968248, -2977168, -2986088, -2995008, -3003928, -3012848, -3021768, -25, 0, 0, 0, 0, 0, 0, 0, 0, 
2025-12-28 12:47:23.434740|{tx-88} :AAAAAAAA-BBB.....
2025-12-28 12:47:23.598448|{rx-89} 1, 0, 7, 3, 68, 614, 0, 0, 0, 0, 7, 6, 0, 6, 6
2025-12-28 12:47:23.603545|{rssi-89} 111, -127, -127, -127, -127, -127, -127, -127, -77, -127, -127, -127, 111, 111, 111, 111, 111, 111, 
2025-12-28 12:47:23.613768|{td-89} 0, -2941488, -2950408, -2959328, -2968248, -2977168, -2986088, -2995008, -25, 0, 0, 0, 0, 0, 0, 0, 0, 0, 
2025-12-28 12:47:23.623539|{tx-89} :AAAAAAA-BBB......
2025-12-28 12:47:23.788208|{rx-90} 1, 0, 7, 3, 69, 622, 0, 0, 0, 0, 7, 6, 0, 6, 6
2025-12-28 12:47:23.792715|{rssi-90} 111, -127, -127, -127, -127, -127, -127, -127, -77, -127, -127, -127, 111, 111, 111, 111, 111, 111, 
2025-12-28 12:47:23.803353|{td-90} 0, -2950408, -2959328, -2968248, -2977168, -2986088, -2995008, -3003928, -27, 0, 0, 0, 0, 0, 0, 0, 0, 0, 
2025-12-28 12:47:23.813697|{tx-90} :AAAAAAA-BBB......
2025-12-28 12:47:23.979706|{rx-91} 1, 0, 8, 3, 70, 631, 0, 0, 0, 0, 8, 7, 0, 6, 6
2025-12-28 12:47:23.984093|{rssi-91} 111, -127, -127, -127, -127, -127, -127, -127, -127, -77, -127, -127, -127, 111, 111, 111, 111, 111, 
2025-12-28 12:47:23.993845|{td-91} 0, -2950408, -2959328, -2968248, -2977168, -2986088, -2995008, -3003928, -3012848, -29, 0, 0, 0, 0, 0, 0, 0, 0, 
2025-12-28 12:47:24.004750|{tx-91} :AAAAAAAA-BBB.....
2025-12-28 12:47:24.172328|{rx-92} 1, 0, 10, 3, 71, 642, 0, 0, 0, 0, 10, 7, 0, 6, 6
2025-12-28 12:47:24.175482|{rssi-92} 111, -127, -127, -127, -127, -127, -127, -127, -127, -127, -127, -77, -127, -127, -127, 111, 111, 111, 
2025-12-28 12:47:24.184609|{td-92} 0, -2941488, -2950408, -2959328, -2968248, -2977168, -2986088, -2995008, -3003928, -3012848, -3021768, -25, 0, 0, 0, 0, 0, 0, 
2025-12-28 12:47:24.197767|{tx-92} :AAAAAAAAAA-BBB...
2025-12-28 12:47:24.357412|{rx-93} 1, 0, 6, 3, 72, 649, 0, 0, 0, 0, 6, 6, 0, 6, 6
2025-12-28 12:47:24.362736|{rssi-93} 111, -127, -127, -127, -127, -127, -127, -77, -127, -127, -127, 111, 111, 111, 111, 111, 111, 111, 
2025-12-28 12:47:24.372546|{td-93} 0, -2923648, -2932568, -2941488, -2950408, -2959328, -2968248, -25, 0, 0, 0, 0, 0, 0, 0, 0, 0, 0, 
2025-12-28 12:47:24.381794|{tx-93} :AAAAAA-BBB.......
2025-12-28 12:47:24.548658|{rx-94} 1, 0, 7, 3, 73, 657, 0, 0, 0, 0, 7, 7, 0, 6, 6
2025-12-28 12:47:24.553312|{rssi-94} 111, -127, -127, -127, -127, -127, -127, -127, -77, -127, -127, -127, 111, 111, 111, 111, 111, 111, 
2025-12-28 12:47:24.562477|{td-94} 0, -2959328, -2968248, -2977168, -2986088, -2995008, -3003928, -3012848, -27, 0, 0, 0, 0, 0, 0, 0, 0, 0, 
2025-12-28 12:47:24.572508|{tx-94} :AAAAAAA-BBB......
2025-12-28 12:47:24.739515|{rx-95} 0, 0, 14, 0, 73, 671, 0, 0, 0, 0, 65535, 255, 0, 6, 6
2025-12-28 12:47:24.745771|{rssi-95} 111, -127, -127, -127, -127, -127, -127, -127, -127, -127, -127, -127, -127, -127, -127, 111, 111, 111, 
2025-12-28 12:47:24.755579|{td-95} 0, -2950408, -2959328, -2968248, -2977168, -2986088, -2995008, -3003928, -3012848, -3021768, -3030688, -3039608, -3048528, -3057448, -3066368, 0, 0, 0, 
2025-12-28 12:47:24.768876|{tx-95} :AAAAAAAAAAAAAA...
2025-12-28 12:47:24.929608|{rx-96} 0, 0, 14, 0, 73, 685, 0, 0, 0, 0, 65535, 255, 0, 6, 6
2025-12-28 12:47:24.934692|{rssi-96} 111, -127, -127, -127, -127, -127, -127, -127, -127, -127, -127, -127, -127, -127, -127, 111, 111, 111, 
2025-12-28 12:47:24.945015|{td-96} 0, -5989848, -5998768, -6007688, -6016608, -6025528, -6034448, -6043368, -6052288, -6061208, -6070128, -6079048, -6087968, -6096888, -6105808, 0, 0, 0, 
2025-12-28 12:47:24.958232|{tx-96} :AAAAAAAAAAAAAA...
2025-12-28 12:47:25.117408|{rx-97} 1, 0, 8, 3, 74, 694, 0, 0, 0, 0, 8, 7, 0, 6, 6
2025-12-28 12:47:25.123637|{rssi-97} 111, -127, -127, -127, -127, -127, -127, -127, -127, -77, -127, -127, -127, 111, 111, 111, 111, 111, 
2025-12-28 12:47:25.133534|{td-97} 0, -9029288, -9038208, -9047128, -9056048, -9064968, -9073888, -9082808, -9091728, -79, 0, 0, 0, 0, 0, 0, 0, 0, 
2025-12-28 12:47:25.142847|{tx-97} :AAAAAAAA-BBB.....
2025-12-28 12:47:25.307837|{rx-98} 1, 0, 7, 3, 75, 702, 0, 0, 0, 0, 7, 6, 0, 6, 6
2025-12-28 12:47:25.313006|{rssi-98} 111, -127, -127, -127, -127, -127, -127, -127, -77, -127, -127, -127, 111, 111, 111, 111, 111, 111, 
2025-12-28 12:47:25.322569|{td-98} 0, -2941488, -2950408, -2959328, -2968248, -2977168, -2986088, -2995008, -27, 0, 0, 0, 0, 0, 0, 0, 0, 0, 
2025-12-28 12:47:25.331704|{tx-98} :AAAAAAA-BBB......
2025-12-28 12:47:25.498809|{rx-99} 0, 0, 14, 0, 75, 716, 0, 0, 0, 0, 65535, 255, 0, 6, 6
2025-12-28 12:47:25.505356|{rssi-99} 111, -127, -127, -127, -127, -127, -127, -127, -127, -127, -127, -127, -127, -127, -127, 111, 111, 111, 
2025-12-28 12:47:25.515350|{td-99} 0, -2950408, -2959328, -2968248, -2977168, -2986088, -2995008, -3003928, -3012848, -3021768, -3030688, -3039608, -3048528, -3057448, -3066368, 0, 0, 0, 
2025-12-28 12:47:25.529763|{tx-99} :AAAAAAAAAAAAAA...
2025-12-28 12:47:25.687346|{rx-100} 1, 0, 7, 3, 76, 724, 0, 0, 0, 0, 7, 6, 0, 6, 6
2025-12-28 12:47:25.692914|{rssi-100} 111, -127, -127, -127, -127, -127, -127, -127, -77, -127, -127, -127, 111, 111, 111, 111, 111, 111, 
2025-12-28 12:47:25.702811|{td-100} 0, -5989848, -5998768, -6007688, -6016608, -6025528, -6034448, -6043368, -55, 0, 0, 0, 0, 0, 0, 0, 0, 0, 
2025-12-28 12:47:25.712837|{tx-100} :AAAAAAA-BBB......
2025-12-28 12:47:25.879196|{rx-101} 0, 0, 14, 0, 76, 738, 0, 0, 0, 0, 65535, 255, 0, 6, 6
2025-12-28 12:47:25.884544|{rssi-101} 111, -127, -127, -127, -127, -127, -127, -127, -127, -127, -127, -127, -127, -127, -127, 111, 111, 111, 
2025-12-28 12:47:25.895157|{td-101} 0, -2950408, -2959328, -2968248, -2977168, -2986088, -2995008, -3003928, -3012848, -3021768, -3030688, -3039608, -3048528, -3057448, -3066368, 0, 0, 0, 
2025-12-28 12:47:25.908417|{tx-101} :AAAAAAAAAAAAAA...
2025-12-28 12:47:26.067575|{rx-102} 1, 0, 7, 3, 77, 746, 0, 0, 0, 0, 7, 6, 0, 6, 6
2025-12-28 12:47:26.072637|{rssi-102} 111, -127, -127, -127, -127, -127, -127, -127, -77, -127, -127, -127, 111, 111, 111, 111, 111, 111, 
2025-12-28 12:47:26.082917|{td-102} 0, -5989848, -5998768, -6007688, -6016608, -6025528, -6034448, -6043368, -53, 0, 0, 0, 0, 0, 0, 0, 0, 0, 
2025-12-28 12:47:26.092391|{tx-102} :AAAAAAA-BBB......
2025-12-28 12:47:26.257978|{rx-103} 1, 0, 7, 3, 78, 754, 0, 0, 0, 0, 7, 6, 0, 6, 6
2025-12-28 12:47:26.262132|{rssi-103} 111, -127, -127, -127, -127, -127, -127, -127, -77, -127, -127, -127, 111, 111, 111, 111, 111, 111, 
2025-12-28 12:47:26.272464|{td-103} 0, -2950408, -2959328, -2968248, -2977168, -2986088, -2995008, -3003928, -23, 0, 0, 0, 0, 0, 0, 0, 0, 0, 
2025-12-28 12:47:26.282980|{tx-103} :AAAAAAA-BBB......
2025-12-28 12:47:26.447609|{rx-104} 1, 0, 7, 3, 79, 762, 0, 0, 0, 0, 7, 6, 0, 6, 6
2025-12-28 12:47:26.452645|{rssi-104} 111, -127, -127, -127, -127, -127, -127, -127, -77, -127, -127, -127, 111, 111, 111, 111, 111, 111, 
2025-12-28 12:47:26.462639|{td-104} 0, -2950408, -2959328, -2968248, -2977168, -2986088, -2995008, -3003928, -29, 0, 0, 0, 0, 0, 0, 0, 0, 0, 
2025-12-28 12:47:26.472959|{tx-104} :AAAAAAA-BBB......
2025-12-28 12:47:26.638899|{rx-105} 0, 0, 14, 0, 79, 776, 0, 0, 0, 0, 65535, 255, 0, 6, 6
2025-12-28 12:47:26.644683|{rssi-105} 111, -127, -127, -127, -127, -127, -127, -127, -127, -127, -127, -127, -127, -127, -127, 111, 111, 111, 
2025-12-28 12:47:26.655264|{td-105} 0, -2950408, -2959328, -2968248, -2977168, -2986088, -2995008, -3003928, -3012848, -3021768, -3030688, -3039608, -3048528, -3057448, -3066368, 0, 0, 0, 
2025-12-28 12:47:26.669107|{tx-105} :AAAAAAAAAAAAAA...
2025-12-28 12:47:26.828973|{rx-106} 0, 0, 14, 0, 79, 790, 0, 0, 0, 0, 65535, 255, 0, 6, 6
2025-12-28 12:47:26.834320|{rssi-106} 111, -127, -127, -127, -127, -127, -127, -127, -127, -127, -127, -127, -127, -127, -127, 111, 111, 111, 
2025-12-28 12:47:26.845143|{td-106} 0, -5989848, -5998768, -6007688, -6016608, -6025528, -6034448, -6043368, -6052288, -6061208, -6070128, -6079048, -6087968, -6096888, -6105808, 0, 0, 0, 
2025-12-28 12:47:26.858442|{tx-106} :AAAAAAAAAAAAAA...
2025-12-28 12:47:27.015700|{rx-107} 1, 0, 5, 3, 80, 796, 0, 0, 0, 0, 5, 5, 0, 6, 6
2025-12-28 12:47:27.021034|{rssi-107} 111, -127, -127, -127, -127, -127, -77, -127, -127, -127, 111, 111, 111, 111, 111, 111, 111, 111, 
2025-12-28 12:47:27.031265|{td-107} 0, -9029288, -9038208, -9047128, -9056048, -9064968, -77, 0, 0, 0, 0, 0, 0, 0, 0, 0, 0, 0, 
2025-12-28 12:47:27.040806|{tx-107} :AAAAA-BBB........
2025-12-28 12:47:27.208888|{rx-108} 0, 1, 13, 0, 80, 810, 0, 0, 0, 0, 65535, 255, 0, 6, 6
2025-12-28 12:47:27.214427|{rssi-108} 111, -127, -127, -127, -127, -127, -127, -127, -77, -77, -77, -77, -77, -77, -77, 111, 111, 111, 
2025-12-28 12:47:27.224350|{td-108} 0, -2968248, -2977168, -2986088, -2995008, -3003928, -3012848, -3021768, -29, -8949, -17869, -26789, -35709, -44629, -53549, 0, 0, 0, 
2025-12-28 12:47:27.236355|{tx-108} :AAAAAAACAAAAAA...
2025-12-28 12:47:27.397483|{rx-109} 1, 0, 8, 3, 81, 819, 0, 0, 0, 0, 8, 7, 0, 6, 6
2025-12-28 12:47:27.403157|{rssi-109} 111, -77, -77, -77, -77, -77, -77, -77, -77, -77, -127, -127, -127, 111, 111, 111, 111, 111, 
2025-12-28 12:47:27.412791|{td-109} 0, -2977029, -2985949, -2994869, -3003789, -3012709, -3021629, -3030549, -3039469, -59, 0, 0, 0, 0, 0, 0, 0, 0, 
2025-12-28 12:47:27.422416|{tx-109} :AAAAAAAA-BBB.....
2025-12-28 12:47:27.587523|{rx-110} 1, 0, 7, 3, 82, 827, 0, 0, 0, 0, 7, 6, 0, 6, 6
2025-12-28 12:47:27.592396|{rssi-110} 111, -127, -127, -127, -127, -127, -127, -127, -77, -127, -127, -127, 111, 111, 111, 111, 111, 111, 
2025-12-28 12:47:27.602260|{td-110} 0, -2941488, -2950408, -2959328, -2968248, -2977168, -2986088, -2995008, -19, 0, 0, 0, 0, 0, 0, 0, 0, 0, 
2025-12-28 12:47:27.611413|{tx-110} :AAAAAAA-BBB......
2025-12-28 12:47:27.777583|{rx-111} 1, 0, 7, 3, 83, 835, 0, 0, 0, 0, 7, 6, 0, 6, 6
2025-12-28 12:47:27.782558|{rssi-111} 111, -127, -127, -127, -127, -127, -127, -127, -77, -127, -127, -127, 111, 111, 111, 111, 111, 111, 
2025-12-28 12:47:27.791527|{td-111} 0, -2950408, -2959328, -2968248, -2977168, -2986088, -2995008, -3003928, -29, 0, 0, 0, 0, 0, 0, 0, 0, 0, 
2025-12-28 12:47:27.801186|{tx-111} :AAAAAAA-BBB......
2025-12-28 12:47:27.968068|{rx-112} 1, 0, 9, 3, 84, 845, 0, 0, 0, 0, 9, 6, 0, 6, 6
2025-12-28 12:47:27.973560|{rssi-112} 111, -127, -127, -127, -127, -127, -127, -127, -127, -127, -77, -127, -127, -127, 111, 111, 111, 111, 
2025-12-28 12:47:27.983190|{td-112} 0, -2950408, -2959328, -2968248, -2977168, -2986088, -2995008, -3003928, -3012848, -3021768, -27, 0, 0, 0, 0, 0, 0, 0, 
2025-12-28 12:47:27.995110|{tx-112} :AAAAAAAAA-BBB....
2025-12-28 12:47:28.159412|{rx-113} 0, 0, 14, 0, 84, 859, 0, 0, 0, 0, 65535, 255, 0, 6, 6
2025-12-28 12:47:28.163440|{rssi-113} 111, -127, -127, -127, -127, -127, -127, -127, -127, -127, -127, -127, -127, -127, -127, 111, 111, 111, 
2025-12-28 12:47:28.175538|{td-113} 0, -2932568, -2941488, -2950408, -2959328, -2968248, -2977168, -2986088, -2995008, -3003928, -3012848, -3021768, -3030688, -3039608, -3048528, 0, 0, 0, 
2025-12-28 12:47:28.187774|{tx-113} :AAAAAAAAAAAAAA...
2025-12-28 12:47:28.347154|{rx-114} 1, 0, 7, 3, 85, 867, 0, 0, 0, 0, 7, 6, 0, 6, 6
2025-12-28 12:47:28.351369|{rssi-114} 111, -127, -127, -127, -127, -127, -127, -127, -77, -127, -127, -127, 111, 111, 111, 111, 111, 111, 
2025-12-28 12:47:28.362000|{td-114} 0, -5972008, -5980928, -5989848, -5998768, -6007688, -6016608, -6025528, -55, 0, 0, 0, 0, 0, 0, 0, 0, 0, 
2025-12-28 12:47:28.371186|{tx-114} :AAAAAAA-BBB......
2025-12-28 12:47:28.536586|{rx-115} 1, 0, 7, 3, 86, 875, 0, 0, 0, 0, 7, 6, 0, 6, 6
2025-12-28 12:47:28.542488|{rssi-115} 111, -127, -127, -127, -127, -127, -127, -127, -77, -127, -127, -127, 111, 111, 111, 111, 111, 111, 
2025-12-28 12:47:28.551481|{td-115} 0, -2950408, -2959328, -2968248, -2977168, -2986088, -2995008, -3003928, -23, 0, 0, 0, 0, 0, 0, 0, 0, 0, 
2025-12-28 12:47:28.561531|{tx-115} :AAAAAAA-BBB......
2025-12-28 12:47:28.727882|{rx-116} 1, 0, 6, 3, 87, 882, 0, 0, 0, 0, 6, 6, 0, 6, 6
2025-12-28 12:47:28.731453|{rssi-116} 111, -127, -127, -127, -127, -127, -127, -77, -127, -127, -127, 111, 111, 111, 111, 111, 111, 111, 
2025-12-28 12:47:28.741822|{td-116} 0, -2950408, -2959328, -2968248, -2977168, -2986088, -2995008, -27, 0, 0, 0, 0, 0, 0, 0, 0, 0, 0, 
2025-12-28 12:47:28.750663|{tx-116} :AAAAAA-BBB.......
2025-12-28 12:47:28.917591|{rx-117} 1, 0, 8, 3, 88, 891, 0, 0, 0, 0, 8, 7, 0, 6, 6
2025-12-28 12:47:28.922607|{rssi-117} 111, -127, -127, -127, -127, -127, -127, -127, -127, -77, -127, -127, -127, 111, 111, 111, 111, 111, 
2025-12-28 12:47:28.932996|{td-117} 0, -2959328, -2968248, -2977168, -2986088, -2995008, -3003928, -3012848, -3021768, -31, 0, 0, 0, 0, 0, 0, 0, 0, 
2025-12-28 12:47:28.944318|{tx-117} :AAAAAAAA-BBB.....
2025-12-28 12:47:29.106796|{rx-118} 1, 0, 7, 3, 89, 899, 0, 0, 0, 0, 7, 6, 0, 6, 6
2025-12-28 12:47:29.112006|{rssi-118} 111, -127, -127, -127, -127, -127, -127, -127, -77, -127, -127, -127, 111, 111, 111, 111, 111, 111, 
2025-12-28 12:47:29.122022|{td-118} 0, -2941488, -2950408, -2959328, -2968248, -2977168, -2986088, -2995008, -21, 0, 0, 0, 0, 0, 0, 0, 0, 0, 
2025-12-28 12:47:29.131259|{tx-118} :AAAAAAA-BBB......
2025-12-28 12:47:29.297609|{rx-119} 1, 0, 7, 3, 90, 907, 0, 0, 0, 0, 7, 6, 0, 6, 6
2025-12-28 12:47:29.302604|{rssi-119} 111, -127, -127, -127, -127, -127, -127, -127, -77, -127, -127, -127, 111, 111, 111, 111, 111, 111, 
2025-12-28 12:47:29.312431|{td-119} 0, -2950408, -2959328, -2968248, -2977168, -2986088, -2995008, -3003928, -29, 0, 0, 0, 0, 0, 0, 0, 0, 0, 
2025-12-28 12:47:29.321475|{tx-119} :AAAAAAA-BBB......
2025-12-28 12:47:29.487484|{rx-120} 0, 0, 14, 0, 90, 921, 0, 0, 0, 0, 65535, 255, 0, 6, 6
2025-12-28 12:47:29.493659|{rssi-120} 111, -127, -127, -127, -127, -127, -127, -127, -127, -127, -127, -127, -127, -127, -127, 111, 111, 111, 
2025-12-28 12:47:29.504452|{td-120} 0, -2950408, -2959328, -2968248, -2977168, -2986088, -2995008, -3003928, -3012848, -3021768, -3030688, -3039608, -3048528, -3057448, -3066368, 0, 0, 0, 
2025-12-28 12:47:29.518653|{tx-120} :AAAAAAAAAAAAAA...
2025-12-28 12:47:29.677018|{rx-121} 1, 0, 7, 3, 91, 929, 0, 0, 0, 0, 7, 6, 0, 6, 6
2025-12-28 12:47:29.682344|{rssi-121} 111, -127, -127, -127, -127, -127, -127, -127, -77, -127, -127, -127, 111, 111, 111, 111, 111, 111, 
2025-12-28 12:47:29.691427|{td-121} 0, -5989848, -5998768, -6007688, -6016608, -6025528, -6034448, -6043368, -51, 0, 0, 0, 0, 0, 0, 0, 0, 0, 
2025-12-28 12:47:29.701141|{tx-121} :AAAAAAA-BBB......
2025-12-28 12:47:29.866908|{rx-122} 1, 0, 7, 3, 92, 937, 0, 0, 0, 0, 7, 6, 0, 6, 6
2025-12-28 12:47:29.871359|{rssi-122} 111, -127, -127, -127, -127, -127, -127, -127, -77, -127, -127, -127, 111, 111, 111, 111, 111, 111, 
2025-12-28 12:47:29.882177|{td-122} 0, -2950408, -2959328, -2968248, -2977168, -2986088, -2995008, -3003928, -25, 0, 0, 0, 0, 0, 0, 0, 0, 0, 
2025-12-28 12:47:29.891903|{tx-122} :AAAAAAA-BBB......
2025-12-28 12:47:30.057389|{rx-123} 1, 0, 7, 3, 93, 945, 0, 0, 0, 0, 7, 6, 0, 6, 6
2025-12-28 12:47:30.061413|{rssi-123} 111, -127, -127, -127, -127, -127, -127, -127, -77, -127, -127, -127, 111, 111, 111, 111, 111, 111, 
2025-12-28 12:47:30.072338|{td-123} 0, -2950408, -2959328, -2968248, -2977168, -2986088, -2995008, -3003928, -29, 0, 0, 0, 0, 0, 0, 0, 0, 0, 
2025-12-28 12:47:30.080899|{tx-123} :AAAAAAA-BBB......
2025-12-28 12:47:30.246799|{rx-124} 1, 0, 7, 3, 94, 953, 0, 0, 0, 0, 7, 6, 0, 6, 6
2025-12-28 12:47:30.250901|{rssi-124} 111, -127, -127, -127, -127, -127, -127, -127, -77, -127, -127, -127, 111, 111, 111, 111, 111, 111, 
2025-12-28 12:47:30.262097|{td-124} 0, -2950408, -2959328, -2968248, -2977168, -2986088, -2995008, -3003928, -25, 0, 0, 0, 0, 0, 0, 0, 0, 0, 
2025-12-28 12:47:30.271075|{tx-124} :AAAAAAA-BBB......
2025-12-28 12:47:30.437879|{rx-125} 1, 0, 7, 3, 95, 961, 0, 0, 0, 0, 7, 6, 0, 6, 6
2025-12-28 12:47:30.441308|{rssi-125} 111, -127, -127, -127, -127, -127, -127, -127, -77, -127, -127, -127, 111, 111, 111, 111, 111, 111, 
2025-12-28 12:47:30.451588|{td-125} 0, -2950408, -2959328, -2968248, -2977168, -2986088, -2995008, -3003928, -29, 0, 0, 0, 0, 0, 0, 0, 0, 0, 
2025-12-28 12:47:30.461827|{tx-125} :AAAAAAA-BBB......
2025-12-28 12:47:30.627248|{rx-126} 1, 0, 7, 3, 96, 969, 0, 0, 0, 0, 7, 6, 0, 6, 6
2025-12-28 12:47:30.632122|{rssi-126} 111, -127, -127, -127, -127, -127, -127, -127, -77, -127, -127, -127, 111, 111, 111, 111, 111, 111, 
2025-12-28 12:47:30.641621|{td-126} 0, -2950408, -2959328, -2968248, -2977168, -2986088, -2995008, -3003928, -25, 0, 0, 0, 0, 0, 0, 0, 0, 0, 
2025-12-28 12:47:30.650715|{tx-126} :AAAAAAA-BBB......
2025-12-28 12:47:30.816986|{rx-127} 1, 0, 7, 3, 97, 977, 0, 0, 0, 0, 7, 6, 0, 6, 6
2025-12-28 12:47:30.820981|{rssi-127} 111, -127, -127, -127, -127, -127, -127, -127, -77, -127, -127, -127, 111, 111, 111, 111, 111, 111, 
2025-12-28 12:47:30.832179|{td-127} 0, -2950408, -2959328, -2968248, -2977168, -2986088, -2995008, -3003928, -27, 0, 0, 0, 0, 0, 0, 0, 0, 0, 
2025-12-28 12:47:30.841317|{tx-127} :AAAAAAA-BBB......
2025-12-28 12:47:31.006159|{rx-128} 1, 0, 6, 3, 98, 984, 0, 0, 0, 0, 6, 6, 0, 6, 6
2025-12-28 12:47:31.011595|{rssi-128} 111, -127, -127, -127, -127, -127, -127, -77, -127, -127, -127, 111, 111, 111, 111, 111, 111, 111, 
2025-12-28 12:47:31.021429|{td-128} 0, -2950408, -2959328, -2968248, -2977168, -2986088, -2995008, -25, 0, 0, 0, 0, 0, 0, 0, 0, 0, 0, 
2025-12-28 12:47:31.030925|{tx-128} :AAAAAA-BBB.......
2025-12-28 12:47:31.196462|{rx-129} 1, 0, 7, 3, 99, 992, 0, 0, 0, 0, 7, 6, 0, 6, 6
2025-12-28 12:47:31.201686|{rssi-129} 111, -127, -127, -127, -127, -127, -127, -127, -77, -127, -127, -127, 111, 111, 111, 111, 111, 111, 
2025-12-28 12:47:31.211485|{td-129} 0, -2959328, -2968248, -2977168, -2986088, -2995008, -3003928, -3012848, -29, 0, 0, 0, 0, 0, 0, 0, 0, 0, 
2025-12-28 12:47:31.222203|{tx-129} :AAAAAAA-BBB......
2025-12-28 12:47:31.387777|{rx-130} 1, 0, 7, 3, 100, 1000, 0, 0, 0, 0, 7, 6, 0, 6, 6
2025-12-28 12:47:31.390994|{rssi-130} 111, -127, -127, -127, -127, -127, -127, -127, -77, -127, -127, -127, 111, 111, 111, 111, 111, 111, 
2025-12-28 12:47:31.402238|{td-130} 0, -2950408, -2959328, -2968248, -2977168, -2986088, -2995008, -3003928, -25, 0, 0, 0, 0, 0, 0, 0, 0, 0, 
2025-12-28 12:47:31.411274|{tx-130} :AAAAAAA-BBB......
2025-12-28 12:47:31.576296|{rx-131} 1, 0, 6, 3, 101, 1007, 0, 0, 0, 0, 6, 6, 0, 6, 6
2025-12-28 12:47:31.580607|{rssi-131} 111, -127, -127, -127, -127, -127, -127, -77, -127, -127, -127, 111, 111, 111, 111, 111, 111, 111, 
2025-12-28 12:47:31.591022|{td-131} 0, -2950408, -2959328, -2968248, -2977168, -2986088, -2995008, -29, 0, 0, 0, 0, 0, 0, 0, 0, 0, 0, 
2025-12-28 12:47:31.599241|{tx-131} :AAAAAA-BBB.......
2025-12-28 12:47:31.766994|{rx-132} 1, 0, 7, 3, 102, 1015, 0, 0, 0, 0, 7, 6, 0, 6, 6
2025-12-28 12:47:31.771271|{rssi-132} 111, -127, -127, -127, -127, -127, -127, -127, -77, -127, -127, -127, 111, 111, 111, 111, 111, 111, 
2025-12-28 12:47:31.781954|{td-132} 0, -2959328, -2968248, -2977168, -2986088, -2995008, -3003928, -3012848, -25, 0, 0, 0, 0, 0, 0, 0, 0, 0, 
2025-12-28 12:47:31.791117|{tx-132} :AAAAAAA-BBB......
2025-12-28 12:47:31.957088|{rx-133} 1, 0, 7, 3, 103, 1023, 0, 0, 0, 0, 7, 6, 0, 6, 6
2025-12-28 12:47:31.961432|{rssi-133} 111, -127, -127, -127, -127, -127, -127, -127, -77, -127, -127, -127, 111, 111, 111, 111, 111, 111, 
2025-12-28 12:47:31.971106|{td-133} 0, -2950408, -2959328, -2968248, -2977168, -2986088, -2995008, -3003928, -27, 0, 0, 0, 0, 0, 0, 0, 0, 0, 
2025-12-28 12:47:31.981999|{tx-133} :AAAAAAA-BBB......
2025-12-28 12:47:32.146492|{rx-134} 1, 0, 6, 3, 104, 1030, 0, 0, 0, 0, 6, 5, 0, 6, 6
2025-12-28 12:47:32.151210|{rssi-134} 111, -127, -127, -127, -127, -127, -127, -77, -127, -127, -127, 111, 111, 111, 111, 111, 111, 111, 
2025-12-28 12:47:32.160742|{td-134} 0, -2950408, -2959328, -2968248, -2977168, -2986088, -2995008, -21, 0, 0, 0, 0, 0, 0, 0, 0, 0, 0, 
2025-12-28 12:47:32.169616|{tx-134} :AAAAAA-BBB.......
2025-12-28 12:47:32.337635|{rx-135} 1, 0, 9, 3, 105, 1040, 0, 0, 0, 0, 9, 6, 0, 6, 6
2025-12-28 12:47:32.342117|{rssi-135} 111, -127, -127, -127, -127, -127, -127, -127, -127, -127, -78, -127, -127, -127, 111, 111, 111, 111, 
2025-12-28 12:47:32.352941|{td-135} 0, -2959328, -2968248, -2977168, -2986088, -2995008, -3003928, -3012848, -3021768, -3030688, -31, 0, 0, 0, 0, 0, 0, 0, 
2025-12-28 12:47:32.363567|{tx-135} :AAAAAAAAA-BBB....
2025-12-28 12:47:32.526004|{rx-136} 1, 0, 7, 3, 106, 1048, 0, 0, 0, 0, 7, 6, 0, 6, 6
2025-12-28 12:47:32.532404|{rssi-136} 111, -127, -127, -127, -127, -127, -127, -127, -77, -127, -127, -127, 111, 111, 111, 111, 111, 111, 
2025-12-28 12:47:32.541235|{td-136} 0, -2932568, -2941488, -2950408, -2959328, -2968248, -2977168, -2986088, -29, 0, 0, 0, 0, 0, 0, 0, 0, 0, 
2025-12-28 12:47:32.552393|{tx-136} :AAAAAAA-BBB......
2025-12-28 12:47:32.717690|{rx-137} 1, 0, 6, 3, 107, 1055, 0, 0, 0, 0, 6, 6, 0, 6, 6
2025-12-28 12:47:32.720963|{rssi-137} 111, -127, -127, -127, -127, -127, -127, -77, -127, -127, -127, 111, 111, 111, 111, 111, 111, 111, 
2025-12-28 12:47:32.731123|{td-137} 0, -2950408, -2959328, -2968248, -2977168, -2986088, -2995008, -27, 0, 0, 0, 0, 0, 0, 0, 0, 0, 0, 
2025-12-28 12:47:32.739782|{tx-137} :AAAAAA-BBB.......
2025-12-28 12:47:32.906976|{rx-138} 1, 0, 7, 3, 108, 1063, 0, 0, 0, 0, 7, 6, 0, 6, 6
2025-12-28 12:47:32.912035|{rssi-138} 111, -127, -127, -127, -127, -127, -127, -127, -77, -127, -127, -127, 111, 111, 111, 111, 111, 111, 
2025-12-28 12:47:32.922052|{td-138} 0, -2959328, -2968248, -2977168, -2986088, -2995008, -3003928, -3012848, -27, 0, 0, 0, 0, 0, 0, 0, 0, 0, 
2025-12-28 12:47:32.930669|{tx-138} :AAAAAAA-BBB......
2025-12-28 12:47:33.095482|{rx-139} 1, 0, 7, 3, 109, 1071, 0, 0, 0, 0, 7, 6, 0, 6, 6
2025-12-28 12:47:33.101890|{rssi-139} 111, -127, -127, -127, -127, -127, -127, -127, -77, -127, -127, -127, 111, 111, 111, 111, 111, 111, 
2025-12-28 12:47:33.111890|{td-139} 0, -2950408, -2959328, -2968248, -2977168, -2986088, -2995008, -3003928, -23, 0, 0, 0, 0, 0, 0, 0, 0, 0, 
2025-12-28 12:47:33.121603|{tx-139} :AAAAAAA-BBB......
2025-12-28 12:47:33.288553|{rx-140} 1, 0, 10, 3, 110, 1082, 0, 0, 0, 0, 10, 7, 0, 6, 6
2025-12-28 12:47:33.294657|{rssi-140} 111, -127, -127, -127, -127, -127, -127, -127, -127, -127, -127, -77, -127, -127, -127, 111, 111, 111, 
2025-12-28 12:47:33.303789|{td-140} 0, -2950408, -2959328, -2968248, -2977168, -2986088, -2995008, -3003928, -3012848, -3021768, -3030688, -25, 0, 0, 0, 0, 0, 0, 
2025-12-28 12:47:33.314840|{tx-140} :AAAAAAAAAA-BBB...
2025-12-28 12:47:33.476133|{rx-141} 1, 0, 7, 3, 111, 1090, 0, 0, 0, 0, 7, 6, 0, 6, 6
2025-12-28 12:47:33.482162|{rssi-141} 111, -127, -127, -127, -127, -127, -127, -127, -77, -127, -127, -127, 111, 111, 111, 111, 111, 111, 
2025-12-28 12:47:33.491560|{td-141} 0, -2923648, -2932568, -2941488, -2950408, -2959328, -2968248, -2977168, -31, 0, 0, 0, 0, 0, 0, 0, 0, 0, 
2025-12-28 12:47:33.501706|{tx-141} :AAAAAAA-BBB......
2025-12-28 12:47:33.668578|{rx-142} 1, 0, 8, 3, 112, 1099, 0, 0, 0, 0, 8, 6, 0, 6, 6
2025-12-28 12:47:33.672604|{rssi-142} 111, -127, -127, -127, -127, -127, -127, -127, -127, -77, -127, -127, -127, 111, 111, 111, 111, 111, 
2025-12-28 12:47:33.682573|{td-142} 0, -2950408, -2959328, -2968248, -2977168, -2986088, -2995008, -3003928, -3012848, -27, 0, 0, 0, 0, 0, 0, 0, 0, 
2025-12-28 12:47:33.692886|{tx-142} :AAAAAAAA-BBB.....
2025-12-28 12:47:33.857169|{rx-143} 1, 0, 8, 3, 113, 1108, 0, 0, 0, 0, 8, 7, 0, 6, 6
2025-12-28 12:47:33.861692|{rssi-143} 111, -127, -127, -127, -127, -127, -127, -127, -127, -77, -127, -127, -127, 111, 111, 111, 111, 111, 
2025-12-28 12:47:33.871598|{td-143} 0, -2941488, -2950408, -2959328, -2968248, -2977168, -2986088, -2995008, -3003928, -21, 0, 0, 0, 0, 0, 0, 0, 0, 
2025-12-28 12:47:33.881659|{tx-143} :AAAAAAAA-BBB.....
2025-12-28 12:47:34.046236|{rx-144} 1, 0, 8, 3, 114, 1117, 0, 0, 0, 0, 8, 6, 0, 6, 6
2025-12-28 12:47:34.052032|{rssi-144} 111, -127, -127, -127, -127, -127, -127, -127, -127, -77, -127, -127, -127, 111, 111, 111, 111, 111, 
2025-12-28 12:47:34.062231|{td-144} 0, -2941488, -2950408, -2959328, -2968248, -2977168, -2986088, -2995008, -3003928, -31, 0, 0, 0, 0, 0, 0, 0, 0, 
2025-12-28 12:47:34.072935|{tx-144} :AAAAAAAA-BBB.....
2025-12-28 12:47:34.236401|{rx-145} 1, 0, 7, 3, 115, 1125, 0, 0, 0, 0, 7, 6, 0, 6, 6
2025-12-28 12:47:34.241372|{rssi-145} 111, -127, -127, -127, -127, -127, -127, -127, -77, -127, -127, -127, 111, 111, 111, 111, 111, 111, 
2025-12-28 12:47:34.251040|{td-145} 0, -2941488, -2950408, -2959328, -2968248, -2977168, -2986088, -2995008, -23, 0, 0, 0, 0, 0, 0, 0, 0, 0, 
2025-12-28 12:47:34.261400|{tx-145} :AAAAAAA-BBB......
2025-12-28 12:47:34.425588|{rx-146} 1, 0, 7, 3, 116, 1133, 0, 0, 0, 0, 7, 6, 0, 6, 6
2025-12-28 12:47:34.431611|{rssi-146} 111, -127, -127, -127, -127, -127, -127, -127, -77, -127, -127, -127, 111, 111, 111, 111, 111, 111, 
2025-12-28 12:47:34.441171|{td-146} 0, -2950408, -2959328, -2968248, -2977168, -2986088, -2995008, -3003928, -29, 0, 0, 0, 0, 0, 0, 0, 0, 0, 
2025-12-28 12:47:34.450903|{tx-146} :AAAAAAA-BBB......
2025-12-28 12:47:34.616527|{rx-147} 1, 0, 7, 3, 117, 1141, 0, 0, 0, 0, 7, 6, 0, 6, 6
2025-12-28 12:47:34.620845|{rssi-147} 111, -127, -127, -127, -127, -127, -127, -127, -77, -127, -127, -127, 111, 111, 111, 111, 111, 111, 
2025-12-28 12:47:34.631085|{td-147} 0, -2950408, -2959328, -2968248, -2977168, -2986088, -2995008, -3003928, -23, 0, 0, 0, 0, 0, 0, 0, 0, 0, 
2025-12-28 12:47:34.641324|{tx-147} :AAAAAAA-BBB......
2025-12-28 12:47:34.808826|{rx-148} 1, 0, 10, 3, 118, 1152, 0, 0, 0, 0, 10, 7, 0, 6, 6
2025-12-28 12:47:34.813278|{rssi-148} 111, -127, -127, -127, -127, -127, -127, -127, -127, -127, -127, -77, -127, -127, -127, 111, 111, 111, 
2025-12-28 12:47:34.824322|{td-148} 0, -2950408, -2959328, -2968248, -2977168, -2986088, -2995008, -3003928, -3012848, -3021768, -3030688, -33, 0, 0, 0, 0, 0, 0, 
2025-12-28 12:47:34.834059|{tx-148} :AAAAAAAAAA-BBB...
2025-12-28 12:47:34.996732|{rx-149} 0, 0, 14, 0, 118, 1166, 0, 0, 0, 0, 65535, 255, 0, 6, 6
2025-12-28 12:47:35.003448|{rssi-149} 111, -127, -127, -127, -127, -127, -127, -127, -127, -127, -127, -127, -127, -127, -127, 111, 111, 111, 
2025-12-28 12:47:35.013597|{td-149} 0, -2923648, -2932568, -2941488, -2950408, -2959328, -2968248, -2977168, -2986088, -2995008, -3003928, -3012848, -3021768, -3030688, -3039608, 0, 0, 0, 
2025-12-28 12:47:35.028051|{tx-149} :AAAAAAAAAAAAAA...
2025-12-28 12:47:35.185967|{rx-150} 1, 0, 7, 3, 119, 1174, 0, 0, 0, 0, 7, 6, 0, 6, 6
2025-12-28 12:47:35.191092|{rssi-150} 111, -127, -127, -127, -127, -127, -127, -127, -77, -127, -127, -127, 111, 111, 111, 111, 111, 111, 
2025-12-28 12:47:35.200584|{td-150} 0, -5963088, -5972008, -5980928, -5989848, -5998768, -6007688, -6016608, -47, 0, 0, 0, 0, 0, 0, 0, 0, 0, 
2025-12-28 12:47:35.210338|{tx-150} :AAAAAAA-BBB......
2025-12-28 12:47:35.377179|{rx-151} 0, 0, 14, 0, 119, 1188, 0, 0, 0, 0, 65535, 255, 0, 6, 6
2025-12-28 12:47:35.383152|{rssi-151} 111, -127, -127, -127, -127, -127, -127, -127, -127, -127, -127, -127, -127, -127, -127, 111, 111, 111, 
2025-12-28 12:47:35.393410|{td-151} 0, -2950408, -2959328, -2968248, -2977168, -2986088, -2995008, -3003928, -3012848, -3021768, -3030688, -3039608, -3048528, -3057448, -3066368, 0, 0, 0, 
2025-12-28 12:47:35.407127|{tx-151} :AAAAAAAAAAAAAA...
2025-12-28 12:47:35.567568|{rx-152} 0, 0, 14, 0, 119, 1202, 0, 0, 0, 0, 65535, 255, 0, 6, 6
2025-12-28 12:47:35.573320|{rssi-152} 111, -127, -127, -127, -127, -127, -127, -127, -127, -127, -127, -127, -127, -127, -127, 111, 111, 111, 
2025-12-28 12:47:35.583657|{td-152} 0, -5989848, -5998768, -6007688, -6016608, -6025528, -6034448, -6043368, -6052288, -6061208, -6070128, -6079048, -6087968, -6096888, -6105808, 0, 0, 0, 
2025-12-28 12:47:35.598308|{tx-152} :AAAAAAAAAAAAAA...
2025-12-28 12:47:35.755970|{rx-153} 1, 0, 7, 3, 120, 1210, 0, 0, 0, 0, 7, 6, 0, 6, 6
2025-12-28 12:47:35.761606|{rssi-153} 111, -127, -127, -127, -127, -127, -127, -127, -77, -127, -127, -127, 111, 111, 111, 111, 111, 111, 
2025-12-28 12:47:35.770981|{td-153} 0, -9029288, -9038208, -9047128, -9056048, -9064968, -9073888, -9082808, -83, 0, 0, 0, 0, 0, 0, 0, 0, 0, 
2025-12-28 12:47:35.780448|{tx-153} :AAAAAAA-BBB......
2025-12-28 12:47:35.946934|{rx-154} 1, 0, 9, 3, 121, 1220, 0, 0, 0, 0, 9, 6, 0, 6, 6
2025-12-28 12:47:35.951733|{rssi-154} 111, -127, -127, -127, -127, -127, -127, -127, -127, -127, -77, -127, -127, -127, 111, 111, 111, 111, 
2025-12-28 12:47:35.961737|{td-154} 0, -2950408, -2959328, -2968248, -2977168, -2986088, -2995008, -3003928, -3012848, -3021768, -27, 0, 0, 0, 0, 0, 0, 0, 
2025-12-28 12:47:35.973566|{tx-154} :AAAAAAAAA-BBB....
2025-12-28 12:47:36.136517|{rx-155} 1, 0, 7, 3, 122, 1228, 0, 0, 0, 0, 7, 6, 0, 6, 6
2025-12-28 12:47:36.142571|{rssi-155} 111, -127, -127, -127, -127, -127, -127, -127, -77, -127, -127, -127, 111, 111, 111, 111, 111, 111, 
2025-12-28 12:47:36.151205|{td-155} 0, -2932568, -2941488, -2950408, -2959328, -2968248, -2977168, -2986088, -25, 0, 0, 0, 0, 0, 0, 0, 0, 0, 
2025-12-28 12:47:36.161335|{tx-155} :AAAAAAA-BBB......
2025-12-28 12:47:36.325204|{rx-156} 1, 0, 7, 3, 123, 1236, 0, 0, 0, 0, 7, 6, 0, 6, 6
2025-12-28 12:47:36.331017|{rssi-156} 111, -127, -127, -127, -127, -127, -127, -127, -77, -127, -127, -127, 111, 111, 111, 111, 111, 111, 
2025-12-28 12:47:36.341199|{td-156} 0, -2950408, -2959328, -2968248, -2977168, -2986088, -2995008, -3003928, -27, 0, 0, 0, 0, 0, 0, 0, 0, 0, 
2025-12-28 12:47:36.351420|{tx-156} :AAAAAAA-BBB......
2025-12-28 12:47:36.517267|{rx-157} 0, 0, 14, 0, 123, 1250, 0, 0, 0, 0, 65535, 255, 0, 6, 6
2025-12-28 12:47:36.523093|{rssi-157} 111, -127, -127, -127, -127, -127, -127, -127, -127, -127, -127, -127, -127, -127, -127, 111, 111, 111, 
2025-12-28 12:47:36.533449|{td-157} 0, -2950408, -2959328, -2968248, -2977168, -2986088, -2995008, -3003928, -3012848, -3021768, -3030688, -3039608, -3048528, -3057448, -3066368, 0, 0, 0, 
2025-12-28 12:47:36.546310|{tx-157} :AAAAAAAAAAAAAA...
2025-12-28 12:47:36.706338|{rx-158} 1, 0, 7, 3, 124, 1258, 0, 0, 0, 0, 7, 6, 0, 6, 6
2025-12-28 12:47:36.711585|{rssi-158} 111, -127, -127, -127, -127, -127, -127, -127, -77, -127, -127, -127, 111, 111, 111, 111, 111, 111, 
2025-12-28 12:47:36.720839|{td-158} 0, -5989848, -5998768, -6007688, -6016608, -6025528, -6034448, -6043368, -51, 0, 0, 0, 0, 0, 0, 0, 0, 0, 
2025-12-28 12:47:36.730586|{tx-158} :AAAAAAA-BBB......
2025-12-28 12:47:36.896380|{rx-159} 1, 0, 7, 3, 125, 1266, 0, 0, 0, 0, 7, 6, 0, 6, 6
2025-12-28 12:47:36.900902|{rssi-159} 111, -127, -127, -127, -127, -127, -127, -127, -77, -127, -127, -127, 111, 111, 111, 111, 111, 111, 
2025-12-28 12:47:36.911400|{td-159} 0, -2950408, -2959328, -2968248, -2977168, -2986088, -2995008, -3003928, -27, 0, 0, 0, 0, 0, 0, 0, 0, 0, 
2025-12-28 12:47:36.921337|{tx-159} :AAAAAAA-BBB......
2025-12-28 12:47:37.086201|{rx-160} 1, 0, 8, 3, 126, 1275, 0, 0, 0, 0, 8, 7, 0, 6, 6
2025-12-28 12:47:37.091400|{rssi-160} 111, -127, -127, -127, -127, -127, -127, -127, -127, -77, -127, -127, -127, 111, 111, 111, 111, 111, 
2025-12-28 12:47:37.101719|{td-160} 0, -2950408, -2959328, -2968248, -2977168, -2986088, -2995008, -3003928, -3012848, -29, 0, 0, 0, 0, 0, 0, 0, 0, 
2025-12-28 12:47:37.111280|{tx-160} :AAAAAAAA-BBB.....
2025-12-28 12:47:37.277974|{rx-161} 1, 0, 12, 3, 127, 1288, 0, 0, 0, 0, 12, 8, 0, 6, 6
2025-12-28 12:47:37.283660|{rssi-161} 111, -127, -127, -127, -127, -127, -127, -127, -127, -127, -127, -127, -127, -77, -127, -127, -127, 111, 
2025-12-28 12:47:37.294191|{td-161} 0, -2941488, -2950408, -2959328, -2968248, -2977168, -2986088, -2995008, -3003928, -3012848, -3021768, -3030688, -3039608, -29, 0, 0, 0, 0, 
2025-12-28 12:47:37.306557|{tx-161} :AAAAAAAAAAAA-BBB.
2025-12-28 12:47:37.464953|{rx-162} 1, 0, 7, 3, 128, 1296, 0, 0, 0, 0, 7, 6, 0, 6, 6
2025-12-28 12:47:37.471235|{rssi-162} 111, -127, -127, -127, -127, -127, -127, -127, -77, -127, -127, -127, 111, 111, 111, 111, 111, 111, 
2025-12-28 12:47:37.481499|{td-162} 0, -2905808, -2914728, -2923648, -2932568, -2941488, -2950408, -2959328, -21, 0, 0, 0, 0, 0, 0, 0, 0, 0, 
2025-12-28 12:47:37.490974|{tx-162} :AAAAAAA-BBB......
2025-12-28 12:47:37.656143|{rx-163} 1, 0, 8, 3, 129, 1305, 0, 0, 0, 0, 8, 6, 0, 6, 6
2025-12-28 12:47:37.660965|{rssi-163} 111, -127, -127, -127, -127, -127, -127, -127, -127, -77, -127, -127, -127, 111, 111, 111, 111, 111, 
2025-12-28 12:47:37.671358|{td-163} 0, -2950408, -2959328, -2968248, -2977168, -2986088, -2995008, -3003928, -3012848, -29, 0, 0, 0, 0, 0, 0, 0, 0, 
2025-12-28 12:47:37.681540|{tx-163} :AAAAAAAA-BBB.....
2025-12-28 12:47:37.847080|{rx-164} 1, 0, 10, 3, 130, 1316, 0, 0, 0, 0, 10, 6, 0, 6, 6
2025-12-28 12:47:37.852728|{rssi-164} 111, -127, -127, -127, -127, -127, -127, -127, -127, -127, -127, -77, -127, -127, -127, 111, 111, 111, 
2025-12-28 12:47:37.862893|{td-164} 0, -2941488, -2950408, -2959328, -2968248, -2977168, -2986088, -2995008, -3003928, -3012848, -3021768, -21, 0, 0, 0, 0, 0, 0, 
2025-12-28 12:47:37.874685|{tx-164} :AAAAAAAAAA-BBB...
2025-12-28 12:47:38.036478|{rx-165} 1, 0, 9, 3, 131, 1326, 0, 0, 0, 0, 9, 8, 0, 6, 6
2025-12-28 12:47:38.041837|{rssi-165} 111, -127, -127, -127, -127, -127, -127, -127, -127, -127, -77, -127, -127, -127, 111, 111, 111, 111, 
2025-12-28 12:47:38.052359|{td-165} 0, -2923648, -2932568, -2941488, -2950408, -2959328, -2968248, -2977168, -2986088, -2995008, -31, 0, 0, 0, 0, 0, 0, 0, 
2025-12-28 12:47:38.063803|{tx-165} :AAAAAAAAA-BBB....
2025-12-28 12:47:38.224937|{rx-166} 1, 0, 6, 3, 132, 1333, 0, 0, 0, 0, 6, 6, 0, 6, 6
2025-12-28 12:47:38.229948|{rssi-166} 111, -127, -127, -127, -127, -127, -127, -77, -127, -127, -127, 111, 111, 111, 111, 111, 111, 111, 
2025-12-28 12:47:38.239856|{td-166} 0, -2932568, -2941488, -2950408, -2959328, -2968248, -2977168, -27, 0, 0, 0, 0, 0, 0, 0, 0, 0, 0, 
2025-12-28 12:47:38.248514|{tx-166} :AAAAAA-BBB.......
2025-12-28 12:47:38.415254|{rx-167} 1, 0, 7, 3, 133, 1341, 0, 0, 0, 0, 7, 6, 0, 6, 6
2025-12-28 12:47:38.420783|{rssi-167} 111, -127, -127, -127, -127, -127, -127, -127, -77, -127, -127, -127, 111, 111, 111, 111, 111, 111, 
2025-12-28 12:47:38.430827|{td-167} 0, -2959328, -2968248, -2977168, -2986088, -2995008, -3003928, -3012848, -27, 0, 0, 0, 0, 0, 0, 0, 0, 0, 
2025-12-28 12:47:38.439430|{tx-167} :AAAAAAA-BBB......
2025-12-28 12:47:38.606477|{rx-168} 0, 0, 14, 0, 133, 1355, 0, 0, 0, 0, 65535, 255, 0, 6, 6
2025-12-28 12:47:38.613120|{rssi-168} 111, -127, -127, -127, -127, -127, -127, -127, -127, -127, -127, -127, -127, -127, -127, 111, 111, 111, 
2025-12-28 12:47:38.622619|{td-168} 0, -2950408, -2959328, -2968248, -2977168, -2986088, -2995008, -3003928, -3012848, -3021768, -3030688, -3039608, -3048528, -3057448, -3066368, 0, 0, 0, 
2025-12-28 12:47:38.637385|{tx-168} :AAAAAAAAAAAAAA...
2025-12-28 12:47:38.795456|{rx-169} 1, 0, 7, 3, 134, 1363, 0, 0, 0, 0, 7, 6, 0, 6, 6
2025-12-28 12:47:38.800567|{rssi-169} 111, -127, -127, -127, -127, -127, -127, -127, -77, -127, -127, -127, 111, 111, 111, 111, 111, 111, 
2025-12-28 12:47:38.810352|{td-169} 0, -5989848, -5998768, -6007688, -6016608, -6025528, -6034448, -6043368, -51, 0, 0, 0, 0, 0, 0, 0, 0, 0, 
2025-12-28 12:47:38.820681|{tx-169} :AAAAAAA-BBB......
2025-12-28 12:47:38.987671|{rx-170} 0, 0, 14, 0, 134, 1377, 0, 0, 0, 0, 65535, 255, 0, 6, 6
2025-12-28 12:47:38.992794|{rssi-170} 111, -127, -127, -127, -127, -127, -127, -127, -127, -127, -127, -127, -127, -127, -127, 111, 111, 111, 
2025-12-28 12:47:39.002817|{td-170} 0, -2950408, -2959328, -2968248, -2977168, -2986088, -2995008, -3003928, -3012848, -3021768, -3030688, -3039608, -3048528, -3057448, -3066368, 0, 0, 0, 
2025-12-28 12:47:39.017323|{tx-170} :AAAAAAAAAAAAAA...
2025-12-28 12:47:39.174672|{rx-171} 1, 0, 7, 3, 135, 1385, 0, 0, 0, 0, 7, 7, 0, 6, 6
2025-12-28 12:47:39.180320|{rssi-171} 111, -127, -127, -127, -127, -127, -127, -127, -77, -127, -127, -127, 111, 111, 111, 111, 111, 111, 
2025-12-28 12:47:39.191403|{td-171} 0, -5989848, -5998768, -6007688, -6016608, -6025528, -6034448, -6043368, -53, 0, 0, 0, 0, 0, 0, 0, 0, 0, 
2025-12-28 12:47:39.201057|{tx-171} :AAAAAAA-BBB......
2025-12-28 12:47:39.365337|{rx-172} 1, 0, 6, 3, 136, 1392, 0, 0, 0, 0, 6, 6, 0, 6, 6
2025-12-28 12:47:39.369795|{rssi-172} 111, -127, -127, -127, -127, -127, -127, -77, -127, -127, -127, 111, 111, 111, 111, 111, 111, 111, 
2025-12-28 12:47:39.379144|{td-172} 0, -2950408, -2959328, -2968248, -2977168, -2986088, -2995008, -21, 0, 0, 0, 0, 0, 0, 0, 0, 0, 0, 
2025-12-28 12:47:39.388561|{tx-172} :AAAAAA-BBB.......
2025-12-28 12:47:39.555402|{rx-173} 1, 0, 7, 3, 137, 1400, 0, 0, 0, 0, 7, 6, 0, 6, 6
2025-12-28 12:47:39.561097|{rssi-173} 111, -127, -127, -127, -127, -127, -127, -127, -77, -127, -127, -127, 111, 111, 111, 111, 111, 111, 
2025-12-28 12:47:39.569468|{td-173} 0, -2959328, -2968248, -2977168, -2986088, -2995008, -3003928, -3012848, -33, 0, 0, 0, 0, 0, 0, 0, 0, 0, 
2025-12-28 12:47:39.580345|{tx-173} :AAAAAAA-BBB......
2025-12-28 12:47:39.743552|{rx-174} 1, 0, 6, 3, 138, 1407, 0, 0, 0, 0, 6, 6, 0, 6, 6
2025-12-28 12:47:39.749597|{rssi-174} 111, -127, -127, -127, -127, -127, -127, -77, -127, -127, -127, 111, 111, 111, 111, 111, 111, 111, 
2025-12-28 12:47:39.759725|{td-174} 0, -2950408, -2959328, -2968248, -2977168, -2986088, -2995008, -25, 0, 0, 0, 0, 0, 0, 0, 0, 0, 0, 
2025-12-28 12:47:39.768894|{tx-174} :AAAAAA-BBB.......
2025-12-28 12:47:39.935973|{rx-175} 1, 0, 9, 3, 139, 1417, 0, 0, 0, 0, 9, 7, 0, 6, 6
2025-12-28 12:47:39.941060|{rssi-175} 111, -127, -127, -127, -127, -127, -127, -127, -127, -127, -77, -127, -127, -127, 111, 111, 111, 111, 
2025-12-28 12:47:39.950797|{td-175} 0, -2959328, -2968248, -2977168, -2986088, -2995008, -3003928, -3012848, -3021768, -3030688, -29, 0, 0, 0, 0, 0, 0, 0, 
2025-12-28 12:47:39.963487|{tx-175} :AAAAAAAAA-BBB....
2025-12-28 12:47:40.125429|{rx-176} 1, 0, 7, 3, 140, 1425, 0, 0, 0, 0, 7, 6, 0, 6, 6
2025-12-28 12:47:40.130544|{rssi-176} 111, -127, -127, -127, -127, -127, -127, -127, -77, -127, -127, -127, 111, 111, 111, 111, 111, 111, 
2025-12-28 12:47:40.139545|{td-176} 0, -2932568, -2941488, -2950408, -2959328, -2968248, -2977168, -2986088, -31, 0, 0, 0, 0, 0, 0, 0, 0, 0, 
2025-12-28 12:47:40.151234|{tx-176} :AAAAAAA-BBB......
2025-12-28 12:47:40.315962|{rx-177} 0, 0, 14, 0, 140, 1439, 0, 0, 0, 0, 65535, 255, 0, 6, 6
2025-12-28 12:47:40.321330|{rssi-177} 111, -127, -127, -127, -127, -127, -127, -127, -127, -127, -127, -127, -127, -127, -127, 111, 111, 111, 
2025-12-28 12:47:40.332145|{td-177} 0, -2950408, -2959328, -2968248, -2977168, -2986088, -2995008, -3003928, -3012848, -3021768, -3030688, -3039608, -3048528, -3057448, -3066368, 0, 0, 0, 
2025-12-28 12:47:40.345657|{tx-177} :AAAAAAAAAAAAAA...
2025-12-28 12:47:40.505450|{rx-178} 1, 0, 7, 3, 141, 1447, 0, 0, 0, 0, 7, 6, 0, 6, 6
2025-12-28 12:47:40.510609|{rssi-178} 111, -127, -127, -127, -127, -127, -127, -127, -77, -127, -127, -127, 111, 111, 111, 111, 111, 111, 
2025-12-28 12:47:40.520301|{td-178} 0, -5989848, -5998768, -6007688, -6016608, -6025528, -6034448, -6043368, -49, 0, 0, 0, 0, 0, 0, 0, 0, 0, 
2025-12-28 12:47:40.531025|{tx-178} :AAAAAAA-BBB......
2025-12-28 12:47:40.695353|{rx-179} 1, 0, 7, 3, 142, 1455, 0, 0, 0, 0, 7, 6, 0, 6, 6
2025-12-28 12:47:40.700429|{rssi-179} 111, -127, -127, -127, -127, -127, -127, -127, -77, -127, -127, -127, 111, 111, 111, 111, 111, 111, 
2025-12-28 12:47:40.709535|{td-179} 0, -2950408, -2959328, -2968248, -2977168, -2986088, -2995008, -3003928, -23, 0, 0, 0, 0, 0, 0, 0, 0, 0, 
2025-12-28 12:47:40.718987|{tx-179} :AAAAAAA-BBB......
2025-12-28 12:47:40.885560|{rx-180} 1, 0, 7, 3, 143, 1463, 0, 0, 0, 0, 7, 6, 0, 6, 6
2025-12-28 12:47:40.889575|{rssi-180} 111, -127, -127, -127, -127, -127, -127, -127, -77, -127, -127, -127, 111, 111, 111, 111, 111, 111, 
2025-12-28 12:47:40.901813|{td-180} 0, -2950408, -2959328, -2968248, -2977168, -2986088, -2995008, -3003928, -29, 0, 0, 0, 0, 0, 0, 0, 0, 0, 
2025-12-28 12:47:40.910528|{tx-180} :AAAAAAA-BBB......
2025-12-28 12:47:41.074568|{rx-181} 1, 0, 7, 3, 144, 1471, 0, 0, 0, 0, 7, 6, 0, 6, 6
2025-12-28 12:47:41.081671|{rssi-181} 111, -127, -127, -127, -127, -127, -127, -127, -77, -127, -127, -127, 111, 111, 111, 111, 111, 111, 
2025-12-28 12:47:41.091613|{td-181} 0, -2950408, -2959328, -2968248, -2977168, -2986088, -2995008, -3003928, -27, 0, 0, 0, 0, 0, 0, 0, 0, 0, 
2025-12-28 12:47:41.099873|{tx-181} :AAAAAAA-BBB......
2025-12-28 12:47:41.264944|{rx-182} 1, 0, 7, 3, 145, 1479, 0, 0, 0, 0, 7, 6, 0, 6, 6
2025-12-28 12:47:41.269528|{rssi-182} 111, -127, -127, -127, -127, -127, -127, -127, -77, -127, -127, -127, 111, 111, 111, 111, 111, 111, 
2025-12-28 12:47:41.280376|{td-182} 0, -2950408, -2959328, -2968248, -2977168, -2986088, -2995008, -3003928, -23, 0, 0, 0, 0, 0, 0, 0, 0, 0, 
2025-12-28 12:47:41.288702|{tx-182} :AAAAAAA-BBB......
2025-12-28 12:47:41.454098|{rx-183} 1, 0, 5, 3, 146, 1485, 0, 0, 0, 0, 5, 6, 0, 6, 6
2025-12-28 12:47:41.458995|{rssi-183} 111, -127, -127, -127, -127, -127, -77, -127, -127, -127, 111, 111, 111, 111, 111, 111, 111, 111, 
2025-12-28 12:47:41.468646|{td-183} 0, -2950408, -2959328, -2968248, -2977168, -2986088, -31, 0, 0, 0, 0, 0, 0, 0, 0, 0, 0, 0, 
2025-12-28 12:47:41.476330|{tx-183} :AAAAA-BBB........
2025-12-28 12:47:41.646142|{rx-184} 1, 0, 7, 3, 147, 1493, 0, 0, 0, 0, 7, 6, 0, 6, 6
2025-12-28 12:47:41.650299|{rssi-184} 111, -127, -127, -127, -127, -127, -127, -127, -77, -127, -127, -127, 111, 111, 111, 111, 111, 111, 
2025-12-28 12:47:41.660597|{td-184} 0, -2968248, -2977168, -2986088, -2995008, -3003928, -3012848, -3021768, -25, 0, 0, 0, 0, 0, 0, 0, 0, 0, 
2025-12-28 12:47:41.669419|{tx-184} :AAAAAAA-BBB......
2025-12-28 12:47:41.833363|{rx-185} 1, 0, 5, 3, 148, 1499, 0, 0, 0, 0, 5, 6, 0, 6, 6
2025-12-28 12:47:41.838989|{rssi-185} 111, -127, -127, -127, -127, -127, -77, -127, -127, -127, 111, 111, 111, 111, 111, 111, 111, 111, 
2025-12-28 12:47:41.848518|{td-185} 0, -2950408, -2959328, -2968248, -2977168, -2986088, -25, 0, 0, 0, 0, 0, 0, 0, 0, 0, 0, 0, 
2025-12-28 12:47:41.856230|{tx-185} :AAAAA-BBB........
2025-12-28 12:47:42.025440|{rx-186} 1, 0, 7, 3, 149, 1507, 0, 0, 0, 0, 7, 6, 0, 6, 6
2025-12-28 12:47:42.029033|{rssi-186} 111, -127, -127, -127, -127, -127, -127, -127, -77, -127, -127, -127, 111, 111, 111, 111, 111, 111, 
2025-12-28 12:47:42.039807|{td-186} 0, -2968248, -2977168, -2986088, -2995008, -3003928, -3012848, -3021768, -27, 0, 0, 0, 0, 0, 0, 0, 0, 0, 
2025-12-28 12:47:42.048960|{tx-186} :AAAAAAA-BBB......
2025-12-28 12:47:42.214611|{rx-187} 1, 0, 7, 3, 150, 1515, 0, 0, 0, 0, 7, 6, 0, 6, 6
2025-12-28 12:47:42.219142|{rssi-187} 111, -127, -127, -127, -127, -127, -127, -127, -77, -127, -127, -127, 111, 111, 111, 111, 111, 111, 
2025-12-28 12:47:42.229890|{td-187} 0, -2950408, -2959328, -2968248, -2977168, -2986088, -2995008, -3003928, -27, 0, 0, 0, 0, 0, 0, 0, 0, 0, 
2025-12-28 12:47:42.240747|{tx-187} :AAAAAAA-BBB......
2025-12-28 12:47:42.405916|{rx-188} 1, 0, 7, 3, 151, 1523, 0, 0, 0, 0, 7, 6, 0, 6, 6
2025-12-28 12:47:42.409816|{rssi-188} 111, -127, -127, -127, -127, -127, -127, -127, -77, -127, -127, -127, 111, 111, 111, 111, 111, 111, 
2025-12-28 12:47:42.419598|{td-188} 0, -2950408, -2959328, -2968248, -2977168, -2986088, -2995008, -3003928, -27, 0, 0, 0, 0, 0, 0, 0, 0, 0, 
2025-12-28 12:47:42.428899|{tx-188} :AAAAAAA-BBB......
2025-12-28 12:47:42.595236|{rx-189} 1, 0, 8, 3, 152, 1532, 0, 0, 0, 0, 8, 7, 0, 6, 6
2025-12-28 12:47:42.600561|{rssi-189} 111, -127, -127, -127, -127, -127, -127, -127, -127, -77, -127, -127, -127, 111, 111, 111, 111, 111, 
2025-12-28 12:47:42.609697|{td-189} 0, -2950408, -2959328, -2968248, -2977168, -2986088, -2995008, -3003928, -3012848, -27, 0, 0, 0, 0, 0, 0, 0, 0, 
2025-12-28 12:47:42.620771|{tx-189} :AAAAAAAA-BBB.....
2025-12-28 12:47:42.784641|{rx-190} 1, 0, 7, 3, 153, 1540, 0, 0, 0, 0, 7, 6, 0, 6, 6
2025-12-28 12:47:42.789415|{rssi-190} 111, -127, -127, -127, -127, -127, -127, -127, -77, -127, -127, -127, 111, 111, 111, 111, 111, 111, 
2025-12-28 12:47:42.799651|{td-190} 0, -2941488, -2950408, -2959328, -2968248, -2977168, -2986088, -2995008, -25, 0, 0, 0, 0, 0, 0, 0, 0, 0, 
2025-12-28 12:47:42.810323|{tx-190} :AAAAAAA-BBB......
2025-12-28 12:47:42.975849|{rx-191} 1, 0, 8, 3, 154, 1549, 0, 0, 0, 0, 8, 6, 0, 6, 6
2025-12-28 12:47:42.979530|{rssi-191} 111, -127, -127, -127, -127, -127, -127, -127, -127, -77, -127, -127, -127, 111, 111, 111, 111, 111, 
2025-12-28 12:47:42.992189|{td-191} 0, -2950408, -2959328, -2968248, -2977168, -2986088, -2995008, -3003928, -3012848, -29, 0, 0, 0, 0, 0, 0, 0, 0, 
2025-12-28 12:47:42.999894|{tx-191} :AAAAAAAA-BBB.....
2025-12-28 12:47:43.163959|{rx-192} 1, 0, 7, 3, 155, 1557, 0, 0, 0, 0, 7, 7, 0, 6, 6
2025-12-28 12:47:43.168982|{rssi-192} 111, -127, -127, -127, -127, -127, -127, -127, -77, -127, -127, -127, 111, 111, 111, 111, 111, 111, 
2025-12-28 12:47:43.179900|{td-192} 0, -2941488, -2950408, -2959328, -2968248, -2977168, -2986088, -2995008, -25, 0, 0, 0, 0, 0, 0, 0, 0, 0, 
2025-12-28 12:47:43.189841|{tx-192} :AAAAAAA-BBB......
2025-12-28 12:47:43.354058|{rx-193} 1, 0, 6, 3, 156, 1564, 0, 0, 0, 0, 6, 6, 0, 6, 6
2025-12-28 12:47:43.358468|{rssi-193} 111, -127, -127, -127, -127, -127, -127, -77, -127, -127, -127, 111, 111, 111, 111, 111, 111, 111, 
2025-12-28 12:47:43.368304|{td-193} 0, -2950408, -2959328, -2968248, -2977168, -2986088, -2995008, -23, 0, 0, 0, 0, 0, 0, 0, 0, 0, 0, 
2025-12-28 12:47:43.377675|{tx-193} :AAAAAA-BBB.......
2025-12-28 12:47:43.544587|{rx-194} 1, 0, 7, 3, 157, 1572, 0, 0, 0, 0, 7, 6, 0, 6, 6
2025-12-28 12:47:43.549362|{rssi-194} 111, -127, -127, -127, -127, -127, -127, -127, -77, -127, -127, -127, 111, 111, 111, 111, 111, 111, 
2025-12-28 12:47:43.559094|{td-194} 0, -2959328, -2968248, -2977168, -2986088, -2995008, -3003928, -3012848, -33, 0, 0, 0, 0, 0, 0, 0, 0, 0, 
2025-12-28 12:47:43.569283|{tx-194} :AAAAAAA-BBB......
2025-12-28 12:47:43.734381|{rx-195} 1, 0, 7, 3, 158, 1580, 0, 0, 0, 0, 7, 6, 0, 6, 6
2025-12-28 12:47:43.739970|{rssi-195} 111, -127, -127, -127, -127, -127, -127, -127, -77, -127, -127, -127, 111, 111, 111, 111, 111, 111, 
2025-12-28 12:47:43.749400|{td-195} 0, -2950408, -2959328, -2968248, -2977168, -2986088, -2995008, -3003928, -23, 0, 0, 0, 0, 0, 0, 0, 0, 0, 
2025-12-28 12:47:43.758358|{tx-195} :AAAAAAA-BBB......
2025-12-28 12:47:43.923928|{rx-196} 1, 0, 6, 3, 159, 1587, 0, 0, 0, 0, 6, 6, 0, 6, 6
2025-12-28 12:47:43.928766|{rssi-196} 111, -127, -127, -127, -127, -127, -127, -77, -127, -127, -127, 111, 111, 111, 111, 111, 111, 111, 
2025-12-28 12:47:43.938816|{td-196} 0, -2950408, -2959328, -2968248, -2977168, -2986088, -2995008, -27, 0, 0, 0, 0, 0, 0, 0, 0, 0, 0, 
2025-12-28 12:47:43.947967|{tx-196} :AAAAAA-BBB.......
2025-12-28 12:47:44.113706|{rx-197} 1, 0, 5, 3, 160, 1593, 0, 0, 0, 0, 5, 6, 0, 6, 6
2025-12-28 12:47:44.118365|{rssi-197} 111, -127, -127, -127, -127, -127, -77, -127, -127, -127, 111, 111, 111, 111, 111, 111, 111, 111, 
2025-12-28 12:47:44.127836|{td-197} 0, -2959328, -2968248, -2977168, -2986088, -2995008, -27, 0, 0, 0, 0, 0, 0, 0, 0, 0, 0, 0, 
2025-12-28 12:47:44.135861|{tx-197} :AAAAA-BBB........
2025-12-28 12:47:44.303527|{rx-198} 1, 0, 5, 3, 161, 1599, 0, 0, 0, 0, 5, 6, 0, 6, 6
2025-12-28 12:47:44.307361|{rssi-198} 111, -127, -127, -127, -127, -127, -77, -127, -127, -127, 111, 111, 111, 111, 111, 111, 111, 111, 
2025-12-28 12:47:44.318397|{td-198} 0, -2968248, -2977168, -2986088, -2995008, -3003928, -25, 0, 0, 0, 0, 0, 0, 0, 0, 0, 0, 0, 
2025-12-28 12:47:44.326563|{tx-198} :AAAAA-BBB........
2025-12-28 12:47:44.494233|{rx-199} 1, 0, 7, 3, 162, 1607, 0, 0, 0, 0, 7, 6, 0, 6, 6
2025-12-28 12:47:44.499521|{rssi-199} 111, -127, -127, -127, -127, -127, -127, -127, -77, -127, -127, -127, 111, 111, 111, 111, 111, 111, 
2025-12-28 12:47:44.511361|{td-199} 0, -2968248, -2977168, -2986088, -2995008, -3003928, -3012848, -3021768, -27, 0, 0, 0, 0, 0, 0, 0, 0, 0, 
2025-12-28 12:47:44.518343|{tx-199} :AAAAAAA-BBB......
2025-12-28 12:47:44.684780|{rx-200} 1, 0, 6, 3, 163, 1614, 0, 0, 0, 0, 6, 6, 0, 6, 6
2025-12-28 12:47:44.688293|{rssi-200} 111, -127, -127, -127, -127, -127, -127, -77, -127, -127, -127, 111, 111, 111, 111, 111, 111, 111, 
2025-12-28 12:47:44.698455|{td-200} 0, -2950408, -2959328, -2968248, -2977168, -2986088, -2995008, -25, 0, 0, 0, 0, 0, 0, 0, 0, 0, 0, 
2025-12-28 12:47:44.708281|{tx-200} :AAAAAA-BBB.......
2025-12-28 12:47:44.873812|{rx-201} 1, 0, 7, 3, 164, 1622, 0, 0, 0, 0, 7, 6, 0, 6, 6
2025-12-28 12:47:44.878430|{rssi-201} 111, -127, -127, -127, -127, -127, -127, -127, -77, -127, -127, -127, 111, 111, 111, 111, 111, 111, 
2025-12-28 12:47:44.889767|{td-201} 0, -2959328, -2968248, -2977168, -2986088, -2995008, -3003928, -3012848, -29, 0, 0, 0, 0, 0, 0, 0, 0, 0, 
2025-12-28 12:47:44.898234|{tx-201} :AAAAAAA-BBB......
2025-12-28 12:47:45.066799|{rx-202} 1, 0, 10, 3, 165, 1633, 0, 0, 0, 0, 10, 7, 0, 6, 6
2025-12-28 12:47:45.071160|{rssi-202} 111, -127, -127, -127, -127, -127, -127, -127, -127, -127, -127, -77, -127, -127, -127, 111, 111, 111, 
2025-12-28 12:47:45.082262|{td-202} 0, -2950408, -2959328, -2968248, -2977168, -2986088, -2995008, -3003928, -3012848, -3021768, -3030688, -23, 0, 0, 0, 0, 0, 0, 
2025-12-28 12:47:45.093336|{tx-202} :AAAAAAAAAA-BBB...
2025-12-28 12:47:45.254679|{rx-203} 1, 0, 7, 3, 166, 1641, 0, 0, 0, 0, 7, 6, 0, 6, 6
2025-12-28 12:47:45.259543|{rssi-203} 111, -127, -127, -127, -127, -127, -127, -127, -77, -127, -127, -127, 111, 111, 111, 111, 111, 111, 
2025-12-28 12:47:45.268403|{td-203} 0, -2923648, -2932568, -2941488, -2950408, -2959328, -2968248, -2977168, -27, 0, 0, 0, 0, 0, 0, 0, 0, 0, 
2025-12-28 12:47:45.279127|{tx-203} :AAAAAAA-BBB......
2025-12-28 12:47:45.445149|{rx-204} 0, 0, 14, 0, 166, 1655, 0, 0, 0, 0, 65535, 255, 0, 6, 6
2025-12-28 12:47:45.451192|{rssi-204} 111, -127, -127, -127, -127, -127, -127, -127, -127, -127, -127, -127, -127, -127, -127, 111, 111, 111, 
2025-12-28 12:47:45.461167|{td-204} 0, -2950408, -2959328, -2968248, -2977168, -2986088, -2995008, -3003928, -3012848, -3021768, -3030688, -3039608, -3048528, -3057448, -3066368, 0, 0, 0, 
2025-12-28 12:47:45.476309|{tx-204} :AAAAAAAAAAAAAA...
2025-12-28 12:47:45.633333|{rx-205} 1, 0, 7, 3, 167, 1663, 0, 0, 0, 0, 7, 6, 0, 6, 6
2025-12-28 12:47:45.638426|{rssi-205} 111, -127, -127, -127, -127, -127, -127, -127, -77, -127, -127, -127, 111, 111, 111, 111, 111, 111, 
2025-12-28 12:47:45.648978|{td-205} 0, -5989848, -5998768, -6007688, -6016608, -6025528, -6034448, -6043368, -57, 0, 0, 0, 0, 0, 0, 0, 0, 0, 
2025-12-28 12:47:45.659377|{tx-205} :AAAAAAA-BBB......
2025-12-28 12:47:45.822982|{rx-206} 1, 0, 5, 3, 168, 1669, 0, 0, 0, 0, 5, 6, 0, 6, 6
2025-12-28 12:47:45.828154|{rssi-206} 111, -127, -127, -127, -127, -127, -77, -127, -127, -127, 111, 111, 111, 111, 111, 111, 111, 111, 
2025-12-28 12:47:45.837221|{td-206} 0, -2950408, -2959328, -2968248, -2977168, -2986088, -25, 0, 0, 0, 0, 0, 0, 0, 0, 0, 0, 0, 
2025-12-28 12:47:45.846798|{tx-206} :AAAAA-BBB........
2025-12-28 12:47:46.014045|{rx-207} 1, 0, 7, 3, 169, 1677, 0, 0, 0, 0, 7, 6, 0, 6, 6
2025-12-28 12:47:46.018769|{rssi-207} 111, -127, -127, -127, -127, -127, -127, -127, -77, -127, -127, -127, 111, 111, 111, 111, 111, 111, 
2025-12-28 12:47:46.028080|{td-207} 0, -2968248, -2977168, -2986088, -2995008, -3003928, -3012848, -3021768, -29, 0, 0, 0, 0, 0, 0, 0, 0, 0, 
2025-12-28 12:47:46.039059|{tx-207} :AAAAAAA-BBB......
2025-12-28 12:47:46.204059|{rx-208} 1, 0, 7, 3, 170, 1685, 0, 0, 0, 0, 7, 6, 0, 6, 6
2025-12-28 12:47:46.209258|{rssi-208} 111, -127, -127, -127, -127, -127, -127, -127, -77, -127, -127, -127, 111, 111, 111, 111, 111, 111, 
2025-12-28 12:47:46.219086|{td-208} 0, -2950408, -2959328, -2968248, -2977168, -2986088, -2995008, -3003928, -23, 0, 0, 0, 0, 0, 0, 0, 0, 0, 
2025-12-28 12:47:46.228532|{tx-208} :AAAAAAA-BBB......
2025-12-28 12:47:46.394064|{rx-209} 1, 0, 7, 3, 171, 1693, 0, 0, 0, 0, 7, 6, 0, 6, 6
2025-12-28 12:47:46.398639|{rssi-209} 111, -127, -127, -127, -127, -127, -127, -127, -77, -127, -127, -127, 111, 111, 111, 111, 111, 111, 
2025-12-28 12:47:46.408903|{td-209} 0, -2950408, -2959328, -2968248, -2977168, -2986088, -2995008, -3003928, -27, 0, 0, 0, 0, 0, 0, 0, 0, 0, 
2025-12-28 12:47:46.419325|{tx-209} :AAAAAAA-BBB......
2025-12-28 12:47:46.584040|{rx-210} 1, 0, 7, 3, 172, 1701, 0, 0, 0, 0, 7, 6, 0, 6, 6
2025-12-28 12:47:46.589089|{rssi-210} 111, -127, -127, -127, -127, -127, -127, -127, -77, -127, -127, -127, 111, 111, 111, 111, 111, 111, 
2025-12-28 12:47:46.598547|{td-210} 0, -2950408, -2959328, -2968248, -2977168, -2986088, -2995008, -3003928, -27, 0, 0, 0, 0, 0, 0, 0, 0, 0, 
2025-12-28 12:47:46.608815|{tx-210} :AAAAAAA-BBB......
2025-12-28 12:47:46.773752|{rx-211} 1, 0, 7, 3, 173, 1709, 0, 0, 0, 0, 7, 6, 0, 6, 6
2025-12-28 12:47:46.779080|{rssi-211} 111, -127, -127, -127, -127, -127, -127, -127, -77, -127, -127, -127, 111, 111, 111, 111, 111, 111, 
2025-12-28 12:47:46.788681|{td-211} 0, -2950408, -2959328, -2968248, -2977168, -2986088, -2995008, -3003928, -29, 0, 0, 0, 0, 0, 0, 0, 0, 0, 
2025-12-28 12:47:46.799067|{tx-211} :AAAAAAA-BBB......
2025-12-28 12:47:46.964271|{rx-212} 1, 0, 8, 3, 174, 1718, 0, 0, 0, 0, 8, 7, 0, 6, 6
2025-12-28 12:47:46.969641|{rssi-212} 111, -127, -127, -127, -127, -127, -127, -127, -127, -77, -127, -127, -127, 111, 111, 111, 111, 111, 
2025-12-28 12:47:46.979949|{td-212} 0, -2950408, -2959328, -2968248, -2977168, -2986088, -2995008, -3003928, -3012848, -23, 0, 0, 0, 0, 0, 0, 0, 0, 
2025-12-28 12:47:46.989267|{tx-212} :AAAAAAAA-BBB.....
2025-12-28 12:47:47.153710|{rx-213} 1, 0, 7, 3, 175, 1726, 0, 0, 0, 0, 7, 6, 0, 6, 6
2025-12-28 12:47:47.158727|{rssi-213} 111, -127, -127, -127, -127, -127, -127, -127, -77, -127, -127, -127, 111, 111, 111, 111, 111, 111, 
2025-12-28 12:47:47.169394|{td-213} 0, -2941488, -2950408, -2959328, -2968248, -2977168, -2986088, -2995008, -31, 0, 0, 0, 0, 0, 0, 0, 0, 0, 
2025-12-28 12:47:47.179041|{tx-213} :AAAAAAA-BBB......
2025-12-28 12:47:47.343606|{rx-214} 1, 0, 8, 3, 176, 1735, 0, 0, 0, 0, 8, 6, 0, 6, 6
2025-12-28 12:47:47.349398|{rssi-214} 111, -127, -127, -127, -127, -127, -127, -127, -127, -77, -127, -127, -127, 111, 111, 111, 111, 111, 
2025-12-28 12:47:47.360046|{td-214} 0, -2950408, -2959328, -2968248, -2977168, -2986088, -2995008, -3003928, -3012848, -23, 0, 0, 0, 0, 0, 0, 0, 0, 
2025-12-28 12:47:47.370959|{tx-214} :AAAAAAAA-BBB.....
2025-12-28 12:47:47.534341|{rx-215} 1, 0, 7, 3, 177, 1743, 0, 0, 0, 0, 7, 6, 0, 6, 6
2025-12-28 12:47:47.538841|{rssi-215} 111, -127, -127, -127, -127, -127, -127, -127, -77, -127, -127, -127, 111, 111, 111, 111, 111, 111, 
2025-12-28 12:47:47.548929|{td-215} 0, -2941488, -2950408, -2959328, -2968248, -2977168, -2986088, -2995008, -27, 0, 0, 0, 0, 0, 0, 0, 0, 0, 
2025-12-28 12:47:47.558179|{tx-215} :AAAAAAA-BBB......
2025-12-28 12:47:47.723643|{rx-216} 1, 0, 8, 3, 178, 1752, 0, 0, 0, 0, 8, 6, 0, 6, 6
2025-12-28 12:47:47.729357|{rssi-216} 111, -127, -127, -127, -127, -127, -127, -127, -127, -77, -127, -127, -127, 111, 111, 111, 111, 111, 
2025-12-28 12:47:47.739212|{td-216} 0, -2950408, -2959328, -2968248, -2977168, -2986088, -2995008, -3003928, -3012848, -31, 0, 0, 0, 0, 0, 0, 0, 0, 
2025-12-28 12:47:47.749182|{tx-216} :AAAAAAAA-BBB.....
2025-12-28 12:47:47.915843|{rx-217} 1, 0, 11, 3, 179, 1764, 0, 0, 0, 0, 11, 8, 0, 6, 6
2025-12-28 12:47:47.921053|{rssi-217} 111, -127, -127, -127, -127, -127, -127, -127, -127, -127, -127, -127, -77, -127, -127, -127, 111, 111, 
2025-12-28 12:47:47.931145|{td-217} 0, -2941488, -2950408, -2959328, -2968248, -2977168, -2986088, -2995008, -3003928, -3012848, -3021768, -3030688, -21, 0, 0, 0, 0, 0, 
2025-12-28 12:47:47.944288|{tx-217} :AAAAAAAAAAA-BBB..
2025-12-28 12:47:48.102922|{rx-218} 1, 0, 7, 3, 180, 1772, 0, 0, 0, 0, 7, 6, 0, 6, 6
2025-12-28 12:47:48.108309|{rssi-218} 111, -127, -127, -127, -127, -127, -127, -127, -77, -127, -127, -127, 111, 111, 111, 111, 111, 111, 
2025-12-28 12:47:48.119086|{td-218} 0, -2914728, -2923648, -2932568, -2941488, -2950408, -2959328, -2968248, -25, 0, 0, 0, 0, 0, 0, 0, 0, 0, 
2025-12-28 12:47:48.128484|{tx-218} :AAAAAAA-BBB......
2025-12-28 12:47:48.293233|{rx-219} 1, 0, 6, 3, 181, 1779, 0, 0, 0, 0, 6, 6, 0, 6, 6
2025-12-28 12:47:48.297901|{rssi-219} 111, -127, -127, -127, -127, -127, -127, -77, -127, -127, -127, 111, 111, 111, 111, 111, 111, 111, 
2025-12-28 12:47:48.307308|{td-219} 0, -2950408, -2959328, -2968248, -2977168, -2986088, -2995008, -29, 0, 0, 0, 0, 0, 0, 0, 0, 0, 0, 
2025-12-28 12:47:48.316722|{tx-219} :AAAAAA-BBB.......
2025-12-28 12:47:48.483844|{rx-220} 1, 0, 9, 3, 182, 1789, 0, 0, 0, 0, 9, 7, 0, 6, 6
2025-12-28 12:47:48.489894|{rssi-220} 111, -127, -127, -127, -127, -127, -127, -127, -127, -127, -77, -127, -127, -127, 111, 111, 111, 111, 
2025-12-28 12:47:48.499036|{td-220} 0, -2959328, -2968248, -2977168, -2986088, -2995008, -3003928, -3012848, -3021768, -3030688, -29, 0, 0, 0, 0, 0, 0, 0, 
2025-12-28 12:47:48.510561|{tx-220} :AAAAAAAAA-BBB....
2025-12-28 12:47:48.674261|{rx-221} 1, 0, 9, 3, 183, 1799, 0, 0, 0, 0, 9, 7, 0, 6, 6
2025-12-28 12:47:48.681218|{rssi-221} 111, -127, -127, -127, -127, -127, -127, -127, -127, -127, -77, -127, -127, -127, 111, 111, 111, 111, 
2025-12-28 12:47:48.689960|{td-221} 0, -2932568, -2941488, -2950408, -2959328, -2968248, -2977168, -2986088, -2995008, -3003928, -25, 0, 0, 0, 0, 0, 0, 0, 
2025-12-28 12:47:48.700854|{tx-221} :AAAAAAAAA-BBB....
2025-12-28 12:47:48.863090|{rx-222} 1, 0, 7, 3, 184, 1807, 0, 0, 0, 0, 7, 7, 0, 6, 6
2025-12-28 12:47:48.868571|{rssi-222} 111, -127, -127, -127, -127, -127, -127, -127, -77, -127, -127, -127, 111, 111, 111, 111, 111, 111, 
2025-12-28 12:47:48.878484|{td-222} 0, -2932568, -2941488, -2950408, -2959328, -2968248, -2977168, -2986088, -25, 0, 0, 0, 0, 0, 0, 0, 0, 0, 
2025-12-28 12:47:48.888207|{tx-222} :AAAAAAA-BBB......
2025-12-28 12:47:49.054201|{rx-223} 1, 0, 9, 3, 185, 1817, 0, 0, 0, 0, 9, 6, 0, 6, 6
2025-12-28 12:47:49.061397|{rssi-223} 111, -127, -127, -127, -127, -127, -127, -127, -127, -127, -77, -127, -127, -127, 111, 111, 111, 111, 
2025-12-28 12:47:49.070555|{td-223} 0, -2950408, -2959328, -2968248, -2977168, -2986088, -2995008, -3003928, -3012848, -3021768, -25, 0, 0, 0, 0, 0, 0, 0, 
2025-12-28 12:47:49.080599|{tx-223} :AAAAAAAAA-BBB....
2025-12-28 12:47:49.243583|{rx-224} 1, 0, 7, 3, 186, 1825, 0, 0, 0, 0, 7, 6, 0, 6, 6
2025-12-28 12:47:49.248025|{rssi-224} 111, -127, -127, -127, -127, -127, -127, -127, -77, -127, -127, -127, 111, 111, 111, 111, 111, 111, 
2025-12-28 12:47:49.257523|{td-224} 0, -2932568, -2941488, -2950408, -2959328, -2968248, -2977168, -2986088, -27, 0, 0, 0, 0, 0, 0, 0, 0, 0, 
2025-12-28 12:47:49.268032|{tx-224} :AAAAAAA-BBB......
2025-12-28 12:47:49.432888|{rx-225} 1, 0, 7, 3, 187, 1833, 0, 0, 0, 0, 7, 6, 0, 6, 6
2025-12-28 12:47:49.438006|{rssi-225} 111, -127, -127, -127, -127, -127, -127, -127, -77, -127, -127, -127, 111, 111, 111, 111, 111, 111, 
2025-12-28 12:47:49.449783|{td-225} 0, -2950408, -2959328, -2968248, -2977168, -2986088, -2995008, -3003928, -29, 0, 0, 0, 0, 0, 0, 0, 0, 0, 
2025-12-28 12:47:49.458410|{tx-225} :AAAAAAA-BBB......
2025-12-28 12:47:49.622532|{rx-226} 1, 0, 7, 3, 188, 1841, 0, 0, 0, 0, 7, 6, 0, 6, 6
2025-12-28 12:47:49.628338|{rssi-226} 111, -127, -127, -127, -127, -127, -127, -127, -77, -127, -127, -127, 111, 111, 111, 111, 111, 111, 
2025-12-28 12:47:49.638524|{td-226} 0, -2950408, -2959328, -2968248, -2977168, -2986088, -2995008, -3003928, -25, 0, 0, 0, 0, 0, 0, 0, 0, 0, 
2025-12-28 12:47:49.647286|{tx-226} :AAAAAAA-BBB......
2025-12-28 12:47:49.814284|{rx-227} 1, 0, 8, 3, 189, 1850, 0, 0, 0, 0, 8, 6, 0, 6, 6
2025-12-28 12:47:49.819238|{rssi-227} 111, -127, -127, -127, -127, -127, -127, -127, -127, -77, -127, -127, -127, 111, 111, 111, 111, 111, 
2025-12-28 12:47:49.829101|{td-227} 0, -2950408, -2959328, -2968248, -2977168, -2986088, -2995008, -3003928, -3012848, -29, 0, 0, 0, 0, 0, 0, 0, 0, 
2025-12-28 12:47:49.839450|{tx-227} :AAAAAAAA-BBB.....
2025-12-28 12:47:50.001978|{rx-228} 1, 0, 5, 3, 190, 1856, 0, 0, 0, 0, 5, 6, 0, 6, 6
2025-12-28 12:47:50.007575|{rssi-228} 111, -127, -127, -127, -127, -127, -77, -127, -127, -127, 111, 111, 111, 111, 111, 111, 111, 111, 
2025-12-28 12:47:50.017094|{td-228} 0, -2941488, -2950408, -2959328, -2968248, -2977168, -27, 0, 0, 0, 0, 0, 0, 0, 0, 0, 0, 0, 
2025-12-28 12:47:50.026187|{tx-228} :AAAAA-BBB........
2025-12-28 12:47:50.193371|{rx-229} 1, 0, 7, 3, 191, 1864, 0, 0, 0, 0, 7, 6, 0, 6, 6
2025-12-28 12:47:50.198405|{rssi-229} 111, -127, -127, -127, -127, -127, -127, -127, -77, -127, -127, -127, 111, 111, 111, 111, 111, 111, 
2025-12-28 12:47:50.207568|{td-229} 0, -2968248, -2977168, -2986088, -2995008, -3003928, -3012848, -3021768, -23, 0, 0, 0, 0, 0, 0, 0, 0, 0, 
2025-12-28 12:47:50.217976|{tx-229} :AAAAAAA-BBB......
2025-12-28 12:47:50.383116|{rx-230} 1, 0, 7, 3, 192, 1872, 0, 0, 0, 0, 7, 6, 0, 6, 6
2025-12-28 12:47:50.388091|{rssi-230} 111, -127, -127, -127, -127, -127, -127, -127, -77, -127, -127, -127, 111, 111, 111, 111, 111, 111, 
2025-12-28 12:47:50.397338|{td-230} 0, -2950408, -2959328, -2968248, -2977168, -2986088, -2995008, -3003928, -27, 0, 0, 0, 0, 0, 0, 0, 0, 0, 
2025-12-28 12:47:50.407745|{tx-230} :AAAAAAA-BBB......
2025-12-28 12:47:50.572367|{rx-231} 1, 0, 6, 3, 193, 1879, 0, 0, 0, 0, 6, 6, 0, 6, 6
2025-12-28 12:47:50.577458|{rssi-231} 111, -127, -127, -127, -127, -127, -127, -77, -127, -127, -127, 111, 111, 111, 111, 111, 111, 111, 
2025-12-28 12:47:50.587614|{td-231} 0, -2950408, -2959328, -2968248, -2977168, -2986088, -2995008, -25, 0, 0, 0, 0, 0, 0, 0, 0, 0, 0, 
2025-12-28 12:47:50.597148|{tx-231} :AAAAAA-BBB.......
2025-12-28 12:47:50.763689|{rx-232} 1, 0, 7, 3, 194, 1887, 0, 0, 0, 0, 7, 6, 0, 6, 6
2025-12-28 12:47:50.768239|{rssi-232} 111, -127, -127, -127, -127, -127, -127, -127, -77, -127, -127, -127, 111, 111, 111, 111, 111, 111, 
2025-12-28 12:47:50.778438|{td-232} 0, -2959328, -2968248, -2977168, -2986088, -2995008, -3003928, -3012848, -23, 0, 0, 0, 0, 0, 0, 0, 0, 0, 
2025-12-28 12:47:50.788059|{tx-232} :AAAAAAA-BBB......
2025-12-28 12:47:50.951677|{rx-233} 1, 0, 6, 3, 195, 1894, 0, 0, 0, 0, 6, 6, 0, 6, 6
2025-12-28 12:47:50.957968|{rssi-233} 111, -127, -127, -127, -127, -127, -127, -77, -127, -127, -127, 111, 111, 111, 111, 111, 111, 111, 
2025-12-28 12:47:50.967323|{td-233} 0, -2950408, -2959328, -2968248, -2977168, -2986088, -2995008, -31, 0, 0, 0, 0, 0, 0, 0, 0, 0, 0, 
2025-12-28 12:47:50.977107|{tx-233} :AAAAAA-BBB.......
2025-12-28 12:47:51.143690|{rx-234} 1, 0, 7, 3, 196, 1902, 0, 0, 0, 0, 7, 6, 0, 6, 6
2025-12-28 12:47:51.148459|{rssi-234} 111, -127, -127, -127, -127, -127, -127, -127, -77, -127, -127, -127, 111, 111, 111, 111, 111, 111, 
2025-12-28 12:47:51.158415|{td-234} 0, -2959328, -2968248, -2977168, -2986088, -2995008, -3003928, -3012848, -23, 0, 0, 0, 0, 0, 0, 0, 0, 0, 
2025-12-28 12:47:51.167423|{tx-234} :AAAAAAA-BBB......
2025-12-28 12:47:51.332582|{rx-235} 1, 0, 7, 3, 197, 1910, 0, 0, 0, 0, 7, 6, 0, 6, 6
2025-12-28 12:47:51.338139|{rssi-235} 111, -127, -127, -127, -127, -127, -127, -127, -77, -127, -127, -127, 111, 111, 111, 111, 111, 111, 
2025-12-28 12:47:51.347838|{td-235} 0, -2950408, -2959328, -2968248, -2977168, -2986088, -2995008, -3003928, -29, 0, 0, 0, 0, 0, 0, 0, 0, 0, 
2025-12-28 12:47:51.357663|{tx-235} :AAAAAAA-BBB......
2025-12-28 12:47:51.523829|{rx-236} 1, 0, 8, 3, 198, 1919, 0, 0, 0, 0, 8, 6, 0, 6, 6
2025-12-28 12:47:51.527758|{rssi-236} 111, -127, -127, -127, -127, -127, -127, -127, -127, -77, -127, -127, -127, 111, 111, 111, 111, 111, 
2025-12-28 12:47:51.538823|{td-236} 0, -2950408, -2959328, -2968248, -2977168, -2986088, -2995008, -3003928, -3012848, -29, 0, 0, 0, 0, 0, 0, 0, 0, 
2025-12-28 12:47:51.549166|{tx-236} :AAAAAAAA-BBB.....
2025-12-28 12:47:51.714160|{rx-237} 0, 0, 14, 0, 198, 1933, 0, 0, 0, 0, 65535, 255, 0, 6, 6
2025-12-28 12:47:51.720416|{rssi-237} 111, -127, -127, -127, -127, -127, -127, -127, -127, -127, -127, -127, -127, -127, -127, 111, 111, 111, 
2025-12-28 12:47:51.731021|{td-237} 0, -2941488, -2950408, -2959328, -2968248, -2977168, -2986088, -2995008, -3003928, -3012848, -3021768, -3030688, -3039608, -3048528, -3057448, 0, 0, 0, 
2025-12-28 12:47:51.743578|{tx-237} :AAAAAAAAAAAAAA...
2025-12-28 12:47:51.903734|{rx-238} 1, 0, 7, 3, 199, 1941, 0, 0, 0, 0, 7, 6, 0, 6, 6
2025-12-28 12:47:51.908140|{rssi-238} 111, -127, -127, -127, -127, -127, -127, -127, -77, -127, -127, -127, 111, 111, 111, 111, 111, 111, 
2025-12-28 12:47:51.917340|{td-238} 0, -5980928, -5989848, -5998768, -6007688, -6016608, -6025528, -6034448, -51, 0, 0, 0, 0, 0, 0, 0, 0, 0, 
2025-12-28 12:47:51.927288|{tx-238} :AAAAAAA-BBB......
2025-12-28 12:47:52.092822|{rx-239} 1, 0, 7, 3, 200, 1949, 0, 0, 0, 0, 7, 6, 0, 6, 6
2025-12-28 12:47:52.097579|{rssi-239} 111, -127, -127, -127, -127, -127, -127, -127, -77, -127, -127, -127, 111, 111, 111, 111, 111, 111, 
2025-12-28 12:47:52.108184|{td-239} 0, -2950408, -2959328, -2968248, -2977168, -2986088, -2995008, -3003928, -27, 0, 0, 0, 0, 0, 0, 0, 0, 0, 
2025-12-28 12:47:52.117522|{tx-239} :AAAAAAA-BBB......
2025-12-28 12:47:52.283037|{rx-240} 1, 0, 8, 3, 201, 1958, 0, 0, 0, 0, 8, 6, 0, 6, 6
2025-12-28 12:47:52.288276|{rssi-240} 111, -127, -127, -127, -127, -127, -127, -127, -127, -77, -127, -127, -127, 111, 111, 111, 111, 111, 
2025-12-28 12:47:52.298459|{td-240} 0, -2950408, -2959328, -2968248, -2977168, -2986088, -2995008, -3003928, -3012848, -27, 0, 0, 0, 0, 0, 0, 0, 0, 
2025-12-28 12:47:52.308195|{tx-240} :AAAAAAAA-BBB.....
2025-12-28 12:47:52.473270|{rx-241} 1, 0, 7, 3, 202, 1966, 0, 0, 0, 0, 7, 6, 0, 6, 6
2025-12-28 12:47:52.478034|{rssi-241} 111, -127, -127, -127, -127, -127, -127, -127, -77, -127, -127, -127, 111, 111, 111, 111, 111, 111, 
2025-12-28 12:47:52.488471|{td-241} 0, -2941488, -2950408, -2959328, -2968248, -2977168, -2986088, -2995008, -27, 0, 0, 0, 0, 0, 0, 0, 0, 0, 
2025-12-28 12:47:52.497542|{tx-241} :AAAAAAA-BBB......
2025-12-28 12:47:52.663147|{rx-242} 1, 0, 8, 3, 203, 1975, 0, 0, 0, 0, 8, 6, 0, 6, 6
2025-12-28 12:47:52.667970|{rssi-242} 111, -127, -127, -127, -127, -127, -127, -127, -127, -77, -127, -127, -127, 111, 111, 111, 111, 111, 
2025-12-28 12:47:52.678403|{td-242} 0, -2950408, -2959328, -2968248, -2977168, -2986088, -2995008, -3003928, -3012848, -29, 0, 0, 0, 0, 0, 0, 0, 0, 
2025-12-28 12:47:52.689452|{tx-242} :AAAAAAAA-BBB.....
2025-12-28 12:47:52.852419|{rx-243} 1, 0, 7, 3, 204, 1983, 0, 0, 0, 0, 7, 6, 0, 6, 6
2025-12-28 12:47:52.857885|{rssi-243} 111, -127, -127, -127, -127, -127, -127, -127, -77, -127, -127, -127, 111, 111, 111, 111, 111, 111, 
2025-12-28 12:47:52.867171|{td-243} 0, -2941488, -2950408, -2959328, -2968248, -2977168, -2986088, -2995008, -27, 0, 0, 0, 0, 0, 0, 0, 0, 0, 
2025-12-28 12:47:52.877445|{tx-243} :AAAAAAA-BBB......
2025-12-28 12:47:53.042047|{rx-244} 1, 0, 6, 3, 205, 1990, 0, 0, 0, 0, 6, 6, 0, 6, 6
2025-12-28 12:47:53.046304|{rssi-244} 111, -127, -127, -127, -127, -127, -127, -77, -127, -127, -127, 111, 111, 111, 111, 111, 111, 111, 
2025-12-28 12:47:53.057184|{td-244} 0, -2950408, -2959328, -2968248, -2977168, -2986088, -2995008, -21, 0, 0, 0, 0, 0, 0, 0, 0, 0, 0, 
2025-12-28 12:47:53.066203|{tx-244} :AAAAAA-BBB.......
2025-12-28 12:47:53.233087|{rx-245} 1, 0, 8, 3, 206, 1999, 0, 0, 0, 0, 8, 7, 0, 6, 6
2025-12-28 12:47:53.238470|{rssi-245} 111, -127, -127, -127, -127, -127, -127, -127, -127, -78, -127, -127, -127, 111, 111, 111, 111, 111, 
2025-12-28 12:47:53.248398|{td-245} 0, -2959328, -2968248, -2977168, -2986088, -2995008, -3003928, -3012848, -3021768, -29, 0, 0, 0, 0, 0, 0, 0, 0, 
2025-12-28 12:47:53.257813|{tx-245} :AAAAAAAA-BBB.....
2025-12-28 12:47:53.423623|{rx-246} 0, 0, 14, 0, 206, 2013, 0, 0, 0, 0, 65535, 255, 0, 6, 6
2025-12-28 12:47:53.429487|{rssi-246} 111, -127, -127, -127, -127, -127, -127, -127, -127, -127, -127, -127, -127, -127, -127, 111, 111, 111, 
2025-12-28 12:47:53.439993|{td-246} 0, -2941488, -2950408, -2959328, -2968248, -2977168, -2986088, -2995008, -3003928, -3012848, -3021768, -3030688, -3039608, -3048528, -3057448, 0, 0, 0, 
2025-12-28 12:47:53.454364|{tx-246} :AAAAAAAAAAAAAA...
2025-12-28 12:47:53.612152|{rx-247} 1, 0, 7, 3, 207, 2021, 0, 0, 0, 0, 7, 6, 0, 6, 6
2025-12-28 12:47:53.617239|{rssi-247} 111, -127, -127, -127, -127, -127, -127, -127, -77, -127, -127, -127, 111, 111, 111, 111, 111, 111, 
2025-12-28 12:47:53.627609|{td-247} 0, -5980928, -5989848, -5998768, -6007688, -6016608, -6025528, -6034448, -51, 0, 0, 0, 0, 0, 0, 0, 0, 0, 
2025-12-28 12:47:53.637405|{tx-247} :AAAAAAA-BBB......
2025-12-28 12:47:53.801848|{rx-248} 1, 0, 7, 3, 208, 2029, 0, 0, 0, 0, 7, 6, 0, 6, 6
2025-12-28 12:47:53.807876|{rssi-248} 111, -127, -127, -127, -127, -127, -127, -127, -77, -127, -127, -127, 111, 111, 111, 111, 111, 111, 
2025-12-28 12:47:53.817416|{td-248} 0, -2950408, -2959328, -2968248, -2977168, -2986088, -2995008, -3003928, -27, 0, 0, 0, 0, 0, 0, 0, 0, 0, 
2025-12-28 12:47:53.827287|{tx-248} :AAAAAAA-BBB......
2025-12-28 12:47:53.992652|{rx-249} 1, 0, 7, 3, 209, 2037, 0, 0, 0, 0, 7, 6, 0, 6, 6
2025-12-28 12:47:53.996326|{rssi-249} 111, -127, -127, -127, -127, -127, -127, -127, -77, -127, -127, -127, 111, 111, 111, 111, 111, 111, 
2025-12-28 12:47:54.007459|{td-249} 0, -2950408, -2959328, -2968248, -2977168, -2986088, -2995008, -3003928, -27, 0, 0, 0, 0, 0, 0, 0, 0, 0, 
2025-12-28 12:47:54.017426|{tx-249} :AAAAAAA-BBB......
2025-12-28 12:47:54.181301|{rx-250} 1, 0, 7, 3, 210, 2045, 0, 0, 0, 0, 7, 6, 0, 6, 6
2025-12-28 12:47:54.186998|{rssi-250} 111, -127, -127, -127, -127, -127, -127, -127, -77, -127, -127, -127, 111, 111, 111, 111, 111, 111, 
2025-12-28 12:47:54.197604|{td-250} 0, -2950408, -2959328, -2968248, -2977168, -2986088, -2995008, -3003928, -27, 0, 0, 0, 0, 0, 0, 0, 0, 0, 
2025-12-28 12:47:54.206470|{tx-250} :AAAAAAA-BBB......
2025-12-28 12:47:54.374548|{rx-251} 0, 0, 14, 0, 210, 2059, 0, 0, 0, 0, 65535, 255, 0, 6, 6
2025-12-28 12:47:54.378342|{rssi-251} 111, -127, -127, -127, -127, -127, -127, -127, -127, -127, -127, -127, -127, -127, -127, 111, 111, 111, 
2025-12-28 12:47:54.389824|{td-251} 0, -2950408, -2959328, -2968248, -2977168, -2986088, -2995008, -3003928, -3012848, -3021768, -3030688, -3039608, -3048528, -3057448, -3066368, 0, 0, 0, 
2025-12-28 12:47:54.403490|{tx-251} :AAAAAAAAAAAAAA...
2025-12-28 12:47:54.562405|{rx-252} 1, 0, 7, 3, 211, 2067, 0, 0, 0, 0, 7, 6, 0, 6, 6
2025-12-28 12:47:54.566411|{rssi-252} 111, -127, -127, -127, -127, -127, -127, -127, -77, -127, -127, -127, 111, 111, 111, 111, 111, 111, 
2025-12-28 12:47:54.576806|{td-252} 0, -5989848, -5998768, -6007688, -6016608, -6025528, -6034448, -6043368, -51, 0, 0, 0, 0, 0, 0, 0, 0, 0, 
2025-12-28 12:47:54.587469|{tx-252} :AAAAAAA-BBB......
2025-12-28 12:47:54.753095|{rx-253} 1, 0, 8, 3, 212, 2076, 0, 0, 0, 0, 8, 6, 0, 6, 6
2025-12-28 12:47:54.757343|{rssi-253} 111, -127, -127, -127, -127, -127, -127, -127, -127, -77, -127, -127, -127, 111, 111, 111, 111, 111, 
2025-12-28 12:47:54.767499|{td-253} 0, -2950408, -2959328, -2968248, -2977168, -2986088, -2995008, -3003928, -3012848, -29, 0, 0, 0, 0, 0, 0, 0, 0, 
2025-12-28 12:47:54.779069|{tx-253} :AAAAAAAA-BBB.....
2025-12-28 12:47:54.942004|{rx-254} 1, 0, 7, 3, 213, 2084, 0, 0, 0, 0, 7, 6, 0, 6, 6
2025-12-28 12:47:54.946689|{rssi-254} 111, -127, -127, -127, -127, -127, -127, -127, -77, -127, -127, -127, 111, 111, 111, 111, 111, 111, 
2025-12-28 12:47:54.957841|{td-254} 0, -2941488, -2950408, -2959328, -2968248, -2977168, -2986088, -2995008, -25, 0, 0, 0, 0, 0, 0, 0, 0, 0, 
2025-12-28 12:47:54.966517|{tx-254} :AAAAAAA-BBB......
2025-12-28 12:47:55.132658|{rx-255} 1, 0, 7, 3, 214, 2092, 0, 0, 0, 0, 7, 6, 0, 6, 6
2025-12-28 12:47:55.136464|{rssi-255} 111, -127, -127, -127, -127, -127, -127, -127, -77, -127, -127, -127, 111, 111, 111, 111, 111, 111, 
2025-12-28 12:47:55.147164|{td-255} 0, -2950408, -2959328, -2968248, -2977168, -2986088, -2995008, -3003928, -29, 0, 0, 0, 0, 0, 0, 0, 0, 0, 
2025-12-28 12:47:55.157523|{tx-255} :AAAAAAA-BBB......
2025-12-28 12:47:55.321243|{rx-256} 1, 0, 6, 3, 215, 2099, 0, 0, 0, 0, 6, 6, 0, 6, 6
2025-12-28 12:47:55.326950|{rssi-256} 111, -127, -127, -127, -127, -127, -127, -77, -127, -127, -127, 111, 111, 111, 111, 111, 111, 111, 
2025-12-28 12:47:55.336776|{td-256} 0, -2950408, -2959328, -2968248, -2977168, -2986088, -2995008, -25, 0, 0, 0, 0, 0, 0, 0, 0, 0, 0, 
2025-12-28 12:47:55.346084|{tx-256} :AAAAAA-BBB.......
2025-12-28 12:47:55.511377|{rx-257} 1, 0, 5, 3, 216, 2105, 0, 0, 0, 0, 5, 6, 0, 6, 6
2025-12-28 12:47:55.516656|{rssi-257} 111, -127, -127, -127, -127, -127, -77, -127, -127, -127, 111, 111, 111, 111, 111, 111, 111, 111, 
2025-12-28 12:47:55.525368|{td-257} 0, -2959328, -2968248, -2977168, -2986088, -2995008, -25, 0, 0, 0, 0, 0, 0, 0, 0, 0, 0, 0, 
2025-12-28 12:47:55.533549|{tx-257} :AAAAA-BBB........
2025-12-28 12:47:55.702026|{rx-258} 1, 0, 5, 3, 217, 2111, 0, 0, 0, 0, 5, 6, 0, 6, 6
2025-12-28 12:47:55.706073|{rssi-258} 111, -127, -127, -127, -127, -127, -77, -127, -127, -127, 111, 111, 111, 111, 111, 111, 111, 111, 
2025-12-28 12:47:55.715140|{td-258} 0, -2968248, -2977168, -2986088, -2995008, -3003928, -27, 0, 0, 0, 0, 0, 0, 0, 0, 0, 0, 0, 
2025-12-28 12:47:55.725116|{tx-258} :AAAAA-BBB........
2025-12-28 12:47:55.893126|{rx-259} 0, 0, 14, 0, 217, 2125, 0, 0, 0, 0, 65535, 255, 0, 6, 6
2025-12-28 12:47:55.899244|{rssi-259} 111, -127, -127, -127, -127, -127, -127, -127, -127, -127, -127, -127, -127, -127, -127, 111, 111, 111, 
2025-12-28 12:47:55.909754|{td-259} 0, -2968248, -2977168, -2986088, -2995008, -3003928, -3012848, -3021768, -3030688, -3039608, -3048528, -3057448, -3066368, -3075288, -3084208, 0, 0, 0, 
2025-12-28 12:47:55.922877|{tx-259} :AAAAAAAAAAAAAA...
2025-12-28 12:47:56.082127|{rx-260} 1, 0, 7, 3, 218, 2133, 0, 0, 0, 0, 7, 6, 0, 6, 6
2025-12-28 12:47:56.087805|{rssi-260} 111, -127, -127, -127, -127, -127, -127, -127, -77, -127, -127, -127, 111, 111, 111, 111, 111, 111, 
2025-12-28 12:47:56.097358|{td-260} 0, -6007688, -6016608, -6025528, -6034448, -6043368, -6052288, -6061208, -55, 0, 0, 0, 0, 0, 0, 0, 0, 0, 
2025-12-28 12:47:56.107613|{tx-260} :AAAAAAA-BBB......
2025-12-28 12:47:56.272552|{rx-261} 1, 0, 7, 3, 219, 2141, 0, 0, 0, 0, 7, 6, 0, 6, 6
2025-12-28 12:47:56.277351|{rssi-261} 111, -127, -127, -127, -127, -127, -127, -127, -77, -127, -127, -127, 111, 111, 111, 111, 111, 111, 
2025-12-28 12:47:56.286772|{td-261} 0, -2950408, -2959328, -2968248, -2977168, -2986088, -2995008, -3003928, -25, 0, 0, 0, 0, 0, 0, 0, 0, 0, 
2025-12-28 12:47:56.297518|{tx-261} :AAAAAAA-BBB......
2025-12-28 12:47:56.462366|{rx-262} 1, 0, 8, 3, 220, 2150, 0, 0, 0, 0, 8, 6, 0, 6, 6
2025-12-28 12:47:56.467533|{rssi-262} 111, -127, -127, -127, -127, -127, -127, -127, -127, -77, -127, -127, -127, 111, 111, 111, 111, 111, 
2025-12-28 12:47:56.478101|{td-262} 0, -2950408, -2959328, -2968248, -2977168, -2986088, -2995008, -3003928, -3012848, -27, 0, 0, 0, 0, 0, 0, 0, 0, 
2025-12-28 12:47:56.487951|{tx-262} :AAAAAAAA-BBB.....
2025-12-28 12:47:56.651900|{rx-263} 1, 0, 5, 3, 221, 2156, 0, 0, 0, 0, 5, 6, 0, 6, 6
2025-12-28 12:47:56.656583|{rssi-263} 111, -127, -127, -127, -127, -127, -77, -127, -127, -127, 111, 111, 111, 111, 111, 111, 111, 111, 
2025-12-28 12:47:56.666269|{td-263} 0, -2941488, -2950408, -2959328, -2968248, -2977168, -23, 0, 0, 0, 0, 0, 0, 0, 0, 0, 0, 0, 
2025-12-28 12:47:56.675362|{tx-263} :AAAAA-BBB........
2025-12-28 12:47:56.841698|{rx-264} 1, 0, 7, 3, 222, 2164, 0, 0, 0, 0, 7, 6, 0, 6, 6
2025-12-28 12:47:56.847549|{rssi-264} 111, -127, -127, -127, -127, -127, -127, -127, -77, -127, -127, -127, 111, 111, 111, 111, 111, 111, 
2025-12-28 12:47:56.857034|{td-264} 0, -2968248, -2977168, -2986088, -2995008, -3003928, -3012848, -3021768, -31, 0, 0, 0, 0, 0, 0, 0, 0, 0, 
2025-12-28 12:47:56.866177|{tx-264} :AAAAAAA-BBB......
2025-12-28 12:47:57.031934|{rx-265} 1, 0, 5, 3, 223, 2170, 0, 0, 0, 0, 5, 6, 0, 6, 6
2025-12-28 12:47:57.035971|{rssi-265} 111, -127, -127, -127, -127, -127, -77, -127, -127, -127, 111, 111, 111, 111, 111, 111, 111, 111, 
2025-12-28 12:47:57.045803|{td-265} 0, -2950408, -2959328, -2968248, -2977168, -2986088, -27, 0, 0, 0, 0, 0, 0, 0, 0, 0, 0, 0, 
2025-12-28 12:47:57.054716|{tx-265} :AAAAA-BBB........
2025-12-28 12:47:57.222777|{rx-266} 1, 0, 7, 3, 224, 2178, 0, 0, 0, 0, 7, 6, 0, 6, 6
2025-12-28 12:47:57.226911|{rssi-266} 111, -127, -127, -127, -127, -127, -127, -127, -77, -127, -127, -127, 111, 111, 111, 111, 111, 111, 
2025-12-28 12:47:57.237434|{td-266} 0, -2968248, -2977168, -2986088, -2995008, -3003928, -3012848, -3021768, -25, 0, 0, 0, 0, 0, 0, 0, 0, 0, 
2025-12-28 12:47:57.246934|{tx-266} :AAAAAAA-BBB......
2025-12-28 12:47:57.413048|{rx-267} 1, 0, 7, 3, 225, 2186, 0, 0, 0, 0, 7, 6, 0, 6, 6
2025-12-28 12:47:57.417178|{rssi-267} 111, -127, -127, -127, -127, -127, -127, -127, -77, -127, -127, -127, 111, 111, 111, 111, 111, 111, 
2025-12-28 12:47:57.426733|{td-267} 0, -2950408, -2959328, -2968248, -2977168, -2986088, -2995008, -3003928, -27, 0, 0, 0, 0, 0, 0, 0, 0, 0, 
2025-12-28 12:47:57.436889|{tx-267} :AAAAAAA-BBB......
2025-12-28 12:47:57.601671|{rx-268} 1, 0, 6, 3, 226, 2193, 0, 0, 0, 0, 6, 6, 0, 6, 6
2025-12-28 12:47:57.605654|{rssi-268} 111, -127, -127, -127, -127, -127, -127, -77, -127, -127, -127, 111, 111, 111, 111, 111, 111, 111, 
2025-12-28 12:47:57.615992|{td-268} 0, -2950408, -2959328, -2968248, -2977168, -2986088, -2995008, -29, 0, 0, 0, 0, 0, 0, 0, 0, 0, 0, 
2025-12-28 12:47:57.625275|{tx-268} :AAAAAA-BBB.......
2025-12-28 12:47:57.791474|{rx-269} 1, 0, 7, 3, 227, 2201, 0, 0, 0, 0, 7, 6, 0, 6, 6
2025-12-28 12:47:57.796936|{rssi-269} 111, -127, -127, -127, -127, -127, -127, -127, -77, -127, -127, -127, 111, 111, 111, 111, 111, 111, 
2025-12-28 12:47:57.807161|{td-269} 0, -2959328, -2968248, -2977168, -2986088, -2995008, -3003928, -3012848, -21, 0, 0, 0, 0, 0, 0, 0, 0, 0, 
2025-12-28 12:47:57.816436|{tx-269} :AAAAAAA-BBB......
2025-12-28 12:47:57.981488|{rx-270} 1, 0, 6, 3, 228, 2208, 0, 0, 0, 0, 6, 6, 0, 6, 6
2025-12-28 12:47:57.985423|{rssi-270} 111, -127, -127, -127, -127, -127, -127, -77, -127, -127, -127, 111, 111, 111, 111, 111, 111, 111, 
2025-12-28 12:47:57.996475|{td-270} 0, -2950408, -2959328, -2968248, -2977168, -2986088, -2995008, -29, 0, 0, 0, 0, 0, 0, 0, 0, 0, 0, 
2025-12-28 12:47:58.004953|{tx-270} :AAAAAA-BBB.......
2025-12-28 12:47:58.170680|{rx-271} 1, 0, 7, 3, 229, 2216, 0, 0, 0, 0, 7, 6, 0, 6, 6
2025-12-28 12:47:58.176402|{rssi-271} 111, -127, -127, -127, -127, -127, -127, -127, -77, -127, -127, -127, 111, 111, 111, 111, 111, 111, 
2025-12-28 12:47:58.186238|{td-271} 0, -2959328, -2968248, -2977168, -2986088, -2995008, -3003928, -3012848, -25, 0, 0, 0, 0, 0, 0, 0, 0, 0, 
2025-12-28 12:47:58.196772|{tx-271} :AAAAAAA-BBB......
2025-12-28 12:47:58.360796|{rx-272} 1, 0, 6, 3, 230, 2223, 0, 0, 0, 0, 6, 6, 0, 6, 6
2025-12-28 12:47:58.365257|{rssi-272} 111, -127, -127, -127, -127, -127, -127, -77, -127, -127, -127, 111, 111, 111, 111, 111, 111, 111, 
2025-12-28 12:47:58.376738|{td-272} 0, -2950408, -2959328, -2968248, -2977168, -2986088, -2995008, -31, 0, 0, 0, 0, 0, 0, 0, 0, 0, 0, 
2025-12-28 12:47:58.385030|{tx-272} :AAAAAA-BBB.......
2025-12-28 12:47:58.551662|{rx-273} 1, 0, 8, 3, 231, 2232, 0, 0, 0, 0, 8, 6, 0, 6, 6
2025-12-28 12:47:58.557940|{rssi-273} 111, -127, -127, -127, -127, -127, -127, -127, -127, -77, -127, -127, -127, 111, 111, 111, 111, 111, 
2025-12-28 12:47:58.567018|{td-273} 0, -2959328, -2968248, -2977168, -2986088, -2995008, -3003928, -3012848, -3021768, -23, 0, 0, 0, 0, 0, 0, 0, 0, 
2025-12-28 12:47:58.577351|{tx-273} :AAAAAAAA-BBB.....
2025-12-28 12:47:58.741275|{rx-274} 1, 0, 7, 3, 232, 2240, 0, 0, 0, 0, 7, 6, 0, 6, 6
2025-12-28 12:47:58.747121|{rssi-274} 111, -127, -127, -127, -127, -127, -127, -127, -77, -127, -127, -127, 111, 111, 111, 111, 111, 111, 
2025-12-28 12:47:58.756404|{td-274} 0, -2941488, -2950408, -2959328, -2968248, -2977168, -2986088, -2995008, -27, 0, 0, 0, 0, 0, 0, 0, 0, 0, 
2025-12-28 12:47:58.766499|{tx-274} :AAAAAAA-BBB......
2025-12-28 12:47:58.930925|{rx-275} 1, 0, 7, 3, 233, 2248, 0, 0, 0, 0, 7, 6, 0, 6, 6
2025-12-28 12:47:58.936894|{rssi-275} 111, -127, -127, -127, -127, -127, -127, -127, -77, -127, -127, -127, 111, 111, 111, 111, 111, 111, 
2025-12-28 12:47:58.946832|{td-275} 0, -2950408, -2959328, -2968248, -2977168, -2986088, -2995008, -3003928, -29, 0, 0, 0, 0, 0, 0, 0, 0, 0, 
2025-12-28 12:47:58.957213|{tx-275} :AAAAAAA-BBB......
2025-12-28 12:47:59.121742|{rx-276} 1, 0, 7, 3, 234, 2256, 0, 0, 0, 0, 7, 6, 0, 6, 6
2025-12-28 12:47:59.126898|{rssi-276} 111, -127, -127, -127, -127, -127, -127, -127, -77, -127, -127, -127, 111, 111, 111, 111, 111, 111, 
2025-12-28 12:47:59.136772|{td-276} 0, -2950408, -2959328, -2968248, -2977168, -2986088, -2995008, -3003928, -27, 0, 0, 0, 0, 0, 0, 0, 0, 0, 
2025-12-28 12:47:59.146966|{tx-276} :AAAAAAA-BBB......
2025-12-28 12:47:59.313072|{rx-277} 0, 0, 14, 0, 234, 2270, 0, 0, 0, 0, 65535, 255, 0, 6, 6
2025-12-28 12:47:59.318733|{rssi-277} 111, -127, -127, -127, -127, -127, -127, -127, -127, -127, -127, -127, -127, -127, -127, 111, 111, 111, 
2025-12-28 12:47:59.329464|{td-277} 0, -2950408, -2959328, -2968248, -2977168, -2986088, -2995008, -3003928, -3012848, -3021768, -3030688, -3039608, -3048528, -3057448, -3066368, 0, 0, 0, 
2025-12-28 12:47:59.343374|{tx-277} :AAAAAAAAAAAAAA...
2025-12-28 12:47:59.501412|{rx-278} 1, 0, 7, 3, 235, 2278, 0, 0, 0, 0, 7, 6, 0, 6, 6
2025-12-28 12:47:59.506157|{rssi-278} 111, -127, -127, -127, -127, -127, -127, -127, -77, -127, -127, -127, 111, 111, 111, 111, 111, 111, 
2025-12-28 12:47:59.516592|{td-278} 0, -5989848, -5998768, -6007688, -6016608, -6025528, -6034448, -6043368, -49, 0, 0, 0, 0, 0, 0, 0, 0, 0, 
2025-12-28 12:47:59.525568|{tx-278} :AAAAAAA-BBB......
2025-12-28 12:47:59.691446|{rx-279} 1, 0, 7, 3, 236, 2286, 0, 0, 0, 0, 7, 6, 0, 6, 6
2025-12-28 12:47:59.696484|{rssi-279} 111, -127, -127, -127, -127, -127, -127, -127, -77, -127, -127, -127, 111, 111, 111, 111, 111, 111, 
2025-12-28 12:47:59.706648|{td-279} 0, -2950408, -2959328, -2968248, -2977168, -2986088, -2995008, -3003928, -29, 0, 0, 0, 0, 0, 0, 0, 0, 0, 
2025-12-28 12:47:59.716296|{tx-279} :AAAAAAA-BBB......
2025-12-28 12:47:59.883790|{rx-280} 0, 0, 14, 0, 236, 2300, 0, 0, 0, 0, 65535, 255, 0, 6, 6
2025-12-28 12:47:59.888437|{rssi-280} 111, -127, -127, -127, -127, -127, -127, -127, -127, -127, -127, -127, -127, -127, -127, 111, 111, 111, 
2025-12-28 12:47:59.899562|{td-280} 0, -2950408, -2959328, -2968248, -2977168, -2986088, -2995008, -3003928, -3012848, -3021768, -3030688, -3039608, -3048528, -3057448, -3066368, 0, 0, 0, 
2025-12-28 12:47:59.913611|{tx-280} :AAAAAAAAAAAAAA...
2025-12-28 12:48:00.070935|{rx-281} 1, 0, 6, 3, 237, 2307, 0, 0, 0, 0, 6, 5, 0, 6, 6
2025-12-28 12:48:00.076171|{rssi-281} 111, -127, -127, -127, -127, -127, -127, -77, -127, -127, -127, 111, 111, 111, 111, 111, 111, 111, 
2025-12-28 12:48:00.085813|{td-281} 0, -5989848, -5998768, -6007688, -6016608, -6025528, -6034448, -51, 0, 0, 0, 0, 0, 0, 0, 0, 0, 0, 
2025-12-28 12:48:00.094403|{tx-281} :AAAAAA-BBB.......
2025-12-28 12:48:00.262706|{rx-282} 1, 0, 8, 3, 238, 2316, 0, 0, 0, 0, 8, 6, 0, 6, 6
2025-12-28 12:48:00.267165|{rssi-282} 111, -127, -127, -127, -127, -127, -127, -127, -127, -77, -127, -127, -127, 111, 111, 111, 111, 111, 
2025-12-28 12:48:00.277195|{td-282} 0, -2959328, -2968248, -2977168, -2986088, -2995008, -3003928, -3012848, -3021768, -29, 0, 0, 0, 0, 0, 0, 0, 0, 
2025-12-28 12:48:00.288277|{tx-282} :AAAAAAAA-BBB.....
2025-12-28 12:48:00.451221|{rx-283} 1, 0, 7, 3, 239, 2324, 0, 0, 0, 0, 7, 6, 0, 6, 6
2025-12-28 12:48:00.456552|{rssi-283} 111, -127, -127, -127, -127, -127, -127, -127, -77, -127, -127, -127, 111, 111, 111, 111, 111, 111, 
2025-12-28 12:48:00.465987|{td-283} 0, -2941488, -2950408, -2959328, -2968248, -2977168, -2986088, -2995008, -25, 0, 0, 0, 0, 0, 0, 0, 0, 0, 
2025-12-28 12:48:00.475764|{tx-283} :AAAAAAA-BBB......
2025-12-28 12:48:00.643033|{rx-284} 1, 0, 8, 3, 240, 2333, 0, 0, 0, 0, 8, 6, 0, 6, 6
2025-12-28 12:48:00.647047|{rssi-284} 111, -127, -127, -127, -127, -127, -127, -127, -127, -77, -127, -127, -127, 111, 111, 111, 111, 111, 
2025-12-28 12:48:00.657428|{td-284} 0, -2950408, -2959328, -2968248, -2977168, -2986088, -2995008, -3003928, -3012848, -25, 0, 0, 0, 0, 0, 0, 0, 0, 
2025-12-28 12:48:00.668280|{tx-284} :AAAAAAAA-BBB.....
2025-12-28 12:48:00.831397|{rx-285} 1, 0, 7, 3, 241, 2341, 0, 0, 0, 0, 7, 6, 0, 6, 6
2025-12-28 12:48:00.836372|{rssi-285} 111, -127, -127, -127, -127, -127, -127, -127, -77, -127, -127, -127, 111, 111, 111, 111, 111, 111, 
2025-12-28 12:48:00.846030|{td-285} 0, -2941488, -2950408, -2959328, -2968248, -2977168, -2986088, -2995008, -27, 0, 0, 0, 0, 0, 0, 0, 0, 0, 
2025-12-28 12:48:00.855559|{tx-285} :AAAAAAA-BBB......
2025-12-28 12:48:01.023099|{rx-286} 1, 0, 10, 3, 242, 2352, 0, 0, 0, 0, 10, 7, 0, 6, 6
2025-12-28 12:48:01.027416|{rssi-286} 111, -127, -127, -127, -127, -127, -127, -127, -127, -127, -127, -77, -127, -127, -127, 111, 111, 111, 
2025-12-28 12:48:01.038375|{td-286} 0, -2950408, -2959328, -2968248, -2977168, -2986088, -2995008, -3003928, -3012848, -3021768, -3030688, -29, 0, 0, 0, 0, 0, 0, 
2025-12-28 12:48:01.050933|{tx-286} :AAAAAAAAAA-BBB...
2025-12-28 12:48:01.210636|{rx-287} 1, 0, 7, 3, 243, 2360, 0, 0, 0, 0, 7, 6, 0, 6, 6
2025-12-28 12:48:01.215248|{rssi-287} 111, -127, -127, -127, -127, -127, -127, -127, -77, -127, -127, -127, 111, 111, 111, 111, 111, 111, 
2025-12-28 12:48:01.225236|{td-287} 0, -2923648, -2932568, -2941488, -2950408, -2959328, -2968248, -2977168, -25, 0, 0, 0, 0, 0, 0, 0, 0, 0, 
2025-12-28 12:48:01.236492|{tx-287} :AAAAAAA-BBB......
2025-12-28 12:48:01.401016|{rx-288} 1, 0, 8, 3, 244, 2369, 0, 0, 0, 0, 8, 7, 0, 6, 6
2025-12-28 12:48:01.406677|{rssi-288} 111, -127, -127, -127, -127, -127, -127, -127, -127, -77, -127, -127, -127, 111, 111, 111, 111, 111, 
2025-12-28 12:48:01.417531|{td-288} 0, -2950408, -2959328, -2968248, -2977168, -2986088, -2995008, -3003928, -3012848, -29, 0, 0, 0, 0, 0, 0, 0, 0, 
2025-12-28 12:48:01.427357|{tx-288} :AAAAAAAA-BBB.....
2025-12-28 12:48:01.591722|{rx-289} 0, 0, 14, 0, 244, 2383, 0, 0, 0, 0, 65535, 255, 0, 6, 6
2025-12-28 12:48:01.598078|{rssi-289} 111, -127, -127, -127, -127, -127, -127, -127, -127, -127, -127, -127, -127, -127, -127, 111, 111, 111, 
2025-12-28 12:48:01.608692|{td-289} 0, -2941488, -2950408, -2959328, -2968248, -2977168, -2986088, -2995008, -3003928, -3012848, -3021768, -3030688, -3039608, -3048528, -3057448, 0, 0, 0, 
2025-12-28 12:48:01.621684|{tx-289} :AAAAAAAAAAAAAA...
2025-12-28 12:48:01.781432|{rx-290} 1, 0, 7, 3, 245, 2391, 0, 0, 0, 0, 7, 6, 0, 6, 6
2025-12-28 12:48:01.786290|{rssi-290} 111, -127, -127, -127, -127, -127, -127, -127, -77, -127, -127, -127, 111, 111, 111, 111, 111, 111, 
2025-12-28 12:48:01.796165|{td-290} 0, -5980928, -5989848, -5998768, -6007688, -6016608, -6025528, -6034448, -53, 0, 0, 0, 0, 0, 0, 0, 0, 0, 
2025-12-28 12:48:01.805114|{tx-290} :AAAAAAA-BBB......
2025-12-28 12:48:01.969958|{rx-291} 1, 0, 6, 3, 246, 2398, 0, 0, 0, 0, 6, 6, 0, 6, 6
2025-12-28 12:48:01.976731|{rssi-291} 111, -127, -127, -127, -127, -127, -127, -77, -127, -127, -127, 111, 111, 111, 111, 111, 111, 111, 
2025-12-28 12:48:01.985926|{td-291} 0, -2950408, -2959328, -2968248, -2977168, -2986088, -2995008, -25, 0, 0, 0, 0, 0, 0, 0, 0, 0, 0, 
2025-12-28 12:48:01.995342|{tx-291} :AAAAAA-BBB.......
2025-12-28 12:48:02.159901|{rx-292} 1, 0, 6, 3, 247, 2405, 0, 0, 0, 0, 6, 6, 0, 6, 6
2025-12-28 12:48:02.165237|{rssi-292} 111, -127, -127, -127, -127, -127, -127, -77, -127, -127, -127, 111, 111, 111, 111, 111, 111, 111, 
2025-12-28 12:48:02.175477|{td-292} 0, -2959328, -2968248, -2977168, -2986088, -2995008, -3003928, -25, 0, 0, 0, 0, 0, 0, 0, 0, 0, 0, 
2025-12-28 12:48:02.184273|{tx-292} :AAAAAA-BBB.......
2025-12-28 12:48:02.351560|{rx-293} 1, 0, 8, 3, 248, 2414, 0, 0, 0, 0, 8, 7, 0, 6, 6
2025-12-28 12:48:02.356740|{rssi-293} 111, -127, -127, -127, -127, -127, -127, -127, -127, -77, -127, -127, -127, 111, 111, 111, 111, 111, 
2025-12-28 12:48:02.366615|{td-293} 0, -2959328, -2968248, -2977168, -2986088, -2995008, -3003928, -3012848, -3021768, -29, 0, 0, 0, 0, 0, 0, 0, 0, 
2025-12-28 12:48:02.376635|{tx-293} :AAAAAAAA-BBB.....
2025-12-28 12:48:02.540919|{rx-294} 1, 0, 6, 3, 249, 2421, 0, 0, 0, 0, 6, 6, 0, 6, 6
2025-12-28 12:48:02.544692|{rssi-294} 111, -127, -127, -127, -127, -127, -127, -77, -127, -127, -127, 111, 111, 111, 111, 111, 111, 111, 
2025-12-28 12:48:02.555041|{td-294} 0, -2941488, -2950408, -2959328, -2968248, -2977168, -2986088, -25, 0, 0, 0, 0, 0, 0, 0, 0, 0, 0, 
2025-12-28 12:48:02.564415|{tx-294} :AAAAAA-BBB.......
2025-12-28 12:48:02.729311|{rx-295} 1, 0, 5, 3, 250, 2427, 0, 0, 0, 0, 5, 6, 0, 6, 6
2025-12-28 12:48:02.735160|{rssi-295} 111, -127, -127, -127, -127, -127, -77, -127, -127, -127, 111, 111, 111, 111, 111, 111, 111, 111, 
2025-12-28 12:48:02.744808|{td-295} 0, -2959328, -2968248, -2977168, -2986088, -2995008, -27, 0, 0, 0, 0, 0, 0, 0, 0, 0, 0, 0, 
2025-12-28 12:48:02.752916|{tx-295} :AAAAA-BBB........
2025-12-28 12:48:02.921939|{rx-296} 1, 0, 7, 3, 251, 2435, 0, 0, 0, 0, 7, 6, 0, 6, 6
2025-12-28 12:48:02.925659|{rssi-296} 111, -127, -127, -127, -127, -127, -127, -127, -77, -127, -127, -127, 111, 111, 111, 111, 111, 111, 
2025-12-28 12:48:02.935136|{td-296} 0, -2968248, -2977168, -2986088, -2995008, -3003928, -3012848, -3021768, -23, 0, 0, 0, 0, 0, 0, 0, 0, 0, 
2025-12-28 12:48:02.945461|{tx-296} :AAAAAAA-BBB......
2025-12-28 12:48:03.111546|{rx-297} 1, 0, 7, 3, 252, 2443, 0, 0, 0, 0, 7, 6, 0, 6, 6
2025-12-28 12:48:03.115920|{rssi-297} 111, -127, -127, -127, -127, -127, -127, -127, -77, -127, -127, -127, 111, 111, 111, 111, 111, 111, 
2025-12-28 12:48:03.126201|{td-297} 0, -2950408, -2959328, -2968248, -2977168, -2986088, -2995008, -3003928, -29, 0, 0, 0, 0, 0, 0, 0, 0, 0, 
2025-12-28 12:48:03.136024|{tx-297} :AAAAAAA-BBB......
2025-12-28 12:48:03.301364|{rx-298} 1, 0, 8, 3, 253, 2452, 0, 0, 0, 0, 8, 7, 0, 6, 6
2025-12-28 12:48:03.306182|{rssi-298} 111, -127, -127, -127, -127, -127, -127, -127, -127, -77, -127, -127, -127, 111, 111, 111, 111, 111, 
2025-12-28 12:48:03.316867|{td-298} 0, -2950408, -2959328, -2968248, -2977168, -2986088, -2995008, -3003928, -3012848, -25, 0, 0, 0, 0, 0, 0, 0, 0, 
2025-12-28 12:48:03.326671|{tx-298} :AAAAAAAA-BBB.....
2025-12-28 12:48:03.492730|{rx-299} 1, 0, 10, 3, 254, 2463, 0, 0, 0, 0, 10, 7, 0, 6, 6
2025-12-28 12:48:03.497586|{rssi-299} 111, -127, -127, -127, -127, -127, -127, -127, -127, -127, -127, -77, -127, -127, -127, 111, 111, 111, 
2025-12-28 12:48:03.507982|{td-299} 0, -2941488, -2950408, -2959328, -2968248, -2977168, -2986088, -2995008, -3003928, -3012848, -3021768, -25, 0, 0, 0, 0, 0, 0, 
2025-12-28 12:48:03.519911|{tx-299} :AAAAAAAAAA-BBB...
2025-12-28 12:48:03.681034|{rx-300} 1, 0, 8, 3, 255, 2472, 0, 0, 0, 0, 8, 7, 0, 6, 6
2025-12-28 12:48:03.685690|{rssi-300} 111, -127, -127, -127, -127, -127, -127, -127, -127, -77, -127, -127, -127, 111, 111, 111, 111, 111, 
2025-12-28 12:48:03.696334|{td-300} 0, -2923648, -2932568, -2941488, -2950408, -2959328, -2968248, -2977168, -2986088, -31, 0, 0, 0, 0, 0, 0, 0, 0, 
2025-12-28 12:48:03.707162|{tx-300} :AAAAAAAA-BBB.....
2025-12-28 12:48:03.870410|{rx-301} 1, 0, 7, 3, 256, 2480, 0, 0, 0, 0, 7, 6, 0, 6, 6
2025-12-28 12:48:03.875341|{rssi-301} 111, -127, -127, -127, -127, -127, -127, -127, -77, -127, -127, -127, 111, 111, 111, 111, 111, 111, 
2025-12-28 12:48:03.884983|{td-301} 0, -2941488, -2950408, -2959328, -2968248, -2977168, -2986088, -2995008, -23, 0, 0, 0, 0, 0, 0, 0, 0, 0, 
2025-12-28 12:48:03.895975|{tx-301} :AAAAAAA-BBB......
2025-12-28 12:48:04.060982|{rx-302} 1, 0, 6, 3, 257, 2487, 0, 0, 0, 0, 6, 6, 0, 6, 6
2025-12-28 12:48:04.065196|{rssi-302} 111, -127, -127, -127, -127, -127, -127, -77, -127, -127, -127, 111, 111, 111, 111, 111, 111, 111, 
2025-12-28 12:48:04.074986|{td-302} 0, -2950408, -2959328, -2968248, -2977168, -2986088, -2995008, -27, 0, 0, 0, 0, 0, 0, 0, 0, 0, 0, 
2025-12-28 12:48:04.083444|{tx-302} :AAAAAA-BBB.......
2025-12-28 12:48:04.251207|{rx-303} 1, 0, 7, 3, 258, 2495, 0, 0, 0, 0, 7, 6, 0, 6, 6
2025-12-28 12:48:04.255440|{rssi-303} 111, -127, -127, -127, -127, -127, -127, -127, -77, -127, -127, -127, 111, 111, 111, 111, 111, 111, 
2025-12-28 12:48:04.265590|{td-303} 0, -2959328, -2968248, -2977168, -2986088, -2995008, -3003928, -3012848, -29, 0, 0, 0, 0, 0, 0, 0, 0, 0, 
2025-12-28 12:48:04.275370|{tx-303} :AAAAAAA-BBB......
2025-12-28 12:48:04.440473|{rx-304} 1, 0, 7, 3, 259, 2503, 0, 0, 0, 0, 7, 6, 0, 6, 6
2025-12-28 12:48:04.445616|{rssi-304} 111, -127, -127, -127, -127, -127, -127, -127, -77, -127, -127, -127, 111, 111, 111, 111, 111, 111, 
2025-12-28 12:48:04.456746|{td-304} 0, -2950408, -2959328, -2968248, -2977168, -2986088, -2995008, -3003928, -23, 0, 0, 0, 0, 0, 0, 0, 0, 0, 
2025-12-28 12:48:04.466060|{tx-304} :AAAAAAA-BBB......
2025-12-28 12:48:04.630984|{rx-305} 1, 0, 7, 3, 260, 2511, 0, 0, 0, 0, 7, 6, 0, 6, 6
2025-12-28 12:48:04.635707|{rssi-305} 111, -127, -127, -127, -127, -127, -127, -127, -77, -127, -127, -127, 111, 111, 111, 111, 111, 111, 
2025-12-28 12:48:04.645187|{td-305} 0, -2950408, -2959328, -2968248, -2977168, -2986088, -2995008, -3003928, -29, 0, 0, 0, 0, 0, 0, 0, 0, 0, 
2025-12-28 12:48:04.655072|{tx-305} :AAAAAAA-BBB......
2025-12-28 12:48:04.822063|{rx-306} 0, 0, 14, 0, 260, 2525, 0, 0, 0, 0, 65535, 255, 0, 6, 6
2025-12-28 12:48:04.827579|{rssi-306} 111, -127, -127, -127, -127, -127, -127, -127, -127, -127, -127, -127, -127, -127, -127, 111, 111, 111, 
2025-12-28 12:48:04.837414|{td-306} 0, -2950408, -2959328, -2968248, -2977168, -2986088, -2995008, -3003928, -3012848, -3021768, -3030688, -3039608, -3048528, -3057448, -3066368, 0, 0, 0, 
2025-12-28 12:48:04.851579|{tx-306} :AAAAAAAAAAAAAA...
2025-12-28 12:48:05.010561|{rx-307} 1, 0, 7, 3, 261, 2533, 0, 0, 0, 0, 7, 6, 0, 6, 6
2025-12-28 12:48:05.014824|{rssi-307} 111, -127, -127, -127, -127, -127, -127, -127, -77, -127, -127, -127, 111, 111, 111, 111, 111, 111, 
2025-12-28 12:48:05.026353|{td-307} 0, -5989848, -5998768, -6007688, -6016608, -6025528, -6034448, -6043368, -53, 0, 0, 0, 0, 0, 0, 0, 0, 0, 
2025-12-28 12:48:05.034475|{tx-307} :AAAAAAA-BBB......
2025-12-28 12:48:05.202745|{rx-308} 0, 0, 14, 0, 261, 2547, 0, 0, 0, 0, 65535, 255, 0, 6, 6
2025-12-28 12:48:05.207671|{rssi-308} 111, -127, -127, -127, -127, -127, -127, -127, -127, -127, -127, -127, -127, -127, -127, 111, 111, 111, 
2025-12-28 12:48:05.218357|{td-308} 0, -2950408, -2959328, -2968248, -2977168, -2986088, -2995008, -3003928, -3012848, -3021768, -3030688, -3039608, -3048528, -3057448, -3066368, 0, 0, 0, 
2025-12-28 12:48:05.231581|{tx-308} :AAAAAAAAAAAAAA...
2025-12-28 12:48:05.390681|{rx-309} 1, 0, 7, 3, 262, 2555, 0, 0, 0, 0, 7, 6, 0, 6, 6
2025-12-28 12:48:05.395047|{rssi-309} 111, -127, -127, -127, -127, -127, -127, -127, -77, -127, -127, -127, 111, 111, 111, 111, 111, 111, 
2025-12-28 12:48:05.405483|{td-309} 0, -5989848, -5998768, -6007688, -6016608, -6025528, -6034448, -6043368, -49, 0, 0, 0, 0, 0, 0, 0, 0, 0, 
2025-12-28 12:48:05.414657|{tx-309} :AAAAAAA-BBB......
2025-12-28 12:48:05.580279|{rx-310} 1, 0, 7, 3, 263, 2563, 0, 0, 0, 0, 7, 6, 0, 6, 6
2025-12-28 12:48:05.585651|{rssi-310} 111, -127, -127, -127, -127, -127, -127, -127, -77, -127, -127, -127, 111, 111, 111, 111, 111, 111, 
2025-12-28 12:48:05.594754|{td-310} 0, -2950408, -2959328, -2968248, -2977168, -2986088, -2995008, -3003928, -29, 0, 0, 0, 0, 0, 0, 0, 0, 0, 
2025-12-28 12:48:05.605195|{tx-310} :AAAAAAA-BBB......
2025-12-28 12:48:05.770619|{rx-311} 1, 0, 7, 3, 264, 2571, 0, 0, 0, 0, 7, 6, 0, 6, 6
2025-12-28 12:48:05.775320|{rssi-311} 111, -127, -127, -127, -127, -127, -127, -127, -77, -127, -127, -127, 111, 111, 111, 111, 111, 111, 
2025-12-28 12:48:05.785404|{td-311} 0, -2950408, -2959328, -2968248, -2977168, -2986088, -2995008, -3003928, -29, 0, 0, 0, 0, 0, 0, 0, 0, 0, 
2025-12-28 12:48:05.794845|{tx-311} :AAAAAAA-BBB......
2025-12-28 12:48:05.959543|{rx-312} 1, 0, 5, 3, 265, 2577, 0, 0, 0, 0, 5, 6, 0, 6, 6
2025-12-28 12:48:05.964353|{rssi-312} 111, -127, -127, -127, -127, -127, -77, -127, -127, -127, 111, 111, 111, 111, 111, 111, 111, 111, 
2025-12-28 12:48:05.974056|{td-312} 0, -2950408, -2959328, -2968248, -2977168, -2986088, -29, 0, 0, 0, 0, 0, 0, 0, 0, 0, 0, 0, 
2025-12-28 12:48:05.983043|{tx-312} :AAAAA-BBB........
2025-12-28 12:48:06.149845|{rx-313} 1, 0, 7, 3, 266, 2585, 0, 0, 0, 0, 7, 6, 0, 6, 6
2025-12-28 12:48:06.155535|{rssi-313} 111, -127, -127, -127, -127, -127, -127, -127, -77, -127, -127, -127, 111, 111, 111, 111, 111, 111, 
2025-12-28 12:48:06.165795|{td-313} 0, -2968248, -2977168, -2986088, -2995008, -3003928, -3012848, -3021768, -21, 0, 0, 0, 0, 0, 0, 0, 0, 0, 
2025-12-28 12:48:06.175552|{tx-313} :AAAAAAA-BBB......
2025-12-28 12:48:06.341120|{rx-314} 1, 0, 9, 3, 267, 2595, 0, 0, 0, 0, 9, 7, 0, 6, 6
2025-12-28 12:48:06.345528|{rssi-314} 111, -127, -127, -127, -127, -127, -127, -127, -127, -127, -77, -127, -127, -127, 111, 111, 111, 111, 
2025-12-28 12:48:06.356548|{td-314} 0, -2950408, -2959328, -2968248, -2977168, -2986088, -2995008, -3003928, -3012848, -3021768, -25, 0, 0, 0, 0, 0, 0, 0, 
2025-12-28 12:48:06.367710|{tx-314} :AAAAAAAAA-BBB....
2025-12-28 12:48:06.531301|{rx-315} 0, 0, 14, 0, 267, 2609, 0, 0, 0, 0, 65535, 255, 0, 6, 6
2025-12-28 12:48:06.536981|{rssi-315} 111, -127, -127, -127, -127, -127, -127, -127, -127, -127, -127, -127, -127, -127, -127, 111, 111, 111, 
2025-12-28 12:48:06.547738|{td-315} 0, -2932568, -2941488, -2950408, -2959328, -2968248, -2977168, -2986088, -2995008, -3003928, -3012848, -3021768, -3030688, -3039608, -3048528, 0, 0, 0, 
2025-12-28 12:48:06.561331|{tx-315} :AAAAAAAAAAAAAA...
2025-12-28 12:48:06.720715|{rx-316} 1, 0, 8, 3, 268, 2618, 0, 0, 0, 0, 8, 7, 0, 6, 6
2025-12-28 12:48:06.725833|{rssi-316} 111, -127, -127, -127, -127, -127, -127, -127, -127, -77, -127, -127, -127, 111, 111, 111, 111, 111, 
2025-12-28 12:48:06.735734|{td-316} 0, -5972008, -5980928, -5989848, -5998768, -6007688, -6016608, -6025528, -6034448, -59, 0, 0, 0, 0, 0, 0, 0, 0, 
2025-12-28 12:48:06.745540|{tx-316} :AAAAAAAA-BBB.....
2025-12-28 12:48:06.909787|{rx-317} 1, 0, 7, 3, 269, 2626, 0, 0, 0, 0, 7, 6, 0, 6, 6
2025-12-28 12:48:06.914800|{rssi-317} 111, -127, -127, -127, -127, -127, -127, -127, -77, -127, -127, -127, 111, 111, 111, 111, 111, 111, 
2025-12-28 12:48:06.925532|{td-317} 0, -2941488, -2950408, -2959328, -2968248, -2977168, -2986088, -2995008, -25, 0, 0, 0, 0, 0, 0, 0, 0, 0, 
2025-12-28 12:48:06.935855|{tx-317} :AAAAAAA-BBB......
2025-12-28 12:48:07.101056|{rx-318} 1, 0, 7, 3, 270, 2634, 0, 0, 0, 0, 7, 6, 0, 6, 6
2025-12-28 12:48:07.104393|{rssi-318} 111, -127, -127, -127, -127, -127, -127, -127, -77, -127, -127, -127, 111, 111, 111, 111, 111, 111, 
2025-12-28 12:48:07.114914|{td-318} 0, -2950408, -2959328, -2968248, -2977168, -2986088, -2995008, -3003928, -23, 0, 0, 0, 0, 0, 0, 0, 0, 0, 
2025-12-28 12:48:07.125559|{tx-318} :AAAAAAA-BBB......
2025-12-28 12:48:07.288984|{rx-319} 1, 0, 5, 3, 271, 2640, 0, 0, 0, 0, 5, 6, 0, 6, 6
2025-12-28 12:48:07.293116|{rssi-319} 111, -127, -127, -127, -127, -127, -77, -127, -127, -127, 111, 111, 111, 111, 111, 111, 111, 111, 
2025-12-28 12:48:07.304559|{td-319} 0, -2950408, -2959328, -2968248, -2977168, -2986088, -29, 0, 0, 0, 0, 0, 0, 0, 0, 0, 0, 0, 
2025-12-28 12:48:07.312190|{tx-319} :AAAAA-BBB........
2025-12-28 12:48:07.480483|{rx-320} 1, 0, 7, 3, 272, 2648, 0, 0, 0, 0, 7, 6, 0, 6, 6
2025-12-28 12:48:07.484586|{rssi-320} 111, -127, -127, -127, -127, -127, -127, -127, -77, -127, -127, -127, 111, 111, 111, 111, 111, 111, 
2025-12-28 12:48:07.494613|{td-320} 0, -2968248, -2977168, -2986088, -2995008, -3003928, -3012848, -3021768, -27, 0, 0, 0, 0, 0, 0, 0, 0, 0, 
2025-12-28 12:48:07.505311|{tx-320} :AAAAAAA-BBB......
2025-12-28 12:48:07.667863|{rx-321} 1, 0, 5, 3, 273, 2654, 0, 0, 0, 0, 5, 6, 0, 6, 6
2025-12-28 12:48:07.673661|{rssi-321} 111, -127, -127, -127, -127, -127, -77, -127, -127, -127, 111, 111, 111, 111, 111, 111, 111, 111, 
2025-12-28 12:48:07.683725|{td-321} 0, -2950408, -2959328, -2968248, -2977168, -2986088, -25, 0, 0, 0, 0, 0, 0, 0, 0, 0, 0, 0, 
2025-12-28 12:48:07.691451|{tx-321} :AAAAA-BBB........
2025-12-28 12:48:07.859156|{rx-322} 1, 0, 6, 3, 274, 2661, 0, 0, 0, 0, 6, 6, 0, 6, 6
2025-12-28 12:48:07.864545|{rssi-322} 111, -127, -127, -127, -127, -127, -127, -77, -127, -127, -127, 111, 111, 111, 111, 111, 111, 111, 
2025-12-28 12:48:07.873679|{td-322} 0, -2968248, -2977168, -2986088, -2995008, -3003928, -3012848, -27, 0, 0, 0, 0, 0, 0, 0, 0, 0, 0, 
2025-12-28 12:48:07.883201|{tx-322} :AAAAAA-BBB.......
2025-12-28 12:48:08.050679|{rx-323} 1, 0, 7, 3, 275, 2669, 0, 0, 0, 0, 7, 6, 0, 6, 6
2025-12-28 12:48:08.055164|{rssi-323} 111, -127, -127, -127, -127, -127, -127, -127, -77, -127, -127, -127, 111, 111, 111, 111, 111, 111, 
2025-12-28 12:48:08.065286|{td-323} 0, -2959328, -2968248, -2977168, -2986088, -2995008, -3003928, -3012848, -27, 0, 0, 0, 0, 0, 0, 0, 0, 0, 
2025-12-28 12:48:08.075331|{tx-323} :AAAAAAA-BBB......
2025-12-28 12:48:08.241721|{rx-324} 1, 0, 7, 3, 276, 2677, 0, 0, 0, 0, 7, 6, 0, 6, 6
2025-12-28 12:48:08.244860|{rssi-324} 111, -127, -127, -127, -127, -127, -127, -127, -77, -127, -127, -127, 111, 111, 111, 111, 111, 111, 
2025-12-28 12:48:08.254803|{td-324} 0, -2950408, -2959328, -2968248, -2977168, -2986088, -2995008, -3003928, -25, 0, 0, 0, 0, 0, 0, 0, 0, 0, 
2025-12-28 12:48:08.265222|{tx-324} :AAAAAAA-BBB......
2025-12-28 12:48:08.429301|{rx-325} 1, 0, 7, 3, 277, 2685, 0, 0, 0, 0, 7, 6, 0, 6, 6
2025-12-28 12:48:08.434804|{rssi-325} 111, -127, -127, -127, -127, -127, -127, -127, -77, -127, -127, -127, 111, 111, 111, 111, 111, 111, 
2025-12-28 12:48:08.444529|{td-325} 0, -2950408, -2959328, -2968248, -2977168, -2986088, -2995008, -3003928, -27, 0, 0, 0, 0, 0, 0, 0, 0, 0, 
2025-12-28 12:48:08.454323|{tx-325} :AAAAAAA-BBB......
2025-12-28 12:48:08.619491|{rx-326} 1, 0, 7, 3, 278, 2693, 0, 0, 0, 0, 7, 6, 0, 6, 6
2025-12-28 12:48:08.624201|{rssi-326} 111, -127, -127, -127, -127, -127, -127, -127, -77, -127, -127, -127, 111, 111, 111, 111, 111, 111, 
2025-12-28 12:48:08.634462|{td-326} 0, -2950408, -2959328, -2968248, -2977168, -2986088, -2995008, -3003928, -25, 0, 0, 0, 0, 0, 0, 0, 0, 0, 
2025-12-28 12:48:08.645484|{tx-326} :AAAAAAA-BBB......
2025-12-28 12:48:08.809541|{rx-327} 1, 0, 7, 3, 279, 2701, 0, 0, 0, 0, 7, 6, 0, 6, 6
2025-12-28 12:48:08.814155|{rssi-327} 111, -127, -127, -127, -127, -127, -127, -127, -77, -127, -127, -127, 111, 111, 111, 111, 111, 111, 
2025-12-28 12:48:08.824989|{td-327} 0, -2950408, -2959328, -2968248, -2977168, -2986088, -2995008, -3003928, -27, 0, 0, 0, 0, 0, 0, 0, 0, 0, 
2025-12-28 12:48:08.834361|{tx-327} :AAAAAAA-BBB......
2025-12-28 12:48:08.999322|{rx-328} 1, 0, 7, 3, 280, 2709, 0, 0, 0, 0, 7, 6, 0, 6, 6
2025-12-28 12:48:09.004532|{rssi-328} 111, -127, -127, -127, -127, -127, -127, -127, -77, -127, -127, -127, 111, 111, 111, 111, 111, 111, 
2025-12-28 12:48:09.014334|{td-328} 0, -2950408, -2959328, -2968248, -2977168, -2986088, -2995008, -3003928, -31, 0, 0, 0, 0, 0, 0, 0, 0, 0, 
2025-12-28 12:48:09.024436|{tx-328} :AAAAAAA-BBB......
2025-12-28 12:48:09.189158|{rx-329} 1, 0, 7, 3, 281, 2717, 0, 0, 0, 0, 7, 6, 0, 6, 6
2025-12-28 12:48:09.194978|{rssi-329} 111, -127, -127, -127, -127, -127, -127, -127, -77, -127, -127, -127, 111, 111, 111, 111, 111, 111, 
2025-12-28 12:48:09.204715|{td-329} 0, -2950408, -2959328, -2968248, -2977168, -2986088, -2995008, -3003928, -23, 0, 0, 0, 0, 0, 0, 0, 0, 0, 
2025-12-28 12:48:09.213881|{tx-329} :AAAAAAA-BBB......
2025-12-28 12:48:09.380790|{rx-330} 1, 0, 8, 3, 282, 2726, 0, 0, 0, 0, 8, 8, 0, 6, 6
2025-12-28 12:48:09.385584|{rssi-330} 111, -127, -127, -127, -127, -127, -127, -127, -127, -78, -127, -127, -127, 111, 111, 111, 111, 111, 
2025-12-28 12:48:09.395029|{td-330} 0, -2950408, -2959328, -2968248, -2977168, -2986088, -2995008, -3003928, -3012848, -31, 0, 0, 0, 0, 0, 0, 0, 0, 
2025-12-28 12:48:09.406500|{tx-330} :AAAAAAAA-BBB.....
2025-12-28 12:48:09.569069|{rx-331} 1, 0, 7, 3, 283, 2734, 0, 0, 0, 0, 7, 6, 0, 6, 6
2025-12-28 12:48:09.575648|{rssi-331} 111, -127, -127, -127, -127, -127, -127, -127, -77, -127, -127, -127, 111, 111, 111, 111, 111, 111, 
2025-12-28 12:48:09.584273|{td-331} 0, -2941488, -2950408, -2959328, -2968248, -2977168, -2986088, -2995008, -23, 0, 0, 0, 0, 0, 0, 0, 0, 0, 
2025-12-28 12:48:09.594037|{tx-331} :AAAAAAA-BBB......
2025-12-28 12:48:09.760308|{rx-332} 1, 0, 8, 3, 284, 2743, 0, 0, 0, 0, 8, 6, 0, 6, 6
2025-12-28 12:48:09.765186|{rssi-332} 111, -127, -127, -127, -127, -127, -127, -127, -127, -77, -127, -127, -127, 111, 111, 111, 111, 111, 
2025-12-28 12:48:09.775320|{td-332} 0, -2950408, -2959328, -2968248, -2977168, -2986088, -2995008, -3003928, -3012848, -27, 0, 0, 0, 0, 0, 0, 0, 0, 
2025-12-28 12:48:09.785525|{tx-332} :AAAAAAAA-BBB.....
2025-12-28 12:48:09.949216|{rx-333} 1, 0, 6, 3, 285, 2750, 0, 0, 0, 0, 6, 6, 0, 6, 6
2025-12-28 12:48:09.954727|{rssi-333} 111, -127, -127, -127, -127, -127, -127, -77, -127, -127, -127, 111, 111, 111, 111, 111, 111, 111, 
2025-12-28 12:48:09.963359|{td-333} 0, -2941488, -2950408, -2959328, -2968248, -2977168, -2986088, -25, 0, 0, 0, 0, 0, 0, 0, 0, 0, 0, 
2025-12-28 12:48:09.973558|{tx-333} :AAAAAA-BBB.......
2025-12-28 12:48:10.141056|{rx-334} 1, 0, 8, 3, 286, 2759, 0, 0, 0, 0, 8, 7, 0, 6, 6
2025-12-28 12:48:10.144615|{rssi-334} 111, -127, -127, -127, -127, -127, -127, -127, -127, -77, -127, -127, -127, 111, 111, 111, 111, 111, 
2025-12-28 12:48:10.155249|{td-334} 0, -2959328, -2968248, -2977168, -2986088, -2995008, -3003928, -3012848, -3021768, -25, 0, 0, 0, 0, 0, 0, 0, 0, 
2025-12-28 12:48:10.165811|{tx-334} :AAAAAAAA-BBB.....
2025-12-28 12:48:10.346852|{rx-335} 1, 0, 7, 3, 287, 2767, 0, 0, 0, 0, 7, 6, 0, 6, 6
2025-12-28 12:48:10.347815|{rssi-335} 111, -127, -127, -127, -127, -127, -127, -127, -77, -127, -127, -127, 111, 111, 111, 111, 111, 111, 
2025-12-28 12:48:10.348965|{td-335} 0, -2941488, -2950408, -2959328, -2968248, -2977168, -2986088, -2995008, -27, 0, 0, 0, 0, 0, 0, 0, 0, 0, 
2025-12-28 12:48:10.353692|{tx-335} :AAAAAAA-BBB......
2025-12-28 12:48:10.519802|{rx-336} 1, 0, 7, 3, 288, 2775, 0, 0, 0, 0, 7, 6, 0, 6, 6
2025-12-28 12:48:10.524775|{rssi-336} 111, -127, -127, -127, -127, -127, -127, -127, -77, -127, -127, -127, 111, 111, 111, 111, 111, 111, 
2025-12-28 12:48:10.534486|{td-336} 0, -2950408, -2959328, -2968248, -2977168, -2986088, -2995008, -3003928, -25, 0, 0, 0, 0, 0, 0, 0, 0, 0, 
2025-12-28 12:48:10.543590|{tx-336} :AAAAAAA-BBB......
2025-12-28 12:48:10.710655|{rx-337} 1, 0, 9, 3, 289, 2785, 0, 0, 0, 0, 9, 7, 0, 6, 6
2025-12-28 12:48:10.716748|{rssi-337} 111, -127, -127, -127, -127, -127, -127, -127, -127, -127, -77, -127, -127, -127, 111, 111, 111, 111, 
2025-12-28 12:48:10.725903|{td-337} 0, -2950408, -2959328, -2968248, -2977168, -2986088, -2995008, -3003928, -3012848, -3021768, -29, 0, 0, 0, 0, 0, 0, 0, 
2025-12-28 12:48:10.735863|{tx-337} :AAAAAAAAA-BBB....
2025-12-28 12:48:10.908594|{rx-338} 0, 0, 14, 0, 289, 2799, 0, 0, 0, 0, 65535, 255, 0, 6, 6
2025-12-28 12:48:10.908970|{rssi-338} 111, -127, -127, -127, -127, -127, -127, -127, -127, -127, -127, -127, -127, -127, -127, 111, 111, 111, 
2025-12-28 12:48:10.916967|{td-338} 0, -2932568, -2941488, -2950408, -2959328, -2968248, -2977168, -2986088, -2995008, -3003928, -3012848, -3021768, -3030688, -3039608, -3048528, 0, 0, 0, 
2025-12-28 12:48:10.930030|{tx-338} :AAAAAAAAAAAAAA...
2025-12-28 12:48:11.091176|{rx-339} 0, 0, 14, 0, 289, 2813, 0, 0, 0, 0, 65535, 255, 0, 6, 6
2025-12-28 12:48:11.096446|{rssi-339} 111, -127, -127, -127, -127, -127, -127, -127, -127, -127, -127, -127, -127, -127, -127, 111, 111, 111, 
2025-12-28 12:48:11.106730|{td-339} 0, -5972008, -5980928, -5989848, -5998768, -6007688, -6016608, -6025528, -6034448, -6043368, -6052288, -6061208, -6070128, -6079048, -6087968, 0, 0, 0, 
2025-12-28 12:48:11.120032|{tx-339} :AAAAAAAAAAAAAA...
2025-12-28 12:48:11.279170|{rx-340} 1, 0, 7, 3, 290, 2821, 0, 0, 0, 0, 7, 6, 0, 6, 6
2025-12-28 12:48:11.284451|{rssi-340} 111, -127, -127, -127, -127, -127, -127, -127, -77, -127, -127, -127, 111, 111, 111, 111, 111, 111, 
2025-12-28 12:48:11.294327|{td-340} 0, -9011448, -9020368, -9029288, -9038208, -9047128, -9056048, -9064968, -83, 0, 0, 0, 0, 0, 0, 0, 0, 0, 
2025-12-28 12:48:11.303999|{tx-340} :AAAAAAA-BBB......
2025-12-28 12:48:11.469898|{rx-341} 1, 0, 8, 3, 291, 2830, 0, 0, 0, 0, 8, 7, 0, 6, 6
2025-12-28 12:48:11.474999|{rssi-341} 111, -127, -127, -127, -127, -127, -127, -127, -127, -77, -127, -127, -127, 111, 111, 111, 111, 111, 
2025-12-28 12:48:11.485383|{td-341} 0, -2950408, -2959328, -2968248, -2977168, -2986088, -2995008, -3003928, -3012848, -25, 0, 0, 0, 0, 0, 0, 0, 0, 
2025-12-28 12:48:11.495339|{tx-341} :AAAAAAAA-BBB.....
2025-12-28 12:48:11.658464|{rx-342} 1, 0, 5, 3, 292, 2836, 0, 0, 0, 0, 5, 6, 0, 6, 6
2025-12-28 12:48:11.663290|{rssi-342} 111, -127, -127, -127, -127, -127, -77, -127, -127, -127, 111, 111, 111, 111, 111, 111, 111, 111, 
2025-12-28 12:48:11.673471|{td-342} 0, -2941488, -2950408, -2959328, -2968248, -2977168, -23, 0, 0, 0, 0, 0, 0, 0, 0, 0, 0, 0, 
2025-12-28 12:48:11.681813|{tx-342} :AAAAA-BBB........
2025-12-28 12:48:11.849823|{rx-343} 1, 0, 7, 3, 293, 2844, 0, 0, 0, 0, 7, 6, 0, 6, 6
2025-12-28 12:48:11.854924|{rssi-343} 111, -127, -127, -127, -127, -127, -127, -127, -77, -127, -127, -127, 111, 111, 111, 111, 111, 111, 
2025-12-28 12:48:11.864871|{td-343} 0, -2968248, -2977168, -2986088, -2995008, -3003928, -3012848, -3021768, -29, 0, 0, 0, 0, 0, 0, 0, 0, 0, 
2025-12-28 12:48:11.874382|{tx-343} :AAAAAAA-BBB......
2025-12-28 12:48:12.039551|{rx-344} 1, 0, 7, 3, 294, 2852, 0, 0, 0, 0, 7, 6, 0, 6, 6
2025-12-28 12:48:12.043962|{rssi-344} 111, -127, -127, -127, -127, -127, -127, -127, -77, -127, -127, -127, 111, 111, 111, 111, 111, 111, 
2025-12-28 12:48:12.053818|{td-344} 0, -2950408, -2959328, -2968248, -2977168, -2986088, -2995008, -3003928, -25, 0, 0, 0, 0, 0, 0, 0, 0, 0, 
2025-12-28 12:48:12.063723|{tx-344} :AAAAAAA-BBB......
2025-12-28 12:48:12.229815|{rx-345} 1, 0, 7, 3, 295, 2860, 0, 0, 0, 0, 7, 6, 0, 6, 6
2025-12-28 12:48:12.233426|{rssi-345} 111, -127, -127, -127, -127, -127, -127, -127, -77, -127, -127, -127, 111, 111, 111, 111, 111, 111, 
2025-12-28 12:48:12.244322|{td-345} 0, -2950408, -2959328, -2968248, -2977168, -2986088, -2995008, -3003928, -29, 0, 0, 0, 0, 0, 0, 0, 0, 0, 
2025-12-28 12:48:12.254477|{tx-345} :AAAAAAA-BBB......
2025-12-28 12:48:12.418686|{rx-346} 1, 0, 5, 3, 296, 2866, 0, 0, 0, 0, 5, 6, 0, 6, 6
2025-12-28 12:48:12.423080|{rssi-346} 111, -127, -127, -127, -127, -127, -77, -127, -127, -127, 111, 111, 111, 111, 111, 111, 111, 111, 
2025-12-28 12:48:12.432842|{td-346} 0, -2950408, -2959328, -2968248, -2977168, -2986088, -25, 0, 0, 0, 0, 0, 0, 0, 0, 0, 0, 0, 
2025-12-28 12:48:12.441596|{tx-346} :AAAAA-BBB........
2025-12-28 12:48:12.610909|{rx-347} 1, 0, 9, 3, 297, 2876, 0, 0, 0, 0, 9, 6, 0, 6, 6
2025-12-28 12:48:12.614839|{rssi-347} 111, -127, -127, -127, -127, -127, -127, -127, -127, -127, -77, -127, -127, -127, 111, 111, 111, 111, 
2025-12-28 12:48:12.625308|{td-347} 0, -2968248, -2977168, -2986088, -2995008, -3003928, -3012848, -3021768, -3030688, -3039608, -27, 0, 0, 0, 0, 0, 0, 0, 
2025-12-28 12:48:12.637173|{tx-347} :AAAAAAAAA-BBB....
2025-12-28 12:48:12.799671|{rx-348} 1, 0, 7, 3, 298, 2884, 0, 0, 0, 0, 7, 6, 0, 6, 6
2025-12-28 12:48:12.803622|{rssi-348} 111, -127, -127, -127, -127, -127, -127, -127, -77, -127, -127, -127, 111, 111, 111, 111, 111, 111, 
2025-12-28 12:48:12.813556|{td-348} 0, -2932568, -2941488, -2950408, -2959328, -2968248, -2977168, -2986088, -27, 0, 0, 0, 0, 0, 0, 0, 0, 0, 
2025-12-28 12:48:12.823534|{tx-348} :AAAAAAA-BBB......
2025-12-28 12:48:12.990837|{rx-349} 1, 0, 9, 3, 299, 2894, 0, 0, 0, 0, 9, 6, 0, 6, 6
2025-12-28 12:48:12.994894|{rssi-349} 111, -127, -127, -127, -127, -127, -127, -127, -127, -127, -77, -127, -127, -127, 111, 111, 111, 111, 
2025-12-28 12:48:13.005374|{td-349} 0, -2950408, -2959328, -2968248, -2977168, -2986088, -2995008, -3003928, -3012848, -3021768, -29, 0, 0, 0, 0, 0, 0, 0, 
2025-12-28 12:48:13.016469|{tx-349} :AAAAAAAAA-BBB....
2025-12-28 12:48:13.180908|{rx-350} 1, 0, 9, 3, 300, 2904, 0, 0, 0, 0, 9, 6, 0, 6, 6
2025-12-28 12:48:13.185063|{rssi-350} 111, -127, -127, -127, -127, -127, -127, -127, -127, -127, -77, -127, -127, -127, 111, 111, 111, 111, 
2025-12-28 12:48:13.194429|{td-350} 0, -2932568, -2941488, -2950408, -2959328, -2968248, -2977168, -2986088, -2995008, -3003928, -21, 0, 0, 0, 0, 0, 0, 0, 
2025-12-28 12:48:13.206629|{tx-350} :AAAAAAAAA-BBB....
2025-12-28 12:48:13.369042|{rx-351} 1, 0, 7, 3, 301, 2912, 0, 0, 0, 0, 7, 6, 0, 6, 6
2025-12-28 12:48:13.373279|{rssi-351} 111, -127, -127, -127, -127, -127, -127, -127, -77, -127, -127, -127, 111, 111, 111, 111, 111, 111, 
2025-12-28 12:48:13.384123|{td-351} 0, -2932568, -2941488, -2950408, -2959328, -2968248, -2977168, -2986088, -31, 0, 0, 0, 0, 0, 0, 0, 0, 0, 
2025-12-28 12:48:13.394425|{tx-351} :AAAAAAA-BBB......
2025-12-28 12:48:13.558070|{rx-352} 1, 0, 7, 3, 302, 2920, 0, 0, 0, 0, 7, 6, 0, 6, 6
2025-12-28 12:48:13.564063|{rssi-352} 111, -127, -127, -127, -127, -127, -127, -127, -77, -127, -127, -127, 111, 111, 111, 111, 111, 111, 
2025-12-28 12:48:13.573871|{td-352} 0, -2950408, -2959328, -2968248, -2977168, -2986088, -2995008, -3003928, -27, 0, 0, 0, 0, 0, 0, 0, 0, 0, 
2025-12-28 12:48:13.583322|{tx-352} :AAAAAAA-BBB......
2025-12-28 12:48:13.748549|{rx-353} 1, 0, 7, 3, 303, 2928, 0, 0, 0, 0, 7, 6, 0, 6, 6
2025-12-28 12:48:13.753547|{rssi-353} 111, -127, -127, -127, -127, -127, -127, -127, -77, -127, -127, -127, 111, 111, 111, 111, 111, 111, 
2025-12-28 12:48:13.763613|{td-353} 0, -2950408, -2959328, -2968248, -2977168, -2986088, -2995008, -3003928, -21, 0, 0, 0, 0, 0, 0, 0, 0, 0, 
2025-12-28 12:48:13.773568|{tx-353} :AAAAAAA-BBB......
2025-12-28 12:48:13.941074|{rx-354} 0, 0, 14, 0, 303, 2942, 0, 0, 0, 0, 65535, 255, 0, 6, 6
2025-12-28 12:48:13.945898|{rssi-354} 111, -127, -127, -127, -127, -127, -127, -127, -127, -127, -127, -127, -127, -127, -127, 111, 111, 111, 
2025-12-28 12:48:13.956633|{td-354} 0, -2950408, -2959328, -2968248, -2977168, -2986088, -2995008, -3003928, -3012848, -3021768, -3030688, -3039608, -3048528, -3057448, -3066368, 0, 0, 0, 
2025-12-28 12:48:13.969400|{tx-354} :AAAAAAAAAAAAAA...
2025-12-28 12:48:14.128991|{rx-355} 1, 0, 9, 3, 304, 2952, 0, 0, 0, 0, 9, 6, 0, 6, 6
2025-12-28 12:48:14.135033|{rssi-355} 111, -127, -127, -127, -127, -127, -127, -127, -127, -127, -77, -127, -127, -127, 111, 111, 111, 111, 
2025-12-28 12:48:14.145238|{td-355} 0, -5989848, -5998768, -6007688, -6016608, -6025528, -6034448, -6043368, -6052288, -6061208, -55, 0, 0, 0, 0, 0, 0, 0, 
2025-12-28 12:48:14.156119|{tx-355} :AAAAAAAAA-BBB....
2025-12-28 12:48:14.319228|{rx-356} 1, 0, 7, 3, 305, 2960, 0, 0, 0, 0, 7, 6, 0, 6, 6
2025-12-28 12:48:14.323314|{rssi-356} 111, -127, -127, -127, -127, -127, -127, -127, -77, -127, -127, -127, 111, 111, 111, 111, 111, 111, 
2025-12-28 12:48:14.333464|{td-356} 0, -2932568, -2941488, -2950408, -2959328, -2968248, -2977168, -2986088, -29, 0, 0, 0, 0, 0, 0, 0, 0, 0, 
2025-12-28 12:48:14.344156|{tx-356} :AAAAAAA-BBB......
2025-12-28 12:48:14.508308|{rx-357} 1, 0, 7, 3, 306, 2968, 0, 0, 0, 0, 7, 6, 0, 6, 6
2025-12-28 12:48:14.514215|{rssi-357} 111, -127, -127, -127, -127, -127, -127, -127, -77, -127, -127, -127, 111, 111, 111, 111, 111, 111, 
2025-12-28 12:48:14.523443|{td-357} 0, -2950408, -2959328, -2968248, -2977168, -2986088, -2995008, -3003928, -25, 0, 0, 0, 0, 0, 0, 0, 0, 0, 
2025-12-28 12:48:14.533760|{tx-357} :AAAAAAA-BBB......
2025-12-28 12:48:14.699205|{rx-358} 1, 0, 8, 3, 307, 2977, 0, 0, 0, 0, 8, 7, 0, 6, 6
2025-12-28 12:48:14.703569|{rssi-358} 111, -127, -127, -127, -127, -127, -127, -127, -127, -77, -127, -127, -127, 111, 111, 111, 111, 111, 
2025-12-28 12:48:14.714536|{td-358} 0, -2950408, -2959328, -2968248, -2977168, -2986088, -2995008, -3003928, -3012848, -29, 0, 0, 0, 0, 0, 0, 0, 0, 
2025-12-28 12:48:14.725231|{tx-358} :AAAAAAAA-BBB.....
2025-12-28 12:48:14.889471|{rx-359} 1, 0, 7, 3, 308, 2985, 0, 0, 0, 0, 7, 6, 0, 6, 6
2025-12-28 12:48:14.893693|{rssi-359} 111, -127, -127, -127, -127, -127, -127, -127, -77, -127, -127, -127, 111, 111, 111, 111, 111, 111, 
2025-12-28 12:48:14.904988|{td-359} 0, -2941488, -2950408, -2959328, -2968248, -2977168, -2986088, -2995008, -25, 0, 0, 0, 0, 0, 0, 0, 0, 0, 
2025-12-28 12:48:14.913591|{tx-359} :AAAAAAA-BBB......
2025-12-28 12:48:15.078661|{rx-360} 1, 0, 7, 3, 309, 2993, 0, 0, 0, 0, 7, 6, 0, 6, 6
2025-12-28 12:48:15.083526|{rssi-360} 111, -127, -127, -127, -127, -127, -127, -127, -77, -127, -127, -127, 111, 111, 111, 111, 111, 111, 
2025-12-28 12:48:15.094057|{td-360} 0, -2950408, -2959328, -2968248, -2977168, -2986088, -2995008, -3003928, -27, 0, 0, 0, 0, 0, 0, 0, 0, 0, 
2025-12-28 12:48:15.103568|{tx-360} :AAAAAAA-BBB......
2025-12-28 12:48:15.269826|{rx-361} 1, 0, 8, 3, 310, 3002, 0, 0, 0, 0, 8, 6, 0, 6, 6
2025-12-28 12:48:15.273979|{rssi-361} 111, -127, -127, -127, -127, -127, -127, -127, -127, -77, -127, -127, -127, 111, 111, 111, 111, 111, 
2025-12-28 12:48:15.283650|{td-361} 0, -2950408, -2959328, -2968248, -2977168, -2986088, -2995008, -3003928, -3012848, -27, 0, 0, 0, 0, 0, 0, 0, 0, 
2025-12-28 12:48:15.295353|{tx-361} :AAAAAAAA-BBB.....
2025-12-28 12:48:15.461663|{rx-362} 0, 0, 14, 0, 310, 3016, 0, 0, 0, 0, 65535, 255, 0, 6, 6
2025-12-28 12:48:15.466707|{rssi-362} 111, -127, -127, -127, -127, -127, -127, -127, -127, -127, -127, -127, -127, -127, -127, 111, 111, 111, 
2025-12-28 12:48:15.476157|{td-362} 0, -2941488, -2950408, -2959328, -2968248, -2977168, -2986088, -2995008, -3003928, -3012848, -3021768, -3030688, -3039608, -3048528, -3057448, 0, 0, 0, 
2025-12-28 12:48:15.489290|{tx-362} :AAAAAAAAAAAAAA...
2025-12-28 12:48:15.647169|{rx-363} 1, 0, 5, 3, 311, 3022, 0, 0, 0, 0, 5, 6, 0, 6, 6
2025-12-28 12:48:15.652571|{rssi-363} 111, -127, -127, -127, -127, -127, -77, -127, -127, -127, 111, 111, 111, 111, 111, 111, 111, 111, 
2025-12-28 12:48:15.661483|{td-363} 0, -5980928, -5989848, -5998768, -6007688, -6016608, -51, 0, 0, 0, 0, 0, 0, 0, 0, 0, 0, 0, 
2025-12-28 12:48:15.671298|{tx-363} :AAAAA-BBB........
2025-12-28 12:48:15.838624|{rx-364} 1, 0, 7, 3, 312, 3030, 0, 0, 0, 0, 7, 6, 0, 6, 6
2025-12-28 12:48:15.844052|{rssi-364} 111, -127, -127, -127, -127, -127, -127, -127, -77, -127, -127, -127, 111, 111, 111, 111, 111, 111, 
2025-12-28 12:48:15.853480|{td-364} 0, -2968248, -2977168, -2986088, -2995008, -3003928, -3012848, -3021768, -25, 0, 0, 0, 0, 0, 0, 0, 0, 0, 
2025-12-28 12:48:15.863348|{tx-364} :AAAAAAA-BBB......
2025-12-28 12:48:16.028693|{rx-365} 1, 0, 7, 3, 313, 3038, 0, 0, 0, 0, 7, 6, 0, 6, 6
2025-12-28 12:48:16.033358|{rssi-365} 111, -127, -127, -127, -127, -127, -127, -127, -77, -127, -127, -127, 111, 111, 111, 111, 111, 111, 
2025-12-28 12:48:16.043667|{td-365} 0, -2950408, -2959328, -2968248, -2977168, -2986088, -2995008, -3003928, -33, 0, 0, 0, 0, 0, 0, 0, 0, 0, 
2025-12-28 12:48:16.052778|{tx-365} :AAAAAAA-BBB......
2025-12-28 12:48:16.218698|{rx-366} 1, 0, 7, 3, 314, 3046, 0, 0, 0, 0, 7, 6, 0, 6, 6
2025-12-28 12:48:16.223735|{rssi-366} 111, -127, -127, -127, -127, -127, -127, -127, -77, -127, -127, -127, 111, 111, 111, 111, 111, 111, 
2025-12-28 12:48:16.233660|{td-366} 0, -2950408, -2959328, -2968248, -2977168, -2986088, -2995008, -3003928, -25, 0, 0, 0, 0, 0, 0, 0, 0, 0, 
2025-12-28 12:48:16.243161|{tx-366} :AAAAAAA-BBB......
2025-12-28 12:48:16.408779|{rx-367} 1, 0, 7, 3, 315, 3054, 0, 0, 0, 0, 7, 6, 0, 6, 6
2025-12-28 12:48:16.413961|{rssi-367} 111, -127, -127, -127, -127, -127, -127, -127, -77, -127, -127, -127, 111, 111, 111, 111, 111, 111, 
2025-12-28 12:48:16.423124|{td-367} 0, -2950408, -2959328, -2968248, -2977168, -2986088, -2995008, -3003928, -25, 0, 0, 0, 0, 0, 0, 0, 0, 0, 
2025-12-28 12:48:16.432940|{tx-367} :AAAAAAA-BBB......
2025-12-28 12:48:16.598627|{rx-368} 1, 0, 7, 3, 316, 3062, 0, 0, 0, 0, 7, 6, 0, 6, 6
2025-12-28 12:48:16.603470|{rssi-368} 111, -127, -127, -127, -127, -127, -127, -127, -77, -127, -127, -127, 111, 111, 111, 111, 111, 111, 
2025-12-28 12:48:16.612989|{td-368} 0, -2950408, -2959328, -2968248, -2977168, -2986088, -2995008, -3003928, -27, 0, 0, 0, 0, 0, 0, 0, 0, 0, 
2025-12-28 12:48:16.623748|{tx-368} :AAAAAAA-BBB......
2025-12-28 12:48:16.788345|{rx-369} 1, 0, 7, 3, 317, 3070, 0, 0, 0, 0, 7, 6, 0, 6, 6
2025-12-28 12:48:16.793604|{rssi-369} 111, -127, -127, -127, -127, -127, -127, -127, -77, -127, -127, -127, 111, 111, 111, 111, 111, 111, 
2025-12-28 12:48:16.803449|{td-369} 0, -2950408, -2959328, -2968248, -2977168, -2986088, -2995008, -3003928, -25, 0, 0, 0, 0, 0, 0, 0, 0, 0, 
2025-12-28 12:48:16.814146|{tx-369} :AAAAAAA-BBB......
2025-12-28 12:48:16.979246|{rx-370} 0, 0, 14, 0, 317, 3084, 0, 0, 0, 0, 65535, 255, 0, 6, 6
2025-12-28 12:48:16.985376|{rssi-370} 111, -127, -127, -127, -127, -127, -127, -127, -127, -127, -127, -127, -127, -127, -127, 111, 111, 111, 
2025-12-28 12:48:16.995608|{td-370} 0, -2950408, -2959328, -2968248, -2977168, -2986088, -2995008, -3003928, -3012848, -3021768, -3030688, -3039608, -3048528, -3057448, -3066368, 0, 0, 0, 
2025-12-28 12:48:17.009421|{tx-370} :AAAAAAAAAAAAAA...
2025-12-28 12:48:17.168689|{rx-371} 1, 0, 7, 3, 318, 3092, 0, 0, 0, 0, 7, 6, 0, 6, 6
2025-12-28 12:48:17.173397|{rssi-371} 111, -127, -127, -127, -127, -127, -127, -127, -77, -127, -127, -127, 111, 111, 111, 111, 111, 111, 
2025-12-28 12:48:17.183221|{td-371} 0, -5989848, -5998768, -6007688, -6016608, -6025528, -6034448, -6043368, -51, 0, 0, 0, 0, 0, 0, 0, 0, 0, 
2025-12-28 12:48:17.192472|{tx-371} :AAAAAAA-BBB......
2025-12-28 12:48:17.358159|{rx-372} 1, 0, 7, 3, 319, 3100, 0, 0, 0, 0, 7, 6, 0, 6, 6
2025-12-28 12:48:17.363627|{rssi-372} 111, -127, -127, -127, -127, -127, -127, -127, -77, -127, -127, -127, 111, 111, 111, 111, 111, 111, 
2025-12-28 12:48:17.373503|{td-372} 0, -2950408, -2959328, -2968248, -2977168, -2986088, -2995008, -3003928, -29, 0, 0, 0, 0, 0, 0, 0, 0, 0, 
2025-12-28 12:48:17.383657|{tx-372} :AAAAAAA-BBB......
2025-12-28 12:48:17.547627|{rx-373} 1, 0, 5, 3, 320, 3106, 0, 0, 0, 0, 5, 6, 0, 6, 6
2025-12-28 12:48:17.551441|{rssi-373} 111, -127, -127, -127, -127, -127, -77, -127, -127, -127, 111, 111, 111, 111, 111, 111, 111, 111, 
2025-12-28 12:48:17.562221|{td-373} 0, -2950408, -2959328, -2968248, -2977168, -2986088, -25, 0, 0, 0, 0, 0, 0, 0, 0, 0, 0, 0, 
2025-12-28 12:48:17.571363|{tx-373} :AAAAA-BBB........
2025-12-28 12:48:17.738601|{rx-374} 0, 0, 14, 0, 320, 3120, 0, 0, 0, 0, 65535, 255, 0, 6, 6
2025-12-28 12:48:17.744568|{rssi-374} 111, -127, -127, -127, -127, -127, -127, -127, -127, -127, -127, -127, -127, -127, -127, 111, 111, 111, 
2025-12-28 12:48:17.755817|{td-374} 0, -2968248, -2977168, -2986088, -2995008, -3003928, -3012848, -3021768, -3030688, -3039608, -3048528, -3057448, -3066368, -3075288, -3084208, 0, 0, 0, 
2025-12-28 12:48:17.769321|{tx-374} :AAAAAAAAAAAAAA...
2025-12-28 12:48:17.929649|{rx-375} 0, 0, 14, 0, 320, 3134, 0, 0, 0, 0, 65535, 255, 0, 6, 6
2025-12-28 12:48:17.935484|{rssi-375} 111, -127, -127, -127, -127, -127, -127, -127, -127, -127, -127, -127, -127, -127, -127, 111, 111, 111, 
2025-12-28 12:48:17.945436|{td-375} 0, -6007688, -6016608, -6025528, -6034448, -6043368, -6052288, -6061208, -6070128, -6079048, -6087968, -6096888, -6105808, -6114728, -6123648, 0, 0, 0, 
2025-12-28 12:48:17.960374|{tx-375} :AAAAAAAAAAAAAA...
2025-12-28 12:48:18.118831|{rx-376} 1, 0, 7, 3, 321, 3142, 0, 0, 0, 0, 7, 6, 0, 6, 6
2025-12-28 12:48:18.123293|{rssi-376} 111, -127, -127, -127, -127, -127, -127, -127, -77, -127, -127, -127, 111, 111, 111, 111, 111, 111, 
2025-12-28 12:48:18.133098|{td-376} 0, -9047128, -9056048, -9064968, -9073888, -9082808, -9091728, -9100648, -81, 0, 0, 0, 0, 0, 0, 0, 0, 0, 
2025-12-28 12:48:18.143537|{tx-376} :AAAAAAA-BBB......
2025-12-28 12:48:18.308476|{rx-377} 1, 0, 7, 3, 322, 3150, 0, 0, 0, 0, 7, 6, 0, 6, 6
2025-12-28 12:48:18.312966|{rssi-377} 111, -127, -127, -127, -127, -127, -127, -127, -77, -127, -127, -127, 111, 111, 111, 111, 111, 111, 
2025-12-28 12:48:18.323290|{td-377} 0, -2950408, -2959328, -2968248, -2977168, -2986088, -2995008, -3003928, -23, 0, 0, 0, 0, 0, 0, 0, 0, 0, 
2025-12-28 12:48:18.333342|{tx-377} :AAAAAAA-BBB......
2025-12-28 12:48:18.498660|{rx-378} 1, 0, 7, 3, 323, 3158, 0, 0, 0, 0, 7, 6, 0, 6, 6
2025-12-28 12:48:18.503150|{rssi-378} 111, -127, -127, -127, -127, -127, -127, -127, -77, -127, -127, -127, 111, 111, 111, 111, 111, 111, 
2025-12-28 12:48:18.513082|{td-378} 0, -2950408, -2959328, -2968248, -2977168, -2986088, -2995008, -3003928, -31, 0, 0, 0, 0, 0, 0, 0, 0, 0, 
2025-12-28 12:48:18.523343|{tx-378} :AAAAAAA-BBB......
2025-12-28 12:48:18.686958|{rx-379} 1, 0, 6, 3, 324, 3165, 0, 0, 0, 0, 6, 6, 0, 6, 6
2025-12-28 12:48:18.691456|{rssi-379} 111, -127, -127, -127, -127, -127, -127, -77, -127, -127, -127, 111, 111, 111, 111, 111, 111, 111, 
2025-12-28 12:48:18.702732|{td-379} 0, -2950408, -2959328, -2968248, -2977168, -2986088, -2995008, -25, 0, 0, 0, 0, 0, 0, 0, 0, 0, 0, 
2025-12-28 12:48:18.712615|{tx-379} :AAAAAA-BBB.......
2025-12-28 12:48:18.877301|{rx-380} 1, 0, 7, 3, 325, 3173, 0, 0, 0, 0, 7, 6, 0, 6, 6
2025-12-28 12:48:18.883055|{rssi-380} 111, -127, -127, -127, -127, -127, -127, -127, -77, -127, -127, -127, 111, 111, 111, 111, 111, 111, 
2025-12-28 12:48:18.893725|{td-380} 0, -2959328, -2968248, -2977168, -2986088, -2995008, -3003928, -3012848, -23, 0, 0, 0, 0, 0, 0, 0, 0, 0, 
2025-12-28 12:48:18.903410|{tx-380} :AAAAAAA-BBB......
2025-12-28 12:48:19.066039|{rx-381} 1, 0, 5, 3, 326, 3179, 0, 0, 0, 0, 5, 6, 0, 6, 6
2025-12-28 12:48:19.072040|{rssi-381} 111, -127, -127, -127, -127, -127, -77, -127, -127, -127, 111, 111, 111, 111, 111, 111, 111, 111, 
2025-12-28 12:48:19.082850|{td-381} 0, -2950408, -2959328, -2968248, -2977168, -2986088, -29, 0, 0, 0, 0, 0, 0, 0, 0, 0, 0, 0, 
2025-12-28 12:48:19.091128|{tx-381} :AAAAA-BBB........
2025-12-28 12:48:19.259878|{rx-382} 0, 0, 14, 0, 326, 3193, 0, 0, 0, 0, 65535, 255, 0, 6, 6
2025-12-28 12:48:19.264480|{rssi-382} 111, -127, -127, -127, -127, -127, -127, -127, -127, -127, -127, -127, -127, -127, -127, 111, 111, 111, 
2025-12-28 12:48:19.275725|{td-382} 0, -2968248, -2977168, -2986088, -2995008, -3003928, -3012848, -3021768, -3030688, -3039608, -3048528, -3057448, -3066368, -3075288, -3084208, 0, 0, 0, 
2025-12-28 12:48:19.288660|{tx-382} :AAAAAAAAAAAAAA...
2025-12-28 12:48:19.447412|{rx-383} 1, 0, 6, 3, 327, 3200, 0, 0, 0, 0, 6, 7, 0, 6, 6
2025-12-28 12:48:19.453114|{rssi-383} 111, -127, -127, -127, -127, -127, -127, -77, -127, -127, -127, 111, 111, 111, 111, 111, 111, 111, 
2025-12-28 12:48:19.462291|{td-383} 0, -6007688, -6016608, -6025528, -6034448, -6043368, -6052288, -49, 0, 0, 0, 0, 0, 0, 0, 0, 0, 0, 
2025-12-28 12:48:19.470846|{tx-383} :AAAAAA-BBB.......
2025-12-28 12:48:19.640534|{rx-384} 0, 0, 14, 0, 327, 3214, 0, 0, 0, 0, 65535, 255, 0, 6, 6
2025-12-28 12:48:19.645171|{rssi-384} 111, -127, -127, -127, -127, -127, -127, -127, -127, -127, -127, -127, -127, -127, -127, 111, 111, 111, 
2025-12-28 12:48:19.655006|{td-384} 0, -2959328, -2968248, -2977168, -2986088, -2995008, -3003928, -3012848, -3021768, -3030688, -3039608, -3048528, -3057448, -3066368, -3075288, 0, 0, 0, 
2025-12-28 12:48:19.669696|{tx-384} :AAAAAAAAAAAAAA...
2025-12-28 12:48:19.827108|{rx-385} 1, 0, 7, 3, 328, 3222, 0, 0, 0, 0, 7, 6, 0, 6, 6
2025-12-28 12:48:19.832791|{rssi-385} 111, -127, -127, -127, -127, -127, -127, -127, -77, -127, -127, -127, 111, 111, 111, 111, 111, 111, 
2025-12-28 12:48:19.843386|{td-385} 0, -5998768, -6007688, -6016608, -6025528, -6034448, -6043368, -6052288, -55, 0, 0, 0, 0, 0, 0, 0, 0, 0, 
2025-12-28 12:48:19.851714|{tx-385} :AAAAAAA-BBB......
2025-12-28 12:48:20.018432|{rx-386} 1, 0, 9, 3, 329, 3232, 0, 0, 0, 0, 9, 7, 0, 6, 6
2025-12-28 12:48:20.023982|{rssi-386} 111, -127, -127, -127, -127, -127, -127, -127, -127, -127, -77, -127, -127, -127, 111, 111, 111, 111, 
2025-12-28 12:48:20.033446|{td-386} 0, -2950408, -2959328, -2968248, -2977168, -2986088, -2995008, -3003928, -3012848, -3021768, -27, 0, 0, 0, 0, 0, 0, 0, 
2025-12-28 12:48:20.045835|{tx-386} :AAAAAAAAA-BBB....
2025-12-28 12:48:20.208035|{rx-387} 1, 0, 7, 3, 330, 3240, 0, 0, 0, 0, 7, 6, 0, 6, 6
2025-12-28 12:48:20.213587|{rssi-387} 111, -127, -127, -127, -127, -127, -127, -127, -77, -127, -127, -127, 111, 111, 111, 111, 111, 111, 
2025-12-28 12:48:20.223200|{td-387} 0, -2932568, -2941488, -2950408, -2959328, -2968248, -2977168, -2986088, -31, 0, 0, 0, 0, 0, 0, 0, 0, 0, 
2025-12-28 12:48:20.233051|{tx-387} :AAAAAAA-BBB......
2025-12-28 12:48:20.398190|{rx-388} 1, 0, 7, 3, 331, 3248, 0, 0, 0, 0, 7, 6, 0, 6, 6
2025-12-28 12:48:20.403235|{rssi-388} 111, -127, -127, -127, -127, -127, -127, -127, -77, -127, -127, -127, 111, 111, 111, 111, 111, 111, 
2025-12-28 12:48:20.412723|{td-388} 0, -2950408, -2959328, -2968248, -2977168, -2986088, -2995008, -3003928, -25, 0, 0, 0, 0, 0, 0, 0, 0, 0, 
2025-12-28 12:48:20.421571|{tx-388} :AAAAAAA-BBB......
2025-12-28 12:48:20.586878|{rx-389} 1, 0, 5, 3, 332, 3254, 0, 0, 0, 0, 5, 6, 0, 6, 6
2025-12-28 12:48:20.592368|{rssi-389} 111, -127, -127, -127, -127, -127, -77, -127, -127, -127, 111, 111, 111, 111, 111, 111, 111, 111, 
2025-12-28 12:48:20.601468|{td-389} 0, -2950408, -2959328, -2968248, -2977168, -2986088, -25, 0, 0, 0, 0, 0, 0, 0, 0, 0, 0, 0, 
2025-12-28 12:48:20.610941|{tx-389} :AAAAA-BBB........
2025-12-28 12:48:20.778501|{rx-390} 1, 0, 8, 3, 333, 3263, 0, 0, 0, 0, 8, 6, 0, 6, 6
2025-12-28 12:48:20.783108|{rssi-390} 111, -127, -127, -127, -127, -127, -127, -127, -127, -77, -127, -127, -127, 111, 111, 111, 111, 111, 
2025-12-28 12:48:20.793278|{td-390} 0, -2968248, -2977168, -2986088, -2995008, -3003928, -3012848, -3021768, -3030688, -27, 0, 0, 0, 0, 0, 0, 0, 0, 
2025-12-28 12:48:20.803254|{tx-390} :AAAAAAAA-BBB.....
2025-12-28 12:48:20.968216|{rx-391} 0, 1, 14, 0, 333, 3278, 0, 0, 0, 0, 65535, 255, 0, 6, 6
2025-12-28 12:48:20.973818|{rssi-391} 111, -127, -127, -127, -127, -127, -127, -127, -127, -67, -67, -67, -67, -67, -67, 111, 111, 111, 
2025-12-28 12:48:20.985004|{td-391} 0, -2941488, -2950408, -2959328, -2968248, -2977168, -2986088, -2995008, -3003928, -25, -8945, -17865, -26785, -35705, -44625, 0, 0, 0, 
2025-12-28 12:48:20.997247|{tx-391} :AAAAAAAAPAAAAA...
2025-12-28 12:48:21.158174|{rx-392} 1, 0, 7, 3, 334, 3286, 0, 0, 0, 0, 7, 6, 0, 6, 6
2025-12-28 12:48:21.162571|{rssi-392} 111, -67, -67, -67, -67, -67, -67, -67, -77, -127, -127, -127, 111, 111, 111, 111, 111, 111, 
2025-12-28 12:48:21.172415|{td-392} 0, -2968105, -2977025, -2985945, -2994865, -3003785, -3012705, -3021625, -55, 0, 0, 0, 0, 0, 0, 0, 0, 0, 
2025-12-28 12:48:21.181549|{tx-392} :AAAAAAA-BBB......
2025-12-28 12:48:21.349539|{rx-393} 1, 0, 9, 3, 335, 3296, 0, 0, 0, 0, 9, 6, 0, 6, 6
2025-12-28 12:48:21.353926|{rssi-393} 111, -127, -127, -127, -127, -127, -127, -127, -127, -127, -77, -127, -127, -127, 111, 111, 111, 111, 
2025-12-28 12:48:21.363687|{td-393} 0, -2950408, -2959328, -2968248, -2977168, -2986088, -2995008, -3003928, -3012848, -3021768, -27, 0, 0, 0, 0, 0, 0, 0, 
2025-12-28 12:48:21.374095|{tx-393} :AAAAAAAAA-BBB....
2025-12-28 12:48:21.537344|{rx-394} 1, 0, 8, 3, 336, 3305, 0, 0, 0, 0, 8, 6, 0, 6, 6
2025-12-28 12:48:21.542878|{rssi-394} 111, -127, -127, -127, -127, -127, -127, -127, -127, -77, -127, -127, -127, 111, 111, 111, 111, 111, 
2025-12-28 12:48:21.552960|{td-394} 0, -2932568, -2941488, -2950408, -2959328, -2968248, -2977168, -2986088, -2995008, -23, 0, 0, 0, 0, 0, 0, 0, 0, 
2025-12-28 12:48:21.564107|{tx-394} :AAAAAAAA-BBB.....
2025-12-28 12:48:21.727880|{rx-395} 1, 0, 8, 3, 337, 3314, 0, 0, 0, 0, 8, 7, 0, 6, 6
2025-12-28 12:48:21.733184|{rssi-395} 111, -127, -127, -127, -127, -127, -127, -127, -127, -77, -127, -127, -127, 111, 111, 111, 111, 111, 
2025-12-28 12:48:21.743538|{td-395} 0, -2941488, -2950408, -2959328, -2968248, -2977168, -2986088, -2995008, -3003928, -29, 0, 0, 0, 0, 0, 0, 0, 0, 
2025-12-28 12:48:21.753168|{tx-395} :AAAAAAAA-BBB.....
2025-12-28 12:48:21.917451|{rx-396} 1, 0, 7, 3, 338, 3322, 0, 0, 0, 0, 7, 6, 0, 6, 6
2025-12-28 12:48:21.922807|{rssi-396} 111, -127, -127, -127, -127, -127, -127, -127, -77, -127, -127, -127, 111, 111, 111, 111, 111, 111, 
2025-12-28 12:48:21.932826|{td-396} 0, -2941488, -2950408, -2959328, -2968248, -2977168, -2986088, -2995008, -27, 0, 0, 0, 0, 0, 0, 0, 0, 0, 
2025-12-28 12:48:21.942910|{tx-396} :AAAAAAA-BBB......
2025-12-28 12:48:22.108906|{rx-397} 0, 0, 14, 0, 338, 3336, 0, 0, 0, 0, 65535, 255, 0, 6, 6
2025-12-28 12:48:22.114827|{rssi-397} 111, -127, -127, -127, -127, -127, -127, -127, -127, -127, -127, -127, -127, -127, -127, 111, 111, 111, 
2025-12-28 12:48:22.124852|{td-397} 0, -2950408, -2959328, -2968248, -2977168, -2986088, -2995008, -3003928, -3012848, -3021768, -3030688, -3039608, -3048528, -3057448, -3066368, 0, 0, 0, 
2025-12-28 12:48:22.139677|{tx-397} :AAAAAAAAAAAAAA...
2025-12-28 12:48:22.297140|{rx-398} 1, 0, 7, 3, 339, 3344, 0, 0, 0, 0, 7, 6, 0, 6, 6
2025-12-28 12:48:22.301811|{rssi-398} 111, -127, -127, -127, -127, -127, -127, -127, -77, -127, -127, -127, 111, 111, 111, 111, 111, 111, 
2025-12-28 12:48:22.312377|{td-398} 0, -5989848, -5998768, -6007688, -6016608, -6025528, -6034448, -6043368, -49, 0, 0, 0, 0, 0, 0, 0, 0, 0, 
2025-12-28 12:48:22.321955|{tx-398} :AAAAAAA-BBB......
2025-12-28 12:48:22.486275|{rx-399} 1, 0, 6, 3, 340, 3351, 0, 0, 0, 0, 6, 6, 0, 6, 6
2025-12-28 12:48:22.491409|{rssi-399} 111, -127, -127, -127, -127, -127, -127, -77, -127, -127, -127, 111, 111, 111, 111, 111, 111, 111, 
2025-12-28 12:48:22.502977|{td-399} 0, -2950408, -2959328, -2968248, -2977168, -2986088, -2995008, -27, 0, 0, 0, 0, 0, 0, 0, 0, 0, 0, 
2025-12-28 12:48:22.511628|{tx-399} :AAAAAA-BBB.......
2025-12-28 12:48:22.677191|{rx-400} 1, 0, 8, 3, 341, 3360, 0, 0, 0, 0, 8, 6, 0, 6, 6
2025-12-28 12:48:22.683016|{rssi-400} 111, -127, -127, -127, -127, -127, -127, -127, -127, -77, -127, -127, -127, 111, 111, 111, 111, 111, 
2025-12-28 12:48:22.693047|{td-400} 0, -2959328, -2968248, -2977168, -2986088, -2995008, -3003928, -3012848, -3021768, -31, 0, 0, 0, 0, 0, 0, 0, 0, 
2025-12-28 12:48:22.703633|{tx-400} :AAAAAAAA-BBB.....
2025-12-28 12:48:22.867698|{rx-401} 1, 0, 7, 3, 342, 3368, 0, 0, 0, 0, 7, 6, 0, 6, 6
2025-12-28 12:48:22.872739|{rssi-401} 111, -127, -127, -127, -127, -127, -127, -127, -77, -127, -127, -127, 111, 111, 111, 111, 111, 111, 
2025-12-28 12:48:22.881745|{td-401} 0, -2941488, -2950408, -2959328, -2968248, -2977168, -2986088, -2995008, -27, 0, 0, 0, 0, 0, 0, 0, 0, 0, 
2025-12-28 12:48:22.892106|{tx-401} :AAAAAAA-BBB......
2025-12-28 12:48:23.057557|{rx-402} 1, 0, 7, 3, 343, 3376, 0, 0, 0, 0, 7, 6, 0, 6, 6
2025-12-28 12:48:23.063074|{rssi-402} 111, -127, -127, -127, -127, -127, -127, -127, -77, -127, -127, -127, 111, 111, 111, 111, 111, 111, 
2025-12-28 12:48:23.072204|{td-402} 0, -2950408, -2959328, -2968248, -2977168, -2986088, -2995008, -3003928, -23, 0, 0, 0, 0, 0, 0, 0, 0, 0, 
2025-12-28 12:48:23.081827|{tx-402} :AAAAAAA-BBB......
2025-12-28 12:48:23.247713|{rx-403} 1, 0, 7, 3, 344, 3384, 0, 0, 0, 0, 7, 6, 0, 6, 6
2025-12-28 12:48:23.252661|{rssi-403} 111, -127, -127, -127, -127, -127, -127, -127, -77, -127, -127, -127, 111, 111, 111, 111, 111, 111, 
2025-12-28 12:48:23.262642|{td-403} 0, -2950408, -2959328, -2968248, -2977168, -2986088, -2995008, -3003928, -25, 0, 0, 0, 0, 0, 0, 0, 0, 0, 
2025-12-28 12:48:23.271407|{tx-403} :AAAAAAA-BBB......
2025-12-28 12:48:23.437829|{rx-404} 1, 0, 7, 3, 345, 3392, 0, 0, 0, 0, 7, 6, 0, 6, 6
2025-12-28 12:48:23.442418|{rssi-404} 111, -127, -127, -127, -127, -127, -127, -127, -77, -127, -127, -127, 111, 111, 111, 111, 111, 111, 
2025-12-28 12:48:23.452254|{td-404} 0, -2950408, -2959328, -2968248, -2977168, -2986088, -2995008, -3003928, -31, 0, 0, 0, 0, 0, 0, 0, 0, 0, 
2025-12-28 12:48:23.461925|{tx-404} :AAAAAAA-BBB......
2025-12-28 12:48:23.627604|{rx-405} 1, 0, 7, 3, 346, 3400, 0, 0, 0, 0, 7, 6, 0, 6, 6
2025-12-28 12:48:23.632591|{rssi-405} 111, -127, -127, -127, -127, -127, -127, -127, -77, -127, -127, -127, 111, 111, 111, 111, 111, 111, 
2025-12-28 12:48:23.642412|{td-405} 0, -2950408, -2959328, -2968248, -2977168, -2986088, -2995008, -3003928, -23, 0, 0, 0, 0, 0, 0, 0, 0, 0, 
2025-12-28 12:48:23.651177|{tx-405} :AAAAAAA-BBB......
2025-12-28 12:48:23.817127|{rx-406} 1, 0, 7, 3, 347, 3408, 0, 0, 0, 0, 7, 6, 0, 6, 6
2025-12-28 12:48:23.821590|{rssi-406} 111, -127, -127, -127, -127, -127, -127, -127, -77, -127, -127, -127, 111, 111, 111, 111, 111, 111, 
2025-12-28 12:48:23.832330|{td-406} 0, -2950408, -2959328, -2968248, -2977168, -2986088, -2995008, -3003928, -29, 0, 0, 0, 0, 0, 0, 0, 0, 0, 
2025-12-28 12:48:23.842086|{tx-406} :AAAAAAA-BBB......
2025-12-28 12:48:24.007711|{rx-407} 1, 0, 8, 3, 348, 3417, 0, 0, 0, 0, 8, 7, 0, 6, 6
2025-12-28 12:48:24.013604|{rssi-407} 111, -127, -127, -127, -127, -127, -127, -127, -127, -77, -127, -127, -127, 111, 111, 111, 111, 111, 
2025-12-28 12:48:24.022849|{td-407} 0, -2950408, -2959328, -2968248, -2977168, -2986088, -2995008, -3003928, -3012848, -27, 0, 0, 0, 0, 0, 0, 0, 0, 
2025-12-28 12:48:24.032701|{tx-407} :AAAAAAAA-BBB.....
2025-12-28 12:48:24.198411|{rx-408} 1, 0, 9, 3, 349, 3427, 0, 0, 0, 0, 9, 7, 0, 6, 6
2025-12-28 12:48:24.203241|{rssi-408} 111, -127, -127, -127, -127, -127, -127, -127, -127, -127, -77, -127, -127, -127, 111, 111, 111, 111, 
2025-12-28 12:48:24.213196|{td-408} 0, -2941488, -2950408, -2959328, -2968248, -2977168, -2986088, -2995008, -3003928, -3012848, -23, 0, 0, 0, 0, 0, 0, 0, 
2025-12-28 12:48:24.224561|{tx-408} :AAAAAAAAA-BBB....
2025-12-28 12:48:24.387986|{rx-409} 1, 0, 8, 3, 350, 3436, 0, 0, 0, 0, 8, 6, 0, 6, 6
2025-12-28 12:48:24.392678|{rssi-409} 111, -127, -127, -127, -127, -127, -127, -127, -127, -77, -127, -127, -127, 111, 111, 111, 111, 111, 
2025-12-28 12:48:24.402724|{td-409} 0, -2932568, -2941488, -2950408, -2959328, -2968248, -2977168, -2986088, -2995008, -29, 0, 0, 0, 0, 0, 0, 0, 0, 
2025-12-28 12:48:24.413578|{tx-409} :AAAAAAAA-BBB.....
2025-12-28 12:48:24.576257|{rx-410} 1, 0, 7, 3, 351, 3444, 0, 0, 0, 0, 7, 6, 0, 6, 6
2025-12-28 12:48:24.581546|{rssi-410} 111, -127, -127, -127, -127, -127, -127, -127, -77, -127, -127, -127, 111, 111, 111, 111, 111, 111, 
2025-12-28 12:48:24.592297|{td-410} 0, -2941488, -2950408, -2959328, -2968248, -2977168, -2986088, -2995008, -27, 0, 0, 0, 0, 0, 0, 0, 0, 0, 
2025-12-28 12:48:24.601556|{tx-410} :AAAAAAA-BBB......
2025-12-28 12:48:24.766845|{rx-411} 1, 0, 7, 3, 352, 3452, 0, 0, 0, 0, 7, 6, 0, 6, 6
2025-12-28 12:48:24.772299|{rssi-411} 111, -127, -127, -127, -127, -127, -127, -127, -77, -127, -127, -127, 111, 111, 111, 111, 111, 111, 
2025-12-28 12:48:24.781096|{td-411} 0, -2950408, -2959328, -2968248, -2977168, -2986088, -2995008, -3003928, -27, 0, 0, 0, 0, 0, 0, 0, 0, 0, 
2025-12-28 12:48:24.790849|{tx-411} :AAAAAAA-BBB......
2025-12-28 12:48:24.956107|{rx-412} 1, 0, 5, 3, 353, 3458, 0, 0, 0, 0, 5, 6, 0, 6, 6
2025-12-28 12:48:24.961815|{rssi-412} 111, -127, -127, -127, -127, -127, -77, -127, -127, -127, 111, 111, 111, 111, 111, 111, 111, 111, 
2025-12-28 12:48:24.969795|{td-412} 0, -2950408, -2959328, -2968248, -2977168, -2986088, -25, 0, 0, 0, 0, 0, 0, 0, 0, 0, 0, 0, 
2025-12-28 12:48:24.979699|{tx-412} :AAAAA-BBB........
2025-12-28 12:48:25.146049|{rx-413} 1, 0, 6, 3, 354, 3465, 0, 0, 0, 0, 6, 6, 0, 6, 6
2025-12-28 12:48:25.152242|{rssi-413} 111, -127, -127, -127, -127, -127, -127, -77, -127, -127, -127, 111, 111, 111, 111, 111, 111, 111, 
2025-12-28 12:48:25.161008|{td-413} 0, -2968248, -2977168, -2986088, -2995008, -3003928, -3012848, -25, 0, 0, 0, 0, 0, 0, 0, 0, 0, 0, 
2025-12-28 12:48:25.170939|{tx-413} :AAAAAA-BBB.......
2025-12-28 12:48:25.336534|{rx-414} 1, 0, 7, 3, 355, 3473, 0, 0, 0, 0, 7, 6, 0, 6, 6
2025-12-28 12:48:25.341741|{rssi-414} 111, -127, -127, -127, -127, -127, -127, -127, -77, -127, -127, -127, 111, 111, 111, 111, 111, 111, 
2025-12-28 12:48:25.352707|{td-414} 0, -2959328, -2968248, -2977168, -2986088, -2995008, -3003928, -3012848, -27, 0, 0, 0, 0, 0, 0, 0, 0, 0, 
2025-12-28 12:48:25.360973|{tx-414} :AAAAAAA-BBB......
2025-12-28 12:48:25.525951|{rx-415} 1, 0, 7, 3, 356, 3481, 0, 0, 0, 0, 7, 6, 0, 6, 6
2025-12-28 12:48:25.532006|{rssi-415} 111, -127, -127, -127, -127, -127, -127, -127, -77, -127, -127, -127, 111, 111, 111, 111, 111, 111, 
2025-12-28 12:48:25.540987|{td-415} 0, -2950408, -2959328, -2968248, -2977168, -2986088, -2995008, -3003928, -27, 0, 0, 0, 0, 0, 0, 0, 0, 0, 
2025-12-28 12:48:25.550830|{tx-415} :AAAAAAA-BBB......
2025-12-28 12:48:25.716352|{rx-416} 1, 0, 7, 3, 357, 3489, 0, 0, 0, 0, 7, 6, 0, 6, 6
2025-12-28 12:48:25.722052|{rssi-416} 111, -127, -127, -127, -127, -127, -127, -127, -77, -127, -127, -127, 111, 111, 111, 111, 111, 111, 
2025-12-28 12:48:25.731748|{td-416} 0, -2950408, -2959328, -2968248, -2977168, -2986088, -2995008, -3003928, -25, 0, 0, 0, 0, 0, 0, 0, 0, 0, 
2025-12-28 12:48:25.741284|{tx-416} :AAAAAAA-BBB......
2025-12-28 12:48:25.907560|{rx-417} 1, 0, 8, 3, 358, 3498, 0, 0, 0, 0, 8, 7, 0, 6, 6
2025-12-28 12:48:25.911745|{rssi-417} 111, -127, -127, -127, -127, -127, -127, -127, -127, -77, -127, -127, -127, 111, 111, 111, 111, 111, 
2025-12-28 12:48:25.922925|{td-417} 0, -2950408, -2959328, -2968248, -2977168, -2986088, -2995008, -3003928, -3012848, -31, 0, 0, 0, 0, 0, 0, 0, 0, 
2025-12-28 12:48:25.933351|{tx-417} :AAAAAAAA-BBB.....
2025-12-28 12:48:26.097756|{rx-418} 1, 0, 9, 3, 359, 3508, 0, 0, 0, 0, 9, 6, 0, 6, 6
2025-12-28 12:48:26.104008|{rssi-418} 111, -127, -127, -127, -127, -127, -127, -127, -127, -127, -77, -127, -127, -127, 111, 111, 111, 111, 
2025-12-28 12:48:26.112735|{td-418} 0, -2941488, -2950408, -2959328, -2968248, -2977168, -2986088, -2995008, -3003928, -3012848, -29, 0, 0, 0, 0, 0, 0, 0, 
2025-12-28 12:48:26.124805|{tx-418} :AAAAAAAAA-BBB....
2025-12-28 12:48:26.285833|{rx-419} 1, 0, 7, 3, 360, 3516, 0, 0, 0, 0, 7, 6, 0, 6, 6
2025-12-28 12:48:26.291033|{rssi-419} 111, -127, -127, -127, -127, -127, -127, -127, -77, -127, -127, -127, 111, 111, 111, 111, 111, 111, 
2025-12-28 12:48:26.302167|{td-419} 0, -2932568, -2941488, -2950408, -2959328, -2968248, -2977168, -2986088, -21, 0, 0, 0, 0, 0, 0, 0, 0, 0, 
2025-12-28 12:48:26.311193|{tx-419} :AAAAAAA-BBB......
2025-12-28 12:48:26.477133|{rx-420} 1, 0, 7, 3, 361, 3524, 0, 0, 0, 0, 7, 6, 0, 6, 6
2025-12-28 12:48:26.481792|{rssi-420} 111, -127, -127, -127, -127, -127, -127, -127, -77, -127, -127, -127, 111, 111, 111, 111, 111, 111, 
2025-12-28 12:48:26.490863|{td-420} 0, -2950408, -2959328, -2968248, -2977168, -2986088, -2995008, -3003928, -29, 0, 0, 0, 0, 0, 0, 0, 0, 0, 
2025-12-28 12:48:26.501281|{tx-420} :AAAAAAA-BBB......
2025-12-28 12:48:26.664975|{rx-421} 1, 0, 5, 3, 362, 3530, 0, 0, 0, 0, 5, 6, 0, 6, 6
2025-12-28 12:48:26.670750|{rssi-421} 111, -127, -127, -127, -127, -127, -77, -127, -127, -127, 111, 111, 111, 111, 111, 111, 111, 111, 
2025-12-28 12:48:26.680799|{td-421} 0, -2950408, -2959328, -2968248, -2977168, -2986088, -21, 0, 0, 0, 0, 0, 0, 0, 0, 0, 0, 0, 
2025-12-28 12:48:26.688717|{tx-421} :AAAAA-BBB........
2025-12-28 12:48:26.856989|{rx-422} 1, 0, 7, 3, 363, 3538, 0, 0, 0, 0, 7, 6, 0, 6, 6
2025-12-28 12:48:26.862043|{rssi-422} 111, -127, -127, -127, -127, -127, -127, -127, -77, -127, -127, -127, 111, 111, 111, 111, 111, 111, 
2025-12-28 12:48:26.871466|{td-422} 0, -2968248, -2977168, -2986088, -2995008, -3003928, -3012848, -3021768, -31, 0, 0, 0, 0, 0, 0, 0, 0, 0, 
2025-12-28 12:48:26.880997|{tx-422} :AAAAAAA-BBB......
2025-12-28 12:48:27.046996|{rx-423} 1, 0, 7, 3, 364, 3546, 0, 0, 0, 0, 7, 6, 0, 6, 6
2025-12-28 12:48:27.051595|{rssi-423} 111, -127, -127, -127, -127, -127, -127, -127, -77, -127, -127, -127, 111, 111, 111, 111, 111, 111, 
2025-12-28 12:48:27.061131|{td-423} 0, -2950408, -2959328, -2968248, -2977168, -2986088, -2995008, -3003928, -27, 0, 0, 0, 0, 0, 0, 0, 0, 0, 
2025-12-28 12:48:27.072004|{tx-423} :AAAAAAA-BBB......
2025-12-28 12:48:27.235401|{rx-424} 1, 0, 5, 3, 365, 3552, 0, 0, 0, 0, 5, 6, 0, 6, 6
2025-12-28 12:48:27.240964|{rssi-424} 111, -127, -127, -127, -127, -127, -77, -127, -127, -127, 111, 111, 111, 111, 111, 111, 111, 111, 
2025-12-28 12:48:27.251132|{td-424} 0, -2950408, -2959328, -2968248, -2977168, -2986088, -27, 0, 0, 0, 0, 0, 0, 0, 0, 0, 0, 0, 
2025-12-28 12:48:27.259376|{tx-424} :AAAAA-BBB........
2025-12-28 12:48:27.426566|{rx-425} 1, 0, 8, 3, 366, 3561, 0, 0, 0, 0, 8, 6, 0, 6, 6
2025-12-28 12:48:27.432174|{rssi-425} 111, -127, -127, -127, -127, -127, -127, -127, -127, -77, -127, -127, -127, 111, 111, 111, 111, 111, 
2025-12-28 12:48:27.442364|{td-425} 0, -2968248, -2977168, -2986088, -2995008, -3003928, -3012848, -3021768, -3030688, -23, 0, 0, 0, 0, 0, 0, 0, 0, 
2025-12-28 12:48:27.451502|{tx-425} :AAAAAAAA-BBB.....
2025-12-28 12:48:27.616951|{rx-426} 1, 0, 7, 3, 367, 3569, 0, 0, 0, 0, 7, 7, 0, 6, 6
2025-12-28 12:48:27.620855|{rssi-426} 111, -127, -127, -127, -127, -127, -127, -127, -77, -127, -127, -127, 111, 111, 111, 111, 111, 111, 
2025-12-28 12:48:27.630727|{td-426} 0, -2941488, -2950408, -2959328, -2968248, -2977168, -2986088, -2995008, -29, 0, 0, 0, 0, 0, 0, 0, 0, 0, 
2025-12-28 12:48:27.641627|{tx-426} :AAAAAAA-BBB......
2025-12-28 12:48:27.806701|{rx-427} 1, 0, 8, 3, 368, 3578, 0, 0, 0, 0, 8, 7, 0, 6, 6
2025-12-28 12:48:27.811531|{rssi-427} 111, -127, -127, -127, -127, -127, -127, -127, -127, -77, -127, -127, -127, 111, 111, 111, 111, 111, 
2025-12-28 12:48:27.822980|{td-427} 0, -2950408, -2959328, -2968248, -2977168, -2986088, -2995008, -3003928, -3012848, -25, 0, 0, 0, 0, 0, 0, 0, 0, 
2025-12-28 12:48:27.832853|{tx-427} :AAAAAAAA-BBB.....
2025-12-28 12:48:27.995748|{rx-428} 1, 0, 6, 3, 369, 3585, 0, 0, 0, 0, 6, 6, 0, 6, 6
2025-12-28 12:48:27.000365|{rssi-428} 111, -127, -127, -127, -127, -127, -127, -77, -127, -127, -127, 111, 111, 111, 111, 111, 111, 111, 
2025-12-28 12:48:28.010797|{td-428} 0, -2941488, -2950408, -2959328, -2968248, -2977168, -2986088, -21, 0, 0, 0, 0, 0, 0, 0, 0, 0, 0, 
2025-12-28 12:48:28.021323|{tx-428} :AAAAAA-BBB.......
2025-12-28 12:48:28.187990|{rx-429} 0, 0, 14, 0, 369, 3599, 0, 0, 0, 0, 65535, 255, 0, 6, 6
2025-12-28 12:48:28.193563|{rssi-429} 111, -127, -127, -127, -127, -127, -127, -127, -127, -127, -127, -127, -127, -127, -127, 111, 111, 111, 
2025-12-28 12:48:28.203955|{td-429} 0, -2959328, -2968248, -2977168, -2986088, -2995008, -3003928, -3012848, -3021768, -3030688, -3039608, -3048528, -3057448, -3066368, -3075288, 0, 0, 0, 
2025-12-28 12:48:28.218051|{tx-429} :AAAAAAAAAAAAAA...
2025-12-28 12:48:28.377378|{rx-430} 0, 0, 14, 0, 369, 3613, 0, 0, 0, 0, 65535, 255, 0, 6, 6
2025-12-28 12:48:28.383312|{rssi-430} 111, -127, -127, -127, -127, -127, -127, -127, -127, -127, -127, -127, -127, -127, -127, 111, 111, 111, 
2025-12-28 12:48:28.393591|{td-430} 0, -5998768, -6007688, -6016608, -6025528, -6034448, -6043368, -6052288, -6061208, -6070128, -6079048, -6087968, -6096888, -6105808, -6114728, 0, 0, 0, 
2025-12-28 12:48:28.406849|{tx-430} :AAAAAAAAAAAAAA...
2025-12-28 12:48:28.566811|{rx-431} 1, 0, 7, 3, 370, 3621, 0, 0, 0, 0, 7, 6, 0, 6, 6
2025-12-28 12:48:28.571335|{rssi-431} 111, -127, -127, -127, -127, -127, -127, -127, -77, -127, -127, -127, 111, 111, 111, 111, 111, 111, 
2025-12-28 12:48:28.581557|{td-431} 0, -9038208, -9047128, -9056048, -9064968, -9073888, -9082808, -9091728, -85, 0, 0, 0, 0, 0, 0, 0, 0, 0, 
2025-12-28 12:48:28.591534|{tx-431} :AAAAAAA-BBB......
2025-12-28 12:48:28.756656|{rx-432} 1, 0, 7, 3, 371, 3629, 0, 0, 0, 0, 7, 6, 0, 6, 6
2025-12-28 12:48:28.761269|{rssi-432} 111, -127, -127, -127, -127, -127, -127, -127, -77, -127, -127, -127, 111, 111, 111, 111, 111, 111, 
2025-12-28 12:48:28.771526|{td-432} 0, -2950408, -2959328, -2968248, -2977168, -2986088, -2995008, -3003928, -27, 0, 0, 0, 0, 0, 0, 0, 0, 0, 
2025-12-28 12:48:28.781626|{tx-432} :AAAAAAA-BBB......
2025-12-28 12:48:28.945381|{rx-433} 1, 0, 7, 3, 372, 3637, 0, 0, 0, 0, 7, 6, 0, 6, 6
2025-12-28 12:48:28.951332|{rssi-433} 111, -127, -127, -127, -127, -127, -127, -127, -77, -127, -127, -127, 111, 111, 111, 111, 111, 111, 
2025-12-28 12:48:28.961338|{td-433} 0, -2950408, -2959328, -2968248, -2977168, -2986088, -2995008, -3003928, -27, 0, 0, 0, 0, 0, 0, 0, 0, 0, 
2025-12-28 12:48:28.970669|{tx-433} :AAAAAAA-BBB......
2025-12-28 12:48:29.135700|{rx-434} 1, 0, 7, 3, 373, 3645, 0, 0, 0, 0, 7, 6, 0, 6, 6
2025-12-28 12:48:29.141588|{rssi-434} 111, -127, -127, -127, -127, -127, -127, -127, -77, -127, -127, -127, 111, 111, 111, 111, 111, 111, 
2025-12-28 12:48:29.151969|{td-434} 0, -2950408, -2959328, -2968248, -2977168, -2986088, -2995008, -3003928, -25, 0, 0, 0, 0, 0, 0, 0, 0, 0, 
2025-12-28 12:48:29.161752|{tx-434} :AAAAAAA-BBB......
2025-12-28 12:48:29.325189|{rx-435} 1, 0, 7, 3, 374, 3653, 0, 0, 0, 0, 7, 6, 0, 6, 6
2025-12-28 12:48:29.331287|{rssi-435} 111, -127, -127, -127, -127, -127, -127, -127, -77, -127, -127, -127, 111, 111, 111, 111, 111, 111, 
2025-12-28 12:48:29.341303|{td-435} 0, -2950408, -2959328, -2968248, -2977168, -2986088, -2995008, -3003928, -25, 0, 0, 0, 0, 0, 0, 0, 0, 0, 
2025-12-28 12:48:29.351546|{tx-435} :AAAAAAA-BBB......
2025-12-28 12:48:29.515006|{rx-436} 1, 0, 5, 3, 375, 3659, 0, 0, 0, 0, 5, 6, 0, 6, 6
2025-12-28 12:48:29.519464|{rssi-436} 111, -127, -127, -127, -127, -127, -76, -127, -127, -127, 111, 111, 111, 111, 111, 111, 111, 111, 
2025-12-28 12:48:29.529604|{td-436} 0, -2950408, -2959328, -2968248, -2977168, -2986088, -27, 0, 0, 0, 0, 0, 0, 0, 0, 0, 0, 0, 
2025-12-28 12:48:29.538852|{tx-436} :AAAAA-BBB........
2025-12-28 12:48:29.708049|{rx-437} 1, 0, 10, 3, 376, 3670, 0, 0, 0, 0, 10, 8, 0, 6, 6
2025-12-28 12:48:29.711716|{rssi-437} 111, -127, -127, -127, -127, -127, -127, -127, -127, -127, -127, -77, -127, -127, -127, 111, 111, 111, 
2025-12-28 12:48:29.723258|{td-437} 0, -2968248, -2977168, -2986088, -2995008, -3003928, -3012848, -3021768, -3030688, -3039608, -3048528, -31, 0, 0, 0, 0, 0, 0, 
2025-12-28 12:48:29.735286|{tx-437} :AAAAAAAAAA-BBB...
2025-12-28 12:48:29.897073|{rx-438} 1, 0, 9, 3, 377, 3680, 0, 0, 0, 0, 9, 7, 0, 6, 6
2025-12-28 12:48:29.902863|{rssi-438} 111, -127, -127, -127, -127, -127, -127, -127, -127, -127, -77, -127, -127, -127, 111, 111, 111, 111, 
2025-12-28 12:48:29.912736|{td-438} 0, -2923648, -2932568, -2941488, -2950408, -2959328, -2968248, -2977168, -2986088, -2995008, -25, 0, 0, 0, 0, 0, 0, 0, 
2025-12-28 12:48:29.923208|{tx-438} :AAAAAAAAA-BBB....
2025-12-28 12:48:30.085685|{rx-439} 1, 0, 7, 3, 378, 3688, 0, 0, 0, 0, 7, 6, 0, 6, 6
2025-12-28 12:48:30.090929|{rssi-439} 111, -127, -127, -127, -127, -127, -127, -127, -77, -127, -127, -127, 111, 111, 111, 111, 111, 111, 
2025-12-28 12:48:30.101075|{td-439} 0, -2932568, -2941488, -2950408, -2959328, -2968248, -2977168, -2986088, -25, 0, 0, 0, 0, 0, 0, 0, 0, 0, 
2025-12-28 12:48:30.111542|{tx-439} :AAAAAAA-BBB......
2025-12-28 12:48:30.275963|{rx-440} 1, 0, 6, 3, 379, 3695, 0, 0, 0, 0, 6, 5, 0, 6, 6
2025-12-28 12:48:30.280676|{rssi-440} 111, -127, -127, -127, -127, -127, -127, -77, -127, -127, -127, 111, 111, 111, 111, 111, 111, 111, 
2025-12-28 12:48:30.291220|{td-440} 0, -2950408, -2959328, -2968248, -2977168, -2986088, -2995008, -23, 0, 0, 0, 0, 0, 0, 0, 0, 0, 0, 
2025-12-28 12:48:30.299309|{tx-440} :AAAAAA-BBB.......
2025-12-28 12:48:30.466004|{rx-441} 1, 0, 6, 3, 380, 3702, 0, 0, 0, 0, 6, 6, 0, 6, 6
2025-12-28 12:48:30.469991|{rssi-441} 111, -127, -127, -127, -127, -127, -127, -77, -127, -127, -127, 111, 111, 111, 111, 111, 111, 111, 
2025-12-28 12:48:30.480460|{td-441} 0, -2959328, -2968248, -2977168, -2986088, -2995008, -3003928, -29, 0, 0, 0, 0, 0, 0, 0, 0, 0, 0, 
2025-12-28 12:48:30.490365|{tx-441} :AAAAAA-BBB.......
2025-12-28 12:48:30.655036|{rx-442} 1, 0, 5, 3, 381, 3708, 0, 0, 0, 0, 5, 6, 0, 6, 6
2025-12-28 12:48:30.659427|{rssi-442} 111, -127, -127, -127, -127, -127, -77, -127, -127, -127, 111, 111, 111, 111, 111, 111, 111, 111, 
2025-12-28 12:48:30.669931|{td-442} 0, -2959328, -2968248, -2977168, -2986088, -2995008, -27, 0, 0, 0, 0, 0, 0, 0, 0, 0, 0, 0, 
2025-12-28 12:48:30.677913|{tx-442} :AAAAA-BBB........
2025-12-28 12:48:30.845560|{rx-443} 1, 0, 7, 3, 382, 3716, 0, 0, 0, 0, 7, 6, 0, 6, 6
2025-12-28 12:48:30.850918|{rssi-443} 111, -127, -127, -127, -127, -127, -127, -127, -77, -127, -127, -127, 111, 111, 111, 111, 111, 111, 
2025-12-28 12:48:30.861530|{td-443} 0, -2968248, -2977168, -2986088, -2995008, -3003928, -3012848, -3021768, -23, 0, 0, 0, 0, 0, 0, 0, 0, 0, 
2025-12-28 12:48:30.869584|{tx-443} :AAAAAAA-BBB......
2025-12-28 12:48:31.037763|{rx-444} 0, 0, 14, 0, 382, 3730, 0, 0, 0, 0, 65535, 255, 0, 6, 6
2025-12-28 12:48:31.041754|{rssi-444} 111, -127, -127, -127, -127, -127, -127, -127, -127, -127, -127, -127, -127, -127, -127, 111, 111, 111, 
2025-12-28 12:48:31.054070|{td-444} 0, -2950408, -2959328, -2968248, -2977168, -2986088, -2995008, -3003928, -3012848, -3021768, -3030688, -3039608, -3048528, -3057448, -3066368, 0, 0, 0, 
2025-12-28 12:48:31.067048|{tx-444} :AAAAAAAAAAAAAA...
2025-12-28 12:48:31.225699|{rx-445} 1, 0, 7, 3, 383, 3738, 0, 0, 0, 0, 7, 6, 0, 6, 6
2025-12-28 12:48:31.230619|{rssi-445} 111, -127, -127, -127, -127, -127, -127, -127, -77, -127, -127, -127, 111, 111, 111, 111, 111, 111, 
2025-12-28 12:48:31.241288|{td-445} 0, -5989848, -5998768, -6007688, -6016608, -6025528, -6034448, -6043368, -61, 0, 0, 0, 0, 0, 0, 0, 0, 0, 
2025-12-28 12:48:31.250717|{tx-445} :AAAAAAA-BBB......
2025-12-28 12:48:31.415810|{rx-446} 1, 0, 7, 3, 384, 3746, 0, 0, 0, 0, 7, 6, 0, 6, 6
2025-12-28 12:48:31.421043|{rssi-446} 111, -127, -127, -127, -127, -127, -127, -127, -77, -127, -127, -127, 111, 111, 111, 111, 111, 111, 
2025-12-28 12:48:31.431349|{td-446} 0, -2950408, -2959328, -2968248, -2977168, -2986088, -2995008, -3003928, -21, 0, 0, 0, 0, 0, 0, 0, 0, 0, 
2025-12-28 12:48:31.440391|{tx-446} :AAAAAAA-BBB......
2025-12-28 12:48:31.606422|{rx-447} 1, 0, 7, 3, 385, 3754, 0, 0, 0, 0, 7, 6, 0, 6, 6
2025-12-28 12:48:31.611098|{rssi-447} 111, -127, -127, -127, -127, -127, -127, -127, -77, -127, -127, -127, 111, 111, 111, 111, 111, 111, 
2025-12-28 12:48:31.621145|{td-447} 0, -2950408, -2959328, -2968248, -2977168, -2986088, -2995008, -3003928, -29, 0, 0, 0, 0, 0, 0, 0, 0, 0, 
2025-12-28 12:48:31.631393|{tx-447} :AAAAAAA-BBB......
2025-12-28 12:48:31.795883|{rx-448} 1, 0, 7, 3, 386, 3762, 0, 0, 0, 0, 7, 6, 0, 6, 6
2025-12-28 12:48:31.800245|{rssi-448} 111, -127, -127, -127, -127, -127, -127, -127, -77, -127, -127, -127, 111, 111, 111, 111, 111, 111, 
2025-12-28 12:48:31.810767|{td-448} 0, -2950408, -2959328, -2968248, -2977168, -2986088, -2995008, -3003928, -25, 0, 0, 0, 0, 0, 0, 0, 0, 0, 
2025-12-28 12:48:31.820866|{tx-448} :AAAAAAA-BBB......
2025-12-28 12:48:31.987645|{rx-449} 0, 0, 14, 0, 386, 3776, 0, 0, 0, 0, 65535, 255, 0, 6, 6
2025-12-28 12:48:31.991968|{rssi-449} 111, -127, -127, -127, -127, -127, -127, -127, -127, -127, -127, -127, -127, -127, -127, 111, 111, 111, 
2025-12-28 12:48:32.003436|{td-449} 0, -2950408, -2959328, -2968248, -2977168, -2986088, -2995008, -3003928, -3012848, -3021768, -3030688, -3039608, -3048528, -3057448, -3066368, 0, 0, 0, 
2025-12-28 12:48:32.016553|{tx-449} :AAAAAAAAAAAAAA...
2025-12-28 12:48:32.175159|{rx-450} 1, 0, 7, 3, 387, 3784, 0, 0, 0, 0, 7, 6, 0, 6, 6
2025-12-28 12:48:32.180813|{rssi-450} 111, -127, -127, -127, -127, -127, -127, -127, -77, -127, -127, -127, 111, 111, 111, 111, 111, 111, 
2025-12-28 12:48:32.190698|{td-450} 0, -5989848, -5998768, -6007688, -6016608, -6025528, -6034448, -6043368, -53, 0, 0, 0, 0, 0, 0, 0, 0, 0, 
2025-12-28 12:48:32.200764|{tx-450} :AAAAAAA-BBB......
2025-12-28 12:48:32.365129|{rx-451} 1, 0, 6, 3, 388, 3791, 0, 0, 0, 0, 6, 6, 0, 6, 6
2025-12-28 12:48:32.369230|{rssi-451} 111, -127, -127, -127, -127, -127, -127, -77, -127, -127, -127, 111, 111, 111, 111, 111, 111, 111, 
2025-12-28 12:48:32.380323|{td-451} 0, -2950408, -2959328, -2968248, -2977168, -2986088, -2995008, -29, 0, 0, 0, 0, 0, 0, 0, 0, 0, 0, 
2025-12-28 12:48:32.388827|{tx-451} :AAAAAA-BBB.......
2025-12-28 12:48:32.554797|{rx-452} 1, 0, 7, 3, 389, 3799, 0, 0, 0, 0, 7, 6, 0, 6, 6
2025-12-28 12:48:32.560799|{rssi-452} 111, -127, -127, -127, -127, -127, -127, -127, -77, -127, -127, -127, 111, 111, 111, 111, 111, 111, 
2025-12-28 12:48:32.570959|{td-452} 0, -2959328, -2968248, -2977168, -2986088, -2995008, -3003928, -3012848, -25, 0, 0, 0, 0, 0, 0, 0, 0, 0, 
2025-12-28 12:48:32.580328|{tx-452} :AAAAAAA-BBB......
2025-12-28 12:48:32.745837|{rx-453} 1, 0, 8, 3, 390, 3808, 0, 0, 0, 0, 8, 6, 0, 6, 6
2025-12-28 12:48:32.751391|{rssi-453} 111, -127, -127, -127, -127, -127, -127, -127, -127, -77, -127, -127, -127, 111, 111, 111, 111, 111, 
2025-12-28 12:48:32.761589|{td-453} 0, -2950408, -2959328, -2968248, -2977168, -2986088, -2995008, -3003928, -3012848, -29, 0, 0, 0, 0, 0, 0, 0, 0, 
2025-12-28 12:48:32.771856|{tx-453} :AAAAAAAA-BBB.....
2025-12-28 12:48:32.935151|{rx-454} 1, 0, 6, 3, 391, 3815, 0, 0, 0, 0, 6, 6, 0, 6, 6
2025-12-28 12:48:32.940948|{rssi-454} 111, -127, -127, -127, -127, -127, -127, -77, -127, -127, -127, 111, 111, 111, 111, 111, 111, 111, 
2025-12-28 12:48:32.949113|{td-454} 0, -2941488, -2950408, -2959328, -2968248, -2977168, -2986088, -21, 0, 0, 0, 0, 0, 0, 0, 0, 0, 0, 
2025-12-28 12:48:32.958621|{tx-454} :AAAAAA-BBB.......
2025-12-28 12:48:33.125834|{rx-455} 1, 0, 7, 3, 392, 3823, 0, 0, 0, 0, 7, 6, 0, 6, 6
2025-12-28 12:48:33.130307|{rssi-455} 111, -127, -127, -127, -127, -127, -127, -127, -77, -127, -127, -127, 111, 111, 111, 111, 111, 111, 
2025-12-28 12:48:33.141172|{td-455} 0, -2959328, -2968248, -2977168, -2986088, -2995008, -3003928, -3012848, -29, 0, 0, 0, 0, 0, 0, 0, 0, 0, 
2025-12-28 12:48:33.150441|{tx-455} :AAAAAAA-BBB......
2025-12-28 12:48:33.317362|{rx-456} 0, 0, 14, 0, 392, 3837, 0, 0, 0, 0, 65535, 255, 0, 6, 6
2025-12-28 12:48:33.322730|{rssi-456} 111, -127, -127, -127, -127, -127, -127, -127, -127, -127, -127, -127, -127, -127, -127, 111, 111, 111, 
2025-12-28 12:48:33.333040|{td-456} 0, -2950408, -2959328, -2968248, -2977168, -2986088, -2995008, -3003928, -3012848, -3021768, -3030688, -3039608, -3048528, -3057448, -3066368, 0, 0, 0, 
2025-12-28 12:48:33.345942|{tx-456} :AAAAAAAAAAAAAA...
2025-12-28 12:48:33.506670|{rx-457} 0, 0, 14, 0, 392, 3851, 0, 0, 0, 0, 65535, 255, 0, 6, 6
2025-12-28 12:48:33.512002|{rssi-457} 111, -127, -127, -127, -127, -127, -127, -127, -127, -127, -127, -127, -127, -127, -127, 111, 111, 111, 
2025-12-28 12:48:33.522717|{td-457} 0, -5989848, -5998768, -6007688, -6016608, -6025528, -6034448, -6043368, -6052288, -6061208, -6070128, -6079048, -6087968, -6096888, -6105808, 0, 0, 0, 
2025-12-28 12:48:33.535927|{tx-457} :AAAAAAAAAAAAAA...
2025-12-28 12:48:33.695815|{rx-458} 1, 0, 7, 3, 393, 3859, 0, 0, 0, 0, 7, 6, 0, 6, 6
2025-12-28 12:48:33.700841|{rssi-458} 111, -127, -127, -127, -127, -127, -127, -127, -77, -127, -127, -127, 111, 111, 111, 111, 111, 111, 
2025-12-28 12:48:33.709631|{td-458} 0, -9029288, -9038208, -9047128, -9056048, -9064968, -9073888, -9082808, -75, 0, 0, 0, 0, 0, 0, 0, 0, 0, 
2025-12-28 12:48:33.720968|{tx-458} :AAAAAAA-BBB......
2025-12-28 12:48:33.886423|{rx-459} 1, 0, 9, 3, 394, 3869, 0, 0, 0, 0, 9, 7, 0, 6, 6
2025-12-28 12:48:33.891181|{rssi-459} 111, -127, -127, -127, -127, -127, -127, -127, -127, -127, -77, -127, -127, -127, 111, 111, 111, 111, 
2025-12-28 12:48:33.901229|{td-459} 0, -2950408, -2959328, -2968248, -2977168, -2986088, -2995008, -3003928, -3012848, -3021768, -33, 0, 0, 0, 0, 0, 0, 0, 
2025-12-28 12:48:33.912061|{tx-459} :AAAAAAAAA-BBB....
2025-12-28 12:48:34.074681|{rx-460} 1, 0, 7, 3, 395, 3877, 0, 0, 0, 0, 7, 6, 0, 6, 6
2025-12-28 12:48:34.079566|{rssi-460} 111, -127, -127, -127, -127, -127, -127, -127, -77, -127, -127, -127, 111, 111, 111, 111, 111, 111, 
2025-12-28 12:48:34.089846|{td-460} 0, -2932568, -2941488, -2950408, -2959328, -2968248, -2977168, -2986088, -23, 0, 0, 0, 0, 0, 0, 0, 0, 0, 
2025-12-28 12:48:34.099681|{tx-460} :AAAAAAA-BBB......
2025-12-28 12:48:34.266429|{rx-461} 0, 0, 14, 0, 395, 3891, 0, 0, 0, 0, 65535, 255, 0, 6, 6
2025-12-28 12:48:34.272256|{rssi-461} 111, -127, -127, -127, -127, -127, -127, -127, -127, -127, -127, -127, -127, -127, -127, 111, 111, 111, 
2025-12-28 12:48:34.282829|{td-461} 0, -2950408, -2959328, -2968248, -2977168, -2986088, -2995008, -3003928, -3012848, -3021768, -3030688, -3039608, -3048528, -3057448, -3066368, 0, 0, 0, 
2025-12-28 12:48:34.295883|{tx-461} :AAAAAAAAAAAAAA...
2025-12-28 12:48:34.455064|{rx-462} 1, 0, 7, 3, 396, 3899, 0, 0, 0, 0, 7, 6, 0, 6, 6
2025-12-28 12:48:34.460375|{rssi-462} 111, -127, -127, -127, -127, -127, -127, -127, -77, -127, -127, -127, 111, 111, 111, 111, 111, 111, 
2025-12-28 12:48:34.470969|{td-462} 0, -5989848, -5998768, -6007688, -6016608, -6025528, -6034448, -6043368, -55, 0, 0, 0, 0, 0, 0, 0, 0, 0, 
2025-12-28 12:48:34.480600|{tx-462} :AAAAAAA-BBB......
2025-12-28 12:48:34.645755|{rx-463} 1, 0, 9, 3, 397, 3909, 0, 0, 0, 0, 9, 6, 0, 6, 6
2025-12-28 12:48:34.651740|{rssi-463} 111, -127, -127, -127, -127, -127, -127, -127, -127, -127, -77, -127, -127, -127, 111, 111, 111, 111, 
2025-12-28 12:48:34.661717|{td-463} 0, -2950408, -2959328, -2968248, -2977168, -2986088, -2995008, -3003928, -3012848, -3021768, -27, 0, 0, 0, 0, 0, 0, 0, 
2025-12-28 12:48:34.671824|{tx-463} :AAAAAAAAA-BBB....
2025-12-28 12:48:34.835614|{rx-464} 1, 0, 8, 3, 398, 3918, 0, 0, 0, 0, 8, 6, 0, 6, 6
2025-12-28 12:48:34.840850|{rssi-464} 111, -127, -127, -127, -127, -127, -127, -127, -127, -77, -127, -127, -127, 111, 111, 111, 111, 111, 
2025-12-28 12:48:34.851488|{td-464} 0, -2932568, -2941488, -2950408, -2959328, -2968248, -2977168, -2986088, -2995008, -21, 0, 0, 0, 0, 0, 0, 0, 0, 
2025-12-28 12:48:34.861329|{tx-464} :AAAAAAAA-BBB.....
2025-12-28 12:48:35.024695|{rx-465} 1, 0, 5, 3, 399, 3924, 0, 0, 0, 0, 5, 6, 0, 6, 6
2025-12-28 12:48:35.030696|{rssi-465} 111, -127, -127, -127, -127, -127, -77, -127, -127, -127, 111, 111, 111, 111, 111, 111, 111, 111, 
2025-12-28 12:48:35.039335|{td-465} 0, -2941488, -2950408, -2959328, -2968248, -2977168, -29, 0, 0, 0, 0, 0, 0, 0, 0, 0, 0, 0, 
2025-12-28 12:48:35.046804|{tx-465} :AAAAA-BBB........
2025-12-28 12:48:35.214930|{rx-466} 1, 0, 7, 3, 400, 3932, 0, 0, 0, 0, 7, 6, 0, 6, 6
2025-12-28 12:48:35.219833|{rssi-466} 111, -127, -127, -127, -127, -127, -127, -127, -77, -127, -127, -127, 111, 111, 111, 111, 111, 111, 
2025-12-28 12:48:35.229794|{td-466} 0, -2968248, -2977168, -2986088, -2995008, -3003928, -3012848, -3021768, -27, 0, 0, 0, 0, 0, 0, 0, 0, 0, 
2025-12-28 12:48:35.239200|{tx-466} :AAAAAAA-BBB......
2025-12-28 12:48:35.404832|{rx-467} 1, 0, 7, 3, 401, 3940, 0, 0, 0, 0, 7, 6, 0, 6, 6
2025-12-28 12:48:35.408933|{rssi-467} 111, -127, -127, -127, -127, -127, -127, -127, -77, -127, -127, -127, 111, 111, 111, 111, 111, 111, 
2025-12-28 12:48:35.419825|{td-467} 0, -2950408, -2959328, -2968248, -2977168, -2986088, -2995008, -3003928, -29, 0, 0, 0, 0, 0, 0, 0, 0, 0, 
2025-12-28 12:48:35.429434|{tx-467} :AAAAAAA-BBB......
2025-12-28 12:48:35.594069|{rx-468} 1, 0, 7, 3, 402, 3948, 0, 0, 0, 0, 7, 6, 0, 6, 6
2025-12-28 12:48:35.599669|{rssi-468} 111, -127, -127, -127, -127, -127, -127, -127, -77, -127, -127, -127, 111, 111, 111, 111, 111, 111, 
2025-12-28 12:48:35.609588|{td-468} 0, -2950408, -2959328, -2968248, -2977168, -2986088, -2995008, -3003928, -23, 0, 0, 0, 0, 0, 0, 0, 0, 0, 
2025-12-28 12:48:35.619838|{tx-468} :AAAAAAA-BBB......
2025-12-28 12:48:35.785937|{rx-469} 1, 0, 8, 3, 403, 3957, 0, 0, 0, 0, 8, 7, 0, 6, 6
2025-12-28 12:48:35.790784|{rssi-469} 111, -127, -127, -127, -127, -127, -127, -127, -127, -77, -127, -127, -127, 111, 111, 111, 111, 111, 
2025-12-28 12:48:35.800460|{td-469} 0, -2950408, -2959328, -2968248, -2977168, -2986088, -2995008, -3003928, -3012848, -33, 0, 0, 0, 0, 0, 0, 0, 0, 
2025-12-28 12:48:35.811052|{tx-469} :AAAAAAAA-BBB.....
2025-12-28 12:48:35.974386|{rx-470} 1, 0, 7, 3, 404, 3965, 0, 0, 0, 0, 7, 6, 0, 6, 6
2025-12-28 12:48:35.979508|{rssi-470} 111, -127, -127, -127, -127, -127, -127, -127, -77, -127, -127, -127, 111, 111, 111, 111, 111, 111, 
2025-12-28 12:48:35.989462|{td-470} 0, -2941488, -2950408, -2959328, -2968248, -2977168, -2986088, -2995008, -23, 0, 0, 0, 0, 0, 0, 0, 0, 0, 
2025-12-28 12:48:35.998827|{tx-470} :AAAAAAA-BBB......
2025-12-28 12:48:36.165292|{rx-471} 1, 0, 7, 3, 405, 3973, 0, 0, 0, 0, 7, 6, 0, 6, 6
2025-12-28 12:48:36.169865|{rssi-471} 111, -127, -127, -127, -127, -127, -127, -127, -77, -127, -127, -127, 111, 111, 111, 111, 111, 111, 
2025-12-28 12:48:36.179760|{td-471} 0, -2950408, -2959328, -2968248, -2977168, -2986088, -2995008, -3003928, -31, 0, 0, 0, 0, 0, 0, 0, 0, 0, 
2025-12-28 12:48:36.188703|{tx-471} :AAAAAAA-BBB......
2025-12-28 12:48:36.354593|{rx-472} 1, 0, 7, 3, 406, 3981, 0, 0, 0, 0, 7, 6, 0, 6, 6
2025-12-28 12:48:36.359923|{rssi-472} 111, -127, -127, -127, -127, -127, -127, -127, -77, -127, -127, -127, 111, 111, 111, 111, 111, 111, 
2025-12-28 12:48:36.369982|{td-472} 0, -2950408, -2959328, -2968248, -2977168, -2986088, -2995008, -3003928, -25, 0, 0, 0, 0, 0, 0, 0, 0, 0, 
2025-12-28 12:48:36.379584|{tx-472} :AAAAAAA-BBB......
2025-12-28 12:48:36.543971|{rx-473} 1, 0, 7, 3, 407, 3989, 0, 0, 0, 0, 7, 6, 0, 6, 6
2025-12-28 12:48:36.550413|{rssi-473} 111, -127, -127, -127, -127, -127, -127, -127, -77, -127, -127, -127, 111, 111, 111, 111, 111, 111, 
2025-12-28 12:48:36.559167|{td-473} 0, -2950408, -2959328, -2968248, -2977168, -2986088, -2995008, -3003928, -19, 0, 0, 0, 0, 0, 0, 0, 0, 0, 
2025-12-28 12:48:36.569030|{tx-473} :AAAAAAA-BBB......
2025-12-28 12:48:36.734674|{rx-474} 1, 0, 7, 3, 408, 3997, 0, 0, 0, 0, 7, 6, 0, 6, 6
2025-12-28 12:48:36.738932|{rssi-474} 111, -127, -127, -127, -127, -127, -127, -127, -77, -127, -127, -127, 111, 111, 111, 111, 111, 111, 
2025-12-28 12:48:36.749821|{td-474} 0, -2950408, -2959328, -2968248, -2977168, -2986088, -2995008, -3003928, -31, 0, 0, 0, 0, 0, 0, 0, 0, 0, 
2025-12-28 12:48:36.759212|{tx-474} :AAAAAAA-BBB......
2025-12-28 12:48:36.923859|{rx-475} 1, 0, 5, 3, 409, 4003, 0, 0, 0, 0, 5, 6, 0, 6, 6
2025-12-28 12:48:36.928626|{rssi-475} 111, -127, -127, -127, -127, -127, -77, -127, -127, -127, 111, 111, 111, 111, 111, 111, 111, 111, 
2025-12-28 12:48:36.938503|{td-475} 0, -2950408, -2959328, -2968248, -2977168, -2986088, -29, 0, 0, 0, 0, 0, 0, 0, 0, 0, 0, 0, 
2025-12-28 12:48:36.948137|{tx-475} :AAAAA-BBB........
2025-12-28 12:48:37.114687|{rx-476} 1, 0, 8, 3, 410, 4012, 0, 0, 0, 0, 8, 7, 0, 6, 6
2025-12-28 12:48:37.120292|{rssi-476} 111, -127, -127, -127, -127, -127, -127, -127, -127, -77, -127, -127, -127, 111, 111, 111, 111, 111, 
2025-12-28 12:48:37.129897|{td-476} 0, -2968248, -2977168, -2986088, -2995008, -3003928, -3012848, -3021768, -3030688, -25, 0, 0, 0, 0, 0, 0, 0, 0, 
2025-12-28 12:48:37.140277|{tx-476} :AAAAAAAA-BBB.....
2025-12-28 12:48:37.304715|{rx-477} 1, 0, 7, 3, 411, 4020, 0, 0, 0, 0, 7, 6, 0, 6, 6
2025-12-28 12:48:37.310037|{rssi-477} 111, -127, -127, -127, -127, -127, -127, -127, -77, -127, -127, -127, 111, 111, 111, 111, 111, 111, 
2025-12-28 12:48:37.320347|{td-477} 0, -2941488, -2950408, -2959328, -2968248, -2977168, -2986088, -2995008, -25, 0, 0, 0, 0, 0, 0, 0, 0, 0, 
2025-12-28 12:48:37.330392|{tx-477} :AAAAAAA-BBB......
2025-12-28 12:48:37.494725|{rx-478} 1, 0, 7, 3, 412, 4028, 0, 0, 0, 0, 7, 6, 0, 6, 6
2025-12-28 12:48:37.498947|{rssi-478} 111, -127, -127, -127, -127, -127, -127, -127, -77, -127, -127, -127, 111, 111, 111, 111, 111, 111, 
2025-12-28 12:48:37.510035|{td-478} 0, -2950408, -2959328, -2968248, -2977168, -2986088, -2995008, -3003928, -27, 0, 0, 0, 0, 0, 0, 0, 0, 0, 
2025-12-28 12:48:37.518843|{tx-478} :AAAAAAA-BBB......
2025-12-28 12:48:37.683392|{rx-479} 1, 0, 5, 3, 413, 4034, 0, 0, 0, 0, 5, 6, 0, 6, 6
2025-12-28 12:48:37.689048|{rssi-479} 111, -127, -127, -127, -127, -127, -77, -127, -127, -127, 111, 111, 111, 111, 111, 111, 111, 111, 
2025-12-28 12:48:37.698922|{td-479} 0, -2950408, -2959328, -2968248, -2977168, -2986088, -25, 0, 0, 0, 0, 0, 0, 0, 0, 0, 0, 0, 
2025-12-28 12:48:37.706876|{tx-479} :AAAAA-BBB........
2025-12-28 12:48:37.874876|{rx-480} 1, 0, 8, 3, 414, 4043, 0, 0, 0, 0, 8, 7, 0, 6, 6
2025-12-28 12:48:37.880284|{rssi-480} 111, -127, -127, -127, -127, -127, -127, -127, -127, -77, -127, -127, -127, 111, 111, 111, 111, 111, 
2025-12-28 12:48:37.889430|{td-480} 0, -2968248, -2977168, -2986088, -2995008, -3003928, -3012848, -3021768, -3030688, -33, 0, 0, 0, 0, 0, 0, 0, 0, 
2025-12-28 12:48:37.900705|{tx-480} :AAAAAAAA-BBB.....
2025-12-28 12:48:38.064375|{rx-481} 1, 0, 7, 3, 415, 4051, 0, 0, 0, 0, 7, 6, 0, 6, 6
2025-12-28 12:48:38.069744|{rssi-481} 111, -127, -127, -127, -127, -127, -127, -127, -77, -127, -127, -127, 111, 111, 111, 111, 111, 111, 
2025-12-28 12:48:38.079517|{td-481} 0, -2941488, -2950408, -2959328, -2968248, -2977168, -2986088, -2995008, -17, 0, 0, 0, 0, 0, 0, 0, 0, 0, 
2025-12-28 12:48:38.089437|{tx-481} :AAAAAAA-BBB......
2025-12-28 12:48:38.254112|{rx-482} 1, 0, 7, 3, 416, 4059, 0, 0, 0, 0, 7, 6, 0, 6, 6
2025-12-28 12:48:38.259902|{rssi-482} 111, -127, -127, -127, -127, -127, -127, -127, -77, -127, -127, -127, 111, 111, 111, 111, 111, 111, 
2025-12-28 12:48:38.269216|{td-482} 0, -2950408, -2959328, -2968248, -2977168, -2986088, -2995008, -3003928, -31, 0, 0, 0, 0, 0, 0, 0, 0, 0, 
2025-12-28 12:48:38.279738|{tx-482} :AAAAAAA-BBB......
2025-12-28 12:48:38.445785|{rx-483} 1, 0, 9, 3, 417, 4069, 0, 0, 0, 0, 9, 7, 0, 6, 6
2025-12-28 12:48:38.451963|{rssi-483} 111, -127, -127, -127, -127, -127, -127, -127, -127, -127, -77, -127, -127, -127, 111, 111, 111, 111, 
2025-12-28 12:48:38.460795|{td-483} 0, -2950408, -2959328, -2968248, -2977168, -2986088, -2995008, -3003928, -3012848, -3021768, -27, 0, 0, 0, 0, 0, 0, 0, 
2025-12-28 12:48:38.471448|{tx-483} :AAAAAAAAA-BBB....
2025-12-28 12:48:38.635150|{rx-484} 1, 0, 7, 3, 418, 4077, 0, 0, 0, 0, 7, 6, 0, 6, 6
2025-12-28 12:48:38.639449|{rssi-484} 111, -127, -127, -127, -127, -127, -127, -127, -77, -127, -127, -127, 111, 111, 111, 111, 111, 111, 
2025-12-28 12:48:38.649159|{td-484} 0, -2932568, -2941488, -2950408, -2959328, -2968248, -2977168, -2986088, -27, 0, 0, 0, 0, 0, 0, 0, 0, 0, 
2025-12-28 12:48:38.658911|{tx-484} :AAAAAAA-BBB......
2025-12-28 12:48:38.826531|{rx-485} 1, 0, 9, 3, 419, 4087, 0, 0, 0, 0, 9, 7, 0, 6, 6
2025-12-28 12:48:38.830819|{rssi-485} 111, -127, -127, -127, -127, -127, -127, -127, -127, -127, -77, -127, -127, -127, 111, 111, 111, 111, 
2025-12-28 12:48:38.841085|{td-485} 0, -2950408, -2959328, -2968248, -2977168, -2986088, -2995008, -3003928, -3012848, -3021768, -27, 0, 0, 0, 0, 0, 0, 0, 
2025-12-28 12:48:38.851263|{tx-485} :AAAAAAAAA-BBB....
2025-12-28 12:48:39.014992|{rx-486} 1, 0, 7, 3, 420, 4095, 0, 0, 0, 0, 7, 6, 0, 6, 6
2025-12-28 12:48:39.019901|{rssi-486} 111, -127, -127, -127, -127, -127, -127, -127, -77, -127, -127, -127, 111, 111, 111, 111, 111, 111, 
2025-12-28 12:48:39.029696|{td-486} 0, -2932568, -2941488, -2950408, -2959328, -2968248, -2977168, -2986088, -27, 0, 0, 0, 0, 0, 0, 0, 0, 0, 
2025-12-28 12:48:39.038459|{tx-486} :AAAAAAA-BBB......
2025-12-28 12:48:39.204869|{rx-487} 1, 0, 8, 3, 421, 4104, 0, 0, 0, 0, 8, 6, 0, 6, 6
2025-12-28 12:48:39.209603|{rssi-487} 111, -127, -127, -127, -127, -127, -127, -127, -127, -77, -127, -127, -127, 111, 111, 111, 111, 111, 
2025-12-28 12:48:39.220954|{td-487} 0, -2950408, -2959328, -2968248, -2977168, -2986088, -2995008, -3003928, -3012848, -23, 0, 0, 0, 0, 0, 0, 0, 0, 
2025-12-28 12:48:39.230928|{tx-487} :AAAAAAAA-BBB.....
2025-12-28 12:48:39.393492|{rx-488} 1, 0, 6, 3, 422, 4111, 0, 0, 0, 0, 6, 6, 0, 6, 6
2025-12-28 12:48:39.398638|{rssi-488} 111, -127, -127, -127, -127, -127, -127, -77, -127, -127, -127, 111, 111, 111, 111, 111, 111, 111, 
2025-12-28 12:48:39.408961|{td-488} 0, -2941488, -2950408, -2959328, -2968248, -2977168, -2986088, -27, 0, 0, 0, 0, 0, 0, 0, 0, 0, 0, 
2025-12-28 12:48:39.418481|{tx-488} :AAAAAA-BBB.......
2025-12-28 12:48:39.582726|{rx-489} 1, 0, 5, 3, 423, 4117, 0, 0, 0, 0, 5, 6, 0, 6, 6
2025-12-28 12:48:39.588124|{rssi-489} 111, -127, -127, -127, -127, -127, -77, -127, -127, -127, 111, 111, 111, 111, 111, 111, 111, 111, 
2025-12-28 12:48:39.599041|{td-489} 0, -2959328, -2968248, -2977168, -2986088, -2995008, -29, 0, 0, 0, 0, 0, 0, 0, 0, 0, 0, 0, 
2025-12-28 12:48:39.606833|{tx-489} :AAAAA-BBB........
2025-12-28 12:48:39.774493|{rx-490} 1, 0, 7, 3, 424, 4125, 0, 0, 0, 0, 7, 6, 0, 6, 6
2025-12-28 12:48:39.778780|{rssi-490} 111, -127, -127, -127, -127, -127, -127, -127, -77, -127, -127, -127, 111, 111, 111, 111, 111, 111, 
2025-12-28 12:48:39.789191|{td-490} 0, -2968248, -2977168, -2986088, -2995008, -3003928, -3012848, -3021768, -25, 0, 0, 0, 0, 0, 0, 0, 0, 0, 
2025-12-28 12:48:39.799315|{tx-490} :AAAAAAA-BBB......
2025-12-28 12:48:39.964148|{rx-491} 1, 0, 7, 3, 425, 4133, 0, 0, 0, 0, 7, 6, 0, 6, 6
2025-12-28 12:48:39.968992|{rssi-491} 111, -127, -127, -127, -127, -127, -127, -127, -77, -127, -127, -127, 111, 111, 111, 111, 111, 111, 
2025-12-28 12:48:39.978932|{td-491} 0, -2950408, -2959328, -2968248, -2977168, -2986088, -2995008, -3003928, -27, 0, 0, 0, 0, 0, 0, 0, 0, 0, 
2025-12-28 12:48:39.988355|{tx-491} :AAAAAAA-BBB......
2025-12-28 12:48:40.154507|{rx-492} 1, 0, 7, 3, 426, 4141, 0, 0, 0, 0, 7, 6, 0, 6, 6
2025-12-28 12:48:40.159014|{rssi-492} 111, -127, -127, -127, -127, -127, -127, -127, -77, -127, -127, -127, 111, 111, 111, 111, 111, 111, 
2025-12-28 12:48:40.168713|{td-492} 0, -2950408, -2959328, -2968248, -2977168, -2986088, -2995008, -3003928, -27, 0, 0, 0, 0, 0, 0, 0, 0, 0, 
2025-12-28 12:48:40.178615|{tx-492} :AAAAAAA-BBB......
2025-12-28 12:48:40.343384|{rx-493} 1, 0, 7, 3, 427, 4149, 0, 0, 0, 0, 7, 6, 0, 6, 6
2025-12-28 12:48:40.348833|{rssi-493} 111, -127, -127, -127, -127, -127, -127, -127, -77, -127, -127, -127, 111, 111, 111, 111, 111, 111, 
2025-12-28 12:48:40.358403|{td-493} 0, -2950408, -2959328, -2968248, -2977168, -2986088, -2995008, -3003928, -27, 0, 0, 0, 0, 0, 0, 0, 0, 0, 
2025-12-28 12:48:40.369562|{tx-493} :AAAAAAA-BBB......
2025-12-28 12:48:40.533256|{rx-494} 1, 0, 7, 3, 428, 4157, 0, 0, 0, 0, 7, 6, 0, 6, 6
2025-12-28 12:48:40.538734|{rssi-494} 111, -127, -127, -127, -127, -127, -127, -127, -77, -127, -127, -127, 111, 111, 111, 111, 111, 111, 
2025-12-28 12:48:40.548425|{td-494} 0, -2950408, -2959328, -2968248, -2977168, -2986088, -2995008, -3003928, -23, 0, 0, 0, 0, 0, 0, 0, 0, 0, 
2025-12-28 12:48:40.558333|{tx-494} :AAAAAAA-BBB......
2025-12-28 12:48:40.723703|{rx-495} 1, 0, 7, 3, 429, 4165, 0, 0, 0, 0, 7, 6, 0, 6, 6
2025-12-28 12:48:40.728235|{rssi-495} 111, -127, -127, -127, -127, -127, -127, -127, -77, -127, -127, -127, 111, 111, 111, 111, 111, 111, 
2025-12-28 12:48:40.738733|{td-495} 0, -2950408, -2959328, -2968248, -2977168, -2986088, -2995008, -3003928, -25, 0, 0, 0, 0, 0, 0, 0, 0, 0, 
2025-12-28 12:48:40.749219|{tx-495} :AAAAAAA-BBB......
2025-12-28 12:48:40.913349|{rx-496} 1, 0, 7, 3, 430, 4173, 0, 0, 0, 0, 7, 6, 0, 6, 6
2025-12-28 12:48:40.917919|{rssi-496} 111, -127, -127, -127, -127, -127, -127, -127, -77, -127, -127, -127, 111, 111, 111, 111, 111, 111, 
2025-12-28 12:48:40.928765|{td-496} 0, -2950408, -2959328, -2968248, -2977168, -2986088, -2995008, -3003928, -29, 0, 0, 0, 0, 0, 0, 0, 0, 0, 
2025-12-28 12:48:40.939305|{tx-496} :AAAAAAA-BBB......
2025-12-28 12:48:41.104988|{rx-497} 1, 0, 8, 3, 431, 4182, 0, 0, 0, 0, 8, 6, 0, 6, 6
2025-12-28 12:48:41.109189|{rssi-497} 111, -127, -127, -127, -127, -127, -127, -127, -127, -77, -127, -127, -127, 111, 111, 111, 111, 111, 
2025-12-28 12:48:41.119715|{td-497} 0, -2950408, -2959328, -2968248, -2977168, -2986088, -2995008, -3003928, -3012848, -25, 0, 0, 0, 0, 0, 0, 0, 0, 
2025-12-28 12:48:41.129541|{tx-497} :AAAAAAAA-BBB.....
2025-12-28 12:48:41.293979|{rx-498} 1, 0, 7, 3, 432, 4190, 0, 0, 0, 0, 7, 7, 0, 6, 6
2025-12-28 12:48:41.299018|{rssi-498} 111, -127, -127, -127, -127, -127, -127, -127, -77, -127, -127, -127, 111, 111, 111, 111, 111, 111, 
2025-12-28 12:48:41.309240|{td-498} 0, -2941488, -2950408, -2959328, -2968248, -2977168, -2986088, -2995008, -27, 0, 0, 0, 0, 0, 0, 0, 0, 0, 
2025-12-28 12:48:41.317839|{tx-498} :AAAAAAA-BBB......
2025-12-28 12:48:41.483239|{rx-499} 1, 0, 7, 3, 433, 4198, 0, 0, 0, 0, 7, 6, 0, 6, 6
2025-12-28 12:48:41.489373|{rssi-499} 111, -127, -127, -127, -127, -127, -127, -127, -77, -127, -127, -127, 111, 111, 111, 111, 111, 111, 
2025-12-28 12:48:41.499469|{td-499} 0, -2950408, -2959328, -2968248, -2977168, -2986088, -2995008, -3003928, -27, 0, 0, 0, 0, 0, 0, 0, 0, 0, 
2025-12-28 12:48:41.508505|{tx-499} :AAAAAAA-BBB......
2025-12-28 12:48:41.674758|{rx-500} 1, 0, 9, 3, 434, 4208, 0, 0, 0, 0, 9, 6, 0, 6, 6
2025-12-28 12:48:41.681057|{rssi-500} 111, -127, -127, -127, -127, -127, -127, -127, -127, -127, -77, -127, -127, -127, 111, 111, 111, 111, 
2025-12-28 12:48:41.690025|{td-500} 0, -2950408, -2959328, -2968248, -2977168, -2986088, -2995008, -3003928, -3012848, -3021768, -29, 0, 0, 0, 0, 0, 0, 0, 
2025-12-28 12:48:41.701053|{tx-500} :AAAAAAAAA-BBB....
2025-12-28 12:48:41.864224|{rx-501} 0, 0, 14, 0, 434, 4222, 0, 0, 0, 0, 65535, 255, 0, 6, 6
2025-12-28 12:48:41.871096|{rssi-501} 111, -127, -127, -127, -127, -127, -127, -127, -127, -127, -127, -127, -127, -127, -127, 111, 111, 111, 
2025-12-28 12:48:41.881242|{td-501} 0, -2932568, -2941488, -2950408, -2959328, -2968248, -2977168, -2986088, -2995008, -3003928, -3012848, -3021768, -3030688, -3039608, -3048528, 0, 0, 0, 
2025-12-28 12:48:41.895215|{tx-501} :AAAAAAAAAAAAAA...
2025-12-28 12:48:42.055059|{rx-502} 1, 0, 8, 3, 435, 4231, 0, 0, 0, 0, 8, 6, 0, 6, 6
2025-12-28 12:48:42.059214|{rssi-502} 111, -127, -127, -127, -127, -127, -127, -127, -127, -77, -127, -127, -127, 111, 111, 111, 111, 111, 
2025-12-28 12:48:42.069397|{td-502} 0, -5972008, -5980928, -5989848, -5998768, -6007688, -6016608, -6025528, -6034448, -51, 0, 0, 0, 0, 0, 0, 0, 0, 
2025-12-28 12:48:42.079053|{tx-502} :AAAAAAAA-BBB.....
2025-12-28 12:48:42.244224|{rx-503} 0, 0, 14, 0, 435, 4245, 0, 0, 0, 0, 65535, 255, 0, 6, 6
2025-12-28 12:48:42.250969|{rssi-503} 111, -127, -127, -127, -127, -127, -127, -127, -127, -127, -127, -127, -127, -127, -127, 111, 111, 111, 
2025-12-28 12:48:42.260466|{td-503} 0, -2941488, -2950408, -2959328, -2968248, -2977168, -2986088, -2995008, -3003928, -3012848, -3021768, -3030688, -3039608, -3048528, -3057448, 0, 0, 0, 
2025-12-28 12:48:42.275649|{tx-503} :AAAAAAAAAAAAAA...
2025-12-28 12:48:42.434493|{rx-504} 0, 0, 14, 0, 435, 4259, 0, 0, 0, 0, 65535, 255, 0, 6, 6
2025-12-28 12:48:42.440018|{rssi-504} 111, -127, -127, -127, -127, -127, -127, -127, -127, -127, -127, -127, -127, -127, -127, 111, 111, 111, 
2025-12-28 12:48:42.451592|{td-504} 0, -5980928, -5989848, -5998768, -6007688, -6016608, -6025528, -6034448, -6043368, -6052288, -6061208, -6070128, -6079048, -6087968, -6096888, 0, 0, 0, 
2025-12-28 12:48:42.464063|{tx-504} :AAAAAAAAAAAAAA...
2025-12-28 12:48:42.623508|{rx-505} 1, 0, 7, 3, 436, 4267, 0, 0, 0, 0, 7, 6, 0, 6, 6
2025-12-28 12:48:42.629535|{rssi-505} 111, -127, -127, -127, -127, -127, -127, -127, -77, -127, -127, -127, 111, 111, 111, 111, 111, 111, 
2025-12-28 12:48:42.637801|{td-505} 0, -9020368, -9029288, -9038208, -9047128, -9056048, -9064968, -9073888, -79, 0, 0, 0, 0, 0, 0, 0, 0, 0, 
2025-12-28 12:48:42.648969|{tx-505} :AAAAAAA-BBB......
2025-12-28 12:48:42.814390|{rx-506} 1, 0, 9, 3, 437, 4277, 0, 0, 0, 0, 9, 6, 0, 6, 6
2025-12-28 12:48:42.820390|{rssi-506} 111, -127, -127, -127, -127, -127, -127, -127, -127, -127, -77, -127, -127, -127, 111, 111, 111, 111, 
2025-12-28 12:48:42.831420|{td-506} 0, -2950408, -2959328, -2968248, -2977168, -2986088, -2995008, -3003928, -3012848, -3021768, -23, 0, 0, 0, 0, 0, 0, 0, 
2025-12-28 12:48:42.840642|{tx-506} :AAAAAAAAA-BBB....
2025-12-28 12:48:43.004060|{rx-507} 1, 0, 7, 3, 438, 4285, 0, 0, 0, 0, 7, 6, 0, 6, 6
2025-12-28 12:48:43.007746|{rssi-507} 111, -127, -127, -127, -127, -127, -127, -127, -77, -127, -127, -127, 111, 111, 111, 111, 111, 111, 
2025-12-28 12:48:43.018421|{td-507} 0, -2932568, -2941488, -2950408, -2959328, -2968248, -2977168, -2986088, -29, 0, 0, 0, 0, 0, 0, 0, 0, 0, 
2025-12-28 12:48:43.028480|{tx-507} :AAAAAAA-BBB......
2025-12-28 12:48:43.193979|{rx-508} 1, 0, 7, 3, 439, 4293, 0, 0, 0, 0, 7, 6, 0, 6, 6
2025-12-28 12:48:43.198572|{rssi-508} 111, -127, -127, -127, -127, -127, -127, -127, -77, -127, -127, -127, 111, 111, 111, 111, 111, 111, 
2025-12-28 12:48:43.208557|{td-508} 0, -2950408, -2959328, -2968248, -2977168, -2986088, -2995008, -3003928, -23, 0, 0, 0, 0, 0, 0, 0, 0, 0, 
2025-12-28 12:48:43.218767|{tx-508} :AAAAAAA-BBB......
2025-12-28 12:48:43.383798|{rx-509} 1, 0, 7, 3, 440, 4301, 0, 0, 0, 0, 7, 6, 0, 6, 6
2025-12-28 12:48:43.387438|{rssi-509} 111, -127, -127, -127, -127, -127, -127, -127, -77, -127, -127, -127, 111, 111, 111, 111, 111, 111, 
2025-12-28 12:48:43.398518|{td-509} 0, -2950408, -2959328, -2968248, -2977168, -2986088, -2995008, -3003928, -33, 0, 0, 0, 0, 0, 0, 0, 0, 0, 
2025-12-28 12:48:43.408170|{tx-509} :AAAAAAA-BBB......
2025-12-28 12:48:43.573954|{rx-510} 1, 0, 7, 3, 441, 4309, 0, 0, 0, 0, 7, 6, 0, 6, 6
2025-12-28 12:48:43.578747|{rssi-510} 111, -127, -127, -127, -127, -127, -127, -127, -77, -127, -127, -127, 111, 111, 111, 111, 111, 111, 
2025-12-28 12:48:43.588507|{td-510} 0, -2950408, -2959328, -2968248, -2977168, -2986088, -2995008, -3003928, -19, 0, 0, 0, 0, 0, 0, 0, 0, 0, 
2025-12-28 12:48:43.598829|{tx-510} :AAAAAAA-BBB......
2025-12-28 12:48:43.762483|{rx-511} 1, 0, 5, 3, 442, 4315, 0, 0, 0, 0, 5, 6, 0, 6, 6
2025-12-28 12:48:43.767757|{rssi-511} 111, -127, -127, -127, -127, -127, -77, -127, -127, -127, 111, 111, 111, 111, 111, 111, 111, 111, 
2025-12-28 12:48:43.777521|{td-511} 0, -2950408, -2959328, -2968248, -2977168, -2986088, -35, 0, 0, 0, 0, 0, 0, 0, 0, 0, 0, 0, 
2025-12-28 12:48:43.784871|{tx-511} :AAAAA-BBB........
2025-12-28 12:48:43.953145|{rx-512} 1, 0, 7, 3, 443, 4323, 0, 0, 0, 0, 7, 6, 0, 6, 6
2025-12-28 12:48:43.958273|{rssi-512} 111, -127, -127, -127, -127, -127, -127, -127, -77, -127, -127, -127, 111, 111, 111, 111, 111, 111, 
2025-12-28 12:48:43.968741|{td-512} 0, -2968248, -2977168, -2986088, -2995008, -3003928, -3012848, -3021768, -23, 0, 0, 0, 0, 0, 0, 0, 0, 0, 
2025-12-28 12:48:43.978737|{tx-512} :AAAAAAA-BBB......
2025-12-28 12:48:44.144811|{rx-513} 0, 0, 14, 0, 443, 4337, 0, 0, 0, 0, 65535, 255, 0, 6, 6
2025-12-28 12:48:44.151070|{rssi-513} 111, -127, -127, -127, -127, -127, -127, -127, -127, -127, -127, -127, -127, -127, -127, 111, 111, 111, 
2025-12-28 12:48:44.161216|{td-513} 0, -2950408, -2959328, -2968248, -2977168, -2986088, -2995008, -3003928, -3012848, -3021768, -3030688, -3039608, -3048528, -3057448, -3066368, 0, 0, 0, 
2025-12-28 12:48:44.174956|{tx-513} :AAAAAAAAAAAAAA...
2025-12-28 12:48:44.333233|{rx-514} 1, 0, 6, 3, 444, 4344, 0, 0, 0, 0, 6, 6, 0, 6, 6
2025-12-28 12:48:44.337624|{rssi-514} 111, -127, -127, -127, -127, -127, -127, -77, -127, -127, -127, 111, 111, 111, 111, 111, 111, 111, 
2025-12-28 12:48:44.347455|{td-514} 0, -5989848, -5998768, -6007688, -6016608, -6025528, -6034448, -55, 0, 0, 0, 0, 0, 0, 0, 0, 0, 0, 
2025-12-28 12:48:44.357138|{tx-514} :AAAAAA-BBB.......
2025-12-28 12:48:44.524238|{rx-515} 0, 0, 14, 0, 444, 4358, 0, 0, 0, 0, 65535, 255, 0, 6, 6
2025-12-28 12:48:44.530689|{rssi-515} 111, -127, -127, -127, -127, -127, -127, -127, -127, -127, -127, -127, -127, -127, -127, 111, 111, 111, 
2025-12-28 12:48:44.541001|{td-515} 0, -2959328, -2968248, -2977168, -2986088, -2995008, -3003928, -3012848, -3021768, -3030688, -3039608, -3048528, -3057448, -3066368, -3075288, 0, 0, 0, 
2025-12-28 12:48:44.554250|{tx-515} :AAAAAAAAAAAAAA...
2025-12-28 12:48:44.712264|{rx-516} 1, 0, 5, 3, 445, 4364, 0, 0, 0, 0, 5, 6, 0, 6, 6
2025-12-28 12:48:44.717010|{rssi-516} 111, -127, -127, -127, -127, -127, -77, -127, -127, -127, 111, 111, 111, 111, 111, 111, 111, 111, 
2025-12-28 12:48:44.726197|{td-516} 0, -5998768, -6007688, -6016608, -6025528, -6034448, -57, 0, 0, 0, 0, 0, 0, 0, 0, 0, 0, 0, 
2025-12-28 12:48:44.736265|{tx-516} :AAAAA-BBB........
2025-12-28 12:48:44.904589|{rx-517} 0, 0, 14, 0, 445, 4378, 0, 0, 0, 0, 65535, 255, 0, 6, 6
2025-12-28 12:48:44.910518|{rssi-517} 111, -127, -127, -127, -127, -127, -127, -127, -127, -127, -127, -127, -127, -127, -127, 111, 111, 111, 
2025-12-28 12:48:44.920680|{td-517} 0, -2968248, -2977168, -2986088, -2995008, -3003928, -3012848, -3021768, -3030688, -3039608, -3048528, -3057448, -3066368, -3075288, -3084208, 0, 0, 0, 
2025-12-28 12:48:44.934006|{tx-517} :AAAAAAAAAAAAAA...
2025-12-28 12:48:45.092517|{rx-518} 1, 0, 7, 3, 446, 4386, 0, 0, 0, 0, 7, 6, 0, 6, 6
2025-12-28 12:48:45.097967|{rssi-518} 111, -127, -127, -127, -127, -127, -127, -127, -77, -127, -127, -127, 111, 111, 111, 111, 111, 111, 
2025-12-28 12:48:45.108680|{td-518} 0, -6007688, -6016608, -6025528, -6034448, -6043368, -6052288, -6061208, -51, 0, 0, 0, 0, 0, 0, 0, 0, 0, 
2025-12-28 12:48:45.118492|{tx-518} :AAAAAAA-BBB......
2025-12-28 12:48:45.284917|{rx-519} 0, 0, 14, 0, 446, 4400, 0, 0, 0, 0, 65535, 255, 0, 6, 6
2025-12-28 12:48:45.290580|{rssi-519} 111, -127, -127, -127, -127, -127, -127, -127, -127, -127, -127, -127, -127, -127, -127, 111, 111, 111, 
2025-12-28 12:48:45.300745|{td-519} 0, -2950408, -2959328, -2968248, -2977168, -2986088, -2995008, -3003928, -3012848, -3021768, -3030688, -3039608, -3048528, -3057448, -3066368, 0, 0, 0, 
2025-12-28 12:48:45.314979|{tx-519} :AAAAAAAAAAAAAA...
2025-12-28 12:48:45.472229|{rx-520} 1, 0, 5, 3, 447, 4406, 0, 0, 0, 0, 5, 6, 0, 6, 6
2025-12-28 12:48:45.476367|{rssi-520} 111, -127, -127, -127, -127, -127, -77, -127, -127, -127, 111, 111, 111, 111, 111, 111, 111, 111, 
2025-12-28 12:48:45.486848|{td-520} 0, -5989848, -5998768, -6007688, -6016608, -6025528, -49, 0, 0, 0, 0, 0, 0, 0, 0, 0, 0, 0, 
2025-12-28 12:48:45.494819|{tx-520} :AAAAA-BBB........
2025-12-28 12:48:45.665308|{rx-521} 0, 0, 14, 0, 447, 4420, 0, 0, 0, 0, 65535, 255, 0, 6, 6
2025-12-28 12:48:45.669794|{rssi-521} 111, -127, -127, -127, -127, -127, -127, -127, -127, -127, -127, -127, -127, -127, -127, 111, 111, 111, 
2025-12-28 12:48:45.681213|{td-521} 0, -2968248, -2977168, -2986088, -2995008, -3003928, -3012848, -3021768, -3030688, -3039608, -3048528, -3057448, -3066368, -3075288, -3084208, 0, 0, 0, 
2025-12-28 12:48:45.695015|{tx-521} :AAAAAAAAAAAAAA...
2025-12-28 12:48:45.855198|{rx-522} 0, 0, 14, 0, 447, 4434, 0, 0, 0, 0, 65535, 255, 0, 6, 6
2025-12-28 12:48:45.859565|{rssi-522} 111, -127, -127, -127, -127, -127, -127, -127, -127, -127, -127, -127, -127, -127, -127, 111, 111, 111, 
2025-12-28 12:48:45.869964|{td-522} 0, -6007688, -6016608, -6025528, -6034448, -6043368, -6052288, -6061208, -6070128, -6079048, -6087968, -6096888, -6105808, -6114728, -6123648, 0, 0, 0, 
2025-12-28 12:48:45.884716|{tx-522} :AAAAAAAAAAAAAA...
2025-12-28 12:48:46.042449|{rx-523} 1, 0, 5, 3, 448, 4440, 0, 0, 0, 0, 5, 6, 0, 6, 6
2025-12-28 12:48:46.046314|{rssi-523} 111, -127, -127, -127, -127, -127, -77, -127, -127, -127, 111, 111, 111, 111, 111, 111, 111, 111, 
2025-12-28 12:48:46.056859|{td-523} 0, -9047128, -9056048, -9064968, -9073888, -9082808, -79, 0, 0, 0, 0, 0, 0, 0, 0, 0, 0, 0, 
2025-12-28 12:48:46.064611|{tx-523} :AAAAA-BBB........
2025-12-28 12:48:46.231835|{rx-524} 1, 0, 5, 3, 449, 4446, 0, 0, 0, 0, 5, 6, 0, 6, 6
2025-12-28 12:48:46.236703|{rssi-524} 111, -127, -127, -127, -127, -127, -77, -127, -127, -127, 111, 111, 111, 111, 111, 111, 111, 111, 
2025-12-28 12:48:46.246677|{td-524} 0, -2968248, -2977168, -2986088, -2995008, -3003928, -31, 0, 0, 0, 0, 0, 0, 0, 0, 0, 0, 0, 
2025-12-28 12:48:46.256042|{tx-524} :AAAAA-BBB........
2025-12-28 12:48:46.423553|{rx-525} 1, 0, 8, 3, 450, 4455, 0, 0, 0, 0, 8, 7, 0, 6, 6
2025-12-28 12:48:46.428122|{rssi-525} 111, -127, -127, -127, -127, -127, -127, -127, -127, -77, -127, -127, -127, 111, 111, 111, 111, 111, 
2025-12-28 12:48:46.438097|{td-525} 0, -2968248, -2977168, -2986088, -2995008, -3003928, -3012848, -3021768, -3030688, -23, 0, 0, 0, 0, 0, 0, 0, 0, 
2025-12-28 12:48:46.449492|{tx-525} :AAAAAAAA-BBB.....
2025-12-28 12:48:46.612685|{rx-526} 1, 0, 7, 3, 451, 4463, 0, 0, 0, 0, 7, 6, 0, 6, 6
2025-12-28 12:48:46.617549|{rssi-526} 111, -127, -127, -127, -127, -127, -127, -127, -77, -127, -127, -127, 111, 111, 111, 111, 111, 111, 
2025-12-28 12:48:46.626769|{td-526} 0, -2941488, -2950408, -2959328, -2968248, -2977168, -2986088, -2995008, -25, 0, 0, 0, 0, 0, 0, 0, 0, 0, 
2025-12-28 12:48:46.637595|{tx-526} :AAAAAAA-BBB......
2025-12-28 12:48:46.803921|{rx-527} 1, 0, 8, 3, 452, 4472, 0, 0, 0, 0, 8, 6, 0, 6, 6
2025-12-28 12:48:46.808450|{rssi-527} 111, -127, -127, -127, -127, -127, -127, -127, -127, -77, -127, -127, -127, 111, 111, 111, 111, 111, 
2025-12-28 12:48:46.818444|{td-527} 0, -2950408, -2959328, -2968248, -2977168, -2986088, -2995008, -3003928, -3012848, -29, 0, 0, 0, 0, 0, 0, 0, 0, 
2025-12-28 12:48:46.829759|{tx-527} :AAAAAAAA-BBB.....
2025-12-28 12:48:46.993114|{rx-528} 1, 0, 7, 3, 453, 4480, 0, 0, 0, 0, 7, 6, 0, 6, 6
2025-12-28 12:48:46.997090|{rssi-528} 111, -127, -127, -127, -127, -127, -127, -127, -77, -127, -127, -127, 111, 111, 111, 111, 111, 111, 
2025-12-28 12:48:47.007677|{td-528} 0, -2941488, -2950408, -2959328, -2968248, -2977168, -2986088, -2995008, -27, 0, 0, 0, 0, 0, 0, 0, 0, 0, 
2025-12-28 12:48:47.017075|{tx-528} :AAAAAAA-BBB......
2025-12-28 12:48:47.184519|{rx-529} 0, 1, 13, 0, 453, 4494, 0, 0, 0, 0, 65535, 255, 0, 6, 6
2025-12-28 12:48:47.189682|{rssi-529} 111, -127, -127, -127, -127, -127, -127, -127, -77, -77, -77, -77, -77, -77, -77, 111, 111, 111, 
2025-12-28 12:48:47.199611|{td-529} 0, -2950408, -2959328, -2968248, -2977168, -2986088, -2995008, -3003928, -29, -8949, -17869, -26789, -35709, -44629, -53549, 0, 0, 0, 
2025-12-28 12:48:47.211842|{tx-529} :AAAAAAACAAAAAA...
2025-12-28 12:48:47.373299|{rx-530} 1, 0, 7, 3, 454, 4502, 0, 0, 0, 0, 7, 6, 0, 6, 6
2025-12-28 12:48:47.377764|{rssi-530} 111, -77, -77, -77, -77, -77, -77, -77, -77, -127, -127, -127, 111, 111, 111, 111, 111, 111, 
2025-12-28 12:48:47.387210|{td-530} 0, -2977029, -2985949, -2994869, -3003789, -3012709, -3021629, -3030549, -51, 0, 0, 0, 0, 0, 0, 0, 0, 0, 
2025-12-28 12:48:47.397107|{tx-530} :AAAAAAA-BBB......
2025-12-28 12:48:47.562748|{rx-531} 1, 0, 7, 3, 455, 4510, 0, 0, 0, 0, 7, 6, 0, 6, 6
2025-12-28 12:48:47.567340|{rssi-531} 111, -127, -127, -127, -127, -127, -127, -127, -77, -127, -127, -127, 111, 111, 111, 111, 111, 111, 
2025-12-28 12:48:47.577642|{td-531} 0, -2950408, -2959328, -2968248, -2977168, -2986088, -2995008, -3003928, -29, 0, 0, 0, 0, 0, 0, 0, 0, 0, 
2025-12-28 12:48:47.587077|{tx-531} :AAAAAAA-BBB......
2025-12-28 12:48:47.752479|{rx-532} 1, 0, 8, 3, 456, 4519, 0, 0, 0, 0, 8, 6, 0, 6, 6
2025-12-28 12:48:47.757516|{rssi-532} 111, -127, -127, -127, -127, -127, -127, -127, -127, -77, -127, -127, -127, 111, 111, 111, 111, 111, 
2025-12-28 12:48:47.768688|{td-532} 0, -2950408, -2959328, -2968248, -2977168, -2986088, -2995008, -3003928, -3012848, -27, 0, 0, 0, 0, 0, 0, 0, 0, 
2025-12-28 12:48:47.778214|{tx-532} :AAAAAAAA-BBB.....
2025-12-28 12:48:47.943562|{rx-533} 1, 0, 7, 3, 457, 4527, 0, 0, 0, 0, 7, 6, 0, 6, 6
2025-12-28 12:48:47.947823|{rssi-533} 111, -127, -127, -127, -127, -127, -127, -127, -77, -127, -127, -127, 111, 111, 111, 111, 111, 111, 
2025-12-28 12:48:47.957646|{td-533} 0, -2941488, -2950408, -2959328, -2968248, -2977168, -2986088, -2995008, -27, 0, 0, 0, 0, 0, 0, 0, 0, 0, 
2025-12-28 12:48:47.966897|{tx-533} :AAAAAAA-BBB......
2025-12-28 12:48:48.134674|{rx-534} 0, 0, 14, 0, 457, 4541, 0, 0, 0, 0, 65535, 255, 0, 6, 6
2025-12-28 12:48:48.139970|{rssi-534} 111, -127, -127, -127, -127, -127, -127, -127, -127, -127, -127, -127, -127, -127, -127, 111, 111, 111, 
2025-12-28 12:48:48.149884|{td-534} 0, -2950408, -2959328, -2968248, -2977168, -2986088, -2995008, -3003928, -3012848, -3021768, -3030688, -3039608, -3048528, -3057448, -3066368, 0, 0, 0, 
2025-12-28 12:48:48.163700|{tx-534} :AAAAAAAAAAAAAA...
2025-12-28 12:48:48.324436|{rx-535} 0, 0, 14, 0, 457, 4555, 0, 0, 0, 0, 65535, 255, 0, 6, 6
2025-12-28 12:48:48.329679|{rssi-535} 111, -127, -127, -127, -127, -127, -127, -127, -127, -127, -127, -127, -127, -127, -127, 111, 111, 111, 
2025-12-28 12:48:48.339948|{td-535} 0, -5989848, -5998768, -6007688, -6016608, -6025528, -6034448, -6043368, -6052288, -6061208, -6070128, -6079048, -6087968, -6096888, -6105808, 0, 0, 0, 
2025-12-28 12:48:48.353824|{tx-535} :AAAAAAAAAAAAAA...
2025-12-28 12:48:48.512711|{rx-536} 1, 0, 7, 3, 458, 4563, 0, 0, 0, 0, 7, 6, 0, 6, 6
2025-12-28 12:48:48.516566|{rssi-536} 111, -127, -127, -127, -127, -127, -127, -127, -77, -127, -127, -127, 111, 111, 111, 111, 111, 111, 
2025-12-28 12:48:48.527770|{td-536} 0, -9029288, -9038208, -9047128, -9056048, -9064968, -9073888, -9082808, -79, 0, 0, 0, 0, 0, 0, 0, 0, 0, 
2025-12-28 12:48:48.538135|{tx-536} :AAAAAAA-BBB......
2025-12-28 12:48:48.701011|{rx-537} 1, 0, 6, 3, 459, 4570, 0, 0, 0, 0, 6, 6, 0, 6, 6
2025-12-28 12:48:48.706936|{rssi-537} 111, -127, -127, -127, -127, -127, -127, -77, -127, -127, -127, 111, 111, 111, 111, 111, 111, 111, 
2025-12-28 12:48:48.716363|{td-537} 0, -2950408, -2959328, -2968248, -2977168, -2986088, -2995008, -23, 0, 0, 0, 0, 0, 0, 0, 0, 0, 0, 
2025-12-28 12:48:48.725962|{tx-537} :AAAAAA-BBB.......
2025-12-28 12:48:48.893379|{rx-538} 1, 0, 7, 3, 460, 4578, 0, 0, 0, 0, 7, 6, 0, 6, 6
2025-12-28 12:48:48.897482|{rssi-538} 111, -127, -127, -127, -127, -127, -127, -127, -77, -127, -127, -127, 111, 111, 111, 111, 111, 111, 
2025-12-28 12:48:48.907565|{td-538} 0, -2959328, -2968248, -2977168, -2986088, -2995008, -3003928, -3012848, -29, 0, 0, 0, 0, 0, 0, 0, 0, 0, 
2025-12-28 12:48:48.917630|{tx-538} :AAAAAAA-BBB......
2025-12-28 12:48:49.083184|{rx-539} 1, 0, 8, 3, 461, 4587, 0, 0, 0, 0, 8, 7, 0, 6, 6
2025-12-28 12:48:49.089101|{rssi-539} 111, -127, -127, -127, -127, -127, -127, -127, -127, -77, -127, -127, -127, 111, 111, 111, 111, 111, 
2025-12-28 12:48:49.098396|{td-539} 0, -2950408, -2959328, -2968248, -2977168, -2986088, -2995008, -3003928, -3012848, -27, 0, 0, 0, 0, 0, 0, 0, 0, 
2025-12-28 12:48:49.109057|{tx-539} :AAAAAAAA-BBB.....
2025-12-28 12:48:49.273134|{rx-540} 1, 0, 7, 3, 462, 4595, 0, 0, 0, 0, 7, 6, 0, 6, 6
2025-12-28 12:48:49.277057|{rssi-540} 111, -127, -127, -127, -127, -127, -127, -127, -77, -127, -127, -127, 111, 111, 111, 111, 111, 111, 
2025-12-28 12:48:49.287487|{td-540} 0, -2941488, -2950408, -2959328, -2968248, -2977168, -2986088, -2995008, -27, 0, 0, 0, 0, 0, 0, 0, 0, 0, 
2025-12-28 12:48:49.297145|{tx-540} :AAAAAAA-BBB......
2025-12-28 12:48:49.463332|{rx-541} 1, 0, 7, 3, 463, 4603, 0, 0, 0, 0, 7, 6, 0, 6, 6
2025-12-28 12:48:49.466994|{rssi-541} 111, -127, -127, -127, -127, -127, -127, -127, -77, -127, -127, -127, 111, 111, 111, 111, 111, 111, 
2025-12-28 12:48:49.477985|{td-541} 0, -2950408, -2959328, -2968248, -2977168, -2986088, -2995008, -3003928, -27, 0, 0, 0, 0, 0, 0, 0, 0, 0, 
2025-12-28 12:48:49.486436|{tx-541} :AAAAAAA-BBB......
2025-12-28 12:48:49.651815|{rx-542} 1, 0, 7, 3, 464, 4611, 0, 0, 0, 0, 7, 6, 0, 6, 6
2025-12-28 12:48:49.657489|{rssi-542} 111, -127, -127, -127, -127, -127, -127, -127, -77, -127, -127, -127, 111, 111, 111, 111, 111, 111, 
2025-12-28 12:48:49.667220|{td-542} 0, -2950408, -2959328, -2968248, -2977168, -2986088, -2995008, -3003928, -23, 0, 0, 0, 0, 0, 0, 0, 0, 0, 
2025-12-28 12:48:49.676819|{tx-542} :AAAAAAA-BBB......
2025-12-28 12:48:49.842429|{rx-543} 1, 0, 7, 3, 465, 4619, 0, 0, 0, 0, 7, 6, 0, 6, 6
2025-12-28 12:48:49.847205|{rssi-543} 111, -127, -127, -127, -127, -127, -127, -127, -77, -127, -127, -127, 111, 111, 111, 111, 111, 111, 
2025-12-28 12:48:49.856614|{td-543} 0, -2950408, -2959328, -2968248, -2977168, -2986088, -2995008, -3003928, -29, 0, 0, 0, 0, 0, 0, 0, 0, 0, 
2025-12-28 12:48:49.867826|{tx-543} :AAAAAAA-BBB......
2025-12-28 12:48:50.032495|{rx-544} 1, 0, 7, 3, 466, 4627, 0, 0, 0, 0, 7, 6, 0, 6, 6
2025-12-28 12:48:50.036207|{rssi-544} 111, -127, -127, -127, -127, -127, -127, -127, -77, -127, -127, -127, 111, 111, 111, 111, 111, 111, 
2025-12-28 12:48:50.047891|{td-544} 0, -2950408, -2959328, -2968248, -2977168, -2986088, -2995008, -3003928, -29, 0, 0, 0, 0, 0, 0, 0, 0, 0, 
2025-12-28 12:48:50.057300|{tx-544} :AAAAAAA-BBB......
2025-12-28 12:48:50.221931|{rx-545} 1, 0, 7, 3, 467, 4635, 0, 0, 0, 0, 7, 6, 0, 6, 6
2025-12-28 12:48:50.226348|{rssi-545} 111, -127, -127, -127, -127, -127, -127, -127, -77, -127, -127, -127, 111, 111, 111, 111, 111, 111, 
2025-12-28 12:48:50.237210|{td-545} 0, -2950408, -2959328, -2968248, -2977168, -2986088, -2995008, -3003928, -23, 0, 0, 0, 0, 0, 0, 0, 0, 0, 
2025-12-28 12:48:50.247484|{tx-545} :AAAAAAA-BBB......
2025-12-28 12:48:50.412413|{rx-546} 1, 0, 9, 3, 468, 4645, 0, 0, 0, 0, 9, 7, 0, 6, 6
2025-12-28 12:48:50.417994|{rssi-546} 111, -127, -127, -127, -127, -127, -127, -127, -127, -127, -77, -127, -127, -127, 111, 111, 111, 111, 
2025-12-28 12:48:50.428314|{td-546} 0, -2950408, -2959328, -2968248, -2977168, -2986088, -2995008, -3003928, -3012848, -3021768, -31, 0, 0, 0, 0, 0, 0, 0, 
2025-12-28 12:48:50.440448|{tx-546} :AAAAAAAAA-BBB....
2025-12-28 12:48:50.602353|{rx-547} 1, 0, 6, 3, 469, 4652, 0, 0, 0, 0, 6, 6, 0, 6, 6
2025-12-28 12:48:50.606851|{rssi-547} 111, -127, -127, -127, -127, -127, -127, -77, -127, -127, -127, 111, 111, 111, 111, 111, 111, 111, 
2025-12-28 12:48:50.616096|{td-547} 0, -2932568, -2941488, -2950408, -2959328, -2968248, -2977168, -25, 0, 0, 0, 0, 0, 0, 0, 0, 0, 0, 
2025-12-28 12:48:50.625275|{tx-547} :AAAAAA-BBB.......
2025-12-28 12:48:50.793382|{rx-548} 1, 0, 8, 3, 470, 4661, 0, 0, 0, 0, 8, 7, 0, 6, 6
2025-12-28 12:48:50.797658|{rssi-548} 111, -127, -127, -127, -127, -127, -127, -127, -127, -78, -127, -127, -127, 111, 111, 111, 111, 111, 
2025-12-28 12:48:50.807005|{td-548} 0, -2959328, -2968248, -2977168, -2986088, -2995008, -3003928, -3012848, -3021768, -21, 0, 0, 0, 0, 0, 0, 0, 0, 
2025-12-28 12:48:50.818075|{tx-548} :AAAAAAAA-BBB.....
2025-12-28 12:48:50.982140|{rx-549} 1, 0, 7, 3, 471, 4669, 0, 0, 0, 0, 7, 6, 0, 6, 6
2025-12-28 12:48:50.986848|{rssi-549} 111, -127, -127, -127, -127, -127, -127, -127, -77, -127, -127, -127, 111, 111, 111, 111, 111, 111, 
2025-12-28 12:48:50.996474|{td-549} 0, -2941488, -2950408, -2959328, -2968248, -2977168, -2986088, -2995008, -29, 0, 0, 0, 0, 0, 0, 0, 0, 0, 
2025-12-28 12:48:51.006481|{tx-549} :AAAAAAA-BBB......
2025-12-28 12:48:51.172464|{rx-550} 1, 0, 7, 3, 472, 4677, 0, 0, 0, 0, 7, 6, 0, 6, 6
2025-12-28 12:48:51.197448|{rssi-550} 111, -127, -127, -127, -127, -127, -127, -127, -77, -127, -127, -127, 111, 111, 111, 111, 111, 111, 
2025-12-28 12:48:51.198880|{td-550} 0, -2950408, -2959328, -2968248, -2977168, -2986088, -2995008, -3003928, -25, 0, 0, 0, 0, 0, 0, 0, 0, 0, 
2025-12-28 12:48:51.199435|{tx-550} :AAAAAAA-BBB......
2025-12-28 12:48:51.361999|{rx-551} 1, 0, 7, 3, 473, 4685, 0, 0, 0, 0, 7, 6, 0, 6, 6
2025-12-28 12:48:51.367106|{rssi-551} 111, -127, -127, -127, -127, -127, -127, -127, -77, -127, -127, -127, 111, 111, 111, 111, 111, 111, 
2025-12-28 12:48:51.376504|{td-551} 0, -2950408, -2959328, -2968248, -2977168, -2986088, -2995008, -3003928, -29, 0, 0, 0, 0, 0, 0, 0, 0, 0, 
2025-12-28 12:48:51.386317|{tx-551} :AAAAAAA-BBB......
2025-12-28 12:48:51.551353|{rx-552} 1, 0, 7, 3, 474, 4693, 0, 0, 0, 0, 7, 6, 0, 6, 6
2025-12-28 12:48:51.556855|{rssi-552} 111, -127, -127, -127, -127, -127, -127, -127, -77, -127, -127, -127, 111, 111, 111, 111, 111, 111, 
2025-12-28 12:48:51.567274|{td-552} 0, -2950408, -2959328, -2968248, -2977168, -2986088, -2995008, -3003928, -29, 0, 0, 0, 0, 0, 0, 0, 0, 0, 
2025-12-28 12:48:51.576373|{tx-552} :AAAAAAA-BBB......
2025-12-28 12:48:51.741902|{rx-553} 1, 0, 7, 3, 475, 4701, 0, 0, 0, 0, 7, 6, 0, 6, 6
2025-12-28 12:48:51.747123|{rssi-553} 111, -127, -127, -127, -127, -127, -127, -127, -77, -127, -127, -127, 111, 111, 111, 111, 111, 111, 
2025-12-28 12:48:51.756437|{td-553} 0, -2950408, -2959328, -2968248, -2977168, -2986088, -2995008, -3003928, -23, 0, 0, 0, 0, 0, 0, 0, 0, 0, 
2025-12-28 12:48:51.766272|{tx-553} :AAAAAAA-BBB......
2025-12-28 12:48:51.932285|{rx-554} 1, 0, 7, 3, 476, 4709, 0, 0, 0, 0, 7, 6, 0, 6, 6
2025-12-28 12:48:51.936739|{rssi-554} 111, -127, -127, -127, -127, -127, -127, -127, -77, -127, -127, -127, 111, 111, 111, 111, 111, 111, 
2025-12-28 12:48:51.946899|{td-554} 0, -2950408, -2959328, -2968248, -2977168, -2986088, -2995008, -3003928, -23, 0, 0, 0, 0, 0, 0, 0, 0, 0, 
2025-12-28 12:48:51.956370|{tx-554} :AAAAAAA-BBB......
2025-12-28 12:48:52.122709|{rx-555} 1, 0, 9, 3, 477, 4719, 0, 0, 0, 0, 9, 7, 0, 6, 6
2025-12-28 12:48:52.127973|{rssi-555} 111, -127, -127, -127, -127, -127, -127, -127, -127, -127, -77, -127, -127, -127, 111, 111, 111, 111, 
2025-12-28 12:48:52.138351|{td-555} 0, -2950408, -2959328, -2968248, -2977168, -2986088, -2995008, -3003928, -3012848, -3021768, -29, 0, 0, 0, 0, 0, 0, 0, 
2025-12-28 12:48:52.149639|{tx-555} :AAAAAAAAA-BBB....
2025-12-28 12:48:52.313009|{rx-556} 1, 0, 8, 3, 478, 4728, 0, 0, 0, 0, 8, 6, 0, 6, 6
2025-12-28 12:48:52.317268|{rssi-556} 111, -127, -127, -127, -127, -127, -127, -127, -127, -77, -127, -127, -127, 111, 111, 111, 111, 111, 
2025-12-28 12:48:52.327611|{td-556} 0, -2932568, -2941488, -2950408, -2959328, -2968248, -2977168, -2986088, -2995008, -31, 0, 0, 0, 0, 0, 0, 0, 0, 
2025-12-28 12:48:52.338516|{tx-556} :AAAAAAAA-BBB.....
2025-12-28 12:48:52.502397|{rx-557} 1, 0, 7, 3, 479, 4736, 0, 0, 0, 0, 7, 6, 0, 6, 6
2025-12-28 12:48:52.507095|{rssi-557} 111, -127, -127, -127, -127, -127, -127, -127, -77, -127, -127, -127, 111, 111, 111, 111, 111, 111, 
2025-12-28 12:48:52.517160|{td-557} 0, -2941488, -2950408, -2959328, -2968248, -2977168, -2986088, -2995008, -23, 0, 0, 0, 0, 0, 0, 0, 0, 0, 
2025-12-28 12:48:52.527503|{tx-557} :AAAAAAA-BBB......
2025-12-28 12:48:52.691831|{rx-558} 1, 0, 7, 3, 480, 4744, 0, 0, 0, 0, 7, 6, 0, 6, 6
2025-12-28 12:48:52.697135|{rssi-558} 111, -127, -127, -127, -127, -127, -127, -127, -77, -127, -127, -127, 111, 111, 111, 111, 111, 111, 
2025-12-28 12:48:52.707050|{td-558} 0, -2950408, -2959328, -2968248, -2977168, -2986088, -2995008, -3003928, -29, 0, 0, 0, 0, 0, 0, 0, 0, 0, 
2025-12-28 12:48:52.716537|{tx-558} :AAAAAAA-BBB......
2025-12-28 12:48:52.882612|{rx-559} 1, 0, 7, 3, 481, 4752, 0, 0, 0, 0, 7, 6, 0, 6, 6
2025-12-28 12:48:52.887436|{rssi-559} 111, -127, -127, -127, -127, -127, -127, -127, -77, -127, -127, -127, 111, 111, 111, 111, 111, 111, 
2025-12-28 12:48:52.897465|{td-559} 0, -2950408, -2959328, -2968248, -2977168, -2986088, -2995008, -3003928, -25, 0, 0, 0, 0, 0, 0, 0, 0, 0, 
2025-12-28 12:48:52.906583|{tx-559} :AAAAAAA-BBB......
2025-12-28 12:48:53.071350|{rx-560} 1, 0, 6, 3, 482, 4759, 0, 0, 0, 0, 6, 6, 0, 6, 6
2025-12-28 12:48:53.076266|{rssi-560} 111, -127, -127, -127, -127, -127, -127, -77, -127, -127, -127, 111, 111, 111, 111, 111, 111, 111, 
2025-12-28 12:48:53.085363|{td-560} 0, -2950408, -2959328, -2968248, -2977168, -2986088, -2995008, -29, 0, 0, 0, 0, 0, 0, 0, 0, 0, 0, 
2025-12-28 12:48:53.094255|{tx-560} :AAAAAA-BBB.......
2025-12-28 12:48:53.261232|{rx-561} 1, 0, 7, 3, 483, 4767, 0, 0, 0, 0, 7, 6, 0, 6, 6
2025-12-28 12:48:53.266872|{rssi-561} 111, -127, -127, -127, -127, -127, -127, -127, -77, -127, -127, -127, 111, 111, 111, 111, 111, 111, 
2025-12-28 12:48:53.276455|{td-561} 0, -2959328, -2968248, -2977168, -2986088, -2995008, -3003928, -3012848, -21, 0, 0, 0, 0, 0, 0, 0, 0, 0, 
2025-12-28 12:48:53.285575|{tx-561} :AAAAAAA-BBB......
2025-12-28 12:48:53.451736|{rx-562} 1, 0, 8, 3, 484, 4776, 0, 0, 0, 0, 8, 6, 0, 6, 6
2025-12-28 12:48:53.456847|{rssi-562} 111, -127, -127, -127, -127, -127, -127, -127, -127, -77, -127, -127, -127, 111, 111, 111, 111, 111, 
2025-12-28 12:48:53.466319|{td-562} 0, -2950408, -2959328, -2968248, -2977168, -2986088, -2995008, -3003928, -3012848, -31, 0, 0, 0, 0, 0, 0, 0, 0, 
2025-12-28 12:48:53.478209|{tx-562} :AAAAAAAA-BBB.....
2025-12-28 12:48:53.641885|{rx-563} 1, 0, 7, 3, 485, 4784, 0, 0, 0, 0, 7, 6, 0, 6, 6
2025-12-28 12:48:53.646576|{rssi-563} 111, -127, -127, -127, -127, -127, -127, -127, -77, -127, -127, -127, 111, 111, 111, 111, 111, 111, 
2025-12-28 12:48:53.656682|{td-563} 0, -2941488, -2950408, -2959328, -2968248, -2977168, -2986088, -2995008, -27, 0, 0, 0, 0, 0, 0, 0, 0, 0, 
2025-12-28 12:48:53.666996|{tx-563} :AAAAAAA-BBB......
2025-12-28 12:48:53.832139|{rx-564} 1, 0, 8, 3, 486, 4793, 0, 0, 0, 0, 8, 6, 0, 6, 6
2025-12-28 12:48:53.836481|{rssi-564} 111, -127, -127, -127, -127, -127, -127, -127, -127, -77, -127, -127, -127, 111, 111, 111, 111, 111, 
2025-12-28 12:48:53.847400|{td-564} 0, -2950408, -2959328, -2968248, -2977168, -2986088, -2995008, -3003928, -3012848, -25, 0, 0, 0, 0, 0, 0, 0, 0, 
2025-12-28 12:48:53.857982|{tx-564} :AAAAAAAA-BBB.....
2025-12-28 12:48:54.021742|{rx-565} 1, 0, 7, 3, 487, 4801, 0, 0, 0, 0, 7, 6, 0, 6, 6
2025-12-28 12:48:54.025812|{rssi-565} 111, -127, -127, -127, -127, -127, -127, -127, -77, -127, -127, -127, 111, 111, 111, 111, 111, 111, 
2025-12-28 12:48:54.037217|{td-565} 0, -2941488, -2950408, -2959328, -2968248, -2977168, -2986088, -2995008, -25, 0, 0, 0, 0, 0, 0, 0, 0, 0, 
2025-12-28 12:48:54.045496|{tx-565} :AAAAAAA-BBB......
2025-12-28 12:48:54.212600|{rx-566} 0, 0, 14, 0, 487, 4815, 0, 0, 0, 0, 65535, 255, 0, 6, 6
2025-12-28 12:48:54.218463|{rssi-566} 111, -127, -127, -127, -127, -127, -127, -127, -127, -127, -127, -127, -127, -127, -127, 111, 111, 111, 
2025-12-28 12:48:54.228941|{td-566} 0, -2950408, -2959328, -2968248, -2977168, -2986088, -2995008, -3003928, -3012848, -3021768, -3030688, -3039608, -3048528, -3057448, -3066368, 0, 0, 0, 
2025-12-28 12:48:54.242007|{tx-566} :AAAAAAAAAAAAAA...
2025-12-28 12:48:54.403266|{rx-567} 0, 0, 14, 0, 487, 4829, 0, 0, 0, 0, 65535, 255, 0, 6, 6
2025-12-28 12:48:54.408278|{rssi-567} 111, -127, -127, -127, -127, -127, -127, -127, -127, -127, -127, -127, -127, -127, -127, 111, 111, 111, 
2025-12-28 12:48:54.418567|{td-567} 0, -5989848, -5998768, -6007688, -6016608, -6025528, -6034448, -6043368, -6052288, -6061208, -6070128, -6079048, -6087968, -6096888, -6105808, 0, 0, 0, 
2025-12-28 12:48:54.433396|{tx-567} :AAAAAAAAAAAAAA...
2025-12-28 12:48:54.591765|{rx-568} 1, 0, 7, 3, 488, 4837, 0, 0, 0, 0, 7, 6, 0, 6, 6
2025-12-28 12:48:54.596436|{rssi-568} 111, -127, -127, -127, -127, -127, -127, -127, -77, -127, -127, -127, 111, 111, 111, 111, 111, 111, 
2025-12-28 12:48:54.606389|{td-568} 0, -9029288, -9038208, -9047128, -9056048, -9064968, -9073888, -9082808, -75, 0, 0, 0, 0, 0, 0, 0, 0, 0, 
2025-12-28 12:48:54.616521|{tx-568} :AAAAAAA-BBB......
2025-12-28 12:48:54.781241|{rx-569} 1, 0, 7, 3, 489, 4845, 0, 0, 0, 0, 7, 6, 0, 6, 6
2025-12-28 12:48:54.785866|{rssi-569} 111, -127, -127, -127, -127, -127, -127, -127, -77, -127, -127, -127, 111, 111, 111, 111, 111, 111, 
2025-12-28 12:48:54.796346|{td-569} 0, -2950408, -2959328, -2968248, -2977168, -2986088, -2995008, -3003928, -33, 0, 0, 0, 0, 0, 0, 0, 0, 0, 
2025-12-28 12:48:54.805407|{tx-569} :AAAAAAA-BBB......
2025-12-28 12:48:54.971275|{rx-570} 1, 0, 6, 3, 490, 4852, 0, 0, 0, 0, 6, 6, 0, 6, 6
2025-12-28 12:48:54.975695|{rssi-570} 111, -127, -127, -127, -127, -127, -127, -76, -127, -127, -127, 111, 111, 111, 111, 111, 111, 111, 
2025-12-28 12:48:54.985684|{td-570} 0, -2950408, -2959328, -2968248, -2977168, -2986088, -2995008, -25, 0, 0, 0, 0, 0, 0, 0, 0, 0, 0, 
2025-12-28 12:48:54.994640|{tx-570} :AAAAAA-BBB.......
2025-12-28 12:48:55.161226|{rx-571} 1, 0, 5, 3, 491, 4858, 0, 0, 0, 0, 5, 6, 0, 6, 6
2025-12-28 12:48:55.165636|{rssi-571} 111, -127, -127, -127, -127, -127, -77, -127, -127, -127, 111, 111, 111, 111, 111, 111, 111, 111, 
2025-12-28 12:48:55.175191|{td-571} 0, -2959328, -2968248, -2977168, -2986088, -2995008, -27, 0, 0, 0, 0, 0, 0, 0, 0, 0, 0, 0, 
2025-12-28 12:48:55.183348|{tx-571} :AAAAA-BBB........
2025-12-28 12:48:55.351243|{rx-572} 1, 0, 7, 3, 492, 4866, 0, 0, 0, 0, 7, 6, 0, 6, 6
2025-12-28 12:48:55.356331|{rssi-572} 111, -127, -127, -127, -127, -127, -127, -127, -77, -127, -127, -127, 111, 111, 111, 111, 111, 111, 
2025-12-28 12:48:55.366205|{td-572} 0, -2968248, -2977168, -2986088, -2995008, -3003928, -3012848, -3021768, -25, 0, 0, 0, 0, 0, 0, 0, 0, 0, 
2025-12-28 12:48:55.376649|{tx-572} :AAAAAAA-BBB......
2025-12-28 12:48:55.542605|{rx-573} 0, 0, 14, 0, 492, 4880, 0, 0, 0, 0, 65535, 255, 0, 6, 6
2025-12-28 12:48:55.548470|{rssi-573} 111, -127, -127, -127, -127, -127, -127, -127, -127, -127, -127, -127, -127, -127, -127, 111, 111, 111, 
2025-12-28 12:48:55.558885|{td-573} 0, -2950408, -2959328, -2968248, -2977168, -2986088, -2995008, -3003928, -3012848, -3021768, -3030688, -3039608, -3048528, -3057448, -3066368, 0, 0, 0, 
2025-12-28 12:48:55.572128|{tx-573} :AAAAAAAAAAAAAA...
2025-12-28 12:48:55.731755|{rx-574} 1, 0, 9, 3, 493, 4890, 0, 0, 0, 0, 9, 7, 0, 6, 6
2025-12-28 12:48:55.737583|{rssi-574} 111, -127, -127, -127, -127, -127, -127, -127, -127, -127, -77, -127, -127, -127, 111, 111, 111, 111, 
2025-12-28 12:48:55.747695|{td-574} 0, -5989848, -5998768, -6007688, -6016608, -6025528, -6034448, -6043368, -6052288, -6061208, -53, 0, 0, 0, 0, 0, 0, 0, 
2025-12-28 12:48:55.759070|{tx-574} :AAAAAAAAA-BBB....
2025-12-28 12:48:55.922457|{rx-575} 1, 0, 8, 3, 494, 4899, 0, 0, 0, 0, 8, 8, 0, 6, 6
2025-12-28 12:48:55.926663|{rssi-575} 111, -127, -127, -127, -127, -127, -127, -127, -127, -77, -127, -127, -127, 111, 111, 111, 111, 111, 
2025-12-28 12:48:55.936960|{td-575} 0, -2932568, -2941488, -2950408, -2959328, -2968248, -2977168, -2986088, -2995008, -27, 0, 0, 0, 0, 0, 0, 0, 0, 
2025-12-28 12:48:55.947185|{tx-575} :AAAAAAAA-BBB.....
2025-12-28 12:48:56.110836|{rx-576} 1, 0, 7, 3, 495, 4907, 0, 0, 0, 0, 7, 6, 0, 6, 6
2025-12-28 12:48:56.117556|{rssi-576} 111, -127, -127, -127, -127, -127, -127, -127, -77, -127, -127, -127, 111, 111, 111, 111, 111, 111, 
2025-12-28 12:48:56.126080|{td-576} 0, -2941488, -2950408, -2959328, -2968248, -2977168, -2986088, -2995008, -25, 0, 0, 0, 0, 0, 0, 0, 0, 0, 
2025-12-28 12:48:56.136374|{tx-576} :AAAAAAA-BBB......
2025-12-28 12:48:56.301554|{rx-577} 1, 0, 7, 3, 496, 4915, 0, 0, 0, 0, 7, 6, 0, 6, 6
2025-12-28 12:48:56.306058|{rssi-577} 111, -127, -127, -127, -127, -127, -127, -127, -77, -127, -127, -127, 111, 111, 111, 111, 111, 111, 
2025-12-28 12:48:56.316139|{td-577} 0, -2950408, -2959328, -2968248, -2977168, -2986088, -2995008, -3003928, -31, 0, 0, 0, 0, 0, 0, 0, 0, 0, 
2025-12-28 12:48:56.325773|{tx-577} :AAAAAAA-BBB......
2025-12-28 12:48:56.491395|{rx-578} 1, 0, 7, 3, 497, 4923, 0, 0, 0, 0, 7, 6, 0, 6, 6
2025-12-28 12:48:56.496135|{rssi-578} 111, -127, -127, -127, -127, -127, -127, -127, -77, -127, -127, -127, 111, 111, 111, 111, 111, 111, 
2025-12-28 12:48:56.506467|{td-578} 0, -2950408, -2959328, -2968248, -2977168, -2986088, -2995008, -3003928, -23, 0, 0, 0, 0, 0, 0, 0, 0, 0, 
2025-12-28 12:48:56.515648|{tx-578} :AAAAAAA-BBB......
2025-12-28 12:48:56.681396|{rx-579} 1, 0, 7, 3, 498, 4931, 0, 0, 0, 0, 7, 6, 0, 6, 6
2025-12-28 12:48:56.685781|{rssi-579} 111, -127, -127, -127, -127, -127, -127, -127, -77, -127, -127, -127, 111, 111, 111, 111, 111, 111, 
2025-12-28 12:48:56.696440|{td-579} 0, -2950408, -2959328, -2968248, -2977168, -2986088, -2995008, -3003928, -21, 0, 0, 0, 0, 0, 0, 0, 0, 0, 
2025-12-28 12:48:56.705023|{tx-579} :AAAAAAA-BBB......
2025-12-28 12:48:56.871165|{rx-580} 1, 0, 7, 3, 499, 4939, 0, 0, 0, 0, 7, 7, 0, 6, 6
2025-12-28 12:48:56.875716|{rssi-580} 111, -127, -127, -127, -127, -127, -127, -127, -77, -127, -127, -127, 111, 111, 111, 111, 111, 111, 
2025-12-28 12:48:56.885588|{td-580} 0, -2950408, -2959328, -2968248, -2977168, -2986088, -2995008, -3003928, -31, 0, 0, 0, 0, 0, 0, 0, 0, 0, 
2025-12-28 12:48:56.895956|{tx-580} :AAAAAAA-BBB......
2025-12-28 12:48:57.061111|{rx-581} 1, 0, 7, 3, 500, 4947, 0, 0, 0, 0, 7, 6, 0, 6, 6
2025-12-28 12:48:57.065462|{rssi-581} 111, -127, -127, -127, -127, -127, -127, -127, -77, -127, -127, -127, 111, 111, 111, 111, 111, 111, 
2025-12-28 12:48:57.076272|{td-581} 0, -2950408, -2959328, -2968248, -2977168, -2986088, -2995008, -3003928, -27, 0, 0, 0, 0, 0, 0, 0, 0, 0, 
2025-12-28 12:48:57.086463|{tx-581} :AAAAAAA-BBB......
2025-12-28 12:48:57.251513|{rx-582} 1, 0, 6, 3, 501, 4954, 0, 0, 0, 0, 6, 5, 0, 6, 6
2025-12-28 12:48:57.255512|{rssi-582} 111, -127, -127, -127, -127, -127, -127, -77, -127, -127, -127, 111, 111, 111, 111, 111, 111, 111, 
2025-12-28 12:48:57.265684|{td-582} 0, -2950408, -2959328, -2968248, -2977168, -2986088, -2995008, -31, 0, 0, 0, 0, 0, 0, 0, 0, 0, 0, 
2025-12-28 12:48:57.274205|{tx-582} :AAAAAA-BBB.......
2025-12-28 12:48:57.442387|{rx-583} 1, 0, 8, 3, 502, 4963, 0, 0, 0, 0, 8, 6, 0, 6, 6
2025-12-28 12:48:57.446705|{rssi-583} 111, -127, -127, -127, -127, -127, -127, -127, -127, -77, -127, -127, -127, 111, 111, 111, 111, 111, 
2025-12-28 12:48:57.456583|{td-583} 0, -2959328, -2968248, -2977168, -2986088, -2995008, -3003928, -3012848, -3021768, -25, 0, 0, 0, 0, 0, 0, 0, 0, 
2025-12-28 12:48:57.467569|{tx-583} :AAAAAAAA-BBB.....
2025-12-28 12:48:57.631757|{rx-584} 1, 0, 7, 3, 503, 4971, 0, 0, 0, 0, 7, 6, 0, 6, 6
2025-12-28 12:48:57.635722|{rssi-584} 111, -127, -127, -127, -127, -127, -127, -127, -77, -127, -127, -127, 111, 111, 111, 111, 111, 111, 
2025-12-28 12:48:57.645398|{td-584} 0, -2941488, -2950408, -2959328, -2968248, -2977168, -2986088, -2995008, -27, 0, 0, 0, 0, 0, 0, 0, 0, 0, 
2025-12-28 12:48:57.655094|{tx-584} :AAAAAAA-BBB......
2025-12-28 12:48:57.821087|{rx-585} 1, 0, 7, 3, 504, 4979, 0, 0, 0, 0, 7, 6, 0, 6, 6
2025-12-28 12:48:57.825945|{rssi-585} 111, -127, -127, -127, -127, -127, -127, -127, -77, -127, -127, -127, 111, 111, 111, 111, 111, 111, 
2025-12-28 12:48:57.835907|{td-585} 0, -2950408, -2959328, -2968248, -2977168, -2986088, -2995008, -3003928, -25, 0, 0, 0, 0, 0, 0, 0, 0, 0, 
2025-12-28 12:48:57.845920|{tx-585} :AAAAAAA-BBB......
2025-12-28 12:48:58.011262|{rx-586} 1, 0, 7, 3, 505, 4987, 0, 0, 0, 0, 7, 6, 0, 6, 6
2025-12-28 12:48:58.015648|{rssi-586} 111, -127, -127, -127, -127, -127, -127, -127, -77, -127, -127, -127, 111, 111, 111, 111, 111, 111, 
2025-12-28 12:48:58.026214|{td-586} 0, -2950408, -2959328, -2968248, -2977168, -2986088, -2995008, -3003928, -27, 0, 0, 0, 0, 0, 0, 0, 0, 0, 
2025-12-28 12:48:58.035842|{tx-586} :AAAAAAA-BBB......
2025-12-28 12:48:58.202566|{rx-587} 0, 0, 14, 0, 505, 5001, 0, 0, 0, 0, 65535, 255, 0, 6, 6
2025-12-28 12:48:58.207779|{rssi-587} 111, -127, -127, -127, -127, -127, -127, -127, -127, -127, -127, -127, -127, -127, -127, 111, 111, 111, 
2025-12-28 12:48:58.218390|{td-587} 0, -2950408, -2959328, -2968248, -2977168, -2986088, -2995008, -3003928, -3012848, -3021768, -3030688, -3039608, -3048528, -3057448, -3066368, 0, 0, 0, 
2025-12-28 12:48:58.232016|{tx-587} :AAAAAAAAAAAAAA...
2025-12-28 12:48:58.391121|{rx-588} 1, 0, 5, 3, 506, 5007, 0, 0, 0, 0, 5, 6, 0, 6, 6
2025-12-28 12:48:58.394946|{rssi-588} 111, -127, -127, -127, -127, -127, -77, -127, -127, -127, 111, 111, 111, 111, 111, 111, 111, 111, 
2025-12-28 12:48:58.405243|{td-588} 0, -5989848, -5998768, -6007688, -6016608, -6025528, -55, 0, 0, 0, 0, 0, 0, 0, 0, 0, 0, 0, 
2025-12-28 12:48:58.413483|{tx-588} :AAAAA-BBB........
2025-12-28 12:48:58.582102|{rx-589} 0, 0, 14, 0, 506, 5021, 0, 0, 0, 0, 65535, 255, 0, 6, 6
2025-12-28 12:48:58.588102|{rssi-589} 111, -127, -127, -127, -127, -127, -127, -127, -127, -127, -127, -127, -127, -127, -127, 111, 111, 111, 
2025-12-28 12:48:58.598460|{td-589} 0, -2968248, -2977168, -2986088, -2995008, -3003928, -3012848, -3021768, -3030688, -3039608, -3048528, -3057448, -3066368, -3075288, -3084208, 0, 0, 0, 
2025-12-28 12:48:58.612444|{tx-589} :AAAAAAAAAAAAAA...
2025-12-28 12:48:58.771004|{rx-590} 1, 0, 6, 3, 507, 5028, 0, 0, 0, 0, 6, 6, 0, 6, 6
2025-12-28 12:48:58.776280|{rssi-590} 111, -127, -127, -127, -127, -127, -127, -77, -127, -127, -127, 111, 111, 111, 111, 111, 111, 111, 
2025-12-28 12:48:58.784509|{td-590} 0, -6007688, -6016608, -6025528, -6034448, -6043368, -6052288, -51, 0, 0, 0, 0, 0, 0, 0, 0, 0, 0, 
2025-12-28 12:48:58.794898|{tx-590} :AAAAAA-BBB.......
2025-12-28 12:48:58.960391|{rx-591} 1, 0, 7, 3, 508, 5036, 0, 0, 0, 0, 7, 6, 0, 6, 6
2025-12-28 12:48:58.966005|{rssi-591} 111, -127, -127, -127, -127, -127, -127, -127, -77, -127, -127, -127, 111, 111, 111, 111, 111, 111, 
2025-12-28 12:48:58.976515|{td-591} 0, -2959328, -2968248, -2977168, -2986088, -2995008, -3003928, -3012848, -27, 0, 0, 0, 0, 0, 0, 0, 0, 0, 
2025-12-28 12:48:58.984488|{tx-591} :AAAAAAA-BBB......
2025-12-28 12:48:59.151638|{rx-592} 0, 0, 14, 0, 508, 5050, 0, 0, 0, 0, 65535, 255, 0, 6, 6
2025-12-28 12:48:59.158570|{rssi-592} 111, -127, -127, -127, -127, -127, -127, -127, -127, -127, -127, -127, -127, -127, -127, 111, 111, 111, 
2025-12-28 12:48:59.168379|{td-592} 0, -2950408, -2959328, -2968248, -2977168, -2986088, -2995008, -3003928, -3012848, -3021768, -3030688, -3039608, -3048528, -3057448, -3066368, 0, 0, 0, 
2025-12-28 12:48:59.181651|{tx-592} :AAAAAAAAAAAAAA...
2025-12-28 12:48:59.341506|{rx-593} 1, 0, 7, 3, 509, 5058, 0, 0, 0, 0, 7, 6, 0, 6, 6
2025-12-28 12:48:59.346236|{rssi-593} 111, -127, -127, -127, -127, -127, -127, -127, -77, -127, -127, -127, 111, 111, 111, 111, 111, 111, 
2025-12-28 12:48:59.355942|{td-593} 0, -5989848, -5998768, -6007688, -6016608, -6025528, -6034448, -6043368, -51, 0, 0, 0, 0, 0, 0, 0, 0, 0, 
2025-12-28 12:48:59.365782|{tx-593} :AAAAAAA-BBB......
2025-12-28 12:48:59.531462|{rx-594} 1, 0, 7, 3, 510, 5066, 0, 0, 0, 0, 7, 6, 0, 6, 6
2025-12-28 12:48:59.535489|{rssi-594} 111, -127, -127, -127, -127, -127, -127, -127, -77, -127, -127, -127, 111, 111, 111, 111, 111, 111, 
2025-12-28 12:48:59.545327|{td-594} 0, -2950408, -2959328, -2968248, -2977168, -2986088, -2995008, -3003928, -29, 0, 0, 0, 0, 0, 0, 0, 0, 0, 
2025-12-28 12:48:59.554583|{tx-594} :AAAAAAA-BBB......
2025-12-28 12:48:59.721025|{rx-595} 1, 0, 7, 3, 511, 5074, 0, 0, 0, 0, 7, 6, 0, 6, 6
2025-12-28 12:48:59.725322|{rssi-595} 111, -127, -127, -127, -127, -127, -127, -127, -77, -127, -127, -127, 111, 111, 111, 111, 111, 111, 
2025-12-28 12:48:59.735831|{td-595} 0, -2950408, -2959328, -2968248, -2977168, -2986088, -2995008, -3003928, -25, 0, 0, 0, 0, 0, 0, 0, 0, 0, 
2025-12-28 12:48:59.745801|{tx-595} :AAAAAAA-BBB......
2025-12-28 12:48:59.911370|{rx-596} 1, 0, 7, 3, 512, 5082, 0, 0, 0, 0, 7, 6, 0, 6, 6
2025-12-28 12:48:59.915690|{rssi-596} 111, -127, -127, -127, -127, -127, -127, -127, -77, -127, -127, -127, 111, 111, 111, 111, 111, 111, 
2025-12-28 12:48:59.925871|{td-596} 0, -2950408, -2959328, -2968248, -2977168, -2986088, -2995008, -3003928, -31, 0, 0, 0, 0, 0, 0, 0, 0, 0, 
2025-12-28 12:48:59.934389|{tx-596} :AAAAAAA-BBB......
2025-12-28 12:49:00.099399|{rx-597} 1, 0, 5, 3, 513, 5088, 0, 0, 0, 0, 5, 6, 0, 6, 6
2025-12-28 12:49:00.104473|{rssi-597} 111, -127, -127, -127, -127, -127, -77, -127, -127, -127, 111, 111, 111, 111, 111, 111, 111, 111, 
2025-12-28 12:49:00.114984|{td-597} 0, -2950408, -2959328, -2968248, -2977168, -2986088, -21, 0, 0, 0, 0, 0, 0, 0, 0, 0, 0, 0, 
2025-12-28 12:49:00.123264|{tx-597} :AAAAA-BBB........
2025-12-28 12:49:00.291581|{rx-598} 1, 0, 10, 3, 514, 5099, 0, 0, 0, 0, 10, 6, 0, 6, 6
2025-12-28 12:49:00.297031|{rssi-598} 111, -127, -127, -127, -127, -127, -127, -127, -127, -127, -127, -77, -127, -127, -127, 111, 111, 111, 
2025-12-28 12:49:00.307408|{td-598} 0, -2968248, -2977168, -2986088, -2995008, -3003928, -3012848, -3021768, -3030688, -3039608, -3048528, -31, 0, 0, 0, 0, 0, 0, 
2025-12-28 12:49:00.319511|{tx-598} :AAAAAAAAAA-BBB...
2025-12-28 12:49:00.479462|{rx-599} 1, 0, 5, 3, 515, 5105, 0, 0, 0, 0, 5, 6, 0, 6, 6
2025-12-28 12:49:00.484647|{rssi-599} 111, -127, -127, -127, -127, -127, -77, -127, -127, -127, 111, 111, 111, 111, 111, 111, 111, 111, 
2025-12-28 12:49:00.493209|{td-599} 0, -2923648, -2932568, -2941488, -2950408, -2959328, -21, 0, 0, 0, 0, 0, 0, 0, 0, 0, 0, 0, 
2025-12-28 12:49:00.503130|{tx-599} :AAAAA-BBB........
2025-12-28 12:49:00.671571|{rx-600} 1, 0, 6, 3, 516, 5112, 0, 0, 0, 0, 6, 6, 0, 6, 6
2025-12-28 12:49:00.674758|{rssi-600} 111, -127, -127, -127, -127, -127, -127, -77, -127, -127, -127, 111, 111, 111, 111, 111, 111, 111, 
2025-12-28 12:49:00.685160|{td-600} 0, -2968248, -2977168, -2986088, -2995008, -3003928, -3012848, -27, 0, 0, 0, 0, 0, 0, 0, 0, 0, 0, 
2025-12-28 12:49:00.694375|{tx-600} :AAAAAA-BBB.......
2025-12-28 12:49:00.860410|{rx-601} 1, 0, 6, 3, 517, 5119, 0, 0, 0, 0, 6, 6, 0, 6, 6
2025-12-28 12:49:00.864957|{rssi-601} 111, -127, -127, -127, -127, -127, -127, -77, -127, -127, -127, 111, 111, 111, 111, 111, 111, 111, 
2025-12-28 12:49:00.873658|{td-601} 0, -2959328, -2968248, -2977168, -2986088, -2995008, -3003928, -29, 0, 0, 0, 0, 0, 0, 0, 0, 0, 0, 
2025-12-28 12:49:00.883527|{tx-601} :AAAAAA-BBB.......
2025-12-28 12:49:01.049777|{rx-602} 1, 0, 7, 3, 518, 5127, 0, 0, 0, 0, 7, 6, 0, 6, 6
2025-12-28 12:49:01.054714|{rssi-602} 111, -127, -127, -127, -127, -127, -127, -127, -77, -127, -127, -127, 111, 111, 111, 111, 111, 111, 
2025-12-28 12:49:01.065576|{td-602} 0, -2959328, -2968248, -2977168, -2986088, -2995008, -3003928, -3012848, -23, 0, 0, 0, 0, 0, 0, 0, 0, 0, 
2025-12-28 12:49:01.075638|{tx-602} :AAAAAAA-BBB......
2025-12-28 12:49:01.240919|{rx-603} 1, 0, 7, 3, 519, 5135, 0, 0, 0, 0, 7, 6, 0, 6, 6
2025-12-28 12:49:01.245949|{rssi-603} 111, -127, -127, -127, -127, -127, -127, -127, -77, -127, -127, -127, 111, 111, 111, 111, 111, 111, 
2025-12-28 12:49:01.255740|{td-603} 0, -2950408, -2959328, -2968248, -2977168, -2986088, -2995008, -3003928, -29, 0, 0, 0, 0, 0, 0, 0, 0, 0, 
2025-12-28 12:49:01.265860|{tx-603} :AAAAAAA-BBB......
2025-12-28 12:49:01.430654|{rx-604} 1, 0, 6, 3, 520, 5142, 0, 0, 0, 0, 6, 6, 0, 6, 6
2025-12-28 12:49:01.435216|{rssi-604} 111, -127, -127, -127, -127, -127, -127, -77, -127, -127, -127, 111, 111, 111, 111, 111, 111, 111, 
2025-12-28 12:49:01.445077|{td-604} 0, -2950408, -2959328, -2968248, -2977168, -2986088, -2995008, -27, 0, 0, 0, 0, 0, 0, 0, 0, 0, 0, 
2025-12-28 12:49:01.454089|{tx-604} :AAAAAA-BBB.......
2025-12-28 12:49:01.620487|{rx-605} 1, 0, 7, 3, 521, 5150, 0, 0, 0, 0, 7, 6, 0, 6, 6
2025-12-28 12:49:01.626688|{rssi-605} 111, -127, -127, -127, -127, -127, -127, -127, -77, -127, -127, -127, 111, 111, 111, 111, 111, 111, 
2025-12-28 12:49:01.635034|{td-605} 0, -2959328, -2968248, -2977168, -2986088, -2995008, -3003928, -3012848, -27, 0, 0, 0, 0, 0, 0, 0, 0, 0, 
2025-12-28 12:49:01.645835|{tx-605} :AAAAAAA-BBB......
2025-12-28 12:49:01.809903|{rx-606} 1, 0, 6, 3, 522, 5157, 0, 0, 0, 0, 6, 6, 0, 6, 6
2025-12-28 12:49:01.814850|{rssi-606} 111, -127, -127, -127, -127, -127, -127, -77, -127, -127, -127, 111, 111, 111, 111, 111, 111, 111, 
2025-12-28 12:49:01.824411|{td-606} 0, -2950408, -2959328, -2968248, -2977168, -2986088, -2995008, -25, 0, 0, 0, 0, 0, 0, 0, 0, 0, 0, 
2025-12-28 12:49:01.834476|{tx-606} :AAAAAA-BBB.......
2025-12-28 12:49:02.001877|{rx-607} 1, 0, 7, 3, 523, 5165, 0, 0, 0, 0, 7, 6, 0, 6, 6
2025-12-28 12:49:02.005849|{rssi-607} 111, -127, -127, -127, -127, -127, -127, -127, -77, -127, -127, -127, 111, 111, 111, 111, 111, 111, 
2025-12-28 12:49:02.016077|{td-607} 0, -2959328, -2968248, -2977168, -2986088, -2995008, -3003928, -3012848, -27, 0, 0, 0, 0, 0, 0, 0, 0, 0, 
2025-12-28 12:49:02.024592|{tx-607} :AAAAAAA-BBB......
2025-12-28 12:49:02.188777|{rx-608} 1, 0, 6, 3, 524, 5172, 0, 0, 0, 0, 6, 6, 0, 6, 6
2025-12-28 12:49:02.194903|{rssi-608} 111, -127, -127, -127, -127, -127, -127, -77, -127, -127, -127, 111, 111, 111, 111, 111, 111, 111, 
2025-12-28 12:49:02.205162|{td-608} 0, -2950408, -2959328, -2968248, -2977168, -2986088, -2995008, -29, 0, 0, 0, 0, 0, 0, 0, 0, 0, 0, 
2025-12-28 12:49:02.213234|{tx-608} :AAAAAA-BBB.......
2025-12-28 12:49:02.381289|{rx-609} 1, 0, 7, 3, 525, 5180, 0, 0, 0, 0, 7, 6, 0, 6, 6
2025-12-28 12:49:02.385337|{rssi-609} 111, -127, -127, -127, -127, -127, -127, -127, -77, -127, -127, -127, 111, 111, 111, 111, 111, 111, 
2025-12-28 12:49:02.394669|{td-609} 0, -2959328, -2968248, -2977168, -2986088, -2995008, -3003928, -3012848, -21, 0, 0, 0, 0, 0, 0, 0, 0, 0, 
2025-12-28 12:49:02.405196|{tx-609} :AAAAAAA-BBB......
2025-12-28 12:49:02.571574|{rx-610} 1, 0, 7, 3, 526, 5188, 0, 0, 0, 0, 7, 6, 0, 6, 6
2025-12-28 12:49:02.575627|{rssi-610} 111, -127, -127, -127, -127, -127, -127, -127, -77, -127, -127, -127, 111, 111, 111, 111, 111, 111, 
2025-12-28 12:49:02.585073|{td-610} 0, -2950408, -2959328, -2968248, -2977168, -2986088, -2995008, -3003928, -33, 0, 0, 0, 0, 0, 0, 0, 0, 0, 
2025-12-28 12:49:02.595786|{tx-610} :AAAAAAA-BBB......
2025-12-28 12:49:02.761410|{rx-611} 1, 0, 7, 3, 527, 5196, 0, 0, 0, 0, 7, 6, 0, 6, 6
2025-12-28 12:49:02.765318|{rssi-611} 111, -127, -127, -127, -127, -127, -127, -127, -77, -127, -127, -127, 111, 111, 111, 111, 111, 111, 
2025-12-28 12:49:02.775547|{td-611} 0, -2950408, -2959328, -2968248, -2977168, -2986088, -2995008, -3003928, -19, 0, 0, 0, 0, 0, 0, 0, 0, 0, 
2025-12-28 12:49:02.784714|{tx-611} :AAAAAAA-BBB......
2025-12-28 12:49:02.951239|{rx-612} 1, 0, 7, 3, 528, 5204, 0, 0, 0, 0, 7, 6, 0, 6, 6
2025-12-28 12:49:02.955366|{rssi-612} 111, -127, -127, -127, -127, -127, -127, -127, -77, -127, -127, -127, 111, 111, 111, 111, 111, 111, 
2025-12-28 12:49:02.964555|{td-612} 0, -2950408, -2959328, -2968248, -2977168, -2986088, -2995008, -3003928, -31, 0, 0, 0, 0, 0, 0, 0, 0, 0, 
2025-12-28 12:49:02.974708|{tx-612} :AAAAAAA-BBB......
2025-12-28 12:49:03.141339|{rx-613} 1, 0, 7, 3, 529, 5212, 0, 0, 0, 0, 7, 6, 0, 6, 6
2025-12-28 12:49:03.145515|{rssi-613} 111, -127, -127, -127, -127, -127, -127, -127, -77, -127, -127, -127, 111, 111, 111, 111, 111, 111, 
2025-12-28 12:49:03.154530|{td-613} 0, -2950408, -2959328, -2968248, -2977168, -2986088, -2995008, -3003928, -27, 0, 0, 0, 0, 0, 0, 0, 0, 0, 
2025-12-28 12:49:03.164526|{tx-613} :AAAAAAA-BBB......
2025-12-28 12:49:03.329876|{rx-614} 1, 0, 7, 3, 530, 5220, 0, 0, 0, 0, 7, 6, 0, 6, 6
2025-12-28 12:49:03.335665|{rssi-614} 111, -127, -127, -127, -127, -127, -127, -127, -77, -127, -127, -127, 111, 111, 111, 111, 111, 111, 
2025-12-28 12:49:03.345348|{td-614} 0, -2950408, -2959328, -2968248, -2977168, -2986088, -2995008, -3003928, -23, 0, 0, 0, 0, 0, 0, 0, 0, 0, 
2025-12-28 12:49:03.355428|{tx-614} :AAAAAAA-BBB......
2025-12-28 12:49:03.521226|{rx-615} 1, 0, 8, 3, 531, 5229, 0, 0, 0, 0, 8, 6, 0, 6, 6
2025-12-28 12:49:03.526023|{rssi-615} 111, -127, -127, -127, -127, -127, -127, -127, -127, -77, -127, -127, -127, 111, 111, 111, 111, 111, 
2025-12-28 12:49:03.536133|{td-615} 0, -2950408, -2959328, -2968248, -2977168, -2986088, -2995008, -3003928, -3012848, -31, 0, 0, 0, 0, 0, 0, 0, 0, 
2025-12-28 12:49:03.545625|{tx-615} :AAAAAAAA-BBB.....
2025-12-28 12:49:03.711094|{rx-616} 1, 0, 7, 3, 532, 5237, 0, 0, 0, 0, 7, 6, 0, 6, 6
2025-12-28 12:49:03.715646|{rssi-616} 111, -127, -127, -127, -127, -127, -127, -127, -77, -127, -127, -127, 111, 111, 111, 111, 111, 111, 
2025-12-28 12:49:03.725438|{td-616} 0, -2941488, -2950408, -2959328, -2968248, -2977168, -2986088, -2995008, -25, 0, 0, 0, 0, 0, 0, 0, 0, 0, 
2025-12-28 12:49:03.735453|{tx-616} :AAAAAAA-BBB......
2025-12-28 12:49:03.901152|{rx-617} 1, 0, 8, 3, 533, 5246, 0, 0, 0, 0, 8, 7, 0, 6, 6
2025-12-28 12:49:03.906322|{rssi-617} 111, -127, -127, -127, -127, -127, -127, -127, -127, -77, -127, -127, -127, 111, 111, 111, 111, 111, 
2025-12-28 12:49:03.915791|{td-617} 0, -2950408, -2959328, -2968248, -2977168, -2986088, -2995008, -3003928, -3012848, -25, 0, 0, 0, 0, 0, 0, 0, 0, 
2025-12-28 12:49:03.926967|{tx-617} :AAAAAAAA-BBB.....
2025-12-28 12:49:04.090757|{rx-618} 1, 0, 7, 3, 534, 5254, 0, 0, 0, 0, 7, 6, 0, 6, 6
2025-12-28 12:49:04.095749|{rssi-618} 111, -127, -127, -127, -127, -127, -127, -127, -77, -127, -127, -127, 111, 111, 111, 111, 111, 111, 
2025-12-28 12:49:04.105356|{td-618} 0, -2941488, -2950408, -2959328, -2968248, -2977168, -2986088, -2995008, -25, 0, 0, 0, 0, 0, 0, 0, 0, 0, 
2025-12-28 12:49:04.115479|{tx-618} :AAAAAAA-BBB......
2025-12-28 12:49:04.279762|{rx-619} 1, 0, 6, 3, 535, 5261, 0, 0, 0, 0, 6, 6, 0, 6, 6
2025-12-28 12:49:04.284817|{rssi-619} 111, -127, -127, -127, -127, -127, -127, -77, -127, -127, -127, 111, 111, 111, 111, 111, 111, 111, 
2025-12-28 12:49:04.294072|{td-619} 0, -2950408, -2959328, -2968248, -2977168, -2986088, -2995008, -27, 0, 0, 0, 0, 0, 0, 0, 0, 0, 0, 
2025-12-28 12:49:04.302881|{tx-619} :AAAAAA-BBB.......
2025-12-28 12:49:04.469533|{rx-620} 1, 0, 6, 3, 536, 5268, 0, 0, 0, 0, 6, 6, 0, 6, 6
2025-12-28 12:49:04.473715|{rssi-620} 111, -127, -127, -127, -127, -127, -127, -77, -127, -127, -127, 111, 111, 111, 111, 111, 111, 111, 
2025-12-28 12:49:04.484820|{td-620} 0, -2959328, -2968248, -2977168, -2986088, -2995008, -3003928, -29, 0, 0, 0, 0, 0, 0, 0, 0, 0, 0, 
2025-12-28 12:49:04.493040|{tx-620} :AAAAAA-BBB.......
2025-12-28 12:49:04.660849|{rx-621} 1, 0, 7, 3, 537, 5276, 0, 0, 0, 0, 7, 6, 0, 6, 6
2025-12-28 12:49:04.664451|{rssi-621} 111, -127, -127, -127, -127, -127, -127, -127, -77, -127, -127, -127, 111, 111, 111, 111, 111, 111, 
2025-12-28 12:49:04.675348|{td-621} 0, -2959328, -2968248, -2977168, -2986088, -2995008, -3003928, -3012848, -33, 0, 0, 0, 0, 0, 0, 0, 0, 0, 
2025-12-28 12:49:04.684302|{tx-621} :AAAAAAA-BBB......
2025-12-28 12:49:04.848200|{rx-622} 1, 0, 5, 3, 538, 5282, 0, 0, 0, 0, 5, 6, 0, 6, 6
2025-12-28 12:49:04.854094|{rssi-622} 111, -127, -127, -127, -127, -127, -77, -127, -127, -127, 111, 111, 111, 111, 111, 111, 111, 111, 
2025-12-28 12:49:04.863700|{td-622} 0, -2950408, -2959328, -2968248, -2977168, -2986088, -17, 0, 0, 0, 0, 0, 0, 0, 0, 0, 0, 0, 
2025-12-28 12:49:04.871657|{tx-622} :AAAAA-BBB........
2025-12-28 12:49:05.039754|{rx-623} 1, 0, 7, 3, 539, 5290, 0, 0, 0, 0, 7, 6, 0, 6, 6
2025-12-28 12:49:05.045167|{rssi-623} 111, -127, -127, -127, -127, -127, -127, -127, -77, -127, -127, -127, 111, 111, 111, 111, 111, 111, 
2025-12-28 12:49:05.055196|{td-623} 0, -2968248, -2977168, -2986088, -2995008, -3003928, -3012848, -3021768, -27, 0, 0, 0, 0, 0, 0, 0, 0, 0, 
2025-12-28 12:49:05.065314|{tx-623} :AAAAAAA-BBB......
2025-12-28 12:49:05.230435|{rx-624} 1, 0, 6, 3, 540, 5297, 0, 0, 0, 0, 6, 6, 0, 6, 6
2025-12-28 12:49:05.234339|{rssi-624} 111, -127, -127, -127, -127, -127, -127, -77, -127, -127, -127, 111, 111, 111, 111, 111, 111, 111, 
2025-12-28 12:49:05.243614|{td-624} 0, -2950408, -2959328, -2968248, -2977168, -2986088, -2995008, -27, 0, 0, 0, 0, 0, 0, 0, 0, 0, 0, 
2025-12-28 12:49:05.254084|{tx-624} :AAAAAA-BBB.......
2025-12-28 12:49:05.420052|{rx-625} 1, 0, 6, 3, 541, 5304, 0, 0, 0, 0, 6, 6, 0, 6, 6
2025-12-28 12:49:05.424646|{rssi-625} 111, -127, -127, -127, -127, -127, -127, -77, -127, -127, -127, 111, 111, 111, 111, 111, 111, 111, 
2025-12-28 12:49:05.434231|{td-625} 0, -2959328, -2968248, -2977168, -2986088, -2995008, -3003928, -29, 0, 0, 0, 0, 0, 0, 0, 0, 0, 0, 
2025-12-28 12:49:05.444040|{tx-625} :AAAAAA-BBB.......
2025-12-28 12:49:05.611443|{rx-626} 0, 0, 14, 0, 541, 5318, 0, 0, 0, 0, 65535, 255, 0, 6, 6
2025-12-28 12:49:05.617289|{rssi-626} 111, -127, -127, -127, -127, -127, -127, -127, -127, -127, -127, -127, -127, -127, -127, 111, 111, 111, 
2025-12-28 12:49:05.627287|{td-626} 0, -2959328, -2968248, -2977168, -2986088, -2995008, -3003928, -3012848, -3021768, -3030688, -3039608, -3048528, -3057448, -3066368, -3075288, 0, 0, 0, 
2025-12-28 12:49:05.641114|{tx-626} :AAAAAAAAAAAAAA...
2025-12-28 12:49:05.697407| 