2025-12-28 12:47:06.006784|Testing
2025-12-28 12:47:06.007041|Node 0x461994ed
2025-12-28 12:47:09.921135|{rx-17} 1, 0, 0, 3, 1, 1, 0, 0, 0, 0, 9, 9, 0, 0, 0
2025-12-28 12:47:09.925709|{rssi-17} 0, 0, 0, 0, 0, 0, 0, 0, 0, 0, -81, -127, -127, -127, 0, 0, 0, 0, 
2025-12-28 12:47:09.933194|{td-17} 0, 0, 0, 0, 0, 0, 0, 0, 0, 0, 57071946, 0, 0, 0, 0, 0, 0, 0, 
2025-12-28 12:47:09.938817|{tx-17} :
2025-12-28 12:47:10.111439|{rx-18} 1, 0, 9, 3, 2, 11, 0, 0, 0, 0, 9, 9, 0, 9, 9
2025-12-28 12:47:10.115531|{rssi-18} 111, -127, -127, -127, -127, -127, -127, -127, -127, -127, -82, -127, -127, -127, 111, 111, 111, 111, 
2025-12-28 12:47:10.125924|{td-18} 0, -2932568, -2941488, -2950408, -2959328, -2968248, -2977168, -2986088, -2995008, -3003928, -1, 0, 0, 0, 0, 0, 0, 0, 
2025-12-28 12:47:10.137350|{tx-18} :AAAAAAAAA-BBB....
2025-12-28 12:47:10.302413|{rx-19} 1, 0, 10, 3, 3, 22, 0, 0, 0, 0, 10, 9, 0, 9, 9
2025-12-28 12:47:10.306821|{rssi-19} 111, -127, -127, -127, -127, -127, -127, -127, -127, -127, -127, -80, -127, -127, -127, 111, 111, 111, 
2025-12-28 12:47:10.317012|{td-19} 0, -2932568, -2941488, -2950408, -2959328, -2968248, -2977168, -2986088, -2995008, -3003928, -3012848, 7, 0, 0, 0, 0, 0, 0, 
2025-12-28 12:47:10.329339|{tx-19} :AAAAAAAAAA-BBB...
2025-12-28 12:47:10.491870|{rx-20} 1, 0, 10, 3, 4, 33, 0, 0, 0, 0, 10, 9, 0, 9, 9
2025-12-28 12:47:10.496807|{rssi-20} 111, -127, -127, -127, -127, -127, -127, -127, -127, -127, -127, -84, -127, -127, -127, 111, 111, 111, 
2025-12-28 12:47:10.506442|{td-20} 0, -2923648, -2932568, -2941488, -2950408, -2959328, -2968248, -2977168, -2986088, -2995008, -3003928, 1, 0, 0, 0, 0, 0, 0, 
2025-12-28 12:47:10.518898|{tx-20} :AAAAAAAAAA-BBB...
2025-12-28 12:47:10.682674|{rx-21} 1, 0, 13, 3, 5, 47, 0, 0, 0, 0, 13, 10, 0, 9, 9
2025-12-28 12:47:10.688606|{rssi-21} 111, -127, -127, -127, -127, -127, -127, -127, -127, -127, -127, -127, -127, -127, -78, -127, -127, -127, 
2025-12-28 12:47:10.699319|{td-21} 0, -2923648, -2932568, -2941488, -2950408, -2959328, -2968248, -2977168, -2986088, -2995008, -3003928, -3012848, -3021768, -3030688, 1, 0, 0, 0, 
2025-12-28 12:47:10.711424|{tx-21} :AAAAAAAAAAAAA-BBB
2025-12-28 12:47:10.871154|{rx-22} 1, 0, 8, 3, 6, 56, 0, 0, 0, 0, 8, 9, 0, 9, 9
2025-12-28 12:47:10.875511|{rssi-22} 111, -127, -127, -127, -127, -127, -127, -127, -127, -83, -127, -127, -127, 111, 111, 111, 111, 111, 
2025-12-28 12:47:10.885003|{td-22} 0, -2896888, -2905808, -2914728, -2923648, -2932568, -2941488, -2950408, -2959328, 7, 0, 0, 0, 0, 0, 0, 0, 0, 
2025-12-28 12:47:10.895504|{tx-22} :AAAAAAAA-BBB.....
2025-12-28 12:47:11.061064|{rx-23} 0, 0, 14, 0, 6, 70, 0, 0, 0, 0, 65535, 255, 0, 9, 9
2025-12-28 12:47:11.066874|{rssi-23} 111, -127, -127, -127, -127, -127, -127, -127, -127, -127, -127, -127, -127, -127, -127, 111, 111, 111, 
2025-12-28 12:47:11.077353|{td-23} 0, -2941488, -2950408, -2959328, -2968248, -2977168, -2986088, -2995008, -3003928, -3012848, -3021768, -3030688, -3039608, -3048528, -3057448, 0, 0, 0, 
2025-12-28 12:47:11.090995|{tx-23} :AAAAAAAAAAAAAA...
2025-12-28 12:47:11.251855|{rx-24} 1, 0, 10, 3, 7, 81, 0, 0, 0, 0, 10, 9, 0, 9, 9
2025-12-28 12:47:11.256506|{rssi-24} 111, -127, -127, -127, -127, -127, -127, -127, -127, -127, -127, -83, -127, -127, -127, 111, 111, 111, 
2025-12-28 12:47:11.266957|{td-24} 0, -5980928, -5989848, -5998768, -6007688, -6016608, -6025528, -6034448, -6043368, -6052288, -6061208, 3, 0, 0, 0, 0, 0, 0, 
2025-12-28 12:47:11.277846|{tx-24} :AAAAAAAAAA-BBB...
2025-12-28 12:47:11.442265|{rx-25} 1, 0, 10, 3, 8, 92, 0, 0, 0, 0, 10, 9, 0, 9, 9
2025-12-28 12:47:11.446677|{rssi-25} 111, -127, -127, -127, -127, -127, -127, -127, -127, -127, -127, -78, -127, -127, -127, 111, 111, 111, 
2025-12-28 12:47:11.456173|{td-25} 0, -2923648, -2932568, -2941488, -2950408, -2959328, -2968248, -2977168, -2986088, -2995008, -3003928, 9, 0, 0, 0, 0, 0, 0, 
2025-12-28 12:47:11.467570|{tx-25} :AAAAAAAAAA-BBB...
2025-12-28 12:47:11.631375|{rx-26} 1, 0, 9, 3, 9, 102, 0, 0, 0, 0, 9, 9, 0, 9, 9
2025-12-28 12:47:11.636305|{rssi-26} 111, -127, -127, -127, -127, -127, -127, -127, -127, -127, -80, -127, -127, -127, 111, 111, 111, 111, 
2025-12-28 12:47:11.646142|{td-26} 0, -2923648, -2932568, -2941488, -2950408, -2959328, -2968248, -2977168, -2986088, -2995008, 1, 0, 0, 0, 0, 0, 0, 0, 
2025-12-28 12:47:11.656354|{tx-26} :AAAAAAAAA-BBB....
2025-12-28 12:47:11.821919|{rx-27} 1, 0, 10, 3, 10, 113, 0, 0, 0, 0, 10, 10, 0, 9, 9
2025-12-28 12:47:11.826999|{rssi-27} 111, -127, -127, -127, -127, -127, -127, -127, -127, -127, -127, -79, -127, -127, -127, 111, 111, 111, 
2025-12-28 12:47:11.836255|{td-27} 0, -2932568, -2941488, -2950408, -2959328, -2968248, -2977168, -2986088, -2995008, -3003928, -3012848, -1, 0, 0, 0, 0, 0, 0, 
2025-12-28 12:47:11.848241|{tx-27} :AAAAAAAAAA-BBB...
2025-12-28 12:47:12.012628|{rx-28} 1, 0, 10, 3, 11, 124, 0, 0, 0, 0, 10, 9, 0, 9, 9
2025-12-28 12:47:12.016694|{rssi-28} 111, -127, -127, -127, -127, -127, -127, -127, -127, -127, -127, -84, -127, -127, -127, 111, 111, 111, 
2025-12-28 12:47:12.026820|{td-28} 0, -2923648, -2932568, -2941488, -2950408, -2959328, -2968248, -2977168, -2986088, -2995008, -3003928, 9, 0, 0, 0, 0, 0, 0, 
2025-12-28 12:47:12.038810|{tx-28} :AAAAAAAAAA-BBB...
2025-12-28 12:47:12.201216|{rx-29} 1, 0, 10, 3, 12, 135, 0, 0, 0, 0, 10, 10, 0, 9, 9
2025-12-28 12:47:12.206843|{rssi-29} 111, -127, -127, -127, -127, -127, -127, -127, -127, -127, -127, -79, -127, -127, -127, 111, 111, 111, 
2025-12-28 12:47:12.216974|{td-29} 0, -2923648, -2932568, -2941488, -2950408, -2959328, -2968248, -2977168, -2986088, -2995008, -3003928, 5, 0, 0, 0, 0, 0, 0, 
2025-12-28 12:47:12.228443|{tx-29} :AAAAAAAAAA-BBB...
2025-12-28 12:47:12.390921|{rx-30} 0, 0, 14, 0, 12, 149, 0, 0, 0, 0, 65535, 255, 0, 9, 9
2025-12-28 12:47:12.397176|{rssi-30} 111, -127, -127, -127, -127, -127, -127, -127, -127, -127, -127, -127, -127, -127, -127, 111, 111, 111, 
2025-12-28 12:47:12.407233|{td-30} 0, -2923648, -2932568, -2941488, -2950408, -2959328, -2968248, -2977168, -2986088, -2995008, -3003928, -3012848, -3021768, -3030688, -3039608, 0, 0, 0, 
2025-12-28 12:47:12.421168|{tx-30} :AAAAAAAAAAAAAA...
2025-12-28 12:47:12.581280|{rx-31} 1, 0, 10, 3, 13, 160, 0, 0, 0, 0, 10, 9, 0, 9, 9
2025-12-28 12:47:12.586982|{rssi-31} 111, -127, -127, -127, -127, -127, -127, -127, -127, -127, -127, -78, -127, -127, -127, 111, 111, 111, 
2025-12-28 12:47:12.596965|{td-31} 0, -5963088, -5972008, -5980928, -5989848, -5998768, -6007688, -6016608, -6025528, -6034448, -6043368, 5, 0, 0, 0, 0, 0, 0, 
2025-12-28 12:47:12.608774|{tx-31} :AAAAAAAAAA-BBB...
2025-12-28 12:47:12.771433|{rx-32} 0, 0, 14, 0, 13, 174, 0, 0, 0, 0, 65535, 255, 0, 9, 9
2025-12-28 12:47:12.778471|{rssi-32} 111, -127, -127, -127, -127, -127, -127, -127, -127, -127, -127, -127, -127, -127, -127, 111, 111, 111, 
2025-12-28 12:47:12.787646|{td-32} 0, -2923648, -2932568, -2941488, -2950408, -2959328, -2968248, -2977168, -2986088, -2995008, -3003928, -3012848, -3021768, -3030688, -3039608, 0, 0, 0, 
2025-12-28 12:47:12.801188|{tx-32} :AAAAAAAAAAAAAA...
2025-12-28 12:47:12.962305|{rx-33} 1, 0, 10, 3, 14, 185, 0, 0, 0, 0, 10, 9, 0, 9, 9
2025-12-28 12:47:12.967691|{rssi-33} 111, -127, -127, -127, -127, -127, -127, -127, -127, -127, -127, -85, -127, -127, -127, 111, 111, 111, 
2025-12-28 12:47:12.977199|{td-33} 0, -5963088, -5972008, -5980928, -5989848, -5998768, -6007688, -6016608, -6025528, -6034448, -6043368, 7, 0, 0, 0, 0, 0, 0, 
2025-12-28 12:47:12.988637|{tx-33} :AAAAAAAAAA-BBB...
2025-12-28 12:47:13.152822|{rx-34} 1, 0, 11, 3, 15, 197, 0, 0, 0, 0, 11, 10, 0, 9, 9
2025-12-28 12:47:13.157992|{rssi-34} 111, -127, -127, -127, -127, -127, -127, -127, -127, -127, -127, -127, -78, -127, -127, -127, 111, 111, 
2025-12-28 12:47:13.168732|{td-34} 0, -2923648, -2932568, -2941488, -2950408, -2959328, -2968248, -2977168, -2986088, -2995008, -3003928, -3012848, 3, 0, 0, 0, 0, 0, 
2025-12-28 12:47:13.180403|{tx-34} :AAAAAAAAAAA-BBB..
2025-12-28 12:47:13.341815|{rx-35} 1, 0, 9, 3, 16, 207, 0, 0, 0, 0, 9, 9, 0, 9, 9
2025-12-28 12:47:13.346156|{rssi-35} 111, -127, -127, -127, -127, -127, -127, -127, -127, -127, -80, -127, -127, -127, 111, 111, 111, 111, 
2025-12-28 12:47:13.356609|{td-35} 0, -2914728, -2923648, -2932568, -2941488, -2950408, -2959328, -2968248, -2977168, -2986088, 1, 0, 0, 0, 0, 0, 0, 0, 
2025-12-28 12:47:13.367217|{tx-35} :AAAAAAAAA-BBB....
2025-12-28 12:47:13.532240|{rx-36} 1, 0, 11, 3, 17, 219, 0, 0, 0, 0, 11, 9, 0, 9, 9
2025-12-28 12:47:13.538785|{rssi-36} 111, -127, -127, -127, -127, -127, -127, -127, -127, -127, -127, -127, -80, -127, -127, -127, 111, 111, 
2025-12-28 12:47:13.547917|{td-36} 0, -2932568, -2941488, -2950408, -2959328, -2968248, -2977168, -2986088, -2995008, -3003928, -3012848, -3021768, 7, 0, 0, 0, 0, 0, 
2025-12-28 12:47:13.560498|{tx-36} :AAAAAAAAAAA-BBB..
2025-12-28 12:47:13.722407|{rx-37} 1, 0, 10, 3, 18, 230, 0, 0, 0, 0, 10, 9, 0, 9, 9
2025-12-28 12:47:13.727080|{rssi-37} 111, -127, -127, -127, -127, -127, -127, -127, -127, -127, -127, -81, -127, -127, -127, 111, 111, 111, 
2025-12-28 12:47:13.737461|{td-37} 0, -2914728, -2923648, -2932568, -2941488, -2950408, -2959328, -2968248, -2977168, -2986088, -2995008, 1, 0, 0, 0, 0, 0, 0, 
2025-12-28 12:47:13.748924|{tx-37} :AAAAAAAAAA-BBB...
2025-12-28 12:47:13.911526|{rx-38} 1, 0, 10, 3, 19, 241, 0, 0, 0, 0, 10, 9, 0, 9, 9
2025-12-28 12:47:13.917158|{rssi-38} 111, -127, -127, -127, -127, -127, -127, -127, -127, -127, -127, -83, -127, -127, -127, 111, 111, 111, 
2025-12-28 12:47:13.927051|{td-38} 0, -2923648, -2932568, -2941488, -2950408, -2959328, -2968248, -2977168, -2986088, -2995008, -3003928, 5, 0, 0, 0, 0, 0, 0, 
2025-12-28 12:47:13.937671|{tx-38} :AAAAAAAAAA-BBB...
2025-12-28 12:47:14.103439|{rx-39} 1, 0, 12, 3, 20, 254, 0, 0, 0, 0, 12, 9, 0, 9, 9
2025-12-28 12:47:14.109767|{rssi-39} 111, -127, -127, -127, -127, -127, -127, -127, -127, -127, -127, -127, -127, -80, -127, -127, -127, 111, 
2025-12-28 12:47:14.118341|{td-39} 0, -2923648, -2932568, -2941488, -2950408, -2959328, -2968248, -2977168, -2986088, -2995008, -3003928, -3012848, -3021768, -5, 0, 0, 0, 0, 
2025-12-28 12:47:14.130548|{tx-39} :AAAAAAAAAAAA-BBB.
2025-12-28 12:47:14.290798|{rx-40} 1, 0, 8, 3, 21, 263, 0, 0, 0, 0, 8, 9, 0, 9, 9
2025-12-28 12:47:14.295044|{rssi-40} 111, -127, -127, -127, -127, -127, -127, -127, -127, -81, -127, -127, -127, 111, 111, 111, 111, 111, 
2025-12-28 12:47:14.305723|{td-40} 0, -2905808, -2914728, -2923648, -2932568, -2941488, -2950408, -2959328, -2968248, 7, 0, 0, 0, 0, 0, 0, 0, 0, 
2025-12-28 12:47:14.315736|{tx-40} :AAAAAAAA-BBB.....
2025-12-28 12:47:14.483743|{rx-41} 1, 0, 13, 3, 22, 277, 0, 0, 0, 0, 13, 10, 0, 9, 9
2025-12-28 12:47:14.489108|{rssi-41} 111, -127, -127, -127, -127, -127, -127, -127, -127, -127, -127, -127, -127, -127, -82, -127, -127, -127, 
2025-12-28 12:47:14.498946|{td-41} 0, -2941488, -2950408, -2959328, -2968248, -2977168, -2986088, -2995008, -3003928, -3012848, -3021768, -3030688, -3039608, -3048528, 9, 0, 0, 0, 
2025-12-28 12:47:14.512798|{tx-41} :AAAAAAAAAAAAA-BBB
2025-12-28 12:47:14.671739|{rx-42} 1, 0, 9, 3, 23, 287, 0, 0, 0, 0, 9, 9, 0, 9, 9
2025-12-28 12:47:14.676423|{rssi-42} 111, -127, -127, -127, -127, -127, -127, -127, -127, -127, -85, -127, -127, -127, 111, 111, 111, 111, 
2025-12-28 12:47:14.687487|{td-42} 0, -2896888, -2905808, -2914728, -2923648, -2932568, -2941488, -2950408, -2959328, -2968248, -1, 0, 0, 0, 0, 0, 0, 0, 
2025-12-28 12:47:14.697375|{tx-42} :AAAAAAAAA-BBB....
2025-12-28 12:47:14.861739|{rx-43} 1, 0, 10, 3, 24, 298, 0, 0, 0, 0, 10, 9, 0, 9, 9
2025-12-28 12:47:14.866947|{rssi-43} 111, -127, -127, -127, -127, -127, -127, -127, -127, -127, -127, -79, -127, -127, -127, 111, 111, 111, 
2025-12-28 12:47:14.876924|{td-43} 0, -2932568, -2941488, -2950408, -2959328, -2968248, -2977168, -2986088, -2995008, -3003928, -3012848, 7, 0, 0, 0, 0, 0, 0, 
2025-12-28 12:47:14.889617|{tx-43} :AAAAAAAAAA-BBB...
2025-12-28 12:47:15.053455|{rx-44} 1, 0, 12, 3, 25, 311, 0, 0, 0, 0, 12, 11, 0, 9, 9
2025-12-28 12:47:15.058462|{rssi-44} 111, -127, -127, -127, -127, -127, -127, -127, -127, -127, -127, -127, -127, -78, -127, -127, -127, 111, 
2025-12-28 12:47:15.069038|{td-44} 0, -2923648, -2932568, -2941488, -2950408, -2959328, -2968248, -2977168, -2986088, -2995008, -3003928, -3012848, -3021768, 1, 0, 0, 0, 0, 
2025-12-28 12:47:15.081691|{tx-44} :AAAAAAAAAAAA-BBB.
2025-12-28 12:47:15.242397|{rx-45} 1, 0, 11, 3, 26, 323, 0, 0, 0, 0, 11, 10, 0, 9, 9
2025-12-28 12:47:15.246797|{rssi-45} 111, -127, -127, -127, -127, -127, -127, -127, -127, -127, -127, -127, -81, -127, -127, -127, 111, 111, 
2025-12-28 12:47:15.256414|{td-45} 0, -2905808, -2914728, -2923648, -2932568, -2941488, -2950408, -2959328, -2968248, -2977168, -2986088, -2995008, 1, 0, 0, 0, 0, 0, 
2025-12-28 12:47:15.269759|{tx-45} :AAAAAAAAAAA-BBB..
2025-12-28 12:47:15.432020|{rx-46} 1, 0, 10, 3, 27, 334, 0, 0, 0, 0, 10, 9, 0, 9, 9
2025-12-28 12:47:15.436137|{rssi-46} 111, -127, -127, -127, -127, -127, -127, -127, -127, -127, -127, -81, -127, -127, -127, 111, 111, 111, 
2025-12-28 12:47:15.446709|{td-46} 0, -2914728, -2923648, -2932568, -2941488, -2950408, -2959328, -2968248, -2977168, -2986088, -2995008, 3, 0, 0, 0, 0, 0, 0, 
2025-12-28 12:47:15.457789|{tx-46} :AAAAAAAAAA-BBB...
2025-12-28 12:47:15.621240|{rx-47} 1, 0, 10, 3, 28, 345, 0, 0, 0, 0, 10, 9, 0, 9, 9
2025-12-28 12:47:15.626517|{rssi-47} 111, -127, -127, -127, -127, -127, -127, -127, -127, -127, -127, -80, -127, -127, -127, 111, 111, 111, 
2025-12-28 12:47:15.636530|{td-47} 0, -2923648, -2932568, -2941488, -2950408, -2959328, -2968248, -2977168, -2986088, -2995008, -3003928, 3, 0, 0, 0, 0, 0, 0, 
2025-12-28 12:47:15.647665|{tx-47} :AAAAAAAAAA-BBB...
2025-12-28 12:47:15.812083|{rx-48} 0, 0, 14, 0, 28, 359, 0, 0, 0, 0, 65535, 255, 0, 9, 9
2025-12-28 12:47:15.816706|{rssi-48} 111, -127, -127, -127, -127, -127, -127, -127, -127, -127, -127, -127, -127, -127, -127, 111, 111, 111, 
2025-12-28 12:47:15.826767|{td-48} 0, -2923648, -2932568, -2941488, -2950408, -2959328, -2968248, -2977168, -2986088, -2995008, -3003928, -3012848, -3021768, -3030688, -3039608, 0, 0, 0, 
2025-12-28 12:47:15.841399|{tx-48} :AAAAAAAAAAAAAA...
2025-12-28 12:47:16.001918|{rx-49} 1, 0, 10, 3, 29, 370, 0, 0, 0, 0, 10, 9, 0, 9, 9
2025-12-28 12:47:16.006422|{rssi-49} 111, -127, -127, -127, -127, -127, -127, -127, -127, -127, -127, -85, -127, -127, -127, 111, 111, 111, 
2025-12-28 12:47:16.016402|{td-49} 0, -5963088, -5972008, -5980928, -5989848, -5998768, -6007688, -6016608, -6025528, -6034448, -6043368, 7, 0, 0, 0, 0, 0, 0, 
2025-12-28 12:47:16.028724|{tx-49} :AAAAAAAAAA-BBB...
2025-12-28 12:47:16.191607|{rx-50} 1, 0, 10, 3, 30, 381, 0, 0, 0, 0, 10, 9, 0, 9, 9
2025-12-28 12:47:16.196225|{rssi-50} 111, -127, -127, -127, -127, -127, -127, -127, -127, -127, -127, -83, -127, -127, -127, 111, 111, 111, 
2025-12-28 12:47:16.205919|{td-50} 0, -2923648, -2932568, -2941488, -2950408, -2959328, -2968248, -2977168, -2986088, -2995008, -3003928, 5, 0, 0, 0, 0, 0, 0, 
2025-12-28 12:47:16.218012|{tx-50} :AAAAAAAAAA-BBB...
2025-12-28 12:47:16.382760|{rx-51} 1, 0, 13, 3, 31, 395, 0, 0, 0, 0, 13, 10, 0, 9, 9
2025-12-28 12:47:16.386991|{rssi-51} 111, -127, -127, -127, -127, -127, -127, -127, -127, -127, -127, -127, -127, -127, -79, -127, -127, -127, 
2025-12-28 12:47:16.398872|{td-51} 0, -2923648, -2932568, -2941488, -2950408, -2959328, -2968248, -2977168, -2986088, -2995008, -3003928, -3012848, -3021768, -3030688, 3, 0, 0, 0, 
2025-12-28 12:47:16.412044|{tx-51} :AAAAAAAAAAAAA-BBB
2025-12-28 12:47:16.570257|{rx-52} 0, 0, 14, 0, 31, 409, 0, 0, 0, 0, 65535, 255, 0, 9, 9
2025-12-28 12:47:16.576365|{rssi-52} 111, -127, -127, -127, -127, -127, -127, -127, -127, -127, -127, -127, -127, -127, -127, 111, 111, 111, 
2025-12-28 12:47:16.586829|{td-52} 0, -2896888, -2905808, -2914728, -2923648, -2932568, -2941488, -2950408, -2959328, -2968248, -2977168, -2986088, -2995008, -3003928, -3012848, 0, 0, 0, 
2025-12-28 12:47:16.600006|{tx-52} :AAAAAAAAAAAAAA...
2025-12-28 12:47:16.760832|{rx-53} 1, 0, 9, 3, 32, 419, 0, 0, 0, 0, 9, 9, 0, 9, 9
2025-12-28 12:47:16.765421|{rssi-53} 111, -127, -127, -127, -127, -127, -127, -127, -127, -127, -82, -127, -127, -127, 111, 111, 111, 111, 
2025-12-28 12:47:16.775333|{td-53} 0, -5936328, -5945248, -5954168, -5963088, -5972008, -5980928, -5989848, -5998768, -6007688, -1, 0, 0, 0, 0, 0, 0, 0, 
2025-12-28 12:47:16.785754|{tx-53} :AAAAAAAAA-BBB....
2025-12-28 12:47:16.951479|{rx-54} 1, 0, 10, 3, 33, 430, 0, 0, 0, 0, 10, 9, 0, 9, 9
2025-12-28 12:47:16.956330|{rssi-54} 111, -127, -127, -127, -127, -127, -127, -127, -127, -127, -127, -80, -127, -127, -127, 111, 111, 111, 
2025-12-28 12:47:16.965375|{td-54} 0, -2932568, -2941488, -2950408, -2959328, -2968248, -2977168, -2986088, -2995008, -3003928, -3012848, 9, 0, 0, 0, 0, 0, 0, 
2025-12-28 12:47:16.976627|{tx-54} :AAAAAAAAAA-BBB...
2025-12-28 12:47:17.142255|{rx-55} 1, 0, 11, 3, 34, 442, 0, 0, 0, 0, 11, 9, 0, 9, 9
2025-12-28 12:47:17.146495|{rssi-55} 111, -127, -127, -127, -127, -127, -127, -127, -127, -127, -127, -127, -78, -127, -127, -127, 111, 111, 
2025-12-28 12:47:17.156270|{td-55} 0, -2923648, -2932568, -2941488, -2950408, -2959328, -2968248, -2977168, -2986088, -2995008, -3003928, -3012848, 3, 0, 0, 0, 0, 0, 
2025-12-28 12:47:17.168515|{tx-55} :AAAAAAAAAAA-BBB..
2025-12-28 12:47:17.331267|{rx-56} 1, 0, 10, 3, 35, 453, 0, 0, 0, 0, 10, 9, 0, 9, 9
2025-12-28 12:47:17.335561|{rssi-56} 111, -127, -127, -127, -127, -127, -127, -127, -127, -127, -127, -80, -127, -127, -127, 111, 111, 111, 
2025-12-28 12:47:17.346705|{td-56} 0, -2914728, -2923648, -2932568, -2941488, -2950408, -2959328, -2968248, -2977168, -2986088, -2995008, 3, 0, 0, 0, 0, 0, 0, 
2025-12-28 12:47:17.357416|{tx-56} :AAAAAAAAAA-BBB...
2025-12-28 12:47:17.521297|{rx-57} 1, 0, 10, 3, 36, 464, 0, 0, 0, 0, 10, 9, 0, 9, 9
2025-12-28 12:47:17.526174|{rssi-57} 111, -127, -127, -127, -127, -127, -127, -127, -127, -127, -127, -80, -127, -127, -127, 111, 111, 111, 
2025-12-28 12:47:17.536688|{td-57} 0, -2923648, -2932568, -2941488, -2950408, -2959328, -2968248, -2977168, -2986088, -2995008, -3003928, 7, 0, 0, 0, 0, 0, 0, 
2025-12-28 12:47:17.547231|{tx-57} :AAAAAAAAAA-BBB...
2025-12-28 12:47:17.711658|{rx-58} 1, 0, 9, 3, 37, 474, 0, 0, 0, 0, 9, 10, 0, 9, 9
2025-12-28 12:47:17.715647|{rssi-58} 111, -127, -127, -127, -127, -127, -127, -127, -127, -127, -80, -127, -127, -127, 111, 111, 111, 111, 
2025-12-28 12:47:17.725905|{td-58} 0, -2923648, -2932568, -2941488, -2950408, -2959328, -2968248, -2977168, -2986088, -2995008, 1, 0, 0, 0, 0, 0, 0, 0, 
2025-12-28 12:47:17.735768|{tx-58} :AAAAAAAAA-BBB....
2025-12-28 12:47:17.901358|{rx-59} 1, 0, 10, 3, 38, 485, 0, 0, 0, 0, 10, 9, 0, 9, 9
2025-12-28 12:47:17.905772|{rssi-59} 111, -127, -127, -127, -127, -127, -127, -127, -127, -127, -127, -78, -127, -127, -127, 111, 111, 111, 
2025-12-28 12:47:17.916479|{td-59} 0, -2932568, -2941488, -2950408, -2959328, -2968248, -2977168, -2986088, -2995008, -3003928, -3012848, 5, 0, 0, 0, 0, 0, 0, 
2025-12-28 12:47:17.927673|{tx-59} :AAAAAAAAAA-BBB...
2025-12-28 12:47:18.091191|{rx-60} 1, 0, 10, 3, 39, 496, 0, 0, 0, 0, 10, 9, 0, 9, 9
2025-12-28 12:47:18.096066|{rssi-60} 111, -127, -127, -127, -127, -127, -127, -127, -127, -127, -127, -81, -127, -127, -127, 111, 111, 111, 
2025-12-28 12:47:18.106667|{td-60} 0, -2923648, -2932568, -2941488, -2950408, -2959328, -2968248, -2977168, -2986088, -2995008, -3003928, -1, 0, 0, 0, 0, 0, 0, 
2025-12-28 12:47:18.117164|{tx-60} :AAAAAAAAAA-BBB...
2025-12-28 12:47:18.281907|{rx-61} 1, 0, 12, 3, 40, 509, 0, 0, 0, 0, 12, 10, 0, 9, 9
2025-12-28 12:47:18.287431|{rssi-61} 111, -127, -127, -127, -127, -127, -127, -127, -127, -127, -127, -127, -127, -81, -127, -127, -127, 111, 
2025-12-28 12:47:18.297674|{td-61} 0, -2923648, -2932568, -2941488, -2950408, -2959328, -2968248, -2977168, -2986088, -2995008, -3003928, -3012848, -3021768, 5, 0, 0, 0, 0, 
2025-12-28 12:47:18.311037|{tx-61} :AAAAAAAAAAAA-BBB.
2025-12-28 12:47:18.470799|{rx-62} 1, 0, 10, 3, 41, 520, 0, 0, 0, 0, 10, 9, 0, 9, 9
2025-12-28 12:47:18.475831|{rssi-62} 111, -127, -127, -127, -127, -127, -127, -127, -127, -127, -127, -80, -127, -127, -127, 111, 111, 111, 
2025-12-28 12:47:18.486111|{td-62} 0, -2905808, -2914728, -2923648, -2932568, -2941488, -2950408, -2959328, -2968248, -2977168, -2986088, 3, 0, 0, 0, 0, 0, 0, 
2025-12-28 12:47:18.497376|{tx-62} :AAAAAAAAAA-BBB...
2025-12-28 12:47:18.661338|{rx-63} 0, 1, 13, 0, 41, 534, 0, 0, 0, 0, 65535, 255, 0, 9, 9
2025-12-28 12:47:18.666104|{rssi-63} 111, -127, -127, -127, -127, -127, -127, -127, -127, -127, -79, -79, -79, -79, -79, 111, 111, 111, 
2025-12-28 12:47:18.675950|{td-63} 0, -2923648, -2932568, -2941488, -2950408, -2959328, -2968248, -2977168, -2986088, -2995008, 1, -8919, -17839, -26759, -35679, 0, 0, 0, 
2025-12-28 12:47:18.687816|{tx-63} :AAAAAAAAACAAAA...
2025-12-28 12:47:18.850985|{rx-64} 1, 0, 10, 3, 42, 545, 0, 0, 0, 0, 10, 9, 0, 9, 9
2025-12-28 12:47:18.856106|{rssi-64} 111, -79, -79, -79, -79, -79, -79, -79, -79, -79, -79, -79, -127, -127, -127, 111, 111, 111, 
2025-12-28 12:47:18.865531|{td-64} 0, -2959159, -2968079, -2976999, -2985919, -2994839, -3003759, -3012679, -3021599, -3030519, -3039439, 7, 0, 0, 0, 0, 0, 0, 
2025-12-28 12:47:18.876687|{tx-64} :AAAAAAAAAA-BBB...
2025-12-28 12:47:19.041645|{rx-65} 1, 0, 10, 3, 43, 556, 0, 0, 0, 0, 10, 9, 0, 9, 9
2025-12-28 12:47:19.045387|{rssi-65} 111, -127, -127, -127, -127, -127, -127, -127, -127, -127, -127, -83, -127, -127, -127, 111, 111, 111, 
2025-12-28 12:47:19.056384|{td-65} 0, -2923648, -2932568, -2941488, -2950408, -2959328, -2968248, -2977168, -2986088, -2995008, -3003928, 1, 0, 0, 0, 0, 0, 0, 
2025-12-28 12:47:19.067360|{tx-65} :AAAAAAAAAA-BBB...
2025-12-28 12:47:19.232348|{rx-66} 1, 0, 12, 3, 44, 569, 0, 0, 0, 0, 12, 9, 0, 9, 9
2025-12-28 12:47:19.237733|{rssi-66} 111, -127, -127, -127, -127, -127, -127, -127, -127, -127, -127, -127, -127, -83, -127, -127, -127, 111, 
2025-12-28 12:47:19.247508|{td-66} 0, -2923648, -2932568, -2941488, -2950408, -2959328, -2968248, -2977168, -2986088, -2995008, -3003928, -3012848, -3021768, 9, 0, 0, 0, 0, 
2025-12-28 12:47:19.259824|{tx-66} :AAAAAAAAAAAA-BBB.
2025-12-28 12:47:19.420861|{rx-67} 1, 0, 10, 3, 45, 580, 0, 0, 0, 0, 10, 9, 0, 9, 9
2025-12-28 12:47:19.426002|{rssi-67} 111, -127, -127, -127, -127, -127, -127, -127, -127, -127, -127, -79, -127, -127, -127, 111, 111, 111, 
2025-12-28 12:47:19.435627|{td-67} 0, -2905808, -2914728, -2923648, -2932568, -2941488, -2950408, -2959328, -2968248, -2977168, -2986088, -1, 0, 0, 0, 0, 0, 0, 
2025-12-28 12:47:19.447971|{tx-67} :AAAAAAAAAA-BBB...
2025-12-28 12:47:19.610475|{rx-68} 1, 0, 9, 3, 46, 590, 0, 0, 0, 0, 9, 9, 0, 9, 9
2025-12-28 12:47:19.614599|{rssi-68} 111, -127, -127, -127, -127, -127, -127, -127, -127, -127, -81, -127, -127, -127, 111, 111, 111, 111, 
2025-12-28 12:47:19.625183|{td-68} 0, -2923648, -2932568, -2941488, -2950408, -2959328, -2968248, -2977168, -2986088, -2995008, 5, 0, 0, 0, 0, 0, 0, 0, 
2025-12-28 12:47:19.636486|{tx-68} :AAAAAAAAA-BBB....
2025-12-28 12:47:19.801973|{rx-69} 1, 0, 11, 3, 47, 602, 0, 0, 0, 0, 11, 9, 0, 9, 9
2025-12-28 12:47:19.806711|{rssi-69} 111, -127, -127, -127, -127, -127, -127, -127, -127, -127, -127, -127, -83, -127, -127, -127, 111, 111, 
2025-12-28 12:47:19.816771|{td-69} 0, -2932568, -2941488, -2950408, -2959328, -2968248, -2977168, -2986088, -2995008, -3003928, -3012848, -3021768, 7, 0, 0, 0, 0, 0, 
2025-12-28 12:47:19.830094|{tx-69} :AAAAAAAAAAA-BBB..
2025-12-28 12:47:19.990700|{rx-70} 1, 0, 9, 3, 48, 612, 0, 0, 0, 0, 9, 9, 0, 9, 9
2025-12-28 12:47:19.994194|{rssi-70} 111, -127, -127, -127, -127, -127, -127, -127, -127, -127, -79, -127, -127, -127, 111, 111, 111, 111, 
2025-12-28 12:47:20.005238|{td-70} 0, -2914728, -2923648, -2932568, -2941488, -2950408, -2959328, -2968248, -2977168, -2986088, 1, 0, 0, 0, 0, 0, 0, 0, 
2025-12-28 12:47:20.015562|{tx-70} :AAAAAAAAA-BBB....
2025-12-28 12:47:20.180780|{rx-71} 1, 0, 10, 3, 49, 623, 0, 0, 0, 0, 10, 9, 0, 9, 9
2025-12-28 12:47:20.185785|{rssi-71} 111, -127, -127, -127, -127, -127, -127, -127, -127, -127, -127, -78, -127, -127, -127, 111, 111, 111, 
2025-12-28 12:47:20.195631|{td-71} 0, -2932568, -2941488, -2950408, -2959328, -2968248, -2977168, -2986088, -2995008, -3003928, -3012848, 3, 0, 0, 0, 0, 0, 0, 
2025-12-28 12:47:20.207931|{tx-71} :AAAAAAAAAA-BBB...
2025-12-28 12:47:20.370775|{rx-72} 1, 0, 10, 3, 50, 634, 0, 0, 0, 0, 10, 9, 0, 9, 9
2025-12-28 12:47:20.377430|{rssi-72} 111, -127, -127, -127, -127, -127, -127, -127, -127, -127, -127, -86, -127, -127, -127, 111, 111, 111, 
2025-12-28 12:47:20.386128|{td-72} 0, -2923648, -2932568, -2941488, -2950408, -2959328, -2968248, -2977168, -2986088, -2995008, -3003928, 1, 0, 0, 0, 0, 0, 0, 
2025-12-28 12:47:20.397483|{tx-72} :AAAAAAAAAA-BBB...
2025-12-28 12:47:20.560311|{rx-73} 1, 0, 10, 3, 51, 645, 0, 0, 0, 0, 10, 9, 0, 9, 9
2025-12-28 12:47:20.565659|{rssi-73} 111, -127, -127, -127, -127, -127, -127, -127, -127, -127, -127, -79, -127, -127, -127, 111, 111, 111, 
2025-12-28 12:47:20.576468|{td-73} 0, -2923648, -2932568, -2941488, -2950408, -2959328, -2968248, -2977168, -2986088, -2995008, -3003928, 5, 0, 0, 0, 0, 0, 0, 
2025-12-28 12:47:20.586767|{tx-73} :AAAAAAAAAA-BBB...
2025-12-28 12:47:20.751607|{rx-74} 1, 0, 10, 3, 52, 656, 0, 0, 0, 0, 10, 9, 0, 9, 9
2025-12-28 12:47:20.755751|{rssi-74} 111, -127, -127, -127, -127, -127, -127, -127, -127, -127, -127, -85, -127, -127, -127, 111, 111, 111, 
2025-12-28 12:47:20.765321|{td-74} 0, -2923648, -2932568, -2941488, -2950408, -2959328, -2968248, -2977168, -2986088, -2995008, -3003928, 1, 0, 0, 0, 0, 0, 0, 
2025-12-28 12:47:20.776843|{tx-74} :AAAAAAAAAA-BBB...
2025-12-28 12:47:20.941412|{rx-75} 0, 0, 14, 0, 52, 670, 0, 0, 0, 0, 65535, 255, 0, 9, 9
2025-12-28 12:47:20.946139|{rssi-75} 111, -127, -127, -127, -127, -127, -127, -127, -127, -127, -127, -127, -127, -127, -127, 111, 111, 111, 
2025-12-28 12:47:20.957655|{td-75} 0, -2923648, -2932568, -2941488, -2950408, -2959328, -2968248, -2977168, -2986088, -2995008, -3003928, -3012848, -3021768, -3030688, -3039608, 0, 0, 0, 
2025-12-28 12:47:20.969579|{tx-75} :AAAAAAAAAAAAAA...
2025-12-28 12:47:21.130329|{rx-76} 1, 0, 9, 3, 53, 680, 0, 0, 0, 0, 9, 9, 0, 9, 9
2025-12-28 12:47:21.135020|{rssi-76} 111, -127, -127, -127, -127, -127, -127, -127, -127, -127, -83, -127, -127, -127, 111, 111, 111, 111, 
2025-12-28 12:47:21.145119|{td-76} 0, -5963088, -5972008, -5980928, -5989848, -5998768, -6007688, -6016608, -6025528, -6034448, 15, 0, 0, 0, 0, 0, 0, 0, 
2025-12-28 12:47:21.155514|{tx-76} :AAAAAAAAA-BBB....
2025-12-28 12:47:21.320568|{rx-77} 1, 0, 11, 3, 54, 692, 0, 0, 0, 0, 11, 10, 0, 9, 9
2025-12-28 12:47:21.326576|{rssi-77} 111, -127, -127, -127, -127, -127, -127, -127, -127, -127, -127, -127, -84, -127, -127, -127, 111, 111, 
2025-12-28 12:47:21.336910|{td-77} 0, -2932568, -2941488, -2950408, -2959328, -2968248, -2977168, -2986088, -2995008, -3003928, -3012848, -3021768, -7, 0, 0, 0, 0, 0, 
2025-12-28 12:47:21.348325|{tx-77} :AAAAAAAAAAA-BBB..
2025-12-28 12:47:21.510965|{rx-78} 1, 0, 10, 3, 55, 703, 0, 0, 0, 0, 10, 9, 0, 9, 9
2025-12-28 12:47:21.515399|{rssi-78} 111, -127, -127, -127, -127, -127, -127, -127, -127, -127, -127, -86, -127, -127, -127, 111, 111, 111, 
2025-12-28 12:47:21.525753|{td-78} 0, -2914728, -2923648, -2932568, -2941488, -2950408, -2959328, -2968248, -2977168, -2986088, -2995008, 1, 0, 0, 0, 0, 0, 0, 
2025-12-28 12:47:21.536916|{tx-78} :AAAAAAAAAA-BBB...
2025-12-28 12:47:21.702528|{rx-79} 1, 0, 13, 3, 56, 717, 0, 0, 0, 0, 13, 10, 0, 9, 9
2025-12-28 12:47:21.707247|{rssi-79} 111, -127, -127, -127, -127, -127, -127, -127, -127, -127, -127, -127, -127, -127, -80, -127, -127, -127, 
2025-12-28 12:47:21.717626|{td-79} 0, -2923648, -2932568, -2941488, -2950408, -2959328, -2968248, -2977168, -2986088, -2995008, -3003928, -3012848, -3021768, -3030688, 9, 0, 0, 0, 
2025-12-28 12:47:21.730547|{tx-79} :AAAAAAAAAAAAA-BBB
2025-12-28 12:47:21.891462|{rx-80} 1, 0, 10, 3, 57, 728, 0, 0, 0, 0, 10, 9, 0, 9, 9
2025-12-28 12:47:21.894956|{rssi-80} 111, -127, -127, -127, -127, -127, -127, -127, -127, -127, -127, -81, -127, -127, -127, 111, 111, 111, 
2025-12-28 12:47:21.905780|{td-80} 0, -2896888, -2905808, -2914728, -2923648, -2932568, -2941488, -2950408, -2959328, -2968248, -2977168, 7, 0, 0, 0, 0, 0, 0, 
2025-12-28 12:47:21.917577|{tx-80} :AAAAAAAAAA-BBB...
2025-12-28 12:47:22.081690|{rx-81} 1, 0, 11, 3, 58, 740, 0, 0, 0, 0, 11, 9, 0, 9, 9
2025-12-28 12:47:22.086161|{rssi-81} 111, -127, -127, -127, -127, -127, -127, -127, -127, -127, -127, -127, -80, -127, -127, -127, 111, 111, 
2025-12-28 12:47:22.096683|{td-81} 0, -2923648, -2932568, -2941488, -2950408, -2959328, -2968248, -2977168, -2986088, -2995008, -3003928, -3012848, 1, 0, 0, 0, 0, 0, 
2025-12-28 12:47:22.107372|{tx-81} :AAAAAAAAAAA-BBB..
2025-12-28 12:47:22.270879|{rx-82} 1, 0, 11, 3, 59, 752, 0, 0, 0, 0, 11, 9, 0, 9, 9
2025-12-28 12:47:22.276326|{rssi-82} 111, -127, -127, -127, -127, -127, -127, -127, -127, -127, -127, -127, -79, -127, -127, -127, 111, 111, 
2025-12-28 12:47:22.286516|{td-82} 0, -2914728, -2923648, -2932568, -2941488, -2950408, -2959328, -2968248, -2977168, -2986088, -2995008, -3003928, -3, 0, 0, 0, 0, 0, 
2025-12-28 12:47:22.298742|{tx-82} :AAAAAAAAAAA-BBB..
2025-12-28 12:47:22.460307|{rx-83} 1, 0, 8, 3, 60, 761, 0, 0, 0, 0, 8, 9, 0, 9, 9
2025-12-28 12:47:22.464122|{rssi-83} 111, -127, -127, -127, -127, -127, -127, -127, -127, -82, -127, -127, -127, 111, 111, 111, 111, 111, 
2025-12-28 12:47:22.474436|{td-83} 0, -2914728, -2923648, -2932568, -2941488, -2950408, -2959328, -2968248, -2977168, 11, 0, 0, 0, 0, 0, 0, 0, 0, 
2025-12-28 12:47:22.484847|{tx-83} :AAAAAAAA-BBB.....
2025-12-28 12:47:22.652437|{rx-84} 1, 1, 11, 3, 61, 774, 0, 0, 0, 0, 12, 10, 0, 9, 9
2025-12-28 12:47:22.656785|{rssi-84} 111, -127, -127, -127, -127, -127, -127, -127, -127, -127, -127, -127, -84, -84, -127, -127, -127, 111, 
2025-12-28 12:47:22.666948|{td-84} 0, -2941488, -2950408, -2959328, -2968248, -2977168, -2986088, -2995008, -3003928, -3012848, -3021768, -3030688, 1, -1, 0, 0, 0, 0, 
2025-12-28 12:47:22.679272|{tx-84} :AAAAAAAAAAAC-BBB.
2025-12-28 12:47:22.842221|{rx-85} 1, 0, 13, 3, 62, 788, 0, 0, 0, 0, 13, 10, 0, 9, 9
2025-12-28 12:47:22.847626|{rssi-85} 111, -127, -127, -127, -127, -127, -127, -127, -127, -127, -127, -127, -127, -127, -80, -127, -127, -127, 
2025-12-28 12:47:22.857916|{td-85} 0, -2905808, -2914728, -2923648, -2932568, -2941488, -2950408, -2959328, -2968248, -2977168, -2986088, -2995008, -3003928, -3012848, 5, 0, 0, 0, 
2025-12-28 12:47:22.871754|{tx-85} :AAAAAAAAAAAAA-BBB
2025-12-28 12:47:23.030535|{rx-86} 0, 0, 14, 0, 62, 802, 0, 0, 0, 0, 65535, 255, 0, 9, 9
2025-12-28 12:47:23.035003|{rssi-86} 111, -127, -127, -127, -127, -127, -127, -127, -127, -127, -127, -127, -127, -127, -127, 111, 111, 111, 
2025-12-28 12:47:23.045720|{td-86} 0, -2896888, -2905808, -2914728, -2923648, -2932568, -2941488, -2950408, -2959328, -2968248, -2977168, -2986088, -2995008, -3003928, -3012848, 0, 0, 0, 
2025-12-28 12:47:23.059470|{tx-86} :AAAAAAAAAAAAAA...
2025-12-28 12:47:23.219657|{rx-87} 1, 0, 9, 3, 63, 812, 0, 0, 0, 0, 9, 9, 0, 9, 9
2025-12-28 12:47:23.224782|{rssi-87} 111, -127, -127, -127, -127, -127, -127, -127, -127, -127, -81, -127, -127, -127, 111, 111, 111, 111, 
2025-12-28 12:47:23.234668|{td-87} 0, -5936328, -5945248, -5954168, -5963088, -5972008, -5980928, -5989848, -5998768, -6007688, 1, 0, 0, 0, 0, 0, 0, 0, 
2025-12-28 12:47:23.245901|{tx-87} :AAAAAAAAA-BBB....
2025-12-28 12:47:23.410751|{rx-88} 1, 0, 12, 3, 64, 825, 0, 0, 0, 0, 12, 10, 0, 9, 9
2025-12-28 12:47:23.416413|{rssi-88} 111, -127, -127, -127, -127, -127, -127, -127, -127, -127, -127, -127, -127, -85, -127, -127, -127, 111, 
2025-12-28 12:47:23.426938|{td-88} 0, -2932568, -2941488, -2950408, -2959328, -2968248, -2977168, -2986088, -2995008, -3003928, -3012848, -3021768, -3030688, 3, 0, 0, 0, 0, 
2025-12-28 12:47:23.440287|{tx-88} :AAAAAAAAAAAA-BBB.
2025-12-28 12:47:23.600485|{rx-89} 1, 0, 10, 3, 65, 836, 0, 0, 0, 0, 10, 9, 0, 9, 9
2025-12-28 12:47:23.604723|{rssi-89} 111, -127, -127, -127, -127, -127, -127, -127, -127, -127, -127, -80, -127, -127, -127, 111, 111, 111, 
2025-12-28 12:47:23.616841|{td-89} 0, -2905808, -2914728, -2923648, -2932568, -2941488, -2950408, -2959328, -2968248, -2977168, -2986088, 9, 0, 0, 0, 0, 0, 0, 
2025-12-28 12:47:23.627325|{tx-89} :AAAAAAAAAA-BBB...
2025-12-28 12:47:23.791075|{rx-90} 1, 0, 12, 3, 66, 849, 0, 0, 0, 0, 12, 10, 0, 9, 9
2025-12-28 12:47:23.796651|{rssi-90} 111, -127, -127, -127, -127, -127, -127, -127, -127, -127, -127, -127, -127, -80, -127, -127, -127, 111, 
2025-12-28 12:47:23.806287|{td-90} 0, -2923648, -2932568, -2941488, -2950408, -2959328, -2968248, -2977168, -2986088, -2995008, -3003928, -3012848, -3021768, 3, 0, 0, 0, 0, 
2025-12-28 12:47:23.819838|{tx-90} :AAAAAAAAAAAA-BBB.
2025-12-28 12:47:23.981529|{rx-91} 1, 0, 11, 3, 67, 861, 0, 0, 0, 0, 11, 10, 0, 9, 9
2025-12-28 12:47:23.985493|{rssi-91} 111, -127, -127, -127, -127, -127, -127, -127, -127, -127, -127, -127, -80, -127, -127, -127, 111, 111, 
2025-12-28 12:47:23.996048|{td-91} 0, -2905808, -2914728, -2923648, -2932568, -2941488, -2950408, -2959328, -2968248, -2977168, -2986088, -2995008, 3, 0, 0, 0, 0, 0, 
2025-12-28 12:47:24.007484|{tx-91} :AAAAAAAAAAA-BBB..
2025-12-28 12:47:24.172099|{rx-92} 1, 0, 13, 3, 68, 875, 0, 0, 0, 0, 13, 10, 0, 9, 9
2025-12-28 12:47:24.177164|{rssi-92} 111, -127, -127, -127, -127, -127, -127, -127, -127, -127, -127, -127, -127, -127, -80, -127, -127, -127, 
2025-12-28 12:47:24.188520|{td-92} 0, -2914728, -2923648, -2932568, -2941488, -2950408, -2959328, -2968248, -2977168, -2986088, -2995008, -3003928, -3012848, -3021768, 1, 0, 0, 0, 
2025-12-28 12:47:24.200092|{tx-92} :AAAAAAAAAAAAA-BBB
2025-12-28 12:47:24.361002|{rx-93} 1, 0, 12, 3, 69, 888, 0, 0, 0, 0, 12, 10, 0, 9, 9
2025-12-28 12:47:24.366404|{rssi-93} 111, -127, -127, -127, -127, -127, -127, -127, -127, -127, -127, -127, -127, -83, -127, -127, -127, 111, 
2025-12-28 12:47:24.376917|{td-93} 0, -2896888, -2905808, -2914728, -2923648, -2932568, -2941488, -2950408, -2959328, -2968248, -2977168, -2986088, -2995008, 7, 0, 0, 0, 0, 
2025-12-28 12:47:24.389251|{tx-93} :AAAAAAAAAAAA-BBB.
2025-12-28 12:47:24.550057|{rx-94} 1, 0, 10, 3, 70, 899, 0, 0, 0, 0, 10, 10, 0, 9, 9
2025-12-28 12:47:24.555156|{rssi-94} 111, -127, -127, -127, -127, -127, -127, -127, -127, -127, -127, -81, -127, -127, -127, 111, 111, 111, 
2025-12-28 12:47:24.565303|{td-94} 0, -2905808, -2914728, -2923648, -2932568, -2941488, -2950408, -2959328, -2968248, -2977168, -2986088, -3, 0, 0, 0, 0, 0, 0, 
2025-12-28 12:47:24.576375|{tx-94} :AAAAAAAAAA-BBB...
2025-12-28 12:47:24.740705|{rx-95} 0, 0, 14, 0, 70, 913, 0, 0, 0, 0, 65535, 255, 0, 9, 9
2025-12-28 12:47:24.746267|{rssi-95} 111, -127, -127, -127, -127, -127, -127, -127, -127, -127, -127, -127, -127, -127, -127, 111, 111, 111, 
2025-12-28 12:47:24.756235|{td-95} 0, -2923648, -2932568, -2941488, -2950408, -2959328, -2968248, -2977168, -2986088, -2995008, -3003928, -3012848, -3021768, -3030688, -3039608, 0, 0, 0, 
2025-12-28 12:47:24.769088|{tx-95} :AAAAAAAAAAAAAA...
2025-12-28 12:47:24.929788|{rx-96} 0, 0, 14, 0, 70, 927, 0, 0, 0, 0, 65535, 255, 0, 9, 9
2025-12-28 12:47:24.934677|{rssi-96} 111, -127, -127, -127, -127, -127, -127, -127, -127, -127, -127, -127, -127, -127, -127, 111, 111, 111, 
2025-12-28 12:47:24.950571|{td-96} 0, -5963088, -5972008, -5980928, -5989848, -5998768, -6007688, -6016608, -6025528, -6034448, -6043368, -6052288, -6061208, -6070128, -6079048, 0, 0, 0, 
2025-12-28 12:47:24.959420|{tx-96} :AAAAAAAAAAAAAA...
2025-12-28 12:47:25.120988|{rx-97} 1, 0, 11, 3, 71, 939, 0, 0, 0, 0, 11, 10, 0, 9, 9
2025-12-28 12:47:25.125489|{rssi-97} 111, -127, -127, -127, -127, -127, -127, -127, -127, -127, -127, -127, -80, -127, -127, -127, 111, 111, 
2025-12-28 12:47:25.135154|{td-97} 0, -9002528, -9011448, -9020368, -9029288, -9038208, -9047128, -9056048, -9064968, -9073888, -9082808, -9091728, 17, 0, 0, 0, 0, 0, 
2025-12-28 12:47:25.147231|{tx-97} :AAAAAAAAAAA-BBB..
2025-12-28 12:47:25.310184|{rx-98} 1, 0, 10, 3, 72, 950, 0, 0, 0, 0, 10, 9, 0, 9, 9
2025-12-28 12:47:25.314577|{rssi-98} 111, -127, -127, -127, -127, -127, -127, -127, -127, -127, -127, -84, -127, -127, -127, 111, 111, 111, 
2025-12-28 12:47:25.324403|{td-98} 0, -2914728, -2923648, -2932568, -2941488, -2950408, -2959328, -2968248, -2977168, -2986088, -2995008, -1, 0, 0, 0, 0, 0, 0, 
2025-12-28 12:47:25.336276|{tx-98} :AAAAAAAAAA-BBB...
2025-12-28 12:47:25.499686|{rx-99} 0, 0, 14, 0, 72, 964, 0, 0, 0, 0, 65535, 255, 0, 9, 9
2025-12-28 12:47:25.505743|{rssi-99} 111, -127, -127, -127, -127, -127, -127, -127, -127, -127, -127, -127, -127, -127, -127, 111, 111, 111, 
2025-12-28 12:47:25.514923|{td-99} 0, -2923648, -2932568, -2941488, -2950408, -2959328, -2968248, -2977168, -2986088, -2995008, -3003928, -3012848, -3021768, -3030688, -3039608, 0, 0, 0, 
2025-12-28 12:47:25.529222|{tx-99} :AAAAAAAAAAAAAA...
2025-12-28 12:47:25.690153|{rx-100} 1, 0, 10, 3, 73, 975, 0, 0, 0, 0, 10, 9, 0, 9, 9
2025-12-28 12:47:25.694518|{rssi-100} 111, -127, -127, -127, -127, -127, -127, -127, -127, -127, -127, -82, -127, -127, -127, 111, 111, 111, 
2025-12-28 12:47:25.706354|{td-100} 0, -5963088, -5972008, -5980928, -5989848, -5998768, -6007688, -6016608, -6025528, -6034448, -6043368, 5, 0, 0, 0, 0, 0, 0, 
2025-12-28 12:47:25.716846|{tx-100} :AAAAAAAAAA-BBB...
2025-12-28 12:47:25.880159|{rx-101} 0, 0, 14, 0, 73, 989, 0, 0, 0, 0, 65535, 255, 0, 9, 9
2025-12-28 12:47:25.884524|{rssi-101} 111, -127, -127, -127, -127, -127, -127, -127, -127, -127, -127, -127, -127, -127, -127, 111, 111, 111, 
2025-12-28 12:47:25.895768|{td-101} 0, -2923648, -2932568, -2941488, -2950408, -2959328, -2968248, -2977168, -2986088, -2995008, -3003928, -3012848, -3021768, -3030688, -3039608, 0, 0, 0, 
2025-12-28 12:47:25.908796|{tx-101} :AAAAAAAAAAAAAA...
2025-12-28 12:47:26.070028|{rx-102} 1, 0, 10, 3, 74, 1000, 0, 0, 0, 0, 10, 9, 0, 9, 9
2025-12-28 12:47:26.074993|{rssi-102} 111, -127, -127, -127, -127, -127, -127, -127, -127, -127, -127, -84, -127, -127, -127, 111, 111, 111, 
2025-12-28 12:47:26.085811|{td-102} 0, -5963088, -5972008, -5980928, -5989848, -5998768, -6007688, -6016608, -6025528, -6034448, -6043368, 9, 0, 0, 0, 0, 0, 0, 
2025-12-28 12:47:26.097276|{tx-102} :AAAAAAAAAA-BBB...
2025-12-28 12:47:26.261335|{rx-103} 1, 0, 12, 3, 75, 1013, 0, 0, 0, 0, 12, 10, 0, 9, 9
2025-12-28 12:47:26.265667|{rssi-103} 111, -127, -127, -127, -127, -127, -127, -127, -127, -127, -127, -127, -127, -81, -127, -127, -127, 111, 
2025-12-28 12:47:26.276696|{td-103} 0, -2923648, -2932568, -2941488, -2950408, -2959328, -2968248, -2977168, -2986088, -2995008, -3003928, -3012848, -3021768, 3, 0, 0, 0, 0, 
2025-12-28 12:47:26.288590|{tx-103} :AAAAAAAAAAAA-BBB.
2025-12-28 12:47:26.450580|{rx-104} 1, 0, 10, 3, 76, 1024, 0, 0, 0, 0, 10, 9, 0, 9, 9
2025-12-28 12:47:26.455218|{rssi-104} 111, -127, -127, -127, -127, -127, -127, -127, -127, -127, -127, -78, -127, -127, -127, 111, 111, 111, 
2025-12-28 12:47:26.465177|{td-104} 0, -2905808, -2914728, -2923648, -2932568, -2941488, -2950408, -2959328, -2968248, -2977168, -2986088, 5, 0, 0, 0, 0, 0, 0, 
2025-12-28 12:47:26.476217|{tx-104} :AAAAAAAAAA-BBB...
2025-12-28 12:47:26.639341|{rx-105} 0, 0, 14, 0, 76, 1038, 0, 0, 0, 0, 65535, 255, 0, 9, 9
2025-12-28 12:47:26.645387|{rssi-105} 111, -127, -127, -127, -127, -127, -127, -127, -127, -127, -127, -127, -127, -127, -127, 111, 111, 111, 
2025-12-28 12:47:26.655159|{td-105} 0, -2923648, -2932568, -2941488, -2950408, -2959328, -2968248, -2977168, -2986088, -2995008, -3003928, -3012848, -3021768, -3030688, -3039608, 0, 0, 0, 
2025-12-28 12:47:26.669982|{tx-105} :AAAAAAAAAAAAAA...
2025-12-28 12:47:26.828788|{rx-106} 0, 0, 14, 0, 76, 1052, 0, 0, 0, 0, 65535, 255, 0, 9, 9
2025-12-28 12:47:26.834455|{rssi-106} 111, -127, -127, -127, -127, -127, -127, -127, -127, -127, -127, -127, -127, -127, -127, 111, 111, 111, 
2025-12-28 12:47:26.845263|{td-106} 0, -5963088, -5972008, -5980928, -5989848, -5998768, -6007688, -6016608, -6025528, -6034448, -6043368, -6052288, -6061208, -6070128, -6079048, 0, 0, 0, 
2025-12-28 12:47:26.859219|{tx-106} :AAAAAAAAAAAAAA...
2025-12-28 12:47:27.019378|{rx-107} 1, 0, 8, 3, 77, 1061, 0, 0, 0, 0, 8, 8, 0, 9, 9
2025-12-28 12:47:27.023504|{rssi-107} 111, -127, -127, -127, -127, -127, -127, -127, -127, -83, -127, -127, -127, 111, 111, 111, 111, 111, 
2025-12-28 12:47:27.033351|{td-107} 0, -9002528, -9011448, -9020368, -9029288, -9038208, -9047128, -9056048, -9064968, 11, 0, 0, 0, 0, 0, 0, 0, 0, 
2025-12-28 12:47:27.042983|{tx-107} :AAAAAAAA-BBB.....
2025-12-28 12:47:27.209350|{rx-108} 0, 0, 14, 0, 77, 1075, 0, 0, 0, 0, 65535, 255, 0, 9, 9
2025-12-28 12:47:27.214942|{rssi-108} 111, -127, -127, -127, -127, -127, -127, -127, -127, -127, -127, -127, -127, -127, -127, 111, 111, 111, 
2025-12-28 12:47:27.225149|{td-108} 0, -2941488, -2950408, -2959328, -2968248, -2977168, -2986088, -2995008, -3003928, -3012848, -3021768, -3030688, -3039608, -3048528, -3057448, 0, 0, 0, 
2025-12-28 12:47:27.239177|{tx-108} :AAAAAAAAAAAAAA...
2025-12-28 12:47:27.400036|{rx-109} 1, 0, 11, 3, 78, 1087, 0, 0, 0, 0, 11, 10, 0, 9, 9
2025-12-28 12:47:27.405541|{rssi-109} 111, -127, -127, -127, -127, -127, -127, -127, -127, -127, -127, -127, -82, -127, -127, -127, 111, 111, 
2025-12-28 12:47:27.415036|{td-109} 0, -5980928, -5989848, -5998768, -6007688, -6016608, -6025528, -6034448, -6043368, -6052288, -6061208, -6070128, 3, 0, 0, 0, 0, 0, 
2025-12-28 12:47:27.428650|{tx-109} :AAAAAAAAAAA-BBB..
2025-12-28 12:47:27.590762|{rx-110} 1, 0, 13, 3, 79, 1101, 0, 0, 0, 0, 13, 11, 0, 9, 9
2025-12-28 12:47:27.596141|{rssi-110} 111, -127, -127, -127, -127, -127, -127, -127, -127, -127, -127, -127, -127, -127, -82, -127, -127, -127, 
2025-12-28 12:47:27.606093|{td-110} 0, -2914728, -2923648, -2932568, -2941488, -2950408, -2959328, -2968248, -2977168, -2986088, -2995008, -3003928, -3012848, -3021768, 7, 0, 0, 0, 
2025-12-28 12:47:27.619515|{tx-110} :AAAAAAAAAAAAA-BBB
2025-12-28 12:47:27.780406|{rx-111} 1, 1, 10, 3, 80, 1113, 0, 0, 0, 0, 11, 9, 0, 9, 9
2025-12-28 12:47:27.785129|{rssi-111} 111, -127, -127, -127, -127, -127, -127, -127, -127, -127, -127, -81, -79, -127, -127, -127, 111, 111, 
2025-12-28 12:47:27.795590|{td-111} 0, -2896888, -2905808, -2914728, -2923648, -2932568, -2941488, -2950408, -2959328, -2968248, -2977168, 1, 3, 0, 0, 0, 0, 0, 
2025-12-28 12:47:27.806484|{tx-111} :AAAAAAAAAAC-BBB..
2025-12-28 12:47:27.971635|{rx-112} 1, 0, 12, 3, 81, 1126, 0, 0, 0, 0, 12, 9, 0, 9, 9
2025-12-28 12:47:27.975765|{rssi-112} 111, -127, -127, -127, -127, -127, -127, -127, -127, -127, -127, -127, -127, -82, -127, -127, -127, 111, 
2025-12-28 12:47:27.986062|{td-112} 0, -2914728, -2923648, -2932568, -2941488, -2950408, -2959328, -2968248, -2977168, -2986088, -2995008, -3003928, -3012848, -1, 0, 0, 0, 0, 
2025-12-28 12:47:27.998960|{tx-112} :AAAAAAAAAAAA-BBB.
2025-12-28 12:47:28.159661|{rx-113} 0, 0, 14, 0, 81, 1140, 0, 0, 0, 0, 65535, 255, 0, 9, 9
2025-12-28 12:47:28.165259|{rssi-113} 111, -127, -127, -127, -127, -127, -127, -127, -127, -127, -127, -127, -127, -127, -127, 111, 111, 111, 
2025-12-28 12:47:28.175045|{td-113} 0, -2905808, -2914728, -2923648, -2932568, -2941488, -2950408, -2959328, -2968248, -2977168, -2986088, -2995008, -3003928, -3012848, -3021768, 0, 0, 0, 
2025-12-28 12:47:28.189241|{tx-113} :AAAAAAAAAAAAAA...
2025-12-28 12:47:28.349852|{rx-114} 1, 0, 10, 3, 82, 1151, 0, 0, 0, 0, 10, 9, 0, 9, 9
2025-12-28 12:47:28.354096|{rssi-114} 111, -127, -127, -127, -127, -127, -127, -127, -127, -127, -127, -85, -127, -127, -127, 111, 111, 111, 
2025-12-28 12:47:28.364175|{td-114} 0, -5945248, -5954168, -5963088, -5972008, -5980928, -5989848, -5998768, -6007688, -6016608, -6025528, 9, 0, 0, 0, 0, 0, 0, 
2025-12-28 12:47:28.375854|{tx-114} :AAAAAAAAAA-BBB...
2025-12-28 12:47:28.539781|{rx-115} 1, 0, 10, 3, 83, 1162, 0, 0, 0, 0, 10, 9, 0, 9, 9
2025-12-28 12:47:28.544585|{rssi-115} 111, -127, -127, -127, -127, -127, -127, -127, -127, -127, -127, -81, -127, -127, -127, 111, 111, 111, 
2025-12-28 12:47:28.554934|{td-115} 0, -2923648, -2932568, -2941488, -2950408, -2959328, -2968248, -2977168, -2986088, -2995008, -3003928, 3, 0, 0, 0, 0, 0, 0, 
2025-12-28 12:47:28.566424|{tx-115} :AAAAAAAAAA-BBB...
2025-12-28 12:47:28.729837|{rx-116} 1, 0, 9, 3, 84, 1172, 0, 0, 0, 0, 9, 9, 0, 9, 9
2025-12-28 12:47:28.733922|{rssi-116} 111, -127, -127, -127, -127, -127, -127, -127, -127, -127, -85, -127, -127, -127, 111, 111, 111, 111, 
2025-12-28 12:47:28.743550|{td-116} 0, -2923648, -2932568, -2941488, -2950408, -2959328, -2968248, -2977168, -2986088, -2995008, 3, 0, 0, 0, 0, 0, 0, 0, 
2025-12-28 12:47:28.754136|{tx-116} :AAAAAAAAA-BBB....
2025-12-28 12:47:28.920624|{rx-117} 1, 0, 11, 3, 85, 1184, 0, 0, 0, 0, 11, 10, 0, 9, 9
2025-12-28 12:47:28.924961|{rssi-117} 111, -127, -127, -127, -127, -127, -127, -127, -127, -127, -127, -127, -80, -127, -127, -127, 111, 111, 
2025-12-28 12:47:28.935601|{td-117} 0, -2932568, -2941488, -2950408, -2959328, -2968248, -2977168, -2986088, -2995008, -3003928, -3012848, -3021768, 1, 0, 0, 0, 0, 0, 
2025-12-28 12:47:28.947203|{tx-117} :AAAAAAAAAAA-BBB..
2025-12-28 12:47:29.109159|{rx-118} 1, 0, 10, 3, 86, 1195, 0, 0, 0, 0, 10, 9, 0, 9, 9
2025-12-28 12:47:29.114334|{rssi-118} 111, -127, -127, -127, -127, -127, -127, -127, -127, -127, -127, -82, -127, -127, -127, 111, 111, 111, 
2025-12-28 12:47:29.124273|{td-118} 0, -2914728, -2923648, -2932568, -2941488, -2950408, -2959328, -2968248, -2977168, -2986088, -2995008, 9, 0, 0, 0, 0, 0, 0, 
2025-12-28 12:47:29.135619|{tx-118} :AAAAAAAAAA-BBB...
2025-12-28 12:47:29.300509|{rx-119} 1, 0, 10, 3, 87, 1206, 0, 0, 0, 0, 10, 9, 0, 9, 9
2025-12-28 12:47:29.304244|{rssi-119} 111, -127, -127, -127, -127, -127, -127, -127, -127, -127, -127, -83, -127, -127, -127, 111, 111, 111, 
2025-12-28 12:47:29.314477|{td-119} 0, -2923648, -2932568, -2941488, -2950408, -2959328, -2968248, -2977168, -2986088, -2995008, -3003928, 1, 0, 0, 0, 0, 0, 0, 
2025-12-28 12:47:29.325702|{tx-119} :AAAAAAAAAA-BBB...
2025-12-28 12:47:29.489388|{rx-120} 0, 0, 14, 0, 87, 1220, 0, 0, 0, 0, 65535, 255, 0, 9, 9
2025-12-28 12:47:29.494957|{rssi-120} 111, -127, -127, -127, -127, -127, -127, -127, -127, -127, -127, -127, -127, -127, -127, 111, 111, 111, 
2025-12-28 12:47:29.504951|{td-120} 0, -2923648, -2932568, -2941488, -2950408, -2959328, -2968248, -2977168, -2986088, -2995008, -3003928, -3012848, -3021768, -3030688, -3039608, 0, 0, 0, 
2025-12-28 12:47:29.518757|{tx-120} :AAAAAAAAAAAAAA...
2025-12-28 12:47:29.679486|{rx-121} 1, 0, 10, 3, 88, 1231, 0, 0, 0, 0, 10, 9, 0, 9, 9
2025-12-28 12:47:29.683568|{rssi-121} 111, -127, -127, -127, -127, -127, -127, -127, -127, -127, -127, -82, -127, -127, -127, 111, 111, 111, 
2025-12-28 12:47:29.694677|{td-121} 0, -5963088, -5972008, -5980928, -5989848, -5998768, -6007688, -6016608, -6025528, -6034448, -6043368, 7, 0, 0, 0, 0, 0, 0, 
2025-12-28 12:47:29.706109|{tx-121} :AAAAAAAAAA-BBB...
2025-12-28 12:47:29.880070|{rx-122} 1, 0, 10, 3, 89, 1242, 0, 0, 0, 0, 10, 9, 0, 9, 9
2025-12-28 12:47:29.883865|{rssi-122} 111, -127, -127, -127, -127, -127, -127, -127, -127, -127, -127, -82, -127, -127, -127, 111, 111, 111, 
2025-12-28 12:47:29.890602|{td-122} 0, -2923648, -2932568, -2941488, -2950408, -2959328, -2968248, -2977168, -2986088, -2995008, -3003928, 5, 0, 0, 0, 0, 0, 0, 
2025-12-28 12:47:29.897317|{tx-122} :AAAAAAAAAA-BBB...
2025-12-28 12:47:30.061108|{rx-123} 1, 1, 10, 3, 90, 1254, 0, 0, 0, 0, 11, 9, 0, 9, 9
2025-12-28 12:47:30.064103|{rssi-123} 111, -127, -127, -127, -127, -127, -127, -127, -127, -127, -127, -80, -80, -127, -127, -127, 111, 111, 
2025-12-28 12:47:30.074962|{td-123} 0, -2923648, -2932568, -2941488, -2950408, -2959328, -2968248, -2977168, -2986088, -2995008, -3003928, -1, -1, 0, 0, 0, 0, 0, 
2025-12-28 12:47:30.087382|{tx-123} :AAAAAAAAAAC-BBB..
2025-12-28 12:47:30.249192|{rx-124} 1, 0, 10, 3, 91, 1265, 0, 0, 0, 0, 10, 9, 0, 9, 9
2025-12-28 12:47:30.254216|{rssi-124} 111, -127, -127, -127, -127, -127, -127, -127, -127, -127, -127, -81, -127, -127, -127, 111, 111, 111, 
2025-12-28 12:47:30.264526|{td-124} 0, -2914728, -2923648, -2932568, -2941488, -2950408, -2959328, -2968248, -2977168, -2986088, -2995008, 5, 0, 0, 0, 0, 0, 0, 
2025-12-28 12:47:30.276492|{tx-124} :AAAAAAAAAA-BBB...
2025-12-28 12:47:30.439695|{rx-125} 1, 0, 10, 3, 92, 1276, 0, 0, 0, 0, 10, 9, 0, 9, 9
2025-12-28 12:47:30.444319|{rssi-125} 111, -127, -127, -127, -127, -127, -127, -127, -127, -127, -127, -78, -127, -127, -127, 111, 111, 111, 
2025-12-28 12:47:30.454771|{td-125} 0, -2923648, -2932568, -2941488, -2950408, -2959328, -2968248, -2977168, -2986088, -2995008, -3003928, 1, 0, 0, 0, 0, 0, 0, 
2025-12-28 12:47:30.465509|{tx-125} :AAAAAAAAAA-BBB...
2025-12-28 12:47:30.629477|{rx-126} 1, 0, 10, 3, 93, 1287, 0, 0, 0, 0, 10, 9, 0, 9, 9
2025-12-28 12:47:30.634102|{rssi-126} 111, -127, -127, -127, -127, -127, -127, -127, -127, -127, -127, -79, -127, -127, -127, 111, 111, 111, 
2025-12-28 12:47:30.644418|{td-126} 0, -2923648, -2932568, -2941488, -2950408, -2959328, -2968248, -2977168, -2986088, -2995008, -3003928, 5, 0, 0, 0, 0, 0, 0, 
2025-12-28 12:47:30.655135|{tx-126} :AAAAAAAAAA-BBB...
2025-12-28 12:47:30.819383|{rx-127} 1, 0, 10, 3, 94, 1298, 0, 0, 0, 0, 10, 9, 0, 9, 9
2025-12-28 12:47:30.823825|{rssi-127} 111, -127, -127, -127, -127, -127, -127, -127, -127, -127, -127, -78, -127, -127, -127, 111, 111, 111, 
2025-12-28 12:47:30.835400|{td-127} 0, -2923648, -2932568, -2941488, -2950408, -2959328, -2968248, -2977168, -2986088, -2995008, -3003928, 3, 0, 0, 0, 0, 0, 0, 
2025-12-28 12:47:30.845067|{tx-127} :AAAAAAAAAA-BBB...
2025-12-28 12:47:31.008825|{rx-128} 1, 0, 9, 3, 95, 1308, 0, 0, 0, 0, 9, 9, 0, 9, 9
2025-12-28 12:47:31.013536|{rssi-128} 111, -127, -127, -127, -127, -127, -127, -127, -127, -127, -79, -127, -127, -127, 111, 111, 111, 111, 
2025-12-28 12:47:31.022990|{td-128} 0, -2923648, -2932568, -2941488, -2950408, -2959328, -2968248, -2977168, -2986088, -2995008, 7, 0, 0, 0, 0, 0, 0, 0, 
2025-12-28 12:47:31.034184|{tx-128} :AAAAAAAAA-BBB....
2025-12-28 12:47:31.199171|{rx-129} 1, 0, 10, 3, 96, 1319, 0, 0, 0, 0, 10, 9, 0, 9, 9
2025-12-28 12:47:31.203947|{rssi-129} 111, -127, -127, -127, -127, -127, -127, -127, -127, -127, -127, -83, -127, -127, -127, 111, 111, 111, 
2025-12-28 12:47:31.214408|{td-129} 0, -2932568, -2941488, -2950408, -2959328, -2968248, -2977168, -2986088, -2995008, -3003928, -3012848, 1, 0, 0, 0, 0, 0, 0, 
2025-12-28 12:47:31.226277|{tx-129} :AAAAAAAAAA-BBB...
2025-12-28 12:47:31.389239|{rx-130} 1, 0, 10, 3, 97, 1330, 0, 0, 0, 0, 10, 9, 0, 9, 9
2025-12-28 12:47:31.394327|{rssi-130} 111, -127, -127, -127, -127, -127, -127, -127, -127, -127, -127, -84, -127, -127, -127, 111, 111, 111, 
2025-12-28 12:47:31.404177|{td-130} 0, -2923648, -2932568, -2941488, -2950408, -2959328, -2968248, -2977168, -2986088, -2995008, -3003928, 3, 0, 0, 0, 0, 0, 0, 
2025-12-28 12:47:31.415397|{tx-130} :AAAAAAAAAA-BBB...
2025-12-28 12:47:31.579415|{rx-131} 1, 0, 10, 3, 98, 1341, 0, 0, 0, 0, 10, 10, 0, 9, 9
2025-12-28 12:47:31.584420|{rssi-131} 111, -127, -127, -127, -127, -127, -127, -127, -127, -127, -127, -80, -127, -127, -127, 111, 111, 111, 
2025-12-28 12:47:31.594352|{td-131} 0, -2923648, -2932568, -2941488, -2950408, -2959328, -2968248, -2977168, -2986088, -2995008, -3003928, 1, 0, 0, 0, 0, 0, 0, 
2025-12-28 12:47:31.605937|{tx-131} :AAAAAAAAAA-BBB...
2025-12-28 12:47:31.769634|{rx-132} 1, 0, 11, 3, 99, 1353, 0, 0, 0, 0, 11, 9, 0, 9, 9
2025-12-28 12:47:31.775013|{rssi-132} 111, -127, -127, -127, -127, -127, -127, -127, -127, -127, -127, -127, -79, -127, -127, -127, 111, 111, 
2025-12-28 12:47:31.784911|{td-132} 0, -2923648, -2932568, -2941488, -2950408, -2959328, -2968248, -2977168, -2986088, -2995008, -3003928, -3012848, 7, 0, 0, 0, 0, 0, 
2025-12-28 12:47:31.797570|{tx-132} :AAAAAAAAAAA-BBB..
2025-12-28 12:47:31.959686|{rx-133} 1, 0, 10, 3, 100, 1364, 0, 0, 0, 0, 10, 9, 0, 9, 9
2025-12-28 12:47:31.963922|{rssi-133} 111, -127, -127, -127, -127, -127, -127, -127, -127, -127, -127, -80, -127, -127, -127, 111, 111, 111, 
2025-12-28 12:47:31.973220|{td-133} 0, -2914728, -2923648, -2932568, -2941488, -2950408, -2959328, -2968248, -2977168, -2986088, -2995008, 1, 0, 0, 0, 0, 0, 0, 
2025-12-28 12:47:31.985426|{tx-133} :AAAAAAAAAA-BBB...
2025-12-28 12:47:32.149352|{rx-134} 1, 1, 9, 3, 101, 1375, 0, 0, 0, 0, 10, 8, 0, 9, 9
2025-12-28 12:47:32.154533|{rssi-134} 111, -127, -127, -127, -127, -127, -127, -127, -127, -127, -82, -79, -127, -127, -127, 111, 111, 111, 
2025-12-28 12:47:32.164141|{td-134} 0, -2923648, -2932568, -2941488, -2950408, -2959328, -2968248, -2977168, -2986088, -2995008, 7, 9, 0, 0, 0, 0, 0, 0, 
2025-12-28 12:47:32.174126|{tx-134} :AAAAAAAAAC-BBB...
2025-12-28 12:47:32.340604|{rx-135} 1, 0, 12, 3, 102, 1388, 0, 0, 0, 0, 12, 9, 0, 9, 9
2025-12-28 12:47:32.345534|{rssi-135} 111, -127, -127, -127, -127, -127, -127, -127, -127, -127, -127, -127, -127, -85, -127, -127, -127, 111, 
2025-12-28 12:47:32.356125|{td-135} 0, -2923648, -2932568, -2941488, -2950408, -2959328, -2968248, -2977168, -2986088, -2995008, -3003928, -3012848, -3021768, -3, 0, 0, 0, 0, 
2025-12-28 12:47:32.367631|{tx-135} :AAAAAAAAAAAA-BBB.
2025-12-28 12:47:32.528652|{rx-136} 1, 0, 10, 3, 103, 1399, 0, 0, 0, 0, 10, 9, 0, 9, 9
2025-12-28 12:47:32.533881|{rssi-136} 111, -127, -127, -127, -127, -127, -127, -127, -127, -127, -127, -79, -127, -127, -127, 111, 111, 111, 
2025-12-28 12:47:32.544629|{td-136} 0, -2905808, -2914728, -2923648, -2932568, -2941488, -2950408, -2959328, -2968248, -2977168, -2986088, 5, 0, 0, 0, 0, 0, 0, 
2025-12-28 12:47:32.554924|{tx-136} :AAAAAAAAAA-BBB...
2025-12-28 12:47:32.718062|{rx-137} 1, 1, 9, 3, 104, 1410, 0, 0, 0, 0, 10, 9, 0, 9, 9
2025-12-28 12:47:32.723635|{rssi-137} 111, -127, -127, -127, -127, -127, -127, -127, -127, -127, -78, -79, -127, -127, -127, 111, 111, 111, 
2025-12-28 12:47:32.733789|{td-137} 0, -2923648, -2932568, -2941488, -2950408, -2959328, -2968248, -2977168, -2986088, -2995008, -1, 1, 0, 0, 0, 0, 0, 0, 
2025-12-28 12:47:32.745306|{tx-137} :AAAAAAAAAC-BBB...
2025-12-28 12:47:32.908406|{rx-138} 1, 0, 10, 3, 105, 1421, 0, 0, 0, 0, 10, 9, 0, 9, 9
2025-12-28 12:47:32.914529|{rssi-138} 111, -127, -127, -127, -127, -127, -127, -127, -127, -127, -127, -81, -127, -127, -127, 111, 111, 111, 
2025-12-28 12:47:32.923878|{td-138} 0, -2923648, -2932568, -2941488, -2950408, -2959328, -2968248, -2977168, -2986088, -2995008, -3003928, 3, 0, 0, 0, 0, 0, 0, 
2025-12-28 12:47:32.935042|{tx-138} :AAAAAAAAAA-BBB...
2025-12-28 12:47:33.099225|{rx-139} 0, 2, 12, 0, 105, 1435, 0, 0, 0, 0, 65535, 255, 0, 9, 9
2025-12-28 12:47:33.105198|{rssi-139} 111, -127, -127, -127, -127, -127, -127, -127, -127, -127, -127, -82, -79, -79, -79, 111, 111, 111, 
2025-12-28 12:47:33.114172|{td-139} 0, -2923648, -2932568, -2941488, -2950408, -2959328, -2968248, -2977168, -2986088, -2995008, -3003928, 5, 5, -8915, -17835, 0, 0, 0, 
2025-12-28 12:47:33.125228|{tx-139} :AAAAAAAAAACCAA...
2025-12-28 12:47:33.289199|{rx-140} 0, 1, 13, 0, 105, 1449, 0, 0, 0, 0, 65535, 255, 0, 9, 9
2025-12-28 12:47:33.294032|{rssi-140} 111, -79, -79, -79, -79, -79, -79, -79, -79, -79, -79, -79, -79, -79, -80, 111, 111, 111, 
2025-12-28 12:47:33.304278|{td-140} 0, -2941315, -2950235, -2959155, -2968075, -2976995, -2985915, -2994835, -3003755, -3012675, -3021595, -3030515, -3039435, -3048355, 11, 0, 0, 0, 
2025-12-28 12:47:33.316241|{tx-140} :AAAAAAAAAAAAAC...
2025-12-28 12:47:33.478029|{rx-141} 1, 0, 10, 3, 106, 1460, 0, 0, 0, 0, 10, 9, 0, 9, 9
2025-12-28 12:47:33.483861|{rssi-141} 111, -80, -80, -80, -80, -80, -80, -80, -80, -80, -80, -80, -127, -127, -127, 111, 111, 111, 
2025-12-28 12:47:33.493322|{td-141} 0, -2923469, -2932389, -2941309, -2950229, -2959149, -2968069, -2976989, -2985909, -2994829, -3003749, 9, 0, 0, 0, 0, 0, 0, 
2025-12-28 12:47:33.503569|{tx-141} :AAAAAAAAAA-BBB...
2025-12-28 12:47:33.669572|{rx-142} 1, 0, 11, 3, 107, 1472, 0, 0, 0, 0, 11, 9, 0, 9, 9
2025-12-28 12:47:33.674253|{rssi-142} 111, -127, -127, -127, -127, -127, -127, -127, -127, -127, -127, -127, -80, -127, -127, -127, 111, 111, 
2025-12-28 12:47:33.684661|{td-142} 0, -2923648, -2932568, -2941488, -2950408, -2959328, -2968248, -2977168, -2986088, -2995008, -3003928, -3012848, 3, 0, 0, 0, 0, 0, 
2025-12-28 12:47:33.696165|{tx-142} :AAAAAAAAAAA-BBB..
2025-12-28 12:47:33.859763|{rx-143} 1, 0, 11, 3, 108, 1484, 0, 0, 0, 0, 11, 10, 0, 9, 9
2025-12-28 12:47:33.864316|{rssi-143} 111, -127, -127, -127, -127, -127, -127, -127, -127, -127, -127, -127, -81, -127, -127, -127, 111, 111, 
2025-12-28 12:47:33.874678|{td-143} 0, -2914728, -2923648, -2932568, -2941488, -2950408, -2959328, -2968248, -2977168, -2986088, -2995008, -3003928, 7, 0, 0, 0, 0, 0, 
2025-12-28 12:47:33.887260|{tx-143} :AAAAAAAAAAA-BBB..
2025-12-28 12:47:34.049155|{rx-144} 1, 0, 12, 3, 109, 1497, 0, 0, 0, 0, 12, 10, 0, 9, 9
2025-12-28 12:47:34.055016|{rssi-144} 111, -127, -127, -127, -127, -127, -127, -127, -127, -127, -127, -127, -127, -79, -127, -127, -127, 111, 
2025-12-28 12:47:34.065191|{td-144} 0, -2914728, -2923648, -2932568, -2941488, -2950408, -2959328, -2968248, -2977168, -2986088, -2995008, -3003928, -3012848, -1, 0, 0, 0, 0, 
2025-12-28 12:47:34.078838|{tx-144} :AAAAAAAAAAAA-BBB.
2025-12-28 12:47:34.239518|{rx-145} 1, 1, 10, 3, 110, 1509, 0, 0, 0, 0, 11, 9, 0, 9, 9
2025-12-28 12:47:34.244405|{rssi-145} 111, -127, -127, -127, -127, -127, -127, -127, -127, -127, -127, -81, -81, -127, -127, -127, 111, 111, 
2025-12-28 12:47:34.255016|{td-145} 0, -2905808, -2914728, -2923648, -2932568, -2941488, -2950408, -2959328, -2968248, -2977168, -2986088, 5, 7, 0, 0, 0, 0, 0, 
2025-12-28 12:47:34.266345|{tx-145} :AAAAAAAAAAC-BBB..
2025-12-28 12:47:34.428550|{rx-146} 1, 0, 10, 3, 111, 1520, 0, 0, 0, 0, 10, 9, 0, 9, 9
2025-12-28 12:47:34.433435|{rssi-146} 111, -127, -127, -127, -127, -127, -127, -127, -127, -127, -127, -79, -127, -127, -127, 111, 111, 111, 
2025-12-28 12:47:34.443827|{td-146} 0, -2914728, -2923648, -2932568, -2941488, -2950408, -2959328, -2968248, -2977168, -2986088, -2995008, 5, 0, 0, 0, 0, 0, 0, 
2025-12-28 12:47:34.456011|{tx-146} :AAAAAAAAAA-BBB...
2025-12-28 12:47:34.619496|{rx-147} 1, 0, 11, 3, 112, 1532, 0, 0, 0, 0, 11, 10, 0, 9, 9
2025-12-28 12:47:34.623200|{rssi-147} 111, -127, -127, -127, -127, -127, -127, -127, -127, -127, -127, -127, -80, -127, -127, -127, 111, 111, 
2025-12-28 12:47:34.634439|{td-147} 0, -2923648, -2932568, -2941488, -2950408, -2959328, -2968248, -2977168, -2986088, -2995008, -3003928, -3012848, -1, 0, 0, 0, 0, 0, 
2025-12-28 12:47:34.646654|{tx-147} :AAAAAAAAAAA-BBB..
2025-12-28 12:47:34.810403|{rx-148} 1, 0, 13, 3, 113, 1546, 0, 0, 0, 0, 13, 10, 0, 9, 9
2025-12-28 12:47:34.814588|{rssi-148} 111, -127, -127, -127, -127, -127, -127, -127, -127, -127, -127, -127, -127, -127, -78, -127, -127, -127, 
2025-12-28 12:47:34.825824|{td-148} 0, -2914728, -2923648, -2932568, -2941488, -2950408, -2959328, -2968248, -2977168, -2986088, -2995008, -3003928, -3012848, -3021768, 5, 0, 0, 0, 
2025-12-28 12:47:34.839000|{tx-148} :AAAAAAAAAAAAA-BBB
2025-12-28 12:47:34.998939|{rx-149} 0, 0, 14, 0, 113, 1560, 0, 0, 0, 0, 65535, 255, 0, 9, 9
2025-12-28 12:47:35.003029|{rssi-149} 111, -127, -127, -127, -127, -127, -127, -127, -127, -127, -127, -127, -127, -127, -127, 111, 111, 111, 
2025-12-28 12:47:35.014288|{td-149} 0, -2896888, -2905808, -2914728, -2923648, -2932568, -2941488, -2950408, -2959328, -2968248, -2977168, -2986088, -2995008, -3003928, -3012848, 0, 0, 0, 
2025-12-28 12:47:35.029045|{tx-149} :AAAAAAAAAAAAAA...
2025-12-28 12:47:35.188555|{rx-150} 1, 0, 10, 3, 114, 1571, 0, 0, 0, 0, 10, 9, 0, 9, 9
2025-12-28 12:47:35.192509|{rssi-150} 111, -127, -127, -127, -127, -127, -127, -127, -127, -127, -127, -82, -127, -127, -127, 111, 111, 111, 
2025-12-28 12:47:35.204046|{td-150} 0, -5936328, -5945248, -5954168, -5963088, -5972008, -5980928, -5989848, -5998768, -6007688, -6016608, 9, 0, 0, 0, 0, 0, 0, 
2025-12-28 12:47:35.214137|{tx-150} :AAAAAAAAAA-BBB...
2025-12-28 12:47:35.379000|{rx-151} 0, 0, 14, 0, 114, 1585, 0, 0, 0, 0, 65535, 255, 0, 9, 9
2025-12-28 12:47:35.383431|{rssi-151} 111, -127, -127, -127, -127, -127, -127, -127, -127, -127, -127, -127, -127, -127, -127, 111, 111, 111, 
2025-12-28 12:47:35.394036|{td-151} 0, -2923648, -2932568, -2941488, -2950408, -2959328, -2968248, -2977168, -2986088, -2995008, -3003928, -3012848, -3021768, -3030688, -3039608, 0, 0, 0, 
2025-12-28 12:47:35.407533|{tx-151} :AAAAAAAAAAAAAA...
2025-12-28 12:47:35.568888|{rx-152} 0, 0, 14, 0, 114, 1599, 0, 0, 0, 0, 65535, 255, 0, 9, 9
2025-12-28 12:47:35.573337|{rssi-152} 111, -127, -127, -127, -127, -127, -127, -127, -127, -127, -127, -127, -127, -127, -127, 111, 111, 111, 
2025-12-28 12:47:35.584471|{td-152} 0, -5963088, -5972008, -5980928, -5989848, -5998768, -6007688, -6016608, -6025528, -6034448, -6043368, -6052288, -6061208, -6070128, -6079048, 0, 0, 0, 
2025-12-28 12:47:35.599055|{tx-152} :AAAAAAAAAAAAAA...
2025-12-28 12:47:35.758772|{rx-153} 1, 0, 10, 3, 115, 1610, 0, 0, 0, 0, 10, 9, 0, 9, 9
2025-12-28 12:47:35.763138|{rssi-153} 111, -127, -127, -127, -127, -127, -127, -127, -127, -127, -127, -79, -127, -127, -127, 111, 111, 111, 
2025-12-28 12:47:35.772843|{td-153} 0, -9002528, -9011448, -9020368, -9029288, -9038208, -9047128, -9056048, -9064968, -9073888, -9082808, 7, 0, 0, 0, 0, 0, 0, 
2025-12-28 12:47:35.784677|{tx-153} :AAAAAAAAAA-BBB...
2025-12-28 12:47:35.953211|{rx-154} 1, 0, 13, 3, 116, 1624, 0, 0, 0, 0, 13, 10, 0, 9, 9
2025-12-28 12:47:35.956484|{rssi-154} 111, -127, -127, -127, -127, -127, -127, -127, -127, -127, -127, -127, -127, -127, -81, -127, -127, -127, 
2025-12-28 12:47:35.965271|{td-154} 0, -2923648, -2932568, -2941488, -2950408, -2959328, -2968248, -2977168, -2986088, -2995008, -3003928, -3012848, -3021768, -3030688, 7, 0, 0, 0, 
2025-12-28 12:47:35.978536|{tx-154} :AAAAAAAAAAAAA-BBB
2025-12-28 12:47:36.138706|{rx-155} 1, 0, 10, 3, 117, 1635, 0, 0, 0, 0, 10, 9, 0, 9, 9
2025-12-28 12:47:36.142842|{rssi-155} 111, -127, -127, -127, -127, -127, -127, -127, -127, -127, -127, -80, -127, -127, -127, 111, 111, 111, 
2025-12-28 12:47:36.153740|{td-155} 0, -2896888, -2905808, -2914728, -2923648, -2932568, -2941488, -2950408, -2959328, -2968248, -2977168, -1, 0, 0, 0, 0, 0, 0, 
2025-12-28 12:47:36.164844|{tx-155} :AAAAAAAAAA-BBB...
2025-12-28 12:47:36.327845|{rx-156} 1, 0, 10, 3, 118, 1646, 0, 0, 0, 0, 10, 9, 0, 9, 9
2025-12-28 12:47:36.333420|{rssi-156} 111, -127, -127, -127, -127, -127, -127, -127, -127, -127, -127, -83, -127, -127, -127, 111, 111, 111, 
2025-12-28 12:47:36.343794|{td-156} 0, -2923648, -2932568, -2941488, -2950408, -2959328, -2968248, -2977168, -2986088, -2995008, -3003928, 3, 0, 0, 0, 0, 0, 0, 
2025-12-28 12:47:36.354528|{tx-156} :AAAAAAAAAA-BBB...
2025-12-28 12:47:36.518347|{rx-157} 0, 0, 14, 0, 118, 1660, 0, 0, 0, 0, 65535, 255, 0, 9, 9
2025-12-28 12:47:36.522541|{rssi-157} 111, -127, -127, -127, -127, -127, -127, -127, -127, -127, -127, -127, -127, -127, -127, 111, 111, 111, 
2025-12-28 12:47:36.533812|{td-157} 0, -2923648, -2932568, -2941488, -2950408, -2959328, -2968248, -2977168, -2986088, -2995008, -3003928, -3012848, -3021768, -3030688, -3039608, 0, 0, 0, 
2025-12-28 12:47:36.546962|{tx-157} :AAAAAAAAAAAAAA...
2025-12-28 12:47:36.708518|{rx-158} 1, 1, 10, 3, 119, 1672, 0, 0, 0, 0, 11, 9, 0, 9, 9
2025-12-28 12:47:36.713668|{rssi-158} 111, -127, -127, -127, -127, -127, -127, -127, -127, -127, -127, -83, -79, -127, -127, -127, 111, 111, 
2025-12-28 12:47:36.724157|{td-158} 0, -5963088, -5972008, -5980928, -5989848, -5998768, -6007688, -6016608, -6025528, -6034448, -6043368, 7, 9, 0, 0, 0, 0, 0, 
2025-12-28 12:47:36.735558|{tx-158} :AAAAAAAAAAC-BBB..
2025-12-28 12:47:36.899961|{rx-159} 1, 0, 12, 3, 120, 1685, 0, 0, 0, 0, 12, 9, 0, 9, 9
2025-12-28 12:47:36.904032|{rssi-159} 111, -127, -127, -127, -127, -127, -127, -127, -127, -127, -127, -127, -127, -79, -127, -127, -127, 111, 
2025-12-28 12:47:36.914764|{td-159} 0, -2914728, -2923648, -2932568, -2941488, -2950408, -2959328, -2968248, -2977168, -2986088, -2995008, -3003928, -3012848, 5, 0, 0, 0, 0, 
2025-12-28 12:47:36.927152|{tx-159} :AAAAAAAAAAAA-BBB.
2025-12-28 12:47:37.088058|{rx-160} 1, 0, 11, 3, 121, 1697, 0, 0, 0, 0, 11, 10, 0, 9, 9
2025-12-28 12:47:37.093401|{rssi-160} 111, -127, -127, -127, -127, -127, -127, -127, -127, -127, -127, -127, -83, -127, -127, -127, 111, 111, 
2025-12-28 12:47:37.104028|{td-160} 0, -2905808, -2914728, -2923648, -2932568, -2941488, -2950408, -2959328, -2968248, -2977168, -2986088, -2995008, 1, 0, 0, 0, 0, 0, 
2025-12-28 12:47:37.116465|{tx-160} :AAAAAAAAAAA-BBB..
2025-12-28 12:47:37.277648|{rx-161} 0, 0, 14, 0, 121, 1711, 0, 0, 0, 0, 65535, 255, 0, 9, 9
2025-12-28 12:47:37.282324|{rssi-161} 111, -127, -127, -127, -127, -127, -127, -127, -127, -127, -127, -127, -127, -127, -127, 111, 111, 111, 
2025-12-28 12:47:37.292758|{td-161} 0, -2914728, -2923648, -2932568, -2941488, -2950408, -2959328, -2968248, -2977168, -2986088, -2995008, -3003928, -3012848, -3021768, -3030688, 0, 0, 0, 
2025-12-28 12:47:37.307967|{tx-161} :AAAAAAAAAAAAAA...
2025-12-28 12:47:37.467646|{rx-162} 1, 0, 10, 3, 122, 1722, 0, 0, 0, 0, 10, 9, 0, 9, 9
2025-12-28 12:47:37.472454|{rssi-162} 111, -127, -127, -127, -127, -127, -127, -127, -127, -127, -127, -80, -127, -127, -127, 111, 111, 111, 
2025-12-28 12:47:37.483667|{td-162} 0, -5954168, -5963088, -5972008, -5980928, -5989848, -5998768, -6007688, -6016608, -6025528, -6034448, 7, 0, 0, 0, 0, 0, 0, 
2025-12-28 12:47:37.494481|{tx-162} :AAAAAAAAAA-BBB...
2025-12-28 12:47:37.659749|{rx-163} 1, 0, 12, 3, 123, 1735, 0, 0, 0, 0, 12, 10, 0, 9, 9
2025-12-28 12:47:37.664407|{rssi-163} 111, -127, -127, -127, -127, -127, -127, -127, -127, -127, -127, -127, -127, -78, -127, -127, -127, 111, 
2025-12-28 12:47:37.675775|{td-163} 0, -2923648, -2932568, -2941488, -2950408, -2959328, -2968248, -2977168, -2986088, -2995008, -3003928, -3012848, -3021768, 1, 0, 0, 0, 0, 
2025-12-28 12:47:37.686719|{tx-163} :AAAAAAAAAAAA-BBB.
2025-12-28 12:47:37.848894|{rx-164} 1, 0, 13, 3, 124, 1749, 0, 0, 0, 0, 13, 9, 0, 9, 9
2025-12-28 12:47:37.854422|{rssi-164} 111, -127, -127, -127, -127, -127, -127, -127, -127, -127, -127, -127, -127, -127, -81, -127, -127, -127, 
2025-12-28 12:47:37.864443|{td-164} 0, -2905808, -2914728, -2923648, -2932568, -2941488, -2950408, -2959328, -2968248, -2977168, -2986088, -2995008, -3003928, -3012848, 9, 0, 0, 0, 
2025-12-28 12:47:37.877745|{tx-164} :AAAAAAAAAAAAA-BBB
2025-12-28 12:47:38.039775|{rx-165} 1, 0, 12, 3, 125, 1762, 0, 0, 0, 0, 12, 11, 0, 9, 9
2025-12-28 12:47:38.043602|{rssi-165} 111, -127, -127, -127, -127, -127, -127, -127, -127, -127, -127, -127, -127, -80, -127, -127, -127, 111, 
2025-12-28 12:47:38.054179|{td-165} 0, -2896888, -2905808, -2914728, -2923648, -2932568, -2941488, -2950408, -2959328, -2968248, -2977168, -2986088, -2995008, -1, 0, 0, 0, 0, 
2025-12-28 12:47:38.067915|{tx-165} :AAAAAAAAAAAA-BBB.
2025-12-28 12:47:38.227817|{rx-166} 1, 1, 10, 3, 126, 1774, 0, 0, 0, 0, 11, 10, 0, 9, 9
2025-12-28 12:47:38.233884|{rssi-166} 111, -127, -127, -127, -127, -127, -127, -127, -127, -127, -127, -83, -79, -127, -127, -127, 111, 111, 
2025-12-28 12:47:38.243614|{td-166} 0, -2905808, -2914728, -2923648, -2932568, -2941488, -2950408, -2959328, -2968248, -2977168, -2986088, 3, 3, 0, 0, 0, 0, 0, 
2025-12-28 12:47:38.254640|{tx-166} :AAAAAAAAAAC-BBB..
2025-12-28 12:47:38.417517|{rx-167} 1, 0, 10, 3, 127, 1785, 0, 0, 0, 0, 10, 9, 0, 9, 9
2025-12-28 12:47:38.422713|{rssi-167} 111, -127, -127, -127, -127, -127, -127, -127, -127, -127, -127, -79, -127, -127, -127, 111, 111, 111, 
2025-12-28 12:47:38.433008|{td-167} 0, -2914728, -2923648, -2932568, -2941488, -2950408, -2959328, -2968248, -2977168, -2986088, -2995008, 1, 0, 0, 0, 0, 0, 0, 
2025-12-28 12:47:38.444193|{tx-167} :AAAAAAAAAA-BBB...
2025-12-28 12:47:38.606609|{rx-168} 0, 0, 14, 0, 127, 1799, 0, 0, 0, 0, 65535, 255, 0, 9, 9
2025-12-28 12:47:38.613282|{rssi-168} 111, -127, -127, -127, -127, -127, -127, -127, -127, -127, -127, -127, -127, -127, -127, 111, 111, 111, 
2025-12-28 12:47:38.623293|{td-168} 0, -2923648, -2932568, -2941488, -2950408, -2959328, -2968248, -2977168, -2986088, -2995008, -3003928, -3012848, -3021768, -3030688, -3039608, 0, 0, 0, 
2025-12-28 12:47:38.636674|{tx-168} :AAAAAAAAAAAAAA...
2025-12-28 12:47:38.797176|{rx-169} 1, 0, 10, 3, 128, 1810, 0, 0, 0, 0, 10, 9, 0, 9, 9
2025-12-28 12:47:38.802839|{rssi-169} 111, -127, -127, -127, -127, -127, -127, -127, -127, -127, -127, -79, -127, -127, -127, 111, 111, 111, 
2025-12-28 12:47:38.812321|{td-169} 0, -5963088, -5972008, -5980928, -5989848, -5998768, -6007688, -6016608, -6025528, -6034448, -6043368, 15, 0, 0, 0, 0, 0, 0, 
2025-12-28 12:47:38.824252|{tx-169} :AAAAAAAAAA-BBB...
2025-12-28 12:47:38.987644|{rx-170} 0, 0, 14, 0, 128, 1824, 0, 0, 0, 0, 65535, 255, 0, 9, 9
2025-12-28 12:47:38.993115|{rssi-170} 111, -127, -127, -127, -127, -127, -127, -127, -127, -127, -127, -127, -127, -127, -127, 111, 111, 111, 
2025-12-28 12:47:39.002897|{td-170} 0, -2923648, -2932568, -2941488, -2950408, -2959328, -2968248, -2977168, -2986088, -2995008, -3003928, -3012848, -3021768, -3030688, -3039608, 0, 0, 0, 
2025-12-28 12:47:39.016344|{tx-170} :AAAAAAAAAAAAAA...
2025-12-28 12:47:39.177888|{rx-171} 1, 0, 10, 3, 129, 1835, 0, 0, 0, 0, 10, 10, 0, 9, 9
2025-12-28 12:47:39.182466|{rssi-171} 111, -127, -127, -127, -127, -127, -127, -127, -127, -127, -127, -83, -127, -127, -127, 111, 111, 111, 
2025-12-28 12:47:39.192907|{td-171} 0, -5963088, -5972008, -5980928, -5989848, -5998768, -6007688, -6016608, -6025528, -6034448, -6043368, 1, 0, 0, 0, 0, 0, 0, 
2025-12-28 12:47:39.203589|{tx-171} :AAAAAAAAAA-BBB...
2025-12-28 12:47:39.368835|{rx-172} 1, 0, 11, 3, 130, 1847, 0, 0, 0, 0, 11, 10, 0, 9, 9
2025-12-28 12:47:39.373513|{rssi-172} 111, -127, -127, -127, -127, -127, -127, -127, -127, -127, -127, -127, -81, -127, -127, -127, 111, 111, 
2025-12-28 12:47:39.384069|{td-172} 0, -2923648, -2932568, -2941488, -2950408, -2959328, -2968248, -2977168, -2986088, -2995008, -3003928, -3012848, 7, 0, 0, 0, 0, 0, 
2025-12-28 12:47:39.395703|{tx-172} :AAAAAAAAAAA-BBB..
2025-12-28 12:47:39.557353|{rx-173} 0, 1, 13, 0, 130, 1861, 0, 0, 0, 0, 65535, 255, 0, 9, 9
2025-12-28 12:47:39.561729|{rssi-173} 111, -127, -127, -127, -127, -127, -127, -127, -127, -127, -127, -127, -80, -80, -80, 111, 111, 111, 
2025-12-28 12:47:39.573088|{td-173} 0, -2914728, -2923648, -2932568, -2941488, -2950408, -2959328, -2968248, -2977168, -2986088, -2995008, -3003928, 3, -8917, -17837, 0, 0, 0, 
2025-12-28 12:47:39.586191|{tx-173} :AAAAAAAAAAACAA...
2025-12-28 12:47:39.747547|{rx-174} 1, 0, 9, 3, 131, 1871, 0, 0, 0, 0, 9, 9, 0, 9, 9
2025-12-28 12:47:39.751943|{rssi-174} 111, -80, -80, -80, -80, -80, -80, -80, -80, -80, -82, -127, -127, -127, 111, 111, 111, 111, 
2025-12-28 12:47:39.761504|{td-174} 0, -2941317, -2950237, -2959157, -2968077, -2976997, -2985917, -2994837, -3003757, -3012677, 3, 0, 0, 0, 0, 0, 0, 0, 
2025-12-28 12:47:39.771432|{tx-174} :AAAAAAAAA-BBB....
2025-12-28 12:47:39.937527|{rx-175} 0, 0, 14, 0, 131, 1885, 0, 0, 0, 0, 65535, 255, 0, 9, 9
2025-12-28 12:47:39.942685|{rssi-175} 111, -127, -127, -127, -127, -127, -127, -127, -127, -127, -127, -127, -127, -127, -127, 111, 111, 111, 
2025-12-28 12:47:39.952707|{td-175} 0, -2932568, -2941488, -2950408, -2959328, -2968248, -2977168, -2986088, -2995008, -3003928, -3012848, -3021768, -3030688, -3039608, -3048528, 0, 0, 0, 
2025-12-28 12:47:39.967561|{tx-175} :AAAAAAAAAAAAAA...
2025-12-28 12:47:40.127921|{rx-176} 1, 1, 11, 3, 132, 1898, 0, 0, 0, 0, 12, 10, 0, 9, 9
2025-12-28 12:47:40.133706|{rssi-176} 111, -127, -127, -127, -127, -127, -127, -127, -127, -127, -127, -127, -79, -82, -127, -127, -127, 111, 
2025-12-28 12:47:40.144212|{td-176} 0, -5972008, -5980928, -5989848, -5998768, -6007688, -6016608, -6025528, -6034448, -6043368, -6052288, -6061208, 3, 1, 0, 0, 0, 0, 
2025-12-28 12:47:40.155392|{tx-176} :AAAAAAAAAAAC-BBB.
2025-12-28 12:47:40.316983|{rx-177} 0, 0, 14, 0, 132, 1912, 0, 0, 0, 0, 65535, 255, 0, 9, 9
2025-12-28 12:47:40.323281|{rssi-177} 111, -127, -127, -127, -127, -127, -127, -127, -127, -127, -127, -127, -127, -127, -127, 111, 111, 111, 
2025-12-28 12:47:40.332789|{td-177} 0, -2905808, -2914728, -2923648, -2932568, -2941488, -2950408, -2959328, -2968248, -2977168, -2986088, -2995008, -3003928, -3012848, -3021768, 0, 0, 0, 
2025-12-28 12:47:40.347479|{tx-177} :AAAAAAAAAAAAAA...
2025-12-28 12:47:40.509055|{rx-178} 1, 0, 11, 3, 133, 1924, 0, 0, 0, 0, 11, 10, 0, 9, 9
2025-12-28 12:47:40.513115|{rssi-178} 111, -127, -127, -127, -127, -127, -127, -127, -127, -127, -127, -127, -82, -127, -127, -127, 111, 111, 
2025-12-28 12:47:40.523538|{td-178} 0, -5945248, -5954168, -5963088, -5972008, -5980928, -5989848, -5998768, -6007688, -6016608, -6025528, -6034448, 9, 0, 0, 0, 0, 0, 
2025-12-28 12:47:40.535353|{tx-178} :AAAAAAAAAAA-BBB..
2025-12-28 12:47:40.698706|{rx-179} 0, 0, 14, 0, 133, 1938, 0, 0, 0, 0, 65535, 255, 0, 9, 9
2025-12-28 12:47:40.703259|{rssi-179} 111, -127, -127, -127, -127, -127, -127, -127, -127, -127, -127, -127, -127, -127, -127, 111, 111, 111, 
2025-12-28 12:47:40.712107|{td-179} 0, -2914728, -2923648, -2932568, -2941488, -2950408, -2959328, -2968248, -2977168, -2986088, -2995008, -3003928, -3012848, -3021768, -3030688, 0, 0, 0, 
2025-12-28 12:47:40.726021|{tx-179} :AAAAAAAAAAAAAA...
2025-12-28 12:47:40.887588|{rx-180} 1, 0, 10, 3, 134, 1949, 0, 0, 0, 0, 10, 9, 0, 9, 9
2025-12-28 12:47:40.892469|{rssi-180} 111, -127, -127, -127, -127, -127, -127, -127, -127, -127, -127, -81, -127, -127, -127, 111, 111, 111, 
2025-12-28 12:47:40.902769|{td-180} 0, -5954168, -5963088, -5972008, -5980928, -5989848, -5998768, -6007688, -6016608, -6025528, -6034448, 9, 0, 0, 0, 0, 0, 0, 
2025-12-28 12:47:40.914292|{tx-180} :AAAAAAAAAA-BBB...
2025-12-28 12:47:41.077056|{rx-181} 1, 0, 10, 3, 135, 1960, 0, 0, 0, 0, 10, 9, 0, 9, 9
2025-12-28 12:47:41.082526|{rssi-181} 111, -127, -127, -127, -127, -127, -127, -127, -127, -127, -127, -79, -127, -127, -127, 111, 111, 111, 
2025-12-28 12:47:41.092556|{td-181} 0, -2923648, -2932568, -2941488, -2950408, -2959328, -2968248, -2977168, -2986088, -2995008, -3003928, 1, 0, 0, 0, 0, 0, 0, 
2025-12-28 12:47:41.103623|{tx-181} :AAAAAAAAAA-BBB...
2025-12-28 12:47:41.266912|{rx-182} 1, 0, 10, 3, 136, 1971, 0, 0, 0, 0, 10, 9, 0, 9, 9
2025-12-28 12:47:41.271239|{rssi-182} 111, -127, -127, -127, -127, -127, -127, -127, -127, -127, -127, -80, -127, -127, -127, 111, 111, 111, 
2025-12-28 12:47:41.282829|{td-182} 0, -2923648, -2932568, -2941488, -2950408, -2959328, -2968248, -2977168, -2986088, -2995008, -3003928, 7, 0, 0, 0, 0, 0, 0, 
2025-12-28 12:47:41.294342|{tx-182} :AAAAAAAAAA-BBB...
2025-12-28 12:47:41.456515|{rx-183} 1, 0, 8, 3, 137, 1980, 0, 0, 0, 0, 8, 9, 0, 9, 9
2025-12-28 12:47:41.460419|{rssi-183} 111, -127, -127, -127, -127, -127, -127, -127, -127, -85, -127, -127, -127, 111, 111, 111, 111, 111, 
2025-12-28 12:47:41.470804|{td-183} 0, -2923648, -2932568, -2941488, -2950408, -2959328, -2968248, -2977168, -2986088, 3, 0, 0, 0, 0, 0, 0, 0, 0, 
2025-12-28 12:47:41.480593|{tx-183} :AAAAAAAA-BBB.....
2025-12-28 12:47:41.647041|{rx-184} 1, 0, 10, 3, 138, 1991, 0, 0, 0, 0, 10, 9, 0, 9, 9
2025-12-28 12:47:41.651725|{rssi-184} 111, -127, -127, -127, -127, -127, -127, -127, -127, -127, -127, -84, -127, -127, -127, 111, 111, 111, 
2025-12-28 12:47:41.663557|{td-184} 0, -2941488, -2950408, -2959328, -2968248, -2977168, -2986088, -2995008, -3003928, -3012848, -3021768, 1, 0, 0, 0, 0, 0, 0, 
2025-12-28 12:47:41.673245|{tx-184} :AAAAAAAAAA-BBB...
2025-12-28 12:47:41.836711|{rx-185} 1, 0, 8, 3, 139, 2000, 0, 0, 0, 0, 8, 9, 0, 9, 9
2025-12-28 12:47:41.845451|{rssi-185} 111, -127, -127, -127, -127, -127, -127, -127, -127, -81, -127, -127, -127, 111, 111, 111, 111, 111, 
2025-12-28 12:47:41.851510|{td-185} 0, -2923648, -2932568, -2941488, -2950408, -2959328, -2968248, -2977168, -2986088, 3, 0, 0, 0, 0, 0, 0, 0, 0, 
2025-12-28 12:47:41.860939|{tx-185} :AAAAAAAA-BBB.....
2025-12-28 12:47:42.026279|{rx-186} 0, 0, 14, 0, 139, 2014, 0, 0, 0, 0, 65535, 255, 0, 9, 9
2025-12-28 12:47:42.032390|{rssi-186} 111, -127, -127, -127, -127, -127, -127, -127, -127, -127, -127, -127, -127, -127, -127, 111, 111, 111, 
2025-12-28 12:47:42.042920|{td-186} 0, -2941488, -2950408, -2959328, -2968248, -2977168, -2986088, -2995008, -3003928, -3012848, -3021768, -3030688, -3039608, -3048528, -3057448, 0, 0, 0, 
2025-12-28 12:47:42.056629|{tx-186} :AAAAAAAAAAAAAA...
2025-12-28 12:47:42.216961|{rx-187} 1, 0, 10, 3, 140, 2025, 0, 0, 0, 0, 10, 9, 0, 9, 9
2025-12-28 12:47:42.222081|{rssi-187} 111, -127, -127, -127, -127, -127, -127, -127, -127, -127, -127, -82, -127, -127, -127, 111, 111, 111, 
2025-12-28 12:47:42.231204|{td-187} 0, -5980928, -5989848, -5998768, -6007688, -6016608, -6025528, -6034448, -6043368, -6052288, -6061208, 5, 0, 0, 0, 0, 0, 0, 
2025-12-28 12:47:42.243947|{tx-187} :AAAAAAAAAA-BBB...
2025-12-28 12:47:42.407204|{rx-188} 1, 0, 10, 3, 141, 2036, 0, 0, 0, 0, 10, 9, 0, 9, 9
2025-12-28 12:47:42.411971|{rssi-188} 111, -127, -127, -127, -127, -127, -127, -127, -127, -127, -127, -81, -127, -127, -127, 111, 111, 111, 
2025-12-28 12:47:42.421627|{td-188} 0, -2923648, -2932568, -2941488, -2950408, -2959328, -2968248, -2977168, -2986088, -2995008, -3003928, 5, 0, 0, 0, 0, 0, 0, 
2025-12-28 12:47:42.434389|{tx-188} :AAAAAAAAAA-BBB...
2025-12-28 12:47:42.597847|{rx-189} 1, 0, 11, 3, 142, 2048, 0, 0, 0, 0, 11, 10, 0, 9, 9
2025-12-28 12:47:42.603069|{rssi-189} 111, -127, -127, -127, -127, -127, -127, -127, -127, -127, -127, -127, -78, -127, -127, -127, 111, 111, 
2025-12-28 12:47:42.613565|{td-189} 0, -2923648, -2932568, -2941488, -2950408, -2959328, -2968248, -2977168, -2986088, -2995008, -3003928, -3012848, 5, 0, 0, 0, 0, 0, 
2025-12-28 12:47:42.625098|{tx-189} :AAAAAAAAAAA-BBB..
2025-12-28 12:47:42.787315|{rx-190} 1, 0, 10, 3, 143, 2059, 0, 0, 0, 0, 10, 9, 0, 9, 9
2025-12-28 12:47:42.792222|{rssi-190} 111, -127, -127, -127, -127, -127, -127, -127, -127, -127, -127, -82, -127, -127, -127, 111, 111, 111, 
2025-12-28 12:47:42.801916|{td-190} 0, -2914728, -2923648, -2932568, -2941488, -2950408, -2959328, -2968248, -2977168, -2986088, -2995008, 1, 0, 0, 0, 0, 0, 0, 
2025-12-28 12:47:42.814122|{tx-190} :AAAAAAAAAA-BBB...
2025-12-28 12:47:42.977169|{rx-191} 1, 0, 11, 3, 144, 2071, 0, 0, 0, 0, 11, 9, 0, 9, 9
2025-12-28 12:47:42.982111|{rssi-191} 111, -127, -127, -127, -127, -127, -127, -127, -127, -127, -127, -127, -80, -127, -127, -127, 111, 111, 
2025-12-28 12:47:42.993156|{td-191} 0, -2923648, -2932568, -2941488, -2950408, -2959328, -2968248, -2977168, -2986088, -2995008, -3003928, -3012848, 3, 0, 0, 0, 0, 0, 
2025-12-28 12:47:43.004635|{tx-191} :AAAAAAAAAAA-BBB..
2025-12-28 12:47:43.167286|{rx-192} 1, 0, 10, 3, 145, 2082, 0, 0, 0, 0, 10, 10, 0, 9, 9
2025-12-28 12:47:43.171409|{rssi-192} 111, -127, -127, -127, -127, -127, -127, -127, -127, -127, -127, -78, -127, -127, -127, 111, 111, 111, 
2025-12-28 12:47:43.182693|{td-192} 0, -2914728, -2923648, -2932568, -2941488, -2950408, -2959328, -2968248, -2977168, -2986088, -2995008, 3, 0, 0, 0, 0, 0, 0, 
2025-12-28 12:47:43.193476|{tx-192} :AAAAAAAAAA-BBB...
2025-12-28 12:47:43.355948|{rx-193} 1, 0, 9, 3, 146, 2092, 0, 0, 0, 0, 9, 9, 0, 9, 9
2025-12-28 12:47:43.361186|{rssi-193} 111, -127, -127, -127, -127, -127, -127, -127, -127, -127, -82, -127, -127, -127, 111, 111, 111, 111, 
2025-12-28 12:47:43.371632|{td-193} 0, -2923648, -2932568, -2941488, -2950408, -2959328, -2968248, -2977168, -2986088, -2995008, 9, 0, 0, 0, 0, 0, 0, 0, 
2025-12-28 12:47:43.381693|{tx-193} :AAAAAAAAA-BBB....
2025-12-28 12:47:43.546301|{rx-194} 1, 0, 10, 3, 147, 2103, 0, 0, 0, 0, 10, 9, 0, 9, 9
2025-12-28 12:47:43.551514|{rssi-194} 111, -127, -127, -127, -127, -127, -127, -127, -127, -127, -127, -84, -127, -127, -127, 111, 111, 111, 
2025-12-28 12:47:43.561992|{td-194} 0, -2932568, -2941488, -2950408, -2959328, -2968248, -2977168, -2986088, -2995008, -3003928, -3012848, -5, 0, 0, 0, 0, 0, 0, 
2025-12-28 12:47:43.572960|{tx-194} :AAAAAAAAAA-BBB...
2025-12-28 12:47:43.736034|{rx-195} 1, 0, 10, 3, 148, 2114, 0, 0, 0, 0, 10, 9, 0, 9, 9
2025-12-28 12:47:43.741697|{rssi-195} 111, -127, -127, -127, -127, -127, -127, -127, -127, -127, -127, -78, -127, -127, -127, 111, 111, 111, 
2025-12-28 12:47:43.752349|{td-195} 0, -2923648, -2932568, -2941488, -2950408, -2959328, -2968248, -2977168, -2986088, -2995008, -3003928, 7, 0, 0, 0, 0, 0, 0, 
2025-12-28 12:47:43.763342|{tx-195} :AAAAAAAAAA-BBB...
2025-12-28 12:47:43.925902|{rx-196} 1, 0, 9, 3, 149, 2124, 0, 0, 0, 0, 9, 9, 0, 9, 9
2025-12-28 12:47:43.931441|{rssi-196} 111, -127, -127, -127, -127, -127, -127, -127, -127, -127, -81, -127, -127, -127, 111, 111, 111, 111, 
2025-12-28 12:47:43.941601|{td-196} 0, -2923648, -2932568, -2941488, -2950408, -2959328, -2968248, -2977168, -2986088, -2995008, 3, 0, 0, 0, 0, 0, 0, 0, 
2025-12-28 12:47:43.951589|{tx-196} :AAAAAAAAA-BBB....
2025-12-28 12:47:44.116109|{rx-197} 1, 0, 9, 3, 150, 2134, 0, 0, 0, 0, 9, 10, 0, 9, 9
2025-12-28 12:47:44.121045|{rssi-197} 111, -127, -127, -127, -127, -127, -127, -127, -127, -127, -84, -127, -127, -127, 111, 111, 111, 111, 
2025-12-28 12:47:44.131360|{td-197} 0, -2932568, -2941488, -2950408, -2959328, -2968248, -2977168, -2986088, -2995008, -3003928, 3, 0, 0, 0, 0, 0, 0, 0, 
2025-12-28 12:47:44.141420|{tx-197} :AAAAAAAAA-BBB....
2025-12-28 12:47:44.305597|{rx-198} 1, 0, 8, 3, 151, 2143, 0, 0, 0, 0, 8, 9, 0, 9, 9
2025-12-28 12:47:44.309488|{rssi-198} 111, -127, -127, -127, -127, -127, -127, -127, -127, -79, -127, -127, -127, 111, 111, 111, 111, 111, 
2025-12-28 12:47:44.321064|{td-198} 0, -2932568, -2941488, -2950408, -2959328, -2968248, -2977168, -2986088, -2995008, 5, 0, 0, 0, 0, 0, 0, 0, 0, 
2025-12-28 12:47:44.330631|{tx-198} :AAAAAAAA-BBB.....
2025-12-28 12:47:44.498873|{rx-199} 1, 0, 11, 3, 152, 2155, 0, 0, 0, 0, 11, 10, 0, 9, 9
2025-12-28 12:47:44.503068|{rssi-199} 111, -127, -127, -127, -127, -127, -127, -127, -127, -127, -127, -127, -79, -127, -127, -127, 111, 111, 
2025-12-28 12:47:44.512782|{td-199} 0, -2941488, -2950408, -2959328, -2968248, -2977168, -2986088, -2995008, -3003928, -3012848, -3021768, -3030688, 5, 0, 0, 0, 0, 0, 
2025-12-28 12:47:44.524556|{tx-199} :AAAAAAAAAAA-BBB..
2025-12-28 12:47:44.686144|{rx-200} 1, 0, 10, 3, 153, 2166, 0, 0, 0, 0, 10, 10, 0, 9, 9
2025-12-28 12:47:44.691974|{rssi-200} 111, -127, -127, -127, -127, -127, -127, -127, -127, -127, -127, -82, -127, -127, -127, 111, 111, 111, 
2025-12-28 12:47:44.702082|{td-200} 0, -2914728, -2923648, -2932568, -2941488, -2950408, -2959328, -2968248, -2977168, -2986088, -2995008, 5, 0, 0, 0, 0, 0, 0, 
2025-12-28 12:47:44.713972|{tx-200} :AAAAAAAAAA-BBB...
2025-12-28 12:47:44.877248|{rx-201} 1, 0, 11, 3, 154, 2178, 0, 0, 0, 0, 11, 9, 0, 9, 9
2025-12-28 12:47:44.905437|{rssi-201} 111, -127, -127, -127, -127, -127, -127, -127, -127, -127, -127, -127, -80, -127, -127, -127, 111, 111, 
2025-12-28 12:47:44.907784|{td-201} 0, -2923648, -2932568, -2941488, -2950408, -2959328, -2968248, -2977168, -2986088, -2995008, -3003928, -3012848, -1, 0, 0, 0, 0, 0, 
2025-12-28 12:47:44.910755|{tx-201} :AAAAAAAAAAA-BBB..
2025-12-28 12:47:45.069536|{rx-202} 1, 0, 13, 3, 155, 2192, 0, 0, 0, 0, 13, 10, 0, 9, 9
2025-12-28 12:47:45.073193|{rssi-202} 111, -127, -127, -127, -127, -127, -127, -127, -127, -127, -127, -127, -127, -127, -82, -127, -127, -127, 
2025-12-28 12:47:45.083699|{td-202} 0, -2914728, -2923648, -2932568, -2941488, -2950408, -2959328, -2968248, -2977168, -2986088, -2995008, -3003928, -3012848, -3021768, 7, 0, 0, 0, 
2025-12-28 12:47:45.097088|{tx-202} :AAAAAAAAAAAAA-BBB
2025-12-28 12:47:45.256352|{rx-203} 1, 0, 10, 3, 156, 2203, 0, 0, 0, 0, 10, 9, 0, 9, 9
2025-12-28 12:47:45.261744|{rssi-203} 111, -127, -127, -127, -127, -127, -127, -127, -127, -127, -127, -80, -127, -127, -127, 111, 111, 111, 
2025-12-28 12:47:45.271870|{td-203} 0, -2896888, -2905808, -2914728, -2923648, -2932568, -2941488, -2950408, -2959328, -2968248, -2977168, -1, 0, 0, 0, 0, 0, 0, 
2025-12-28 12:47:45.286909|{tx-203} :AAAAAAAAAA-BBB...
2025-12-28 12:47:45.446593|{rx-204} 0, 0, 14, 0, 156, 2217, 0, 0, 0, 0, 65535, 255, 0, 9, 9
2025-12-28 12:47:45.452180|{rssi-204} 111, -127, -127, -127, -127, -127, -127, -127, -127, -127, -127, -127, -127, -127, -127, 111, 111, 111, 
2025-12-28 12:47:45.461264|{td-204} 0, -2923648, -2932568, -2941488, -2950408, -2959328, -2968248, -2977168, -2986088, -2995008, -3003928, -3012848, -3021768, -3030688, -3039608, 0, 0, 0, 
2025-12-28 12:47:45.475281|{tx-204} :AAAAAAAAAAAAAA...
2025-12-28 12:47:45.637162|{rx-205} 1, 0, 10, 3, 157, 2228, 0, 0, 0, 0, 10, 9, 0, 9, 9
2025-12-28 12:47:45.642781|{rssi-205} 111, -127, -127, -127, -127, -127, -127, -127, -127, -127, -127, -79, -127, -127, -127, 111, 111, 111, 
2025-12-28 12:47:45.652294|{td-205} 0, -5963088, -5972008, -5980928, -5989848, -5998768, -6007688, -6016608, -6025528, -6034448, -6043368, 7, 0, 0, 0, 0, 0, 0, 
2025-12-28 12:47:45.663719|{tx-205} :AAAAAAAAAA-BBB...
2025-12-28 12:47:45.825871|{rx-206} 1, 1, 8, 3, 158, 2238, 0, 0, 0, 0, 9, 9, 0, 9, 9
2025-12-28 12:47:45.830854|{rssi-206} 111, -127, -127, -127, -127, -127, -127, -127, -127, -83, -79, -127, -127, -127, 111, 111, 111, 111, 
2025-12-28 12:47:45.840866|{td-206} 0, -2923648, -2932568, -2941488, -2950408, -2959328, -2968248, -2977168, -2986088, 1, 3, 0, 0, 0, 0, 0, 0, 0, 
2025-12-28 12:47:45.851761|{tx-206} :AAAAAAAAC-BBB....
2025-12-28 12:47:46.016668|{rx-207} 1, 0, 10, 3, 159, 2249, 0, 0, 0, 0, 10, 9, 0, 9, 9
2025-12-28 12:47:46.021495|{rssi-207} 111, -127, -127, -127, -127, -127, -127, -127, -127, -127, -127, -83, -127, -127, -127, 111, 111, 111, 
2025-12-28 12:47:46.031162|{td-207} 0, -2932568, -2941488, -2950408, -2959328, -2968248, -2977168, -2986088, -2995008, -3003928, -3012848, 1, 0, 0, 0, 0, 0, 0, 
2025-12-28 12:47:46.043655|{tx-207} :AAAAAAAAAA-BBB...
2025-12-28 12:47:46.206032|{rx-208} 1, 0, 10, 3, 160, 2260, 0, 0, 0, 0, 10, 9, 0, 9, 9
2025-12-28 12:47:46.211441|{rssi-208} 111, -127, -127, -127, -127, -127, -127, -127, -127, -127, -127, -82, -127, -127, -127, 111, 111, 111, 
2025-12-28 12:47:46.222245|{td-208} 0, -2923648, -2932568, -2941488, -2950408, -2959328, -2968248, -2977168, -2986088, -2995008, -3003928, 9, 0, 0, 0, 0, 0, 0, 
2025-12-28 12:47:46.232588|{tx-208} :AAAAAAAAAA-BBB...
2025-12-28 12:47:46.396605|{rx-209} 1, 0, 10, 3, 161, 2271, 0, 0, 0, 0, 10, 9, 0, 9, 9
2025-12-28 12:47:46.402033|{rssi-209} 111, -127, -127, -127, -127, -127, -127, -127, -127, -127, -127, -78, -127, -127, -127, 111, 111, 111, 
2025-12-28 12:47:46.412200|{td-209} 0, -2923648, -2932568, -2941488, -2950408, -2959328, -2968248, -2977168, -2986088, -2995008, -3003928, 1, 0, 0, 0, 0, 0, 0, 
2025-12-28 12:47:46.422654|{tx-209} :AAAAAAAAAA-BBB...
2025-12-28 12:47:46.586530|{rx-210} 1, 0, 10, 3, 162, 2282, 0, 0, 0, 0, 10, 9, 0, 9, 9
2025-12-28 12:47:46.591211|{rssi-210} 111, -127, -127, -127, -127, -127, -127, -127, -127, -127, -127, -79, -127, -127, -127, 111, 111, 111, 
2025-12-28 12:47:46.601906|{td-210} 0, -2923648, -2932568, -2941488, -2950408, -2959328, -2968248, -2977168, -2986088, -2995008, -3003928, 1, 0, 0, 0, 0, 0, 0, 
2025-12-28 12:47:46.612659|{tx-210} :AAAAAAAAAA-BBB...
2025-12-28 12:47:46.776262|{rx-211} 1, 0, 10, 3, 163, 2293, 0, 0, 0, 0, 10, 9, 0, 9, 9
2025-12-28 12:47:46.781377|{rssi-211} 111, -127, -127, -127, -127, -127, -127, -127, -127, -127, -127, -81, -127, -127, -127, 111, 111, 111, 
2025-12-28 12:47:46.790365|{td-211} 0, -2923648, -2932568, -2941488, -2950408, -2959328, -2968248, -2977168, -2986088, -2995008, -3003928, 1, 0, 0, 0, 0, 0, 0, 
2025-12-28 12:47:46.803399|{tx-211} :AAAAAAAAAA-BBB...
2025-12-28 12:47:46.965997|{rx-212} 1, 0, 11, 3, 164, 2305, 0, 0, 0, 0, 11, 10, 0, 9, 9
2025-12-28 12:47:46.976033|{rssi-212} 111, -127, -127, -127, -127, -127, -127, -127, -127, -127, -127, -127, -85, -127, -127, -127, 111, 111, 
2025-12-28 12:47:46.981636|{td-212} 0, -2923648, -2932568, -2941488, -2950408, -2959328, -2968248, -2977168, -2986088, -2995008, -3003928, -3012848, 9, 0, 0, 0, 0, 0, 
2025-12-28 12:47:46.993401|{tx-212} :AAAAAAAAAAA-BBB..
2025-12-28 12:47:47.156081|{rx-213} 1, 0, 10, 3, 165, 2316, 0, 0, 0, 0, 10, 9, 0, 9, 9
2025-12-28 12:47:47.161236|{rssi-213} 111, -127, -127, -127, -127, -127, -127, -127, -127, -127, -127, -80, -127, -127, -127, 111, 111, 111, 
2025-12-28 12:47:47.172509|{td-213} 0, -2914728, -2923648, -2932568, -2941488, -2950408, -2959328, -2968248, -2977168, -2986088, -2995008, 1, 0, 0, 0, 0, 0, 0, 
2025-12-28 12:47:47.182205|{tx-213} :AAAAAAAAAA-BBB...
2025-12-28 12:47:47.347699|{rx-214} 1, 0, 12, 3, 166, 2329, 0, 0, 0, 0, 12, 10, 0, 9, 9
2025-12-28 12:47:47.352663|{rssi-214} 111, -127, -127, -127, -127, -127, -127, -127, -127, -127, -127, -127, -127, -83, -127, -127, -127, 111, 
2025-12-28 12:47:47.362875|{td-214} 0, -2923648, -2932568, -2941488, -2950408, -2959328, -2968248, -2977168, -2986088, -2995008, -3003928, -3012848, -3021768, 5, 0, 0, 0, 0, 
2025-12-28 12:47:47.374803|{tx-214} :AAAAAAAAAAAA-BBB.
2025-12-28 12:47:47.536457|{rx-215} 1, 0, 10, 3, 167, 2340, 0, 0, 0, 0, 10, 9, 0, 9, 9
2025-12-28 12:47:47.540751|{rssi-215} 111, -127, -127, -127, -127, -127, -127, -127, -127, -127, -127, -80, -127, -127, -127, 111, 111, 111, 
2025-12-28 12:47:47.550841|{td-215} 0, -2905808, -2914728, -2923648, -2932568, -2941488, -2950408, -2959328, -2968248, -2977168, -2986088, 3, 0, 0, 0, 0, 0, 0, 
2025-12-28 12:47:47.563245|{tx-215} :AAAAAAAAAA-BBB...
2025-12-28 12:47:47.726544|{rx-216} 1, 0, 11, 3, 168, 2352, 0, 0, 0, 0, 11, 9, 0, 9, 9
2025-12-28 12:47:47.732419|{rssi-216} 111, -127, -127, -127, -127, -127, -127, -127, -127, -127, -127, -127, -86, -127, -127, -127, 111, 111, 
2025-12-28 12:47:47.741502|{td-216} 0, -2923648, -2932568, -2941488, -2950408, -2959328, -2968248, -2977168, -2986088, -2995008, -3003928, -3012848, -3, 0, 0, 0, 0, 0, 
2025-12-28 12:47:47.754376|{tx-216} :AAAAAAAAAAA-BBB..
2025-12-28 12:47:47.915300|{rx-217} 0, 0, 14, 0, 168, 2366, 0, 0, 0, 0, 65535, 255, 0, 9, 9
2025-12-28 12:47:47.920401|{rssi-217} 111, -127, -127, -127, -127, -127, -127, -127, -127, -127, -127, -127, -127, -127, -127, 111, 111, 111, 
2025-12-28 12:47:47.931838|{td-217} 0, -2914728, -2923648, -2932568, -2941488, -2950408, -2959328, -2968248, -2977168, -2986088, -2995008, -3003928, -3012848, -3021768, -3030688, 0, 0, 0, 
2025-12-28 12:47:47.946015|{tx-217} :AAAAAAAAAAAAAA...
2025-12-28 12:47:48.106056|{rx-218} 1, 0, 10, 3, 169, 2377, 0, 0, 0, 0, 10, 9, 0, 9, 9
2025-12-28 12:47:48.111151|{rssi-218} 111, -127, -127, -127, -127, -127, -127, -127, -127, -127, -127, -82, -127, -127, -127, 111, 111, 111, 
2025-12-28 12:47:48.121223|{td-218} 0, -5954168, -5963088, -5972008, -5980928, -5989848, -5998768, -6007688, -6016608, -6025528, -6034448, 11, 0, 0, 0, 0, 0, 0, 
2025-12-28 12:47:48.132742|{tx-218} :AAAAAAAAAA-BBB...
2025-12-28 12:47:48.295911|{rx-219} 1, 0, 9, 3, 170, 2387, 0, 0, 0, 0, 9, 9, 0, 9, 9
2025-12-28 12:47:48.301737|{rssi-219} 111, -127, -127, -127, -127, -127, -127, -127, -127, -127, -81, -127, -127, -127, 111, 111, 111, 111, 
2025-12-28 12:47:48.311157|{td-219} 0, -2923648, -2932568, -2941488, -2950408, -2959328, -2968248, -2977168, -2986088, -2995008, 1, 0, 0, 0, 0, 0, 0, 0, 
2025-12-28 12:47:48.320932|{tx-219} :AAAAAAAAA-BBB....
2025-12-28 12:47:48.488313|{rx-220} 1, 0, 12, 3, 171, 2400, 0, 0, 0, 0, 12, 10, 0, 9, 9
2025-12-28 12:47:48.491967|{rssi-220} 111, -127, -127, -127, -127, -127, -127, -127, -127, -127, -127, -127, -127, -81, -127, -127, -127, 111, 
2025-12-28 12:47:48.502784|{td-220} 0, -2932568, -2941488, -2950408, -2959328, -2968248, -2977168, -2986088, -2995008, -3003928, -3012848, -3021768, -3030688, 3, 0, 0, 0, 0, 
2025-12-28 12:47:48.514818|{tx-220} :AAAAAAAAAAAA-BBB.
2025-12-28 12:47:48.676736|{rx-221} 1, 0, 12, 3, 172, 2413, 0, 0, 0, 0, 12, 10, 0, 9, 9
2025-12-28 12:47:48.682478|{rssi-221} 111, -127, -127, -127, -127, -127, -127, -127, -127, -127, -127, -127, -127, -79, -127, -127, -127, 111, 
2025-12-28 12:47:48.692686|{td-221} 0, -2905808, -2914728, -2923648, -2932568, -2941488, -2950408, -2959328, -2968248, -2977168, -2986088, -2995008, -3003928, 7, 0, 0, 0, 0, 
2025-12-28 12:47:48.704580|{tx-221} :AAAAAAAAAAAA-BBB.
2025-12-28 12:47:48.865064|{rx-222} 1, 0, 10, 3, 173, 2424, 0, 0, 0, 0, 10, 10, 0, 9, 9
2025-12-28 12:47:48.871157|{rssi-222} 111, -127, -127, -127, -127, -127, -127, -127, -127, -127, -127, -80, -127, -127, -127, 111, 111, 111, 
2025-12-28 12:47:48.881553|{td-222} 0, -2905808, -2914728, -2923648, -2932568, -2941488, -2950408, -2959328, -2968248, -2977168, -2986088, 1, 0, 0, 0, 0, 0, 0, 
2025-12-28 12:47:48.892438|{tx-222} :AAAAAAAAAA-BBB...
2025-12-28 12:47:49.056335|{rx-223} 1, 0, 12, 3, 174, 2437, 0, 0, 0, 0, 12, 9, 0, 9, 9
2025-12-28 12:47:49.062147|{rssi-223} 111, -127, -127, -127, -127, -127, -127, -127, -127, -127, -127, -127, -127, -81, -127, -127, -127, 111, 
2025-12-28 12:47:49.072092|{td-223} 0, -2923648, -2932568, -2941488, -2950408, -2959328, -2968248, -2977168, -2986088, -2995008, -3003928, -3012848, -3021768, 5, 0, 0, 0, 0, 
2025-12-28 12:47:49.084621|{tx-223} :AAAAAAAAAAAA-BBB.
2025-12-28 12:47:49.245177|{rx-224} 1, 0, 10, 3, 175, 2448, 0, 0, 0, 0, 10, 9, 0, 9, 9
2025-12-28 12:47:49.251180|{rssi-224} 111, -127, -127, -127, -127, -127, -127, -127, -127, -127, -127, -82, -127, -127, -127, 111, 111, 111, 
2025-12-28 12:47:49.260464|{td-224} 0, -2905808, -2914728, -2923648, -2932568, -2941488, -2950408, -2959328, -2968248, -2977168, -2986088, 3, 0, 0, 0, 0, 0, 0, 
2025-12-28 12:47:49.271822|{tx-224} :AAAAAAAAAA-BBB...
2025-12-28 12:47:49.437213|{rx-225} 1, 0, 12, 3, 176, 2461, 0, 0, 0, 0, 12, 9, 0, 9, 9
2025-12-28 12:47:49.442546|{rssi-225} 111, -127, -127, -127, -127, -127, -127, -127, -127, -127, -127, -127, -127, -83, -127, -127, -127, 111, 
2025-12-28 12:47:49.452806|{td-225} 0, -2923648, -2932568, -2941488, -2950408, -2959328, -2968248, -2977168, -2986088, -2995008, -3003928, -3012848, -3021768, -1, 0, 0, 0, 0, 
2025-12-28 12:47:49.464552|{tx-225} :AAAAAAAAAAAA-BBB.
2025-12-28 12:47:49.625893|{rx-226} 1, 0, 10, 3, 177, 2472, 0, 0, 0, 0, 10, 9, 0, 9, 9
2025-12-28 12:47:49.630623|{rssi-226} 111, -127, -127, -127, -127, -127, -127, -127, -127, -127, -127, -81, -127, -127, -127, 111, 111, 111, 
2025-12-28 12:47:49.640208|{td-226} 0, -2905808, -2914728, -2923648, -2932568, -2941488, -2950408, -2959328, -2968248, -2977168, -2986088, 9, 0, 0, 0, 0, 0, 0, 
2025-12-28 12:47:49.651140|{tx-226} :AAAAAAAAAA-BBB...
2025-12-28 12:47:49.816009|{rx-227} 1, 0, 12, 3, 178, 2485, 0, 0, 0, 0, 12, 9, 0, 9, 9
2025-12-28 12:47:49.821773|{rssi-227} 111, -127, -127, -127, -127, -127, -127, -127, -127, -127, -127, -127, -127, -81, -127, -127, -127, 111, 
2025-12-28 12:47:49.832277|{td-227} 0, -2923648, -2932568, -2941488, -2950408, -2959328, -2968248, -2977168, -2986088, -2995008, -3003928, -3012848, -3021768, -1, 0, 0, 0, 0, 
2025-12-28 12:47:49.845078|{tx-227} :AAAAAAAAAAAA-BBB.
2025-12-28 12:47:50.006188|{rx-228} 1, 0, 11, 3, 179, 2497, 0, 0, 0, 0, 11, 10, 0, 9, 9
2025-12-28 12:47:50.011140|{rssi-228} 111, -127, -127, -127, -127, -127, -127, -127, -127, -127, -127, -127, -85, -127, -127, -127, 111, 111, 
2025-12-28 12:47:50.021945|{td-228} 0, -2905808, -2914728, -2923648, -2932568, -2941488, -2950408, -2959328, -2968248, -2977168, -2986088, -2995008, 5, 0, 0, 0, 0, 0, 
2025-12-28 12:47:50.032617|{tx-228} :AAAAAAAAAAA-BBB..
2025-12-28 12:47:50.195322|{rx-229} 1, 0, 10, 3, 180, 2508, 0, 0, 0, 0, 10, 9, 0, 9, 9
2025-12-28 12:47:50.201057|{rssi-229} 111, -127, -127, -127, -127, -127, -127, -127, -127, -127, -127, -84, -127, -127, -127, 111, 111, 111, 
2025-12-28 12:47:50.210179|{td-229} 0, -2914728, -2923648, -2932568, -2941488, -2950408, -2959328, -2968248, -2977168, -2986088, -2995008, 5, 0, 0, 0, 0, 0, 0, 
2025-12-28 12:47:50.221327|{tx-229} :AAAAAAAAAA-BBB...
2025-12-28 12:47:50.385551|{rx-230} 1, 0, 10, 3, 181, 2519, 0, 0, 0, 0, 10, 9, 0, 9, 9
2025-12-28 12:47:50.390090|{rssi-230} 111, -127, -127, -127, -127, -127, -127, -127, -127, -127, -127, -83, -127, -127, -127, 111, 111, 111, 
2025-12-28 12:47:50.400747|{td-230} 0, -2923648, -2932568, -2941488, -2950408, -2959328, -2968248, -2977168, -2986088, -2995008, -3003928, -1, 0, 0, 0, 0, 0, 0, 
2025-12-28 12:47:50.412136|{tx-230} :AAAAAAAAAA-BBB...
2025-12-28 12:47:50.574560|{rx-231} 1, 0, 9, 3, 182, 2529, 0, 0, 0, 0, 9, 9, 0, 9, 9
2025-12-28 12:47:50.579232|{rssi-231} 111, -127, -127, -127, -127, -127, -127, -127, -127, -127, -81, -127, -127, -127, 111, 111, 111, 111, 
2025-12-28 12:47:50.589965|{td-231} 0, -2923648, -2932568, -2941488, -2950408, -2959328, -2968248, -2977168, -2986088, -2995008, 7, 0, 0, 0, 0, 0, 0, 0, 
2025-12-28 12:47:50.601204|{tx-231} :AAAAAAAAA-BBB....
2025-12-28 12:47:50.766725|{rx-232} 1, 0, 11, 3, 183, 2541, 0, 0, 0, 0, 11, 10, 0, 9, 9
2025-12-28 12:47:50.770895|{rssi-232} 111, -127, -127, -127, -127, -127, -127, -127, -127, -127, -127, -127, -84, -127, -127, -127, 111, 111, 
2025-12-28 12:47:50.781549|{td-232} 0, -2932568, -2941488, -2950408, -2959328, -2968248, -2977168, -2986088, -2995008, -3003928, -3012848, -3021768, 5, 0, 0, 0, 0, 0, 
2025-12-28 12:47:50.792782|{tx-232} :AAAAAAAAAAA-BBB..
2025-12-28 12:47:50.954036|{rx-233} 1, 0, 9, 3, 184, 2551, 0, 0, 0, 0, 9, 9, 0, 9, 9
2025-12-28 12:47:50.959775|{rssi-233} 111, -127, -127, -127, -127, -127, -127, -127, -127, -127, -83, -127, -127, -127, 111, 111, 111, 111, 
2025-12-28 12:47:50.969892|{td-233} 0, -2914728, -2923648, -2932568, -2941488, -2950408, -2959328, -2968248, -2977168, -2986088, -1, 0, 0, 0, 0, 0, 0, 0, 
2025-12-28 12:47:50.980109|{tx-233} :AAAAAAAAA-BBB....
2025-12-28 12:47:51.145013|{rx-234} 1, 0, 10, 3, 185, 2562, 0, 0, 0, 0, 10, 9, 0, 9, 9
2025-12-28 12:47:51.150450|{rssi-234} 111, -127, -127, -127, -127, -127, -127, -127, -127, -127, -127, -80, -127, -127, -127, 111, 111, 111, 
2025-12-28 12:47:51.160990|{td-234} 0, -2932568, -2941488, -2950408, -2959328, -2968248, -2977168, -2986088, -2995008, -3003928, -3012848, 11, 0, 0, 0, 0, 0, 0, 
2025-12-28 12:47:51.171788|{tx-234} :AAAAAAAAAA-BBB...
2025-12-28 12:47:51.335324|{rx-235} 1, 0, 10, 3, 186, 2573, 0, 0, 0, 0, 10, 9, 0, 9, 9
2025-12-28 12:47:51.340457|{rssi-235} 111, -127, -127, -127, -127, -127, -127, -127, -127, -127, -127, -81, -127, -127, -127, 111, 111, 111, 
2025-12-28 12:47:51.351642|{td-235} 0, -2923648, -2932568, -2941488, -2950408, -2959328, -2968248, -2977168, -2986088, -2995008, -3003928, 1, 0, 0, 0, 0, 0, 0, 
2025-12-28 12:47:51.362697|{tx-235} :AAAAAAAAAA-BBB...
2025-12-28 12:47:51.525791|{rx-236} 1, 0, 11, 3, 187, 2585, 0, 0, 0, 0, 11, 9, 0, 9, 9
2025-12-28 12:47:51.531146|{rssi-236} 111, -127, -127, -127, -127, -127, -127, -127, -127, -127, -127, -127, -85, -127, -127, -127, 111, 111, 
2025-12-28 12:47:51.541825|{td-236} 0, -2923648, -2932568, -2941488, -2950408, -2959328, -2968248, -2977168, -2986088, -2995008, -3003928, -3012848, 1, 0, 0, 0, 0, 0, 
2025-12-28 12:47:51.552733|{tx-236} :AAAAAAAAAAA-BBB..
2025-12-28 12:47:51.715586|{rx-237} 0, 0, 14, 0, 187, 2599, 0, 0, 0, 0, 65535, 255, 0, 9, 9
2025-12-28 12:47:51.720839|{rssi-237} 111, -127, -127, -127, -127, -127, -127, -127, -127, -127, -127, -127, -127, -127, -127, 111, 111, 111, 
2025-12-28 12:47:51.730936|{td-237} 0, -2914728, -2923648, -2932568, -2941488, -2950408, -2959328, -2968248, -2977168, -2986088, -2995008, -3003928, -3012848, -3021768, -3030688, 0, 0, 0, 
2025-12-28 12:47:51.745047|{tx-237} :AAAAAAAAAAAAAA...
2025-12-28 12:47:51.905310|{rx-238} 1, 0, 10, 3, 188, 2610, 0, 0, 0, 0, 10, 9, 0, 9, 9
2025-12-28 12:47:51.909393|{rssi-238} 111, -127, -127, -127, -127, -127, -127, -127, -127, -127, -127, -79, -127, -127, -127, 111, 111, 111, 
2025-12-28 12:47:51.919668|{td-238} 0, -5954168, -5963088, -5972008, -5980928, -5989848, -5998768, -6007688, -6016608, -6025528, -6034448, 9, 0, 0, 0, 0, 0, 0, 
2025-12-28 12:47:51.931771|{tx-238} :AAAAAAAAAA-BBB...
2025-12-28 12:47:52.096078|{rx-239} 1, 0, 11, 3, 189, 2622, 0, 0, 0, 0, 11, 10, 0, 9, 9
2025-12-28 12:47:52.103388|{rssi-239} 111, -127, -127, -127, -127, -127, -127, -127, -127, -127, -127, -127, -83, -127, -127, -127, 111, 111, 
2025-12-28 12:47:52.110428|{td-239} 0, -2923648, -2932568, -2941488, -2950408, -2959328, -2968248, -2977168, -2986088, -2995008, -3003928, -3012848, 3, 0, 0, 0, 0, 0, 
2025-12-28 12:47:52.123524|{tx-239} :AAAAAAAAAAA-BBB..
2025-12-28 12:47:52.285644|{rx-240} 1, 0, 11, 3, 190, 2634, 0, 0, 0, 0, 11, 9, 0, 9, 9
2025-12-28 12:47:52.290057|{rssi-240} 111, -127, -127, -127, -127, -127, -127, -127, -127, -127, -127, -127, -83, -127, -127, -127, 111, 111, 
2025-12-28 12:47:52.301413|{td-240} 0, -2914728, -2923648, -2932568, -2941488, -2950408, -2959328, -2968248, -2977168, -2986088, -2995008, -3003928, 1, 0, 0, 0, 0, 0, 
2025-12-28 12:47:52.312958|{tx-240} :AAAAAAAAAAA-BBB..
2025-12-28 12:47:52.475165|{rx-241} 1, 0, 11, 3, 191, 2646, 0, 0, 0, 0, 11, 10, 0, 9, 9
2025-12-28 12:47:52.480918|{rssi-241} 111, -127, -127, -127, -127, -127, -127, -127, -127, -127, -127, -127, -82, -127, -127, -127, 111, 111, 
2025-12-28 12:47:52.490574|{td-241} 0, -2914728, -2923648, -2932568, -2941488, -2950408, -2959328, -2968248, -2977168, -2986088, -2995008, -3003928, 1, 0, 0, 0, 0, 0, 
2025-12-28 12:47:52.502821|{tx-241} :AAAAAAAAAAA-BBB..
2025-12-28 12:47:52.665020|{rx-242} 0, 0, 14, 0, 191, 2660, 0, 0, 0, 0, 65535, 255, 0, 9, 9
2025-12-28 12:47:52.671642|{rssi-242} 111, -127, -127, -127, -127, -127, -127, -127, -127, -127, -127, -127, -127, -127, -127, 111, 111, 111, 
2025-12-28 12:47:52.682165|{td-242} 0, -2914728, -2923648, -2932568, -2941488, -2950408, -2959328, -2968248, -2977168, -2986088, -2995008, -3003928, -3012848, -3021768, -3030688, 0, 0, 0, 
2025-12-28 12:47:52.695081|{tx-242} :AAAAAAAAAAAAAA...
2025-12-28 12:47:52.854941|{rx-243} 1, 0, 11, 3, 192, 2672, 0, 0, 0, 0, 11, 10, 0, 9, 9
2025-12-28 12:47:52.859990|{rssi-243} 111, -127, -127, -127, -127, -127, -127, -127, -127, -127, -127, -127, -83, -127, -127, -127, 111, 111, 
2025-12-28 12:47:52.871249|{td-243} 0, -5954168, -5963088, -5972008, -5980928, -5989848, -5998768, -6007688, -6016608, -6025528, -6034448, -6043368, 5, 0, 0, 0, 0, 0, 
2025-12-28 12:47:52.882494|{tx-243} :AAAAAAAAAAA-BBB..
2025-12-28 12:47:53.044721|{rx-244} 1, 0, 9, 3, 193, 2682, 0, 0, 0, 0, 9, 9, 0, 9, 9
2025-12-28 12:47:53.049350|{rssi-244} 111, -127, -127, -127, -127, -127, -127, -127, -127, -127, -81, -127, -127, -127, 111, 111, 111, 111, 
2025-12-28 12:47:53.059892|{td-244} 0, -2914728, -2923648, -2932568, -2941488, -2950408, -2959328, -2968248, -2977168, -2986088, 7, 0, 0, 0, 0, 0, 0, 0, 
2025-12-28 12:47:53.070165|{tx-244} :AAAAAAAAA-BBB....
2025-12-28 12:47:53.235221|{rx-245} 1, 0, 11, 3, 194, 2694, 0, 0, 0, 0, 11, 10, 0, 9, 9
2025-12-28 12:47:53.241639|{rssi-245} 111, -127, -127, -127, -127, -127, -127, -127, -127, -127, -127, -127, -79, -127, -127, -127, 111, 111, 
2025-12-28 12:47:53.250889|{td-245} 0, -2932568, -2941488, -2950408, -2959328, -2968248, -2977168, -2986088, -2995008, -3003928, -3012848, -3021768, 3, 0, 0, 0, 0, 0, 
2025-12-28 12:47:53.264051|{tx-245} :AAAAAAAAAAA-BBB..
2025-12-28 12:47:53.425074|{rx-246} 0, 0, 14, 0, 194, 2708, 0, 0, 0, 0, 65535, 255, 0, 9, 9
2025-12-28 12:47:53.430499|{rssi-246} 111, -127, -127, -127, -127, -127, -127, -127, -127, -127, -127, -127, -127, -127, -127, 111, 111, 111, 
2025-12-28 12:47:53.440035|{td-246} 0, -2914728, -2923648, -2932568, -2941488, -2950408, -2959328, -2968248, -2977168, -2986088, -2995008, -3003928, -3012848, -3021768, -3030688, 0, 0, 0, 
2025-12-28 12:47:53.454478|{tx-246} :AAAAAAAAAAAAAA...
2025-12-28 12:47:53.614530|{rx-247} 1, 0, 10, 3, 195, 2719, 0, 0, 0, 0, 10, 9, 0, 9, 9
2025-12-28 12:47:53.619386|{rssi-247} 111, -127, -127, -127, -127, -127, -127, -127, -127, -127, -127, -82, -127, -127, -127, 111, 111, 111, 
2025-12-28 12:47:53.630230|{td-247} 0, -5954168, -5963088, -5972008, -5980928, -5989848, -5998768, -6007688, -6016608, -6025528, -6034448, 7, 0, 0, 0, 0, 0, 0, 
2025-12-28 12:47:53.641331|{tx-247} :AAAAAAAAAA-BBB...
2025-12-28 12:47:53.806635|{rx-248} 1, 0, 13, 3, 196, 2733, 0, 0, 0, 0, 13, 11, 0, 9, 9
2025-12-28 12:47:53.811818|{rssi-248} 111, -127, -127, -127, -127, -127, -127, -127, -127, -127, -127, -127, -127, -127, -80, -127, -127, -127, 
2025-12-28 12:47:53.822266|{td-248} 0, -2923648, -2932568, -2941488, -2950408, -2959328, -2968248, -2977168, -2986088, -2995008, -3003928, -3012848, -3021768, -3030688, 3, 0, 0, 0, 
2025-12-28 12:47:53.836150|{tx-248} :AAAAAAAAAAAAA-BBB
2025-12-28 12:47:53.994157|{rx-249} 1, 0, 10, 3, 197, 2744, 0, 0, 0, 0, 10, 9, 0, 9, 9
2025-12-28 12:47:54.000762|{rssi-249} 111, -127, -127, -127, -127, -127, -127, -127, -127, -127, -127, -86, -127, -127, -127, 111, 111, 111, 
2025-12-28 12:47:54.010584|{td-249} 0, -2896888, -2905808, -2914728, -2923648, -2932568, -2941488, -2950408, -2959328, -2968248, -2977168, 5, 0, 0, 0, 0, 0, 0, 
2025-12-28 12:47:54.022225|{tx-249} :AAAAAAAAAA-BBB...
2025-12-28 12:47:54.184942|{rx-250} 1, 0, 11, 3, 198, 2756, 0, 0, 0, 0, 11, 10, 0, 9, 9
2025-12-28 12:47:54.190089|{rssi-250} 111, -127, -127, -127, -127, -127, -127, -127, -127, -127, -127, -127, -79, -127, -127, -127, 111, 111, 
2025-12-28 12:47:54.201230|{td-250} 0, -2923648, -2932568, -2941488, -2950408, -2959328, -2968248, -2977168, -2986088, -2995008, -3003928, -3012848, 3, 0, 0, 0, 0, 0, 
2025-12-28 12:47:54.213083|{tx-250} :AAAAAAAAAAA-BBB..
2025-12-28 12:47:54.374146|{rx-251} 0, 0, 14, 0, 198, 2770, 0, 0, 0, 0, 65535, 255, 0, 9, 9
2025-12-28 12:47:54.379234|{rssi-251} 111, -127, -127, -127, -127, -127, -127, -127, -127, -127, -127, -127, -127, -127, -127, 111, 111, 111, 
2025-12-28 12:47:54.390545|{td-251} 0, -2914728, -2923648, -2932568, -2941488, -2950408, -2959328, -2968248, -2977168, -2986088, -2995008, -3003928, -3012848, -3021768, -3030688, 0, 0, 0, 
2025-12-28 12:47:54.403912|{tx-251} :AAAAAAAAAAAAAA...
2025-12-28 12:47:54.563965|{rx-252} 1, 0, 10, 3, 199, 2781, 0, 0, 0, 0, 10, 9, 0, 9, 9
2025-12-28 12:47:54.570076|{rssi-252} 111, -127, -127, -127, -127, -127, -127, -127, -127, -127, -127, -79, -127, -127, -127, 111, 111, 111, 
2025-12-28 12:47:54.579568|{td-252} 0, -5954168, -5963088, -5972008, -5980928, -5989848, -5998768, -6007688, -6016608, -6025528, -6034448, 3, 0, 0, 0, 0, 0, 0, 
2025-12-28 12:47:54.592484|{tx-252} :AAAAAAAAAA-BBB...
2025-12-28 12:47:54.754496|{rx-253} 0, 0, 14, 0, 199, 2795, 0, 0, 0, 0, 65535, 255, 0, 9, 9
2025-12-28 12:47:54.759629|{rssi-253} 111, -127, -127, -127, -127, -127, -127, -127, -127, -127, -127, -127, -127, -127, -127, 111, 111, 111, 
2025-12-28 12:47:54.770158|{td-253} 0, -2923648, -2932568, -2941488, -2950408, -2959328, -2968248, -2977168, -2986088, -2995008, -3003928, -3012848, -3021768, -3030688, -3039608, 0, 0, 0, 
2025-12-28 12:47:54.783632|{tx-253} :AAAAAAAAAAAAAA...
2025-12-28 12:47:54.946535|{rx-254} 1, 0, 10, 3, 200, 2806, 0, 0, 0, 0, 10, 9, 0, 9, 9
2025-12-28 12:47:54.950281|{rssi-254} 111, -127, -127, -127, -127, -127, -127, -127, -127, -127, -127, -79, -127, -127, -127, 111, 111, 111, 
2025-12-28 12:47:54.960514|{td-254} 0, -5963088, -5972008, -5980928, -5989848, -5998768, -6007688, -6016608, -6025528, -6034448, -6043368, 9, 0, 0, 0, 0, 0, 0, 
2025-12-28 12:47:54.971814|{tx-254} :AAAAAAAAAA-BBB...
2025-12-28 12:47:55.160009|{rx-255} 1, 0, 10, 3, 201, 2817, 0, 0, 0, 0, 10, 9, 0, 9, 9
2025-12-28 12:47:55.165225|{rssi-255} 111, -127, -127, -127, -127, -127, -127, -127, -127, -127, -127, -82, -127, -127, -127, 111, 111, 111, 
2025-12-28 12:47:55.175189|{td-255} 0, -2923648, -2932568, -2941488, -2950408, -2959328, -2968248, -2977168, -2986088, -2995008, -3003928, 1, 0, 0, 0, 0, 0, 0, 
2025-12-28 12:47:55.186695|{tx-255} :AAAAAAAAAA-BBB...
2025-12-28 12:47:55.323761|{rx-256} 1, 0, 9, 3, 202, 2827, 0, 0, 0, 0, 9, 9, 0, 9, 9
2025-12-28 12:47:55.329255|{rssi-256} 111, -127, -127, -127, -127, -127, -127, -127, -127, -127, -82, -127, -127, -127, 111, 111, 111, 111, 
2025-12-28 12:47:55.339440|{td-256} 0, -2923648, -2932568, -2941488, -2950408, -2959328, -2968248, -2977168, -2986088, -2995008, 5, 0, 0, 0, 0, 0, 0, 0, 
2025-12-28 12:47:55.349610|{tx-256} :AAAAAAAAA-BBB....
2025-12-28 12:47:55.514001|{rx-257} 1, 0, 8, 3, 203, 2836, 0, 0, 0, 0, 8, 9, 0, 9, 9
2025-12-28 12:47:55.518538|{rssi-257} 111, -127, -127, -127, -127, -127, -127, -127, -127, -85, -127, -127, -127, 111, 111, 111, 111, 111, 
2025-12-28 12:47:55.528631|{td-257} 0, -2932568, -2941488, -2950408, -2959328, -2968248, -2977168, -2986088, -2995008, -3, 0, 0, 0, 0, 0, 0, 0, 0, 
2025-12-28 12:47:55.539501|{tx-257} :AAAAAAAA-BBB.....
2025-12-28 12:47:55.703243|{rx-258} 1, 0, 9, 3, 204, 2846, 0, 0, 0, 0, 9, 10, 0, 9, 9
2025-12-28 12:47:55.709070|{rssi-258} 111, -127, -127, -127, -127, -127, -127, -127, -127, -127, -80, -127, -127, -127, 111, 111, 111, 111, 
2025-12-28 12:47:55.719326|{td-258} 0, -2941488, -2950408, -2959328, -2968248, -2977168, -2986088, -2995008, -3003928, -3012848, 11, 0, 0, 0, 0, 0, 0, 0, 
2025-12-28 12:47:55.729798|{tx-258} :AAAAAAAAA-BBB....
2025-12-28 12:47:55.894813|{rx-259} 0, 0, 14, 0, 204, 2860, 0, 0, 0, 0, 65535, 255, 0, 9, 9
2025-12-28 12:47:55.900103|{rssi-259} 111, -127, -127, -127, -127, -127, -127, -127, -127, -127, -127, -127, -127, -127, -127, 111, 111, 111, 
2025-12-28 12:47:55.910503|{td-259} 0, -2932568, -2941488, -2950408, -2959328, -2968248, -2977168, -2986088, -2995008, -3003928, -3012848, -3021768, -3030688, -3039608, -3048528, 0, 0, 0, 
2025-12-28 12:47:55.924246|{tx-259} :AAAAAAAAAAAAAA...
2025-12-28 12:47:56.084586|{rx-260} 1, 0, 10, 3, 205, 2871, 0, 0, 0, 0, 10, 9, 0, 9, 9
2025-12-28 12:47:56.089497|{rssi-260} 111, -127, -127, -127, -127, -127, -127, -127, -127, -127, -127, -79, -127, -127, -127, 111, 111, 111, 
2025-12-28 12:47:56.100147|{td-260} 0, -5972008, -5980928, -5989848, -5998768, -6007688, -6016608, -6025528, -6034448, -6043368, -6052288, 5, 0, 0, 0, 0, 0, 0, 
2025-12-28 12:47:56.111596|{tx-260} :AAAAAAAAAA-BBB...
2025-12-28 12:47:56.274827|{rx-261} 1, 0, 10, 3, 206, 2882, 0, 0, 0, 0, 10, 9, 0, 9, 9
2025-12-28 12:47:56.279443|{rssi-261} 111, -127, -127, -127, -127, -127, -127, -127, -127, -127, -127, -82, -127, -127, -127, 111, 111, 111, 
2025-12-28 12:47:56.289811|{td-261} 0, -2923648, -2932568, -2941488, -2950408, -2959328, -2968248, -2977168, -2986088, -2995008, -3003928, 3, 0, 0, 0, 0, 0, 0, 
2025-12-28 12:47:56.300552|{tx-261} :AAAAAAAAAA-BBB...
2025-12-28 12:47:56.464715|{rx-262} 1, 0, 11, 3, 207, 2894, 0, 0, 0, 0, 11, 9, 0, 9, 9
2025-12-28 12:47:56.471092|{rssi-262} 111, -127, -127, -127, -127, -127, -127, -127, -127, -127, -127, -127, -82, -127, -127, -127, 111, 111, 
2025-12-28 12:47:56.480999|{td-262} 0, -2923648, -2932568, -2941488, -2950408, -2959328, -2968248, -2977168, -2986088, -2995008, -3003928, -3012848, 5, 0, 0, 0, 0, 0, 
2025-12-28 12:47:56.492260|{tx-262} :AAAAAAAAAAA-BBB..
2025-12-28 12:47:56.654055|{rx-263} 1, 0, 8, 3, 208, 2903, 0, 0, 0, 0, 8, 9, 0, 9, 9
2025-12-28 12:47:56.657501|{rssi-263} 111, -127, -127, -127, -127, -127, -127, -127, -127, -81, -127, -127, -127, 111, 111, 111, 111, 111, 
2025-12-28 12:47:56.669174|{td-263} 0, -2914728, -2923648, -2932568, -2941488, -2950408, -2959328, -2968248, -2977168, 5, 0, 0, 0, 0, 0, 0, 0, 0, 
2025-12-28 12:47:56.679441|{tx-263} :AAAAAAAA-BBB.....
2025-12-28 12:47:56.844766|{rx-264} 1, 0, 10, 3, 209, 2914, 0, 0, 0, 0, 10, 9, 0, 9, 9
2025-12-28 12:47:56.849874|{rssi-264} 111, -127, -127, -127, -127, -127, -127, -127, -127, -127, -127, -83, -127, -127, -127, 111, 111, 111, 
2025-12-28 12:47:56.859967|{td-264} 0, -2941488, -2950408, -2959328, -2968248, -2977168, -2986088, -2995008, -3003928, -3012848, -3021768, -1, 0, 0, 0, 0, 0, 0, 
2025-12-28 12:47:56.871555|{tx-264} :AAAAAAAAAA-BBB...
2025-12-28 12:47:57.033973|{rx-265} 1, 0, 9, 3, 210, 2924, 0, 0, 0, 0, 9, 10, 0, 9, 9
2025-12-28 12:47:57.038735|{rssi-265} 111, -127, -127, -127, -127, -127, -127, -127, -127, -127, -79, -127, -127, -127, 111, 111, 111, 111, 
2025-12-28 12:47:57.049617|{td-265} 0, -2923648, -2932568, -2941488, -2950408, -2959328, -2968248, -2977168, -2986088, -2995008, 5, 0, 0, 0, 0, 0, 0, 0, 
2025-12-28 12:47:57.059901|{tx-265} :AAAAAAAAA-BBB....
2025-12-28 12:47:57.225136|{rx-266} 1, 0, 11, 3, 211, 2936, 0, 0, 0, 0, 11, 10, 0, 9, 9
2025-12-28 12:47:57.230914|{rssi-266} 111, -127, -127, -127, -127, -127, -127, -127, -127, -127, -127, -127, -78, -127, -127, -127, 111, 111, 
2025-12-28 12:47:57.241221|{td-266} 0, -2932568, -2941488, -2950408, -2959328, -2968248, -2977168, -2986088, -2995008, -3003928, -3012848, -3021768, 3, 0, 0, 0, 0, 0, 
2025-12-28 12:47:57.252011|{tx-266} :AAAAAAAAAAA-BBB..
2025-12-28 12:47:57.413902|{rx-267} 1, 0, 10, 3, 212, 2947, 0, 0, 0, 0, 10, 9, 0, 9, 9
2025-12-28 12:47:57.419061|{rssi-267} 111, -127, -127, -127, -127, -127, -127, -127, -127, -127, -127, -80, -127, -127, -127, 111, 111, 111, 
2025-12-28 12:47:57.430555|{td-267} 0, -2914728, -2923648, -2932568, -2941488, -2950408, -2959328, -2968248, -2977168, -2986088, -2995008, 3, 0, 0, 0, 0, 0, 0, 
2025-12-28 12:47:57.440710|{tx-267} :AAAAAAAAAA-BBB...
2025-12-28 12:47:57.602680|{rx-268} 1, 0, 9, 3, 213, 2957, 0, 0, 0, 0, 9, 9, 0, 9, 9
2025-12-28 12:47:57.608592|{rssi-268} 111, -127, -127, -127, -127, -127, -127, -127, -127, -127, -84, -127, -127, -127, 111, 111, 111, 111, 
2025-12-28 12:47:57.618423|{td-268} 0, -2923648, -2932568, -2941488, -2950408, -2959328, -2968248, -2977168, -2986088, -2995008, 1, 0, 0, 0, 0, 0, 0, 0, 
2025-12-28 12:47:57.629750|{tx-268} :AAAAAAAAA-BBB....
2025-12-28 12:47:57.794155|{rx-269} 1, 0, 10, 3, 214, 2968, 0, 0, 0, 0, 10, 9, 0, 9, 9
2025-12-28 12:47:57.799498|{rssi-269} 111, -127, -127, -127, -127, -127, -127, -127, -127, -127, -127, -82, -127, -127, -127, 111, 111, 111, 
2025-12-28 12:47:57.810148|{td-269} 0, -2932568, -2941488, -2950408, -2959328, -2968248, -2977168, -2986088, -2995008, -3003928, -3012848, 7, 0, 0, 0, 0, 0, 0, 
2025-12-28 12:47:57.821674|{tx-269} :AAAAAAAAAA-BBB...
2025-12-28 12:47:57.984172|{rx-270} 1, 1, 9, 3, 215, 2979, 0, 0, 0, 0, 10, 9, 0, 9, 9
2025-12-28 12:47:57.989189|{rssi-270} 111, -127, -127, -127, -127, -127, -127, -127, -127, -127, -79, -82, -127, -127, -127, 111, 111, 111, 
2025-12-28 12:47:57.999286|{td-270} 0, -2923648, -2932568, -2941488, -2950408, -2959328, -2968248, -2977168, -2986088, -2995008, -1, 1, 0, 0, 0, 0, 0, 0, 
2025-12-28 12:47:58.009765|{tx-270} :AAAAAAAAAC-BBB...
2025-12-28 12:47:58.174905|{rx-271} 1, 0, 11, 3, 216, 2991, 0, 0, 0, 0, 11, 10, 0, 9, 9
2025-12-28 12:47:58.179771|{rssi-271} 111, -127, -127, -127, -127, -127, -127, -127, -127, -127, -127, -127, -80, -127, -127, -127, 111, 111, 
2025-12-28 12:47:58.189538|{td-271} 0, -2923648, -2932568, -2941488, -2950408, -2959328, -2968248, -2977168, -2986088, -2995008, -3003928, -3012848, 5, 0, 0, 0, 0, 0, 
2025-12-28 12:47:58.202168|{tx-271} :AAAAAAAAAAA-BBB..
2025-12-28 12:47:58.363220|{rx-272} 1, 0, 9, 3, 217, 3001, 0, 0, 0, 0, 9, 9, 0, 9, 9
2025-12-28 12:47:58.369197|{rssi-272} 111, -127, -127, -127, -127, -127, -127, -127, -127, -127, -82, -127, -127, -127, 111, 111, 111, 111, 
2025-12-28 12:47:58.379322|{td-272} 0, -2914728, -2923648, -2932568, -2941488, -2950408, -2959328, -2968248, -2977168, -2986088, 1, 0, 0, 0, 0, 0, 0, 0, 
2025-12-28 12:47:58.389231|{tx-272} :AAAAAAAAA-BBB....
2025-12-28 12:47:58.554427|{rx-273} 1, 0, 11, 3, 218, 3013, 0, 0, 0, 0, 11, 9, 0, 9, 9
2025-12-28 12:47:58.559705|{rssi-273} 111, -127, -127, -127, -127, -127, -127, -127, -127, -127, -127, -127, -79, -127, -127, -127, 111, 111, 
2025-12-28 12:47:58.570346|{td-273} 0, -2932568, -2941488, -2950408, -2959328, -2968248, -2977168, -2986088, -2995008, -3003928, -3012848, -3021768, 5, 0, 0, 0, 0, 0, 
2025-12-28 12:47:58.581313|{tx-273} :AAAAAAAAAAA-BBB..
2025-12-28 12:47:58.743867|{rx-274} 1, 0, 10, 3, 219, 3024, 0, 0, 0, 0, 10, 9, 0, 9, 9
2025-12-28 12:47:58.749306|{rssi-274} 111, -127, -127, -127, -127, -127, -127, -127, -127, -127, -127, -84, -127, -127, -127, 111, 111, 111, 
2025-12-28 12:47:58.759630|{td-274} 0, -2914728, -2923648, -2932568, -2941488, -2950408, -2959328, -2968248, -2977168, -2986088, -2995008, 3, 0, 0, 0, 0, 0, 0, 
2025-12-28 12:47:58.771279|{tx-274} :AAAAAAAAAA-BBB...
2025-12-28 12:47:58.935079|{rx-275} 1, 0, 11, 3, 220, 3036, 0, 0, 0, 0, 11, 10, 0, 9, 9
2025-12-28 12:47:58.939926|{rssi-275} 111, -127, -127, -127, -127, -127, -127, -127, -127, -127, -127, -127, -82, -127, -127, -127, 111, 111, 
2025-12-28 12:47:58.950636|{td-275} 0, -2923648, -2932568, -2941488, -2950408, -2959328, -2968248, -2977168, -2986088, -2995008, -3003928, -3012848, -1, 0, 0, 0, 0, 0, 
2025-12-28 12:47:58.962016|{tx-275} :AAAAAAAAAAA-BBB..
2025-12-28 12:47:59.123912|{rx-276} 1, 0, 10, 3, 221, 3047, 0, 0, 0, 0, 10, 9, 0, 9, 9
2025-12-28 12:47:59.128935|{rssi-276} 111, -127, -127, -127, -127, -127, -127, -127, -127, -127, -127, -80, -127, -127, -127, 111, 111, 111, 
2025-12-28 12:47:59.139251|{td-276} 0, -2914728, -2923648, -2932568, -2941488, -2950408, -2959328, -2968248, -2977168, -2986088, -2995008, 3, 0, 0, 0, 0, 0, 0, 
2025-12-28 12:47:59.150657|{tx-276} :AAAAAAAAAA-BBB...
2025-12-28 12:47:59.313642|{rx-277} 0, 0, 14, 0, 221, 3061, 0, 0, 0, 0, 65535, 255, 0, 9, 9
2025-12-28 12:47:59.319303|{rssi-277} 111, -127, -127, -127, -127, -127, -127, -127, -127, -127, -127, -127, -127, -127, -127, 111, 111, 111, 
2025-12-28 12:47:59.329083|{td-277} 0, -2923648, -2932568, -2941488, -2950408, -2959328, -2968248, -2977168, -2986088, -2995008, -3003928, -3012848, -3021768, -3030688, -3039608, 0, 0, 0, 
2025-12-28 12:47:59.344069|{tx-277} :AAAAAAAAAAAAAA...
2025-12-28 12:47:59.503967|{rx-278} 1, 1, 10, 3, 222, 3073, 0, 0, 0, 0, 11, 9, 0, 9, 9
2025-12-28 12:47:59.509796|{rssi-278} 111, -127, -127, -127, -127, -127, -127, -127, -127, -127, -127, -79, -82, -127, -127, -127, 111, 111, 
2025-12-28 12:47:59.520065|{td-278} 0, -5963088, -5972008, -5980928, -5989848, -5998768, -6007688, -6016608, -6025528, -6034448, -6043368, 13, 13, 0, 0, 0, 0, 0, 
2025-12-28 12:47:59.530614|{tx-278} :AAAAAAAAAAC-BBB..
2025-12-28 12:47:59.694688|{rx-279} 1, 0, 10, 3, 223, 3084, 0, 0, 0, 0, 10, 9, 0, 9, 9
2025-12-28 12:47:59.701912|{rssi-279} 111, -127, -127, -127, -127, -127, -127, -127, -127, -127, -127, -82, -127, -127, -127, 111, 111, 111, 
2025-12-28 12:47:59.713651|{td-279} 0, -2914728, -2923648, -2932568, -2941488, -2950408, -2959328, -2968248, -2977168, -2986088, -2995008, 3, 0, 0, 0, 0, 0, 0, 
2025-12-28 12:47:59.721443|{tx-279} :AAAAAAAAAA-BBB...
2025-12-28 12:47:59.884122|{rx-280} 0, 0, 14, 0, 223, 3098, 0, 0, 0, 0, 65535, 255, 0, 9, 9
2025-12-28 12:47:59.888941|{rssi-280} 111, -127, -127, -127, -127, -127, -127, -127, -127, -127, -127, -127, -127, -127, -127, 111, 111, 111, 
2025-12-28 12:47:59.899857|{td-280} 0, -2923648, -2932568, -2941488, -2950408, -2959328, -2968248, -2977168, -2986088, -2995008, -3003928, -3012848, -3021768, -3030688, -3039608, 0, 0, 0, 
2025-12-28 12:47:59.912909|{tx-280} :AAAAAAAAAAAAAA...
2025-12-28 12:48:00.073778|{rx-281} 1, 0, 9, 3, 224, 3108, 0, 0, 0, 0, 9, 8, 0, 9, 9
2025-12-28 12:48:00.078051|{rssi-281} 111, -127, -127, -127, -127, -127, -127, -127, -127, -127, -83, -127, -127, -127, 111, 111, 111, 111, 
2025-12-28 12:48:00.088530|{td-281} 0, -5963088, -5972008, -5980928, -5989848, -5998768, -6007688, -6016608, -6025528, -6034448, 7, 0, 0, 0, 0, 0, 0, 0, 
2025-12-28 12:48:00.099602|{tx-281} :AAAAAAAAA-BBB....
2025-12-28 12:48:00.264877|{rx-282} 1, 0, 11, 3, 225, 3120, 0, 0, 0, 0, 11, 9, 0, 9, 9
2025-12-28 12:48:00.270187|{rssi-282} 111, -127, -127, -127, -127, -127, -127, -127, -127, -127, -127, -127, -81, -127, -127, -127, 111, 111, 
2025-12-28 12:48:00.280346|{td-282} 0, -2932568, -2941488, -2950408, -2959328, -2968248, -2977168, -2986088, -2995008, -3003928, -3012848, -3021768, 1, 0, 0, 0, 0, 0, 
2025-12-28 12:48:00.291649|{tx-282} :AAAAAAAAAAA-BBB..
2025-12-28 12:48:00.454000|{rx-283} 1, 0, 10, 3, 226, 3131, 0, 0, 0, 0, 10, 9, 0, 9, 9
2025-12-28 12:48:00.459211|{rssi-283} 111, -127, -127, -127, -127, -127, -127, -127, -127, -127, -127, -86, -127, -127, -127, 111, 111, 111, 
2025-12-28 12:48:00.469347|{td-283} 0, -2914728, -2923648, -2932568, -2941488, -2950408, -2959328, -2968248, -2977168, -2986088, -2995008, 5, 0, 0, 0, 0, 0, 0, 
2025-12-28 12:48:00.480091|{tx-283} :AAAAAAAAAA-BBB...
2025-12-28 12:48:00.644529|{rx-284} 1, 1, 11, 3, 227, 3144, 0, 0, 0, 0, 12, 9, 0, 9, 9
2025-12-28 12:48:00.649356|{rssi-284} 111, -127, -127, -127, -127, -127, -127, -127, -127, -127, -127, -127, -79, -81, -127, -127, -127, 111, 
2025-12-28 12:48:00.660160|{td-284} 0, -2923648, -2932568, -2941488, -2950408, -2959328, -2968248, -2977168, -2986088, -2995008, -3003928, -3012848, 3, 3, 0, 0, 0, 0, 
2025-12-28 12:48:00.673192|{tx-284} :AAAAAAAAAAAC-BBB.
2025-12-28 12:48:00.833704|{rx-285} 1, 0, 10, 3, 228, 3155, 0, 0, 0, 0, 10, 9, 0, 9, 9
2025-12-28 12:48:00.838798|{rssi-285} 111, -127, -127, -127, -127, -127, -127, -127, -127, -127, -127, -82, -127, -127, -127, 111, 111, 111, 
2025-12-28 12:48:00.848931|{td-285} 0, -2905808, -2914728, -2923648, -2932568, -2941488, -2950408, -2959328, -2968248, -2977168, -2986088, -1, 0, 0, 0, 0, 0, 0, 
2025-12-28 12:48:00.859734|{tx-285} :AAAAAAAAAA-BBB...
2025-12-28 12:48:01.025308|{rx-286} 1, 0, 13, 3, 229, 3169, 0, 0, 0, 0, 13, 10, 0, 9, 9
2025-12-28 12:48:01.030927|{rssi-286} 111, -127, -127, -127, -127, -127, -127, -127, -127, -127, -127, -127, -127, -127, -79, -127, -127, -127, 
2025-12-28 12:48:01.040083|{td-286} 0, -2923648, -2932568, -2941488, -2950408, -2959328, -2968248, -2977168, -2986088, -2995008, -3003928, -3012848, -3021768, -3030688, 3, 0, 0, 0, 
2025-12-28 12:48:01.054659|{tx-286} :AAAAAAAAAAAAA-BBB
2025-12-28 12:48:01.213621|{rx-287} 1, 0, 10, 3, 230, 3180, 0, 0, 0, 0, 10, 9, 0, 9, 9
2025-12-28 12:48:01.219061|{rssi-287} 111, -127, -127, -127, -127, -127, -127, -127, -127, -127, -127, -78, -127, -127, -127, 111, 111, 111, 
2025-12-28 12:48:01.228020|{td-287} 0, -2896888, -2905808, -2914728, -2923648, -2932568, -2941488, -2950408, -2959328, -2968248, -2977168, 7, 0, 0, 0, 0, 0, 0, 
2025-12-28 12:48:01.240268|{tx-287} :AAAAAAAAAA-BBB...
2025-12-28 12:48:01.405769|{rx-288} 1, 1, 12, 3, 231, 3194, 0, 0, 0, 0, 13, 11, 0, 9, 9
2025-12-28 12:48:01.410694|{rssi-288} 111, -127, -127, -127, -127, -127, -127, -127, -127, -127, -127, -127, -127, -83, -80, -127, -127, -127, 
2025-12-28 12:48:01.420482|{td-288} 0, -2923648, -2932568, -2941488, -2950408, -2959328, -2968248, -2977168, -2986088, -2995008, -3003928, -3012848, -3021768, 1, 1, 0, 0, 0, 
2025-12-28 12:48:01.432515|{tx-288} :AAAAAAAAAAAAC-BBB
2025-12-28 12:48:01.594117|{rx-289} 0, 0, 14, 0, 231, 3208, 0, 0, 0, 0, 65535, 255, 0, 9, 9
2025-12-28 12:48:01.599646|{rssi-289} 111, -127, -127, -127, -127, -127, -127, -127, -127, -127, -127, -127, -127, -127, -127, 111, 111, 111, 
2025-12-28 12:48:01.609404|{td-289} 0, -2896888, -2905808, -2914728, -2923648, -2932568, -2941488, -2950408, -2959328, -2968248, -2977168, -2986088, -2995008, -3003928, -3012848, 0, 0, 0, 
2025-12-28 12:48:01.623316|{tx-289} :AAAAAAAAAAAAAA...
2025-12-28 12:48:01.783543|{rx-290} 1, 0, 10, 3, 232, 3219, 0, 0, 0, 0, 10, 9, 0, 9, 9
2025-12-28 12:48:01.788761|{rssi-290} 111, -127, -127, -127, -127, -127, -127, -127, -127, -127, -127, -82, -127, -127, -127, 111, 111, 111, 
2025-12-28 12:48:01.799490|{td-290} 0, -5936328, -5945248, -5954168, -5963088, -5972008, -5980928, -5989848, -5998768, -6007688, -6016608, 3, 0, 0, 0, 0, 0, 0, 
2025-12-28 12:48:01.809616|{tx-290} :AAAAAAAAAA-BBB...
2025-12-28 12:48:01.972854|{rx-291} 1, 0, 10, 3, 233, 3230, 0, 0, 0, 0, 10, 10, 0, 9, 9
2025-12-28 12:48:01.978737|{rssi-291} 111, -127, -127, -127, -127, -127, -127, -127, -127, -127, -127, -80, -127, -127, -127, 111, 111, 111, 
2025-12-28 12:48:01.989617|{td-291} 0, -2923648, -2932568, -2941488, -2950408, -2959328, -2968248, -2977168, -2986088, -2995008, -3003928, 7, 0, 0, 0, 0, 0, 0, 
2025-12-28 12:48:01.000354|{tx-291} :AAAAAAAAAA-BBB...
2025-12-28 12:48:02.161903|{rx-292} 1, 0, 9, 3, 234, 3240, 0, 0, 0, 0, 9, 9, 0, 9, 9
2025-12-28 12:48:02.167157|{rssi-292} 111, -127, -127, -127, -127, -127, -127, -127, -127, -127, -82, -127, -127, -127, 111, 111, 111, 111, 
2025-12-28 12:48:02.177661|{td-292} 0, -2923648, -2932568, -2941488, -2950408, -2959328, -2968248, -2977168, -2986088, -2995008, 1, 0, 0, 0, 0, 0, 0, 0, 
2025-12-28 12:48:02.189139|{tx-292} :AAAAAAAAA-BBB....
2025-12-28 12:48:02.354541|{rx-293} 1, 0, 11, 3, 235, 3252, 0, 0, 0, 0, 11, 10, 0, 9, 9
2025-12-28 12:48:02.359768|{rssi-293} 111, -127, -127, -127, -127, -127, -127, -127, -127, -127, -127, -127, -85, -127, -127, -127, 111, 111, 
2025-12-28 12:48:02.369709|{td-293} 0, -2932568, -2941488, -2950408, -2959328, -2968248, -2977168, -2986088, -2995008, -3003928, -3012848, -3021768, 3, 0, 0, 0, 0, 0, 
2025-12-28 12:48:02.381902|{tx-293} :AAAAAAAAAAA-BBB..
2025-12-28 12:48:02.542487|{rx-294} 1, 0, 9, 3, 236, 3262, 0, 0, 0, 0, 9, 9, 0, 9, 9
2025-12-28 12:48:02.547718|{rssi-294} 111, -127, -127, -127, -127, -127, -127, -127, -127, -127, -83, -127, -127, -127, 111, 111, 111, 111, 
2025-12-28 12:48:02.559137|{td-294} 0, -2914728, -2923648, -2932568, -2941488, -2950408, -2959328, -2968248, -2977168, -2986088, 5, 0, 0, 0, 0, 0, 0, 0, 
2025-12-28 12:48:02.568850|{tx-294} :AAAAAAAAA-BBB....
2025-12-28 12:48:02.732641|{rx-295} 1, 0, 9, 3, 237, 3272, 0, 0, 0, 0, 9, 10, 0, 9, 9
2025-12-28 12:48:02.737471|{rssi-295} 111, -127, -127, -127, -127, -127, -127, -127, -127, -127, -86, -127, -127, -127, 111, 111, 111, 111, 
2025-12-28 12:48:02.749294|{td-295} 0, -2932568, -2941488, -2950408, -2959328, -2968248, -2977168, -2986088, -2995008, -3003928, 1, 0, 0, 0, 0, 0, 0, 0, 
2025-12-28 12:48:02.759794|{tx-295} :AAAAAAAAA-BBB....
2025-12-28 12:48:02.924083|{rx-296} 1, 0, 10, 3, 238, 3283, 0, 0, 0, 0, 10, 9, 0, 9, 9
2025-12-28 12:48:02.928801|{rssi-296} 111, -127, -127, -127, -127, -127, -127, -127, -127, -127, -127, -82, -127, -127, -127, 111, 111, 111, 
2025-12-28 12:48:02.939262|{td-296} 0, -2932568, -2941488, -2950408, -2959328, -2968248, -2977168, -2986088, -2995008, -3003928, -3012848, 9, 0, 0, 0, 0, 0, 0, 
2025-12-28 12:48:02.950350|{tx-296} :AAAAAAAAAA-BBB...
2025-12-28 12:48:03.114481|{rx-297} 1, 0, 11, 3, 239, 3295, 0, 0, 0, 0, 11, 10, 0, 9, 9
2025-12-28 12:48:03.118638|{rssi-297} 111, -127, -127, -127, -127, -127, -127, -127, -127, -127, -127, -127, -81, -127, -127, -127, 111, 111, 
2025-12-28 12:48:03.129284|{td-297} 0, -2923648, -2932568, -2941488, -2950408, -2959328, -2968248, -2977168, -2986088, -2995008, -3003928, -3012848, 3, 0, 0, 0, 0, 0, 
2025-12-28 12:48:03.141501|{tx-297} :AAAAAAAAAAA-BBB..
2025-12-28 12:48:03.303896|{rx-298} 1, 0, 11, 3, 240, 3307, 0, 0, 0, 0, 11, 10, 0, 9, 9
2025-12-28 12:48:03.309740|{rssi-298} 111, -127, -127, -127, -127, -127, -127, -127, -127, -127, -127, -127, -81, -127, -127, -127, 111, 111, 
2025-12-28 12:48:03.319394|{td-298} 0, -2914728, -2923648, -2932568, -2941488, -2950408, -2959328, -2968248, -2977168, -2986088, -2995008, -3003928, 3, 0, 0, 0, 0, 0, 
2025-12-28 12:48:03.330757|{tx-298} :AAAAAAAAAAA-BBB..
2025-12-28 12:48:03.495464|{rx-299} 1, 0, 13, 3, 241, 3321, 0, 0, 0, 0, 13, 10, 0, 9, 9
2025-12-28 12:48:03.499964|{rssi-299} 111, -127, -127, -127, -127, -127, -127, -127, -127, -127, -127, -127, -127, -127, -80, -127, -127, -127, 
2025-12-28 12:48:03.511432|{td-299} 0, -2914728, -2923648, -2932568, -2941488, -2950408, -2959328, -2968248, -2977168, -2986088, -2995008, -3003928, -3012848, -3021768, 7, 0, 0, 0, 
2025-12-28 12:48:03.524483|{tx-299} :AAAAAAAAAAAAA-BBB
2025-12-28 12:48:03.683298|{rx-300} 1, 0, 11, 3, 242, 3333, 0, 0, 0, 0, 11, 10, 0, 9, 9
2025-12-28 12:48:03.689831|{rssi-300} 111, -127, -127, -127, -127, -127, -127, -127, -127, -127, -127, -127, -82, -127, -127, -127, 111, 111, 
2025-12-28 12:48:03.699275|{td-300} 0, -2896888, -2905808, -2914728, -2923648, -2932568, -2941488, -2950408, -2959328, -2968248, -2977168, -2986088, -3, 0, 0, 0, 0, 0, 
2025-12-28 12:48:03.711328|{tx-300} :AAAAAAAAAAA-BBB..
2025-12-28 12:48:03.872994|{rx-301} 1, 0, 10, 3, 243, 3344, 0, 0, 0, 0, 10, 9, 0, 9, 9
2025-12-28 12:48:03.877367|{rssi-301} 111, -127, -127, -127, -127, -127, -127, -127, -127, -127, -127, -79, -127, -127, -127, 111, 111, 111, 
2025-12-28 12:48:03.887387|{td-301} 0, -2914728, -2923648, -2932568, -2941488, -2950408, -2959328, -2968248, -2977168, -2986088, -2995008, 5, 0, 0, 0, 0, 0, 0, 
2025-12-28 12:48:03.900774|{tx-301} :AAAAAAAAAA-BBB...
2025-12-28 12:48:04.064036|{rx-302} 1, 0, 9, 3, 244, 3354, 0, 0, 0, 0, 9, 9, 0, 9, 9
2025-12-28 12:48:04.067549|{rssi-302} 111, -127, -127, -127, -127, -127, -127, -127, -127, -127, -82, -127, -127, -127, 111, 111, 111, 111, 
2025-12-28 12:48:04.078737|{td-302} 0, -2923648, -2932568, -2941488, -2950408, -2959328, -2968248, -2977168, -2986088, -2995008, 3, 0, 0, 0, 0, 0, 0, 0, 
2025-12-28 12:48:04.087576|{tx-302} :AAAAAAAAA-BBB....
2025-12-28 12:48:04.252877|{rx-303} 1, 0, 10, 3, 245, 3365, 0, 0, 0, 0, 10, 9, 0, 9, 9
2025-12-28 12:48:04.257981|{rssi-303} 111, -127, -127, -127, -127, -127, -127, -127, -127, -127, -127, -82, -127, -127, -127, 111, 111, 111, 
2025-12-28 12:48:04.268819|{td-303} 0, -2932568, -2941488, -2950408, -2959328, -2968248, -2977168, -2986088, -2995008, -3003928, -3012848, 1, 0, 0, 0, 0, 0, 0, 
2025-12-28 12:48:04.279797|{tx-303} :AAAAAAAAAA-BBB...
2025-12-28 12:48:04.443217|{rx-304} 1, 0, 10, 3, 246, 3376, 0, 0, 0, 0, 10, 9, 0, 9, 9
2025-12-28 12:48:04.448506|{rssi-304} 111, -127, -127, -127, -127, -127, -127, -127, -127, -127, -127, -85, -127, -127, -127, 111, 111, 111, 
2025-12-28 12:48:04.458612|{td-304} 0, -2923648, -2932568, -2941488, -2950408, -2959328, -2968248, -2977168, -2986088, -2995008, -3003928, 7, 0, 0, 0, 0, 0, 0, 
2025-12-28 12:48:04.470183|{tx-304} :AAAAAAAAAA-BBB...
2025-12-28 12:48:04.631963|{rx-305} 1, 0, 10, 3, 247, 3387, 0, 0, 0, 0, 10, 9, 0, 9, 9
2025-12-28 12:48:04.637355|{rssi-305} 111, -127, -127, -127, -127, -127, -127, -127, -127, -127, -127, -81, -127, -127, -127, 111, 111, 111, 
2025-12-28 12:48:04.648634|{td-305} 0, -2923648, -2932568, -2941488, -2950408, -2959328, -2968248, -2977168, -2986088, -2995008, -3003928, 3, 0, 0, 0, 0, 0, 0, 
2025-12-28 12:48:04.659933|{tx-305} :AAAAAAAAAA-BBB...
2025-12-28 12:48:04.822435|{rx-306} 0, 0, 14, 0, 247, 3401, 0, 0, 0, 0, 65535, 255, 0, 9, 9
2025-12-28 12:48:04.827920|{rssi-306} 111, -127, -127, -127, -127, -127, -127, -127, -127, -127, -127, -127, -127, -127, -127, 111, 111, 111, 
2025-12-28 12:48:04.838861|{td-306} 0, -2923648, -2932568, -2941488, -2950408, -2959328, -2968248, -2977168, -2986088, -2995008, -3003928, -3012848, -3021768, -3030688, -3039608, 0, 0, 0, 
2025-12-28 12:48:04.851862|{tx-306} :AAAAAAAAAAAAAA...
2025-12-28 12:48:05.012691|{rx-307} 1, 0, 10, 3, 248, 3412, 0, 0, 0, 0, 10, 9, 0, 9, 9
2025-12-28 12:48:05.017923|{rssi-307} 111, -127, -127, -127, -127, -127, -127, -127, -127, -127, -127, -85, -127, -127, -127, 111, 111, 111, 
2025-12-28 12:48:05.028072|{td-307} 0, -5963088, -5972008, -5980928, -5989848, -5998768, -6007688, -6016608, -6025528, -6034448, -6043368, 7, 0, 0, 0, 0, 0, 0, 
2025-12-28 12:48:05.039475|{tx-307} :AAAAAAAAAA-BBB...
2025-12-28 12:48:05.202110|{rx-308} 0, 0, 14, 0, 248, 3426, 0, 0, 0, 0, 65535, 255, 0, 9, 9
2025-12-28 12:48:05.207372|{rssi-308} 111, -127, -127, -127, -127, -127, -127, -127, -127, -127, -127, -127, -127, -127, -127, 111, 111, 111, 
2025-12-28 12:48:05.219284|{td-308} 0, -2923648, -2932568, -2941488, -2950408, -2959328, -2968248, -2977168, -2986088, -2995008, -3003928, -3012848, -3021768, -3030688, -3039608, 0, 0, 0, 
2025-12-28 12:48:05.232626|{tx-308} :AAAAAAAAAAAAAA...
2025-12-28 12:48:05.392223|{rx-309} 1, 0, 10, 3, 249, 3437, 0, 0, 0, 0, 10, 9, 0, 9, 9
2025-12-28 12:48:05.398491|{rssi-309} 111, -127, -127, -127, -127, -127, -127, -127, -127, -127, -127, -79, -127, -127, -127, 111, 111, 111, 
2025-12-28 12:48:05.408816|{td-309} 0, -5963088, -5972008, -5980928, -5989848, -5998768, -6007688, -6016608, -6025528, -6034448, -6043368, 9, 0, 0, 0, 0, 0, 0, 
2025-12-28 12:48:05.418922|{tx-309} :AAAAAAAAAA-BBB...
2025-12-28 12:48:05.583322|{rx-310} 1, 0, 10, 3, 250, 3448, 0, 0, 0, 0, 10, 9, 0, 9, 9
2025-12-28 12:48:05.587227|{rssi-310} 111, -127, -127, -127, -127, -127, -127, -127, -127, -127, -127, -81, -127, -127, -127, 111, 111, 111, 
2025-12-28 12:48:05.598471|{td-310} 0, -2923648, -2932568, -2941488, -2950408, -2959328, -2968248, -2977168, -2986088, -2995008, -3003928, 1, 0, 0, 0, 0, 0, 0, 
2025-12-28 12:48:05.610020|{tx-310} :AAAAAAAAAA-BBB...
2025-12-28 12:48:05.773190|{rx-311} 0, 1, 13, 0, 250, 3462, 0, 0, 0, 0, 65535, 255, 0, 9, 9
2025-12-28 12:48:05.777509|{rssi-311} 111, -127, -127, -127, -127, -127, -127, -127, -127, -127, -127, -78, -78, -78, -78, 111, 111, 111, 
2025-12-28 12:48:05.788032|{td-311} 0, -2923648, -2932568, -2941488, -2950408, -2959328, -2968248, -2977168, -2986088, -2995008, -3003928, 1, -8919, -17839, -26759, 0, 0, 0, 
2025-12-28 12:48:05.800290|{tx-311} :AAAAAAAAAACAAA...
2025-12-28 12:48:05.961354|{rx-312} 1, 0, 8, 3, 251, 3471, 0, 0, 0, 0, 8, 9, 0, 9, 9
2025-12-28 12:48:05.965875|{rssi-312} 111, -78, -78, -78, -78, -78, -78, -78, -78, -78, -127, -127, -127, 111, 111, 111, 111, 111, 
2025-12-28 12:48:05.975757|{td-312} 0, -2950239, -2959159, -2968079, -2976999, -2985919, -2994839, -3003759, -3012679, 3, 0, 0, 0, 0, 0, 0, 0, 0, 
2025-12-28 12:48:05.985546|{tx-312} :AAAAAAAA-BBB.....
2025-12-28 12:48:06.153095|{rx-313} 1, 0, 10, 3, 252, 3482, 0, 0, 0, 0, 10, 9, 0, 9, 9
2025-12-28 12:48:06.157581|{rssi-313} 111, -127, -127, -127, -127, -127, -127, -127, -127, -127, -127, -79, -127, -127, -127, 111, 111, 111, 
2025-12-28 12:48:06.168643|{td-313} 0, -2941488, -2950408, -2959328, -2968248, -2977168, -2986088, -2995008, -3003928, -3012848, -3021768, 5, 0, 0, 0, 0, 0, 0, 
2025-12-28 12:48:06.178937|{tx-313} :AAAAAAAAAA-BBB...
2025-12-28 12:48:06.343062|{rx-314} 1, 0, 12, 3, 253, 3495, 0, 0, 0, 0, 12, 10, 0, 9, 9
2025-12-28 12:48:06.349083|{rssi-314} 111, -127, -127, -127, -127, -127, -127, -127, -127, -127, -127, -127, -127, -82, -127, -127, -127, 111, 
2025-12-28 12:48:06.359802|{td-314} 0, -2923648, -2932568, -2941488, -2950408, -2959328, -2968248, -2977168, -2986088, -2995008, -3003928, -3012848, -3021768, 3, 0, 0, 0, 0, 
2025-12-28 12:48:06.371287|{tx-314} :AAAAAAAAAAAA-BBB.
2025-12-28 12:48:06.532011|{rx-315} 0, 0, 14, 0, 253, 3509, 0, 0, 0, 0, 65535, 255, 0, 9, 9
2025-12-28 12:48:06.537983|{rssi-315} 111, -127, -127, -127, -127, -127, -127, -127, -127, -127, -127, -127, -127, -127, -127, 111, 111, 111, 
2025-12-28 12:48:06.549314|{td-315} 0, -2905808, -2914728, -2923648, -2932568, -2941488, -2950408, -2959328, -2968248, -2977168, -2986088, -2995008, -3003928, -3012848, -3021768, 0, 0, 0, 
2025-12-28 12:48:06.562783|{tx-315} :AAAAAAAAAAAAAA...
2025-12-28 12:48:06.723247|{rx-316} 1, 0, 11, 3, 254, 3521, 0, 0, 0, 0, 11, 10, 0, 9, 9
2025-12-28 12:48:06.727792|{rssi-316} 111, -127, -127, -127, -127, -127, -127, -127, -127, -127, -127, -127, -81, -127, -127, -127, 111, 111, 
2025-12-28 12:48:06.738011|{td-316} 0, -5945248, -5954168, -5963088, -5972008, -5980928, -5989848, -5998768, -6007688, -6016608, -6025528, -6034448, 7, 0, 0, 0, 0, 0, 
2025-12-28 12:48:06.750437|{tx-316} :AAAAAAAAAAA-BBB..
2025-12-28 12:48:06.913077|{rx-317} 1, 0, 11, 3, 255, 3533, 0, 0, 0, 0, 11, 10, 0, 9, 9
2025-12-28 12:48:06.917567|{rssi-317} 111, -127, -127, -127, -127, -127, -127, -127, -127, -127, -127, -127, -80, -127, -127, -127, 111, 111, 
2025-12-28 12:48:06.929083|{td-317} 0, -2914728, -2923648, -2932568, -2941488, -2950408, -2959328, -2968248, -2977168, -2986088, -2995008, -3003928, 1, 0, 0, 0, 0, 0, 
2025-12-28 12:48:06.940281|{tx-317} :AAAAAAAAAAA-BBB..
2025-12-28 12:48:07.103151|{rx-318} 1, 0, 10, 3, 256, 3544, 0, 0, 0, 0, 10, 9, 0, 9, 9
2025-12-28 12:48:07.107172|{rssi-318} 111, -127, -127, -127, -127, -127, -127, -127, -127, -127, -127, -81, -127, -127, -127, 111, 111, 111, 
2025-12-28 12:48:07.118012|{td-318} 0, -2914728, -2923648, -2932568, -2941488, -2950408, -2959328, -2968248, -2977168, -2986088, -2995008, 9, 0, 0, 0, 0, 0, 0, 
2025-12-28 12:48:07.129506|{tx-318} :AAAAAAAAAA-BBB...
2025-12-28 12:48:07.292294|{rx-319} 1, 0, 9, 3, 257, 3554, 0, 0, 0, 0, 9, 10, 0, 9, 9
2025-12-28 12:48:07.297108|{rssi-319} 111, -127, -127, -127, -127, -127, -127, -127, -127, -127, -82, -127, -127, -127, 111, 111, 111, 111, 
2025-12-28 12:48:07.306320|{td-319} 0, -2923648, -2932568, -2941488, -2950408, -2959328, -2968248, -2977168, -2986088, -2995008, 1, 0, 0, 0, 0, 0, 0, 0, 
2025-12-28 12:48:07.318855|{tx-319} :AAAAAAAAA-BBB....
2025-12-28 12:48:07.482408|{rx-320} 1, 0, 10, 3, 258, 3565, 0, 0, 0, 0, 10, 9, 0, 9, 9
2025-12-28 12:48:07.490657|{rssi-320} 111, -127, -127, -127, -127, -127, -127, -127, -127, -127, -127, -85, -127, -127, -127, 111, 111, 111, 
2025-12-28 12:48:07.499666|{td-320} 0, -2932568, -2941488, -2950408, -2959328, -2968248, -2977168, -2986088, -2995008, -3003928, -3012848, 3, 0, 0, 0, 0, 0, 0, 
2025-12-28 12:48:07.510379|{tx-320} :AAAAAAAAAA-BBB...
2025-12-28 12:48:07.671502|{rx-321} 1, 0, 8, 3, 259, 3574, 0, 0, 0, 0, 8, 9, 0, 9, 9
2025-12-28 12:48:07.676686|{rssi-321} 111, -127, -127, -127, -127, -127, -127, -127, -127, -80, -127, -127, -127, 111, 111, 111, 111, 111, 
2025-12-28 12:48:07.686534|{td-321} 0, -2923648, -2932568, -2941488, -2950408, -2959328, -2968248, -2977168, -2986088, 3, 0, 0, 0, 0, 0, 0, 0, 0, 
2025-12-28 12:48:07.696547|{tx-321} :AAAAAAAA-BBB.....
2025-12-28 12:48:07.863158|{rx-322} 1, 0, 10, 3, 260, 3585, 0, 0, 0, 0, 10, 10, 0, 9, 9
2025-12-28 12:48:07.867757|{rssi-322} 111, -127, -127, -127, -127, -127, -127, -127, -127, -127, -127, -81, -127, -127, -127, 111, 111, 111, 
2025-12-28 12:48:07.878526|{td-322} 0, -2941488, -2950408, -2959328, -2968248, -2977168, -2986088, -2995008, -3003928, -3012848, -3021768, 1, 0, 0, 0, 0, 0, 0, 
2025-12-28 12:48:07.889917|{tx-322} :AAAAAAAAAA-BBB...
2025-12-28 12:48:08.052733|{rx-323} 1, 0, 10, 3, 261, 3596, 0, 0, 0, 0, 10, 9, 0, 9, 9
2025-12-28 12:48:08.057755|{rssi-323} 111, -127, -127, -127, -127, -127, -127, -127, -127, -127, -127, -83, -127, -127, -127, 111, 111, 111, 
2025-12-28 12:48:08.067505|{td-323} 0, -2923648, -2932568, -2941488, -2950408, -2959328, -2968248, -2977168, -2986088, -2995008, -3003928, 5, 0, 0, 0, 0, 0, 0, 
2025-12-28 12:48:08.079026|{tx-323} :AAAAAAAAAA-BBB...
2025-12-28 12:48:08.241905|{rx-324} 0, 0, 14, 0, 261, 3610, 0, 0, 0, 0, 65535, 255, 0, 9, 9
2025-12-28 12:48:08.247283|{rssi-324} 111, -127, -127, -127, -127, -127, -127, -127, -127, -127, -127, -127, -127, -127, -127, 111, 111, 111, 
2025-12-28 12:48:08.258301|{td-324} 0, -2923648, -2932568, -2941488, -2950408, -2959328, -2968248, -2977168, -2986088, -2995008, -3003928, -3012848, -3021768, -3030688, -3039608, 0, 0, 0, 
2025-12-28 12:48:08.272486|{tx-324} :AAAAAAAAAAAAAA...
2025-12-28 12:48:08.433124|{rx-325} 1, 0, 11, 3, 262, 3622, 0, 0, 0, 0, 11, 10, 0, 9, 9
2025-12-28 12:48:08.438074|{rssi-325} 111, -127, -127, -127, -127, -127, -127, -127, -127, -127, -127, -127, -80, -127, -127, -127, 111, 111, 
2025-12-28 12:48:08.449019|{td-325} 0, -5963088, -5972008, -5980928, -5989848, -5998768, -6007688, -6016608, -6025528, -6034448, -6043368, -6052288, 9, 0, 0, 0, 0, 0, 
2025-12-28 12:48:08.461376|{tx-325} :AAAAAAAAAAA-BBB..
2025-12-28 12:48:08.621648|{rx-326} 1, 0, 10, 3, 263, 3633, 0, 0, 0, 0, 10, 9, 0, 9, 9
2025-12-28 12:48:08.627129|{rssi-326} 111, -127, -127, -127, -127, -127, -127, -127, -127, -127, -127, -80, -127, -127, -127, 111, 111, 111, 
2025-12-28 12:48:08.637132|{td-326} 0, -2914728, -2923648, -2932568, -2941488, -2950408, -2959328, -2968248, -2977168, -2986088, -2995008, 3, 0, 0, 0, 0, 0, 0, 
2025-12-28 12:48:08.649413|{tx-326} :AAAAAAAAAA-BBB...
2025-12-28 12:48:08.811437|{rx-327} 1, 0, 10, 3, 264, 3644, 0, 0, 0, 0, 10, 9, 0, 9, 9
2025-12-28 12:48:08.816619|{rssi-327} 111, -127, -127, -127, -127, -127, -127, -127, -127, -127, -127, -78, -127, -127, -127, 111, 111, 111, 
2025-12-28 12:48:08.827441|{td-327} 0, -2923648, -2932568, -2941488, -2950408, -2959328, -2968248, -2977168, -2986088, -2995008, -3003928, 3, 0, 0, 0, 0, 0, 0, 
2025-12-28 12:48:08.839188|{tx-327} :AAAAAAAAAA-BBB...
2025-12-28 12:48:09.001564|{rx-328} 1, 0, 10, 3, 265, 3655, 0, 0, 0, 0, 10, 9, 0, 9, 9
2025-12-28 12:48:09.007522|{rssi-328} 111, -127, -127, -127, -127, -127, -127, -127, -127, -127, -127, -82, -127, -127, -127, 111, 111, 111, 
2025-12-28 12:48:09.017724|{td-328} 0, -2923648, -2932568, -2941488, -2950408, -2959328, -2968248, -2977168, -2986088, -2995008, -3003928, -1, 0, 0, 0, 0, 0, 0, 
2025-12-28 12:48:09.029619|{tx-328} :AAAAAAAAAA-BBB...
2025-12-28 12:48:09.191738|{rx-329} 1, 0, 10, 3, 266, 3666, 0, 0, 0, 0, 10, 9, 0, 9, 9
2025-12-28 12:48:09.196850|{rssi-329} 111, -127, -127, -127, -127, -127, -127, -127, -127, -127, -127, -79, -127, -127, -127, 111, 111, 111, 
2025-12-28 12:48:09.208049|{td-329} 0, -2923648, -2932568, -2941488, -2950408, -2959328, -2968248, -2977168, -2986088, -2995008, -3003928, 9, 0, 0, 0, 0, 0, 0, 
2025-12-28 12:48:09.220523|{tx-329} :AAAAAAAAAA-BBB...
2025-12-28 12:48:09.383104|{rx-330} 1, 0, 12, 3, 267, 3679, 0, 0, 0, 0, 12, 11, 0, 9, 9
2025-12-28 12:48:09.388614|{rssi-330} 111, -127, -127, -127, -127, -127, -127, -127, -127, -127, -127, -127, -127, -83, -127, -127, -127, 111, 
2025-12-28 12:48:09.399525|{td-330} 0, -2923648, -2932568, -2941488, -2950408, -2959328, -2968248, -2977168, -2986088, -2995008, -3003928, -3012848, -3021768, -7, 0, 0, 0, 0, 
2025-12-28 12:48:09.410751|{tx-330} :AAAAAAAAAAAA-BBB.
2025-12-28 12:48:09.572252|{rx-331} 1, 0, 10, 3, 268, 3690, 0, 0, 0, 0, 10, 9, 0, 9, 9
2025-12-28 12:48:09.577167|{rssi-331} 111, -127, -127, -127, -127, -127, -127, -127, -127, -127, -127, -83, -127, -127, -127, 111, 111, 111, 
2025-12-28 12:48:09.586375|{td-331} 0, -2905808, -2914728, -2923648, -2932568, -2941488, -2950408, -2959328, -2968248, -2977168, -2986088, 13, 0, 0, 0, 0, 0, 0, 
2025-12-28 12:48:09.598662|{tx-331} :AAAAAAAAAA-BBB...
2025-12-28 12:48:09.762210|{rx-332} 1, 1, 11, 3, 269, 3703, 0, 0, 0, 0, 12, 9, 0, 9, 9
2025-12-28 12:48:09.768755|{rssi-332} 111, -127, -127, -127, -127, -127, -127, -127, -127, -127, -127, -127, -81, -84, -127, -127, -127, 111, 
2025-12-28 12:48:09.779150|{td-332} 0, -2923648, -2932568, -2941488, -2950408, -2959328, -2968248, -2977168, -2986088, -2995008, -3003928, -3012848, -1, -1, 0, 0, 0, 0, 
2025-12-28 12:48:09.792125|{tx-332} :AAAAAAAAAAAC-BBB.
2025-12-28 12:48:09.951756|{rx-333} 1, 0, 10, 3, 270, 3714, 0, 0, 0, 0, 10, 9, 0, 9, 9
2025-12-28 12:48:09.957428|{rssi-333} 111, -127, -127, -127, -127, -127, -127, -127, -127, -127, -127, -82, -127, -127, -127, 111, 111, 111, 
2025-12-28 12:48:09.967241|{td-333} 0, -2905808, -2914728, -2923648, -2932568, -2941488, -2950408, -2959328, -2968248, -2977168, -2986088, 5, 0, 0, 0, 0, 0, 0, 
2025-12-28 12:48:09.977958|{tx-333} :AAAAAAAAAA-BBB...
2025-12-28 12:48:10.143168|{rx-334} 1, 0, 11, 3, 271, 3726, 0, 0, 0, 0, 11, 10, 0, 9, 9
2025-12-28 12:48:10.147727|{rssi-334} 111, -127, -127, -127, -127, -127, -127, -127, -127, -127, -127, -127, -80, -127, -127, -127, 111, 111, 
2025-12-28 12:48:10.157887|{td-334} 0, -2923648, -2932568, -2941488, -2950408, -2959328, -2968248, -2977168, -2986088, -2995008, -3003928, -3012848, 1, 0, 0, 0, 0, 0, 
2025-12-28 12:48:10.170219|{tx-334} :AAAAAAAAAAA-BBB..
2025-12-28 12:48:10.331589|{rx-335} 1, 0, 10, 3, 272, 3737, 0, 0, 0, 0, 10, 9, 0, 9, 9
2025-12-28 12:48:10.336341|{rssi-335} 111, -127, -127, -127, -127, -127, -127, -127, -127, -127, -127, -80, -127, -127, -127, 111, 111, 111, 
2025-12-28 12:48:10.347304|{td-335} 0, -2914728, -2923648, -2932568, -2941488, -2950408, -2959328, -2968248, -2977168, -2986088, -2995008, 5, 0, 0, 0, 0, 0, 0, 
2025-12-28 12:48:10.358776|{tx-335} :AAAAAAAAAA-BBB...
2025-12-28 12:48:10.521334|{rx-336} 1, 0, 10, 3, 273, 3748, 0, 0, 0, 0, 10, 9, 0, 9, 9
2025-12-28 12:48:10.526914|{rssi-336} 111, -127, -127, -127, -127, -127, -127, -127, -127, -127, -127, -80, -127, -127, -127, 111, 111, 111, 
2025-12-28 12:48:10.537323|{td-336} 0, -2923648, -2932568, -2941488, -2950408, -2959328, -2968248, -2977168, -2986088, -2995008, -3003928, 7, 0, 0, 0, 0, 0, 0, 
2025-12-28 12:48:10.547926|{tx-336} :AAAAAAAAAA-BBB...
2025-12-28 12:48:10.713693|{rx-337} 1, 0, 13, 3, 274, 3762, 0, 0, 0, 0, 13, 11, 0, 9, 9
2025-12-28 12:48:10.718974|{rssi-337} 111, -127, -127, -127, -127, -127, -127, -127, -127, -127, -127, -127, -127, -127, -82, -127, -127, -127, 
2025-12-28 12:48:10.729226|{td-337} 0, -2923648, -2932568, -2941488, -2950408, -2959328, -2968248, -2977168, -2986088, -2995008, -3003928, -3012848, -3021768, -3030688, 3, 0, 0, 0, 
2025-12-28 12:48:10.742782|{tx-337} :AAAAAAAAAAAAA-BBB
2025-12-28 12:48:10.902017|{rx-338} 0, 0, 14, 0, 274, 3776, 0, 0, 0, 0, 65535, 255, 0, 9, 9
2025-12-28 12:48:10.906143|{rssi-338} 111, -127, -127, -127, -127, -127, -127, -127, -127, -127, -127, -127, -127, -127, -127, 111, 111, 111, 
2025-12-28 12:48:10.917618|{td-338} 0, -2896888, -2905808, -2914728, -2923648, -2932568, -2941488, -2950408, -2959328, -2968248, -2977168, -2986088, -2995008, -3003928, -3012848, 0, 0, 0, 
2025-12-28 12:48:10.931961|{tx-338} :AAAAAAAAAAAAAA...
2025-12-28 12:48:11.092109|{rx-339} 0, 0, 14, 0, 274, 3790, 0, 0, 0, 0, 65535, 255, 0, 9, 9
2025-12-28 12:48:11.097001|{rssi-339} 111, -127, -127, -127, -127, -127, -127, -127, -127, -127, -127, -127, -127, -127, -127, 111, 111, 111, 
2025-12-28 12:48:11.107625|{td-339} 0, -5936328, -5945248, -5954168, -5963088, -5972008, -5980928, -5989848, -5998768, -6007688, -6016608, -6025528, -6034448, -6043368, -6052288, 0, 0, 0, 
2025-12-28 12:48:11.122182|{tx-339} :AAAAAAAAAAAAAA...
2025-12-28 12:48:11.281643|{rx-340} 1, 0, 10, 3, 275, 3801, 0, 0, 0, 0, 10, 9, 0, 9, 9
2025-12-28 12:48:11.286807|{rssi-340} 111, -127, -127, -127, -127, -127, -127, -127, -127, -127, -127, -79, -127, -127, -127, 111, 111, 111, 
2025-12-28 12:48:11.297389|{td-340} 0, -8975768, -8984688, -8993608, -9002528, -9011448, -9020368, -9029288, -9038208, -9047128, -9056048, 7, 0, 0, 0, 0, 0, 0, 
2025-12-28 12:48:11.307967|{tx-340} :AAAAAAAAAA-BBB...
2025-12-28 12:48:11.471312|{rx-341} 1, 0, 11, 3, 276, 3813, 0, 0, 0, 0, 11, 10, 0, 9, 9
2025-12-28 12:48:11.477274|{rssi-341} 111, -127, -127, -127, -127, -127, -127, -127, -127, -127, -127, -127, -81, -127, -127, -127, 111, 111, 
2025-12-28 12:48:11.487726|{td-341} 0, -2923648, -2932568, -2941488, -2950408, -2959328, -2968248, -2977168, -2986088, -2995008, -3003928, -3012848, 1, 0, 0, 0, 0, 0, 
2025-12-28 12:48:11.500427|{tx-341} :AAAAAAAAAAA-BBB..
2025-12-28 12:48:11.661413|{rx-342} 1, 0, 8, 3, 277, 3822, 0, 0, 0, 0, 8, 9, 0, 9, 9
2025-12-28 12:48:11.665153|{rssi-342} 111, -127, -127, -127, -127, -127, -127, -127, -127, -82, -127, -127, -127, 111, 111, 111, 111, 111, 
2025-12-28 12:48:11.675761|{td-342} 0, -2914728, -2923648, -2932568, -2941488, -2950408, -2959328, -2968248, -2977168, 9, 0, 0, 0, 0, 0, 0, 0, 0, 
2025-12-28 12:48:11.685582|{tx-342} :AAAAAAAA-BBB.....
2025-12-28 12:48:11.851626|{rx-343} 1, 0, 10, 3, 278, 3833, 0, 0, 0, 0, 10, 9, 0, 9, 9
2025-12-28 12:48:11.856721|{rssi-343} 111, -127, -127, -127, -127, -127, -127, -127, -127, -127, -127, -79, -127, -127, -127, 111, 111, 111, 
2025-12-28 12:48:11.866894|{td-343} 0, -2941488, -2950408, -2959328, -2968248, -2977168, -2986088, -2995008, -3003928, -3012848, -3021768, -1, 0, 0, 0, 0, 0, 0, 
2025-12-28 12:48:11.878552|{tx-343} :AAAAAAAAAA-BBB...
2025-12-28 12:48:12.042306|{rx-344} 1, 0, 10, 3, 279, 3844, 0, 0, 0, 0, 10, 9, 0, 9, 9
2025-12-28 12:48:12.046728|{rssi-344} 111, -127, -127, -127, -127, -127, -127, -127, -127, -127, -127, -80, -127, -127, -127, 111, 111, 111, 
2025-12-28 12:48:12.056647|{td-344} 0, -2923648, -2932568, -2941488, -2950408, -2959328, -2968248, -2977168, -2986088, -2995008, -3003928, 7, 0, 0, 0, 0, 0, 0, 
2025-12-28 12:48:12.069145|{tx-344} :AAAAAAAAAA-BBB...
2025-12-28 12:48:12.231990|{rx-345} 1, 0, 11, 3, 280, 3856, 0, 0, 0, 0, 11, 10, 0, 9, 9
2025-12-28 12:48:12.236333|{rssi-345} 111, -127, -127, -127, -127, -127, -127, -127, -127, -127, -127, -127, -80, -127, -127, -127, 111, 111, 
2025-12-28 12:48:12.247823|{td-345} 0, -2923648, -2932568, -2941488, -2950408, -2959328, -2968248, -2977168, -2986088, -2995008, -3003928, -3012848, -3, 0, 0, 0, 0, 0, 
2025-12-28 12:48:12.260987|{tx-345} :AAAAAAAAAAA-BBB..
2025-12-28 12:48:12.421383|{rx-346} 1, 0, 8, 3, 281, 3865, 0, 0, 0, 0, 8, 9, 0, 9, 9
2025-12-28 12:48:12.424773|{rssi-346} 111, -127, -127, -127, -127, -127, -127, -127, -127, -84, -127, -127, -127, 111, 111, 111, 111, 111, 
2025-12-28 12:48:12.435173|{td-346} 0, -2914728, -2923648, -2932568, -2941488, -2950408, -2959328, -2968248, -2977168, 7, 0, 0, 0, 0, 0, 0, 0, 0, 
2025-12-28 12:48:12.445084|{tx-346} :AAAAAAAA-BBB.....
2025-12-28 12:48:12.611928|{rx-347} 1, 0, 12, 3, 282, 3878, 0, 0, 0, 0, 12, 9, 0, 9, 9
2025-12-28 12:48:12.620138|{rssi-347} 111, -127, -127, -127, -127, -127, -127, -127, -127, -127, -127, -127, -127, -79, -127, -127, -127, 111, 
2025-12-28 12:48:12.628437|{td-347} 0, -2941488, -2950408, -2959328, -2968248, -2977168, -2986088, -2995008, -3003928, -3012848, -3021768, -3030688, -3039608, -1, 0, 0, 0, 0, 
2025-12-28 12:48:12.641342|{tx-347} :AAAAAAAAAAAA-BBB.
2025-12-28 12:48:12.800937|{rx-348} 1, 1, 10, 3, 283, 3890, 0, 0, 0, 0, 11, 9, 0, 9, 9
2025-12-28 12:48:12.806582|{rssi-348} 111, -127, -127, -127, -127, -127, -127, -127, -127, -127, -127, -78, -84, -127, -127, -127, 111, 111, 
2025-12-28 12:48:12.817416|{td-348} 0, -2905808, -2914728, -2923648, -2932568, -2941488, -2950408, -2959328, -2968248, -2977168, -2986088, 9, 7, 0, 0, 0, 0, 0, 
2025-12-28 12:48:12.829146|{tx-348} :AAAAAAAAAAC-BBB..
2025-12-28 12:48:12.992703|{rx-349} 1, 0, 12, 3, 284, 3903, 0, 0, 0, 0, 12, 9, 0, 9, 9
2025-12-28 12:48:12.997857|{rssi-349} 111, -127, -127, -127, -127, -127, -127, -127, -127, -127, -127, -127, -127, -81, -127, -127, -127, 111, 
2025-12-28 12:48:13.007308|{td-349} 0, -2914728, -2923648, -2932568, -2941488, -2950408, -2959328, -2968248, -2977168, -2986088, -2995008, -3003928, -3012848, -1, 0, 0, 0, 0, 
2025-12-28 12:48:13.021184|{tx-349} :AAAAAAAAAAAA-BBB.
2025-12-28 12:48:13.183067|{rx-350} 1, 0, 12, 3, 285, 3916, 0, 0, 0, 0, 12, 9, 0, 9, 9
2025-12-28 12:48:13.186964|{rssi-350} 111, -127, -127, -127, -127, -127, -127, -127, -127, -127, -127, -127, -127, -81, -127, -127, -127, 111, 
2025-12-28 12:48:13.198933|{td-350} 0, -2905808, -2914728, -2923648, -2932568, -2941488, -2950408, -2959328, -2968248, -2977168, -2986088, -2995008, -3003928, 9, 0, 0, 0, 0, 
2025-12-28 12:48:13.210429|{tx-350} :AAAAAAAAAAAA-BBB.
2025-12-28 12:48:13.371957|{rx-351} 1, 0, 10, 3, 286, 3927, 0, 0, 0, 0, 10, 9, 0, 9, 9
2025-12-28 12:48:13.376397|{rssi-351} 111, -127, -127, -127, -127, -127, -127, -127, -127, -127, -127, -79, -127, -127, -127, 111, 111, 111, 
2025-12-28 12:48:13.386638|{td-351} 0, -2905808, -2914728, -2923648, -2932568, -2941488, -2950408, -2959328, -2968248, -2977168, -2986088, -1, 0, 0, 0, 0, 0, 0, 
2025-12-28 12:48:13.398869|{tx-351} :AAAAAAAAAA-BBB...
2025-12-28 12:48:13.560829|{rx-352} 1, 0, 10, 3, 287, 3938, 0, 0, 0, 0, 10, 9, 0, 9, 9
2025-12-28 12:48:13.566451|{rssi-352} 111, -127, -127, -127, -127, -127, -127, -127, -127, -127, -127, -80, -127, -127, -127, 111, 111, 111, 
2025-12-28 12:48:13.578580|{td-352} 0, -2923648, -2932568, -2941488, -2950408, -2959328, -2968248, -2977168, -2986088, -2995008, -3003928, 3, 0, 0, 0, 0, 0, 0, 
2025-12-28 12:48:13.587661|{tx-352} :AAAAAAAAAA-BBB...
2025-12-28 12:48:13.750339|{rx-353} 1, 0, 10, 3, 288, 3949, 0, 0, 0, 0, 10, 9, 0, 9, 9
2025-12-28 12:48:13.756759|{rssi-353} 111, -127, -127, -127, -127, -127, -127, -127, -127, -127, -127, -81, -127, -127, -127, 111, 111, 111, 
2025-12-28 12:48:13.766326|{td-353} 0, -2923648, -2932568, -2941488, -2950408, -2959328, -2968248, -2977168, -2986088, -2995008, -3003928, 7, 0, 0, 0, 0, 0, 0, 
2025-12-28 12:48:13.778869|{tx-353} :AAAAAAAAAA-BBB...
2025-12-28 12:48:13.940456|{rx-354} 0, 0, 14, 0, 288, 3963, 0, 0, 0, 0, 65535, 255, 0, 9, 9
2025-12-28 12:48:13.946445|{rssi-354} 111, -127, -127, -127, -127, -127, -127, -127, -127, -127, -127, -127, -127, -127, -127, 111, 111, 111, 
2025-12-28 12:48:13.957003|{td-354} 0, -2923648, -2932568, -2941488, -2950408, -2959328, -2968248, -2977168, -2986088, -2995008, -3003928, -3012848, -3021768, -3030688, -3039608, 0, 0, 0, 
2025-12-28 12:48:13.971585|{tx-354} :AAAAAAAAAAAAAA...
2025-12-28 12:48:14.133323|{rx-355} 1, 0, 12, 3, 289, 3976, 0, 0, 0, 0, 12, 9, 0, 9, 9
2025-12-28 12:48:14.137256|{rssi-355} 111, -127, -127, -127, -127, -127, -127, -127, -127, -127, -127, -127, -127, -80, -127, -127, -127, 111, 
2025-12-28 12:48:14.147654|{td-355} 0, -5963088, -5972008, -5980928, -5989848, -5998768, -6007688, -6016608, -6025528, -6034448, -6043368, -6052288, -6061208, 7, 0, 0, 0, 0, 
2025-12-28 12:48:14.160641|{tx-355} :AAAAAAAAAAAA-BBB.
2025-12-28 12:48:14.320778|{rx-356} 1, 0, 10, 3, 290, 3987, 0, 0, 0, 0, 10, 9, 0, 9, 9
2025-12-28 12:48:14.326339|{rssi-356} 111, -127, -127, -127, -127, -127, -127, -127, -127, -127, -127, -78, -127, -127, -127, 111, 111, 111, 
2025-12-28 12:48:14.336766|{td-356} 0, -2905808, -2914728, -2923648, -2932568, -2941488, -2950408, -2959328, -2968248, -2977168, -2986088, 1, 0, 0, 0, 0, 0, 0, 
2025-12-28 12:48:14.348630|{tx-356} :AAAAAAAAAA-BBB...
2025-12-28 12:48:14.512683|{rx-357} 1, 0, 11, 3, 291, 3999, 0, 0, 0, 0, 11, 10, 0, 9, 9
2025-12-28 12:48:14.515889|{rssi-357} 111, -127, -127, -127, -127, -127, -127, -127, -127, -127, -127, -127, -82, -127, -127, -127, 111, 111, 
2025-12-28 12:48:14.526288|{td-357} 0, -2923648, -2932568, -2941488, -2950408, -2959328, -2968248, -2977168, -2986088, -2995008, -3003928, -3012848, 7, 0, 0, 0, 0, 0, 
2025-12-28 12:48:14.539240|{tx-357} :AAAAAAAAAAA-BBB..
2025-12-28 12:48:14.702142|{rx-358} 1, 0, 11, 3, 292, 4011, 0, 0, 0, 0, 11, 10, 0, 9, 9
2025-12-28 12:48:14.706871|{rssi-358} 111, -127, -127, -127, -127, -127, -127, -127, -127, -127, -127, -127, -85, -127, -127, -127, 111, 111, 
2025-12-28 12:48:14.716579|{td-358} 0, -2914728, -2923648, -2932568, -2941488, -2950408, -2959328, -2968248, -2977168, -2986088, -2995008, -3003928, -1, 0, 0, 0, 0, 0, 
2025-12-28 12:48:14.729201|{tx-358} :AAAAAAAAAAA-BBB..
2025-12-28 12:48:14.890384|{rx-359} 1, 0, 10, 3, 293, 4022, 0, 0, 0, 0, 10, 9, 0, 9, 9
2025-12-28 12:48:14.896499|{rssi-359} 111, -127, -127, -127, -127, -127, -127, -127, -127, -127, -127, -83, -127, -127, -127, 111, 111, 111, 
2025-12-28 12:48:14.905633|{td-359} 0, -2914728, -2923648, -2932568, -2941488, -2950408, -2959328, -2968248, -2977168, -2986088, -2995008, 5, 0, 0, 0, 0, 0, 0, 
2025-12-28 12:48:14.917939|{tx-359} :AAAAAAAAAA-BBB...
2025-12-28 12:48:15.080942|{rx-360} 1, 0, 10, 3, 294, 4033, 0, 0, 0, 0, 10, 9, 0, 9, 9
2025-12-28 12:48:15.086286|{rssi-360} 111, -127, -127, -127, -127, -127, -127, -127, -127, -127, -127, -83, -127, -127, -127, 111, 111, 111, 
2025-12-28 12:48:15.096731|{td-360} 0, -2923648, -2932568, -2941488, -2950408, -2959328, -2968248, -2977168, -2986088, -2995008, -3003928, -1, 0, 0, 0, 0, 0, 0, 
2025-12-28 12:48:15.108647|{tx-360} :AAAAAAAAAA-BBB...
2025-12-28 12:48:15.271640|{rx-361} 1, 0, 11, 3, 295, 4045, 0, 0, 0, 0, 11, 9, 0, 9, 9
2025-12-28 12:48:15.276363|{rssi-361} 111, -127, -127, -127, -127, -127, -127, -127, -127, -127, -127, -127, -84, -127, -127, -127, 111, 111, 
2025-12-28 12:48:15.286484|{td-361} 0, -2923648, -2932568, -2941488, -2950408, -2959328, -2968248, -2977168, -2986088, -2995008, -3003928, -3012848, 5, 0, 0, 0, 0, 0, 
2025-12-28 12:48:15.299978|{tx-361} :AAAAAAAAAAA-BBB..
2025-12-28 12:48:15.461359|{rx-362} 0, 0, 14, 0, 295, 4059, 0, 0, 0, 0, 65535, 255, 0, 9, 9
2025-12-28 12:48:15.465312|{rssi-362} 111, -127, -127, -127, -127, -127, -127, -127, -127, -127, -127, -127, -127, -127, -127, 111, 111, 111, 
2025-12-28 12:48:15.477375|{td-362} 0, -2914728, -2923648, -2932568, -2941488, -2950408, -2959328, -2968248, -2977168, -2986088, -2995008, -3003928, -3012848, -3021768, -3030688, 0, 0, 0, 
2025-12-28 12:48:15.490389|{tx-362} :AAAAAAAAAAAAAA...
2025-12-28 12:48:15.649666|{rx-363} 1, 0, 8, 3, 296, 4068, 0, 0, 0, 0, 8, 9, 0, 9, 9
2025-12-28 12:48:15.654779|{rssi-363} 111, -127, -127, -127, -127, -127, -127, -127, -127, -83, -127, -127, -127, 111, 111, 111, 111, 111, 
2025-12-28 12:48:15.664486|{td-363} 0, -5954168, -5963088, -5972008, -5980928, -5989848, -5998768, -6007688, -6016608, 9, 0, 0, 0, 0, 0, 0, 0, 0, 
2025-12-28 12:48:15.675432|{tx-363} :AAAAAAAA-BBB.....
2025-12-28 12:48:15.840629|{rx-364} 1, 0, 10, 3, 297, 4079, 0, 0, 0, 0, 10, 9, 0, 9, 9
2025-12-28 12:48:15.845184|{rssi-364} 111, -127, -127, -127, -127, -127, -127, -127, -127, -127, -127, -81, -127, -127, -127, 111, 111, 111, 
2025-12-28 12:48:15.856853|{td-364} 0, -2941488, -2950408, -2959328, -2968248, -2977168, -2986088, -2995008, -3003928, -3012848, -3021768, 7, 0, 0, 0, 0, 0, 0, 
2025-12-28 12:48:15.866787|{tx-364} :AAAAAAAAAA-BBB...
2025-12-28 12:48:16.030687|{rx-365} 1, 0, 10, 3, 298, 4090, 0, 0, 0, 0, 10, 9, 0, 9, 9
2025-12-28 12:48:16.035419|{rssi-365} 111, -127, -127, -127, -127, -127, -127, -127, -127, -127, -127, -81, -127, -127, -127, 111, 111, 111, 
2025-12-28 12:48:16.046422|{td-365} 0, -2923648, -2932568, -2941488, -2950408, -2959328, -2968248, -2977168, -2986088, -2995008, -3003928, -3, 0, 0, 0, 0, 0, 0, 
2025-12-28 12:48:16.057509|{tx-365} :AAAAAAAAAA-BBB...
2025-12-28 12:48:16.221921|{rx-366} 1, 1, 11, 3, 299, 4103, 0, 0, 0, 0, 12, 10, 0, 9, 9
2025-12-28 12:48:16.226981|{rssi-366} 111, -127, -127, -127, -127, -127, -127, -127, -127, -127, -127, -127, -85, -83, -127, -127, -127, 111, 
2025-12-28 12:48:16.237337|{td-366} 0, -2923648, -2932568, -2941488, -2950408, -2959328, -2968248, -2977168, -2986088, -2995008, -3003928, -3012848, 3, 1, 0, 0, 0, 0, 
2025-12-28 12:48:16.249986|{tx-366} :AAAAAAAAAAAC-BBB.
2025-12-28 12:48:16.411204|{rx-367} 1, 0, 10, 3, 300, 4114, 0, 0, 0, 0, 10, 9, 0, 9, 9
2025-12-28 12:48:16.415735|{rssi-367} 111, -127, -127, -127, -127, -127, -127, -127, -127, -127, -127, -79, -127, -127, -127, 111, 111, 111, 
2025-12-28 12:48:16.426086|{td-367} 0, -2905808, -2914728, -2923648, -2932568, -2941488, -2950408, -2959328, -2968248, -2977168, -2986088, 11, 0, 0, 0, 0, 0, 0, 
2025-12-28 12:48:16.437474|{tx-367} :AAAAAAAAAA-BBB...
2025-12-28 12:48:16.601131|{rx-368} 1, 0, 10, 3, 301, 4125, 0, 0, 0, 0, 10, 9, 0, 9, 9
2025-12-28 12:48:16.605639|{rssi-368} 111, -127, -127, -127, -127, -127, -127, -127, -127, -127, -127, -78, -127, -127, -127, 111, 111, 111, 
2025-12-28 12:48:16.615483|{td-368} 0, -2923648, -2932568, -2941488, -2950408, -2959328, -2968248, -2977168, -2986088, -2995008, -3003928, -3, 0, 0, 0, 0, 0, 0, 
2025-12-28 12:48:16.627928|{tx-368} :AAAAAAAAAA-BBB...
2025-12-28 12:48:16.791067|{rx-369} 1, 0, 10, 3, 302, 4136, 0, 0, 0, 0, 10, 9, 0, 9, 9
2025-12-28 12:48:16.796351|{rssi-369} 111, -127, -127, -127, -127, -127, -127, -127, -127, -127, -127, -79, -127, -127, -127, 111, 111, 111, 
2025-12-28 12:48:16.806480|{td-369} 0, -2923648, -2932568, -2941488, -2950408, -2959328, -2968248, -2977168, -2986088, -2995008, -3003928, 9, 0, 0, 0, 0, 0, 0, 
2025-12-28 12:48:16.817268|{tx-369} :AAAAAAAAAA-BBB...
2025-12-28 12:48:16.980774|{rx-370} 0, 0, 14, 0, 302, 4150, 0, 0, 0, 0, 65535, 255, 0, 9, 9
2025-12-28 12:48:16.986499|{rssi-370} 111, -127, -127, -127, -127, -127, -127, -127, -127, -127, -127, -127, -127, -127, -127, 111, 111, 111, 
2025-12-28 12:48:16.996246|{td-370} 0, -2923648, -2932568, -2941488, -2950408, -2959328, -2968248, -2977168, -2986088, -2995008, -3003928, -3012848, -3021768, -3030688, -3039608, 0, 0, 0, 
2025-12-28 12:48:17.010445|{tx-370} :AAAAAAAAAAAAAA...
2025-12-28 12:48:17.170504|{rx-371} 1, 0, 10, 3, 303, 4161, 0, 0, 0, 0, 10, 9, 0, 9, 9
2025-12-28 12:48:17.175474|{rssi-371} 111, -127, -127, -127, -127, -127, -127, -127, -127, -127, -127, -79, -127, -127, -127, 111, 111, 111, 
2025-12-28 12:48:17.185620|{td-371} 0, -5963088, -5972008, -5980928, -5989848, -5998768, -6007688, -6016608, -6025528, -6034448, -6043368, 7, 0, 0, 0, 0, 0, 0, 
2025-12-28 12:48:17.196900|{tx-371} :AAAAAAAAAA-BBB...
2025-12-28 12:48:17.360866|{rx-372} 1, 0, 10, 3, 304, 4172, 0, 0, 0, 0, 10, 9, 0, 9, 9
2025-12-28 12:48:17.365734|{rssi-372} 111, -127, -127, -127, -127, -127, -127, -127, -127, -127, -127, -85, -127, -127, -127, 111, 111, 111, 
2025-12-28 12:48:17.375969|{td-372} 0, -2923648, -2932568, -2941488, -2950408, -2959328, -2968248, -2977168, -2986088, -2995008, -3003928, 1, 0, 0, 0, 0, 0, 0, 
2025-12-28 12:48:17.387856|{tx-372} :AAAAAAAAAA-BBB...
2025-12-28 12:48:17.549890|{rx-373} 1, 0, 8, 3, 305, 4181, 0, 0, 0, 0, 8, 9, 0, 9, 9
2025-12-28 12:48:17.554490|{rssi-373} 111, -127, -127, -127, -127, -127, -127, -127, -127, -82, -127, -127, -127, 111, 111, 111, 111, 111, 
2025-12-28 12:48:17.564736|{td-373} 0, -2923648, -2932568, -2941488, -2950408, -2959328, -2968248, -2977168, -2986088, 3, 0, 0, 0, 0, 0, 0, 0, 0, 
2025-12-28 12:48:17.574351|{tx-373} :AAAAAAAA-BBB.....
2025-12-28 12:48:17.740210|{rx-374} 0, 0, 14, 0, 305, 4195, 0, 0, 0, 0, 65535, 255, 0, 9, 9
2025-12-28 12:48:17.747048|{rssi-374} 111, -127, -127, -127, -127, -127, -127, -127, -127, -127, -127, -127, -127, -127, -127, 111, 111, 111, 
2025-12-28 12:48:17.756280|{td-374} 0, -2941488, -2950408, -2959328, -2968248, -2977168, -2986088, -2995008, -3003928, -3012848, -3021768, -3030688, -3039608, -3048528, -3057448, 0, 0, 0, 
2025-12-28 12:48:17.770462|{tx-374} :AAAAAAAAAAAAAA...
2025-12-28 12:48:17.929454|{rx-375} 0, 0, 14, 0, 305, 4209, 0, 0, 0, 0, 65535, 255, 0, 9, 9
2025-12-28 12:48:17.936127|{rssi-375} 111, -127, -127, -127, -127, -127, -127, -127, -127, -127, -127, -127, -127, -127, -127, 111, 111, 111, 
2025-12-28 12:48:17.946351|{td-375} 0, -5980928, -5989848, -5998768, -6007688, -6016608, -6025528, -6034448, -6043368, -6052288, -6061208, -6070128, -6079048, -6087968, -6096888, 0, 0, 0, 
2025-12-28 12:48:17.960818|{tx-375} :AAAAAAAAAAAAAA...
2025-12-28 12:48:18.120747|{rx-376} 1, 0, 10, 3, 306, 4220, 0, 0, 0, 0, 10, 9, 0, 9, 9
2025-12-28 12:48:18.124420|{rssi-376} 111, -127, -127, -127, -127, -127, -127, -127, -127, -127, -127, -81, -127, -127, -127, 111, 111, 111, 
2025-12-28 12:48:18.135281|{td-376} 0, -9020368, -9029288, -9038208, -9047128, -9056048, -9064968, -9073888, -9082808, -9091728, -9100648, 9, 0, 0, 0, 0, 0, 0, 
2025-12-28 12:48:18.147512|{tx-376} :AAAAAAAAAA-BBB...
2025-12-28 12:48:18.312061|{rx-377} 1, 0, 10, 3, 307, 4231, 0, 0, 0, 0, 10, 9, 0, 9, 9
2025-12-28 12:48:18.315125|{rssi-377} 111, -127, -127, -127, -127, -127, -127, -127, -127, -127, -127, -82, -127, -127, -127, 111, 111, 111, 
2025-12-28 12:48:18.325092|{td-377} 0, -2923648, -2932568, -2941488, -2950408, -2959328, -2968248, -2977168, -2986088, -2995008, -3003928, 7, 0, 0, 0, 0, 0, 0, 
2025-12-28 12:48:18.335726|{tx-377} :AAAAAAAAAA-BBB...
2025-12-28 12:48:18.499753|{rx-378} 1, 0, 10, 3, 308, 4242, 0, 0, 0, 0, 10, 9, 0, 9, 9
2025-12-28 12:48:18.504949|{rssi-378} 111, -127, -127, -127, -127, -127, -127, -127, -127, -127, -127, -80, -127, -127, -127, 111, 111, 111, 
2025-12-28 12:48:18.514466|{td-378} 0, -2923648, -2932568, -2941488, -2950408, -2959328, -2968248, -2977168, -2986088, -2995008, -3003928, 1, 0, 0, 0, 0, 0, 0, 
2025-12-28 12:48:18.526864|{tx-378} :AAAAAAAAAA-BBB...
2025-12-28 12:48:18.690316|{rx-379} 1, 0, 10, 3, 309, 4253, 0, 0, 0, 0, 10, 10, 0, 9, 9
2025-12-28 12:48:18.696034|{rssi-379} 111, -127, -127, -127, -127, -127, -127, -127, -127, -127, -127, -82, -127, -127, -127, 111, 111, 111, 
2025-12-28 12:48:18.706335|{td-379} 0, -2923648, -2932568, -2941488, -2950408, -2959328, -2968248, -2977168, -2986088, -2995008, -3003928, 3, 0, 0, 0, 0, 0, 0, 
2025-12-28 12:48:18.717866|{tx-379} :AAAAAAAAAA-BBB...
2025-12-28 12:48:18.880247|{rx-380} 0, 0, 14, 0, 309, 4267, 0, 0, 0, 0, 65535, 255, 0, 9, 9
2025-12-28 12:48:18.885948|{rssi-380} 111, -127, -127, -127, -127, -127, -127, -127, -127, -127, -127, -127, -127, -127, -127, 111, 111, 111, 
2025-12-28 12:48:18.895460|{td-380} 0, -2923648, -2932568, -2941488, -2950408, -2959328, -2968248, -2977168, -2986088, -2995008, -3003928, -3012848, -3021768, -3030688, -3039608, 0, 0, 0, 
2025-12-28 12:48:18.910970|{tx-380} :AAAAAAAAAAAAAA...
2025-12-28 12:48:19.069494|{rx-381} 1, 0, 8, 3, 310, 4276, 0, 0, 0, 0, 8, 9, 0, 9, 9
2025-12-28 12:48:19.073591|{rssi-381} 111, -127, -127, -127, -127, -127, -127, -127, -127, -81, -127, -127, -127, 111, 111, 111, 111, 111, 
2025-12-28 12:48:19.084109|{td-381} 0, -5963088, -5972008, -5980928, -5989848, -5998768, -6007688, -6016608, -6025528, 7, 0, 0, 0, 0, 0, 0, 0, 0, 
2025-12-28 12:48:19.094915|{tx-381} :AAAAAAAA-BBB.....
2025-12-28 12:48:19.260714|{rx-382} 0, 0, 14, 0, 310, 4290, 0, 0, 0, 0, 65535, 255, 0, 9, 9
2025-12-28 12:48:19.265432|{rssi-382} 111, -127, -127, -127, -127, -127, -127, -127, -127, -127, -127, -127, -127, -127, -127, 111, 111, 111, 
2025-12-28 12:48:19.277866|{td-382} 0, -2941488, -2950408, -2959328, -2968248, -2977168, -2986088, -2995008, -3003928, -3012848, -3021768, -3030688, -3039608, -3048528, -3057448, 0, 0, 0, 
2025-12-28 12:48:19.290373|{tx-382} :AAAAAAAAAAAAAA...
2025-12-28 12:48:19.449749|{rx-383} 1, 0, 9, 3, 311, 4300, 0, 0, 0, 0, 9, 10, 0, 9, 9
2025-12-28 12:48:19.455168|{rssi-383} 111, -127, -127, -127, -127, -127, -127, -127, -127, -127, -83, -127, -127, -127, 111, 111, 111, 111, 
2025-12-28 12:48:19.464393|{td-383} 0, -5980928, -5989848, -5998768, -6007688, -6016608, -6025528, -6034448, -6043368, -6052288, 11, 0, 0, 0, 0, 0, 0, 0, 
2025-12-28 12:48:19.476223|{tx-383} :AAAAAAAAA-BBB....
2025-12-28 12:48:19.640020|{rx-384} 0, 0, 14, 0, 311, 4314, 0, 0, 0, 0, 65535, 255, 0, 9, 9
2025-12-28 12:48:19.645347|{rssi-384} 111, -127, -127, -127, -127, -127, -127, -127, -127, -127, -127, -127, -127, -127, -127, 111, 111, 111, 
2025-12-28 12:48:19.655092|{td-384} 0, -2932568, -2941488, -2950408, -2959328, -2968248, -2977168, -2986088, -2995008, -3003928, -3012848, -3021768, -3030688, -3039608, -3048528, 0, 0, 0, 
2025-12-28 12:48:19.669805|{tx-384} :AAAAAAAAAAAAAA...
2025-12-28 12:48:19.830655|{rx-385} 1, 1, 10, 3, 312, 4326, 0, 0, 0, 0, 11, 9, 0, 9, 9
2025-12-28 12:48:19.835346|{rssi-385} 111, -127, -127, -127, -127, -127, -127, -127, -127, -127, -127, -82, -77, -127, -127, -127, 111, 111, 
2025-12-28 12:48:19.845213|{td-385} 0, -5972008, -5980928, -5989848, -5998768, -6007688, -6016608, -6025528, -6034448, -6043368, -6052288, -1, 1, 0, 0, 0, 0, 0, 
2025-12-28 12:48:19.857381|{tx-385} :AAAAAAAAAAC-BBB..
2025-12-28 12:48:20.021378|{rx-386} 1, 0, 12, 3, 313, 4339, 0, 0, 0, 0, 12, 10, 0, 9, 9
2025-12-28 12:48:20.026557|{rssi-386} 111, -127, -127, -127, -127, -127, -127, -127, -127, -127, -127, -127, -127, -80, -127, -127, -127, 111, 
2025-12-28 12:48:20.036350|{td-386} 0, -2914728, -2923648, -2932568, -2941488, -2950408, -2959328, -2968248, -2977168, -2986088, -2995008, -3003928, -3012848, 3, 0, 0, 0, 0, 
2025-12-28 12:48:20.049754|{tx-386} :AAAAAAAAAAAA-BBB.
2025-12-28 12:48:20.209840|{rx-387} 1, 0, 10, 3, 314, 4350, 0, 0, 0, 0, 10, 9, 0, 9, 9
2025-12-28 12:48:20.214907|{rssi-387} 111, -127, -127, -127, -127, -127, -127, -127, -127, -127, -127, -81, -127, -127, -127, 111, 111, 111, 
2025-12-28 12:48:20.225342|{td-387} 0, -2905808, -2914728, -2923648, -2932568, -2941488, -2950408, -2959328, -2968248, -2977168, -2986088, 3, 0, 0, 0, 0, 0, 0, 
2025-12-28 12:48:20.237341|{tx-387} :AAAAAAAAAA-BBB...
2025-12-28 12:48:20.401105|{rx-388} 1, 1, 10, 3, 315, 4362, 0, 0, 0, 0, 11, 9, 0, 9, 9
2025-12-28 12:48:20.405223|{rssi-388} 111, -127, -127, -127, -127, -127, -127, -127, -127, -127, -127, -81, -80, -127, -127, -127, 111, 111, 
2025-12-28 12:48:20.415558|{td-388} 0, -2923648, -2932568, -2941488, -2950408, -2959328, -2968248, -2977168, -2986088, -2995008, -3003928, 3, 3, 0, 0, 0, 0, 0, 
2025-12-28 12:48:20.426420|{tx-388} :AAAAAAAAAAC-BBB..
2025-12-28 12:48:20.589289|{rx-389} 1, 0, 8, 3, 316, 4371, 0, 0, 0, 0, 8, 9, 0, 9, 9
2025-12-28 12:48:20.593652|{rssi-389} 111, -127, -127, -127, -127, -127, -127, -127, -127, -82, -127, -127, -127, 111, 111, 111, 111, 111, 
2025-12-28 12:48:20.603648|{td-389} 0, -2914728, -2923648, -2932568, -2941488, -2950408, -2959328, -2968248, -2977168, 3, 0, 0, 0, 0, 0, 0, 0, 0, 
2025-12-28 12:48:20.614777|{tx-389} :AAAAAAAA-BBB.....
2025-12-28 12:48:20.781430|{rx-390} 1, 0, 11, 3, 317, 4383, 0, 0, 0, 0, 11, 9, 0, 9, 9
2025-12-28 12:48:20.785965|{rssi-390} 111, -127, -127, -127, -127, -127, -127, -127, -127, -127, -127, -127, -80, -127, -127, -127, 111, 111, 
2025-12-28 12:48:20.796471|{td-390} 0, -2941488, -2950408, -2959328, -2968248, -2977168, -2986088, -2995008, -3003928, -3012848, -3021768, -3030688, 3, 0, 0, 0, 0, 0, 
2025-12-28 12:48:20.808931|{tx-390} :AAAAAAAAAAA-BBB..
2025-12-28 12:48:20.969999|{rx-391} 0, 0, 14, 0, 317, 4397, 0, 0, 0, 0, 65535, 255, 0, 9, 9
2025-12-28 12:48:20.974427|{rssi-391} 111, -127, -127, -127, -127, -127, -127, -127, -127, -127, -127, -127, -127, -127, -127, 111, 111, 111, 
2025-12-28 12:48:20.985897|{td-391} 0, -2914728, -2923648, -2932568, -2941488, -2950408, -2959328, -2968248, -2977168, -2986088, -2995008, -3003928, -3012848, -3021768, -3030688, 0, 0, 0, 
2025-12-28 12:48:20.999219|{tx-391} :AAAAAAAAAAAAAA...
2025-12-28 12:48:21.160514|{rx-392} 1, 0, 10, 3, 318, 4408, 0, 0, 0, 0, 10, 9, 0, 9, 9
2025-12-28 12:48:21.165955|{rssi-392} 111, -127, -127, -127, -127, -127, -127, -127, -127, -127, -127, -83, -127, -127, -127, 111, 111, 111, 
2025-12-28 12:48:21.175332|{td-392} 0, -5954168, -5963088, -5972008, -5980928, -5989848, -5998768, -6007688, -6016608, -6025528, -6034448, 7, 0, 0, 0, 0, 0, 0, 
2025-12-28 12:48:21.187148|{tx-392} :AAAAAAAAAA-BBB...
2025-12-28 12:48:21.349430|{rx-393} 0, 0, 14, 0, 318, 4422, 0, 0, 0, 0, 65535, 255, 0, 9, 9
2025-12-28 12:48:21.355258|{rssi-393} 111, -127, -127, -127, -127, -127, -127, -127, -127, -127, -127, -127, -127, -127, -127, 111, 111, 111, 
2025-12-28 12:48:21.365523|{td-393} 0, -2923648, -2932568, -2941488, -2950408, -2959328, -2968248, -2977168, -2986088, -2995008, -3003928, -3012848, -3021768, -3030688, -3039608, 0, 0, 0, 
2025-12-28 12:48:21.378485|{tx-393} :AAAAAAAAAAAAAA...
2025-12-28 12:48:21.540118|{rx-394} 1, 0, 11, 3, 319, 4434, 0, 0, 0, 0, 11, 9, 0, 9, 9
2025-12-28 12:48:21.544513|{rssi-394} 111, -127, -127, -127, -127, -127, -127, -127, -127, -127, -127, -127, -80, -127, -127, -127, 111, 111, 
2025-12-28 12:48:21.555868|{td-394} 0, -5963088, -5972008, -5980928, -5989848, -5998768, -6007688, -6016608, -6025528, -6034448, -6043368, -6052288, 11, 0, 0, 0, 0, 0, 
2025-12-28 12:48:21.567846|{tx-394} :AAAAAAAAAAA-BBB..
2025-12-28 12:48:21.731127|{rx-395} 1, 0, 12, 3, 320, 4447, 0, 0, 0, 0, 12, 11, 0, 9, 9
2025-12-28 12:48:21.735606|{rssi-395} 111, -127, -127, -127, -127, -127, -127, -127, -127, -127, -127, -127, -127, -81, -127, -127, -127, 111, 
2025-12-28 12:48:21.746485|{td-395} 0, -2914728, -2923648, -2932568, -2941488, -2950408, -2959328, -2968248, -2977168, -2986088, -2995008, -3003928, -3012848, -3, 0, 0, 0, 0, 
2025-12-28 12:48:21.758918|{tx-395} :AAAAAAAAAAAA-BBB.
2025-12-28 12:48:21.919999|{rx-396} 1, 0, 10, 3, 321, 4458, 0, 0, 0, 0, 10, 9, 0, 9, 9
2025-12-28 12:48:21.924673|{rssi-396} 111, -127, -127, -127, -127, -127, -127, -127, -127, -127, -127, -79, -127, -127, -127, 111, 111, 111, 
2025-12-28 12:48:21.935187|{td-396} 0, -2905808, -2914728, -2923648, -2932568, -2941488, -2950408, -2959328, -2968248, -2977168, -2986088, 5, 0, 0, 0, 0, 0, 0, 
2025-12-28 12:48:21.945911|{tx-396} :AAAAAAAAAA-BBB...
2025-12-28 12:48:22.109483|{rx-397} 0, 0, 14, 0, 321, 4472, 0, 0, 0, 0, 65535, 255, 0, 9, 9
2025-12-28 12:48:22.115060|{rssi-397} 111, -127, -127, -127, -127, -127, -127, -127, -127, -127, -127, -127, -127, -127, -127, 111, 111, 111, 
2025-12-28 12:48:22.124337|{td-397} 0, -2923648, -2932568, -2941488, -2950408, -2959328, -2968248, -2977168, -2986088, -2995008, -3003928, -3012848, -3021768, -3030688, -3039608, 0, 0, 0, 
2025-12-28 12:48:22.139446|{tx-397} :AAAAAAAAAAAAAA...
2025-12-28 12:48:22.300380|{rx-398} 1, 0, 10, 3, 322, 4483, 0, 0, 0, 0, 10, 9, 0, 9, 9
2025-12-28 12:48:22.304798|{rssi-398} 111, -127, -127, -127, -127, -127, -127, -127, -127, -127, -127, -82, -127, -127, -127, 111, 111, 111, 
2025-12-28 12:48:22.314863|{td-398} 0, -5963088, -5972008, -5980928, -5989848, -5998768, -6007688, -6016608, -6025528, -6034448, -6043368, 9, 0, 0, 0, 0, 0, 0, 
2025-12-28 12:48:22.327528|{tx-398} :AAAAAAAAAA-BBB...
2025-12-28 12:48:22.489534|{rx-399} 1, 0, 9, 3, 323, 4493, 0, 0, 0, 0, 9, 9, 0, 9, 9
2025-12-28 12:48:22.494373|{rssi-399} 111, -127, -127, -127, -127, -127, -127, -127, -127, -127, -82, -127, -127, -127, 111, 111, 111, 111, 
2025-12-28 12:48:22.504340|{td-399} 0, -2923648, -2932568, -2941488, -2950408, -2959328, -2968248, -2977168, -2986088, -2995008, 3, 0, 0, 0, 0, 0, 0, 0, 
2025-12-28 12:48:22.515934|{tx-399} :AAAAAAAAA-BBB....
2025-12-28 12:48:22.679577|{rx-400} 1, 0, 11, 3, 324, 4505, 0, 0, 0, 0, 11, 9, 0, 9, 9
2025-12-28 12:48:22.685486|{rssi-400} 111, -127, -127, -127, -127, -127, -127, -127, -127, -127, -127, -127, -79, -127, -127, -127, 111, 111, 
2025-12-28 12:48:22.695181|{td-400} 0, -2932568, -2941488, -2950408, -2959328, -2968248, -2977168, -2986088, -2995008, -3003928, -3012848, -3021768, -1, 0, 0, 0, 0, 0, 
2025-12-28 12:48:22.708672|{tx-400} :AAAAAAAAAAA-BBB..
2025-12-28 12:48:22.869654|{rx-401} 1, 0, 10, 3, 325, 4516, 0, 0, 0, 0, 10, 9, 0, 9, 9
2025-12-28 12:48:22.876043|{rssi-401} 111, -127, -127, -127, -127, -127, -127, -127, -127, -127, -127, -83, -127, -127, -127, 111, 111, 111, 
2025-12-28 12:48:22.886022|{td-401} 0, -2914728, -2923648, -2932568, -2941488, -2950408, -2959328, -2968248, -2977168, -2986088, -2995008, 3, 0, 0, 0, 0, 0, 0, 
2025-12-28 12:48:22.896706|{tx-401} :AAAAAAAAAA-BBB...
2025-12-28 12:48:23.060113|{rx-402} 1, 0, 10, 3, 326, 4527, 0, 0, 0, 0, 10, 9, 0, 9, 9
2025-12-28 12:48:23.064822|{rssi-402} 111, -127, -127, -127, -127, -127, -127, -127, -127, -127, -127, -84, -127, -127, -127, 111, 111, 111, 
2025-12-28 12:48:23.075116|{td-402} 0, -2923648, -2932568, -2941488, -2950408, -2959328, -2968248, -2977168, -2986088, -2995008, -3003928, 7, 0, 0, 0, 0, 0, 0, 
2025-12-28 12:48:23.086420|{tx-402} :AAAAAAAAAA-BBB...
2025-12-28 12:48:23.250121|{rx-403} 1, 0, 10, 3, 327, 4538, 0, 0, 0, 0, 10, 9, 0, 9, 9
2025-12-28 12:48:23.254642|{rssi-403} 111, -127, -127, -127, -127, -127, -127, -127, -127, -127, -127, -83, -127, -127, -127, 111, 111, 111, 
2025-12-28 12:48:23.264528|{td-403} 0, -2923648, -2932568, -2941488, -2950408, -2959328, -2968248, -2977168, -2986088, -2995008, -3003928, 5, 0, 0, 0, 0, 0, 0, 
2025-12-28 12:48:23.276447|{tx-403} :AAAAAAAAAA-BBB...
2025-12-28 12:48:23.439749|{rx-404} 1, 1, 10, 3, 328, 4550, 0, 0, 0, 0, 11, 9, 0, 9, 9
2025-12-28 12:48:23.445287|{rssi-404} 111, -127, -127, -127, -127, -127, -127, -127, -127, -127, -127, -78, -83, -127, -127, -127, 111, 111, 
2025-12-28 12:48:23.455799|{td-404} 0, -2923648, -2932568, -2941488, -2950408, -2959328, -2968248, -2977168, -2986088, -2995008, -3003928, -1, -3, 0, 0, 0, 0, 0, 
2025-12-28 12:48:23.467609|{tx-404} :AAAAAAAAAAC-BBB..
2025-12-28 12:48:23.630215|{rx-405} 1, 0, 10, 3, 329, 4561, 0, 0, 0, 0, 10, 9, 0, 9, 9
2025-12-28 12:48:23.634391|{rssi-405} 111, -127, -127, -127, -127, -127, -127, -127, -127, -127, -127, -83, -127, -127, -127, 111, 111, 111, 
2025-12-28 12:48:23.644794|{td-405} 0, -2914728, -2923648, -2932568, -2941488, -2950408, -2959328, -2968248, -2977168, -2986088, -2995008, 11, 0, 0, 0, 0, 0, 0, 
2025-12-28 12:48:23.657019|{tx-405} :AAAAAAAAAA-BBB...
2025-12-28 12:48:23.819378|{rx-406} 1, 0, 10, 3, 330, 4572, 0, 0, 0, 0, 10, 9, 0, 9, 9
2025-12-28 12:48:23.824665|{rssi-406} 111, -127, -127, -127, -127, -127, -127, -127, -127, -127, -127, -78, -127, -127, -127, 111, 111, 111, 
2025-12-28 12:48:23.834859|{td-406} 0, -2923648, -2932568, -2941488, -2950408, -2959328, -2968248, -2977168, -2986088, -2995008, -3003928, -3, 0, 0, 0, 0, 0, 0, 
2025-12-28 12:48:23.845416|{tx-406} :AAAAAAAAAA-BBB...
2025-12-28 12:48:24.010200|{rx-407} 1, 0, 11, 3, 331, 4584, 0, 0, 0, 0, 11, 10, 0, 9, 9
2025-12-28 12:48:24.014982|{rssi-407} 111, -127, -127, -127, -127, -127, -127, -127, -127, -127, -127, -127, -80, -127, -127, -127, 111, 111, 
2025-12-28 12:48:24.025000|{td-407} 0, -2923648, -2932568, -2941488, -2950408, -2959328, -2968248, -2977168, -2986088, -2995008, -3003928, -3012848, 5, 0, 0, 0, 0, 0, 
2025-12-28 12:48:24.038392|{tx-407} :AAAAAAAAAAA-BBB..
2025-12-28 12:48:24.201098|{rx-408} 1, 0, 12, 3, 332, 4597, 0, 0, 0, 0, 12, 10, 0, 9, 9
2025-12-28 12:48:24.205462|{rssi-408} 111, -127, -127, -127, -127, -127, -127, -127, -127, -127, -127, -127, -127, -83, -127, -127, -127, 111, 
2025-12-28 12:48:24.216075|{td-408} 0, -2914728, -2923648, -2932568, -2941488, -2950408, -2959328, -2968248, -2977168, -2986088, -2995008, -3003928, -3012848, 5, 0, 0, 0, 0, 
2025-12-28 12:48:24.228040|{tx-408} :AAAAAAAAAAAA-BBB.
2025-12-28 12:48:24.390203|{rx-409} 1, 0, 11, 3, 333, 4609, 0, 0, 0, 0, 11, 9, 0, 9, 9
2025-12-28 12:48:24.395110|{rssi-409} 111, -127, -127, -127, -127, -127, -127, -127, -127, -127, -127, -127, -79, -127, -127, -127, 111, 111, 
2025-12-28 12:48:24.405269|{td-409} 0, -2905808, -2914728, -2923648, -2932568, -2941488, -2950408, -2959328, -2968248, -2977168, -2986088, -2995008, 3, 0, 0, 0, 0, 0, 
2025-12-28 12:48:24.417900|{tx-409} :AAAAAAAAAAA-BBB..
2025-12-28 12:48:24.578823|{rx-410} 1, 0, 10, 3, 334, 4620, 0, 0, 0, 0, 10, 9, 0, 9, 9
2025-12-28 12:48:24.584371|{rssi-410} 111, -127, -127, -127, -127, -127, -127, -127, -127, -127, -127, -82, -127, -127, -127, 111, 111, 111, 
2025-12-28 12:48:24.594804|{td-410} 0, -2914728, -2923648, -2932568, -2941488, -2950408, -2959328, -2968248, -2977168, -2986088, -2995008, 1, 0, 0, 0, 0, 0, 0, 
2025-12-28 12:48:24.605791|{tx-410} :AAAAAAAAAA-BBB...
2025-12-28 12:48:24.769147|{rx-411} 1, 0, 10, 3, 335, 4631, 0, 0, 0, 0, 10, 9, 0, 9, 9
2025-12-28 12:48:24.773455|{rssi-411} 111, -127, -127, -127, -127, -127, -127, -127, -127, -127, -127, -82, -127, -127, -127, 111, 111, 111, 
2025-12-28 12:48:24.784169|{td-411} 0, -2923648, -2932568, -2941488, -2950408, -2959328, -2968248, -2977168, -2986088, -2995008, -3003928, -1, 0, 0, 0, 0, 0, 0, 
2025-12-28 12:48:24.796489|{tx-411} :AAAAAAAAAA-BBB...
2025-12-28 12:48:24.957038|{rx-412} 1, 0, 8, 3, 336, 4640, 0, 0, 0, 0, 8, 9, 0, 9, 9
2025-12-28 12:48:24.963013|{rssi-412} 111, -127, -127, -127, -127, -127, -127, -127, -127, -80, -127, -127, -127, 111, 111, 111, 111, 111, 
2025-12-28 12:48:24.973324|{td-412} 0, -2923648, -2932568, -2941488, -2950408, -2959328, -2968248, -2977168, -2986088, 9, 0, 0, 0, 0, 0, 0, 0, 0, 
2025-12-28 12:48:24.982795|{tx-412} :AAAAAAAA-BBB.....
2025-12-28 12:48:25.149925|{rx-413} 1, 0, 10, 3, 337, 4651, 0, 0, 0, 0, 10, 10, 0, 9, 9
2025-12-28 12:48:25.154285|{rssi-413} 111, -127, -127, -127, -127, -127, -127, -127, -127, -127, -127, -80, -127, -127, -127, 111, 111, 111, 
2025-12-28 12:48:25.164420|{td-413} 0, -2941488, -2950408, -2959328, -2968248, -2977168, -2986088, -2995008, -3003928, -3012848, -3021768, 3, 0, 0, 0, 0, 0, 0, 
2025-12-28 12:48:25.183660|{tx-413} :AAAAAAAAAA-BBB...
2025-12-28 12:48:25.339754|{rx-414} 1, 0, 11, 3, 338, 4663, 0, 0, 0, 0, 11, 10, 0, 9, 9
2025-12-28 12:48:25.345220|{rssi-414} 111, -127, -127, -127, -127, -127, -127, -127, -127, -127, -127, -127, -83, -127, -127, -127, 111, 111, 
2025-12-28 12:48:25.355289|{td-414} 0, -2923648, -2932568, -2941488, -2950408, -2959328, -2968248, -2977168, -2986088, -2995008, -3003928, -3012848, -1, 0, 0, 0, 0, 0, 
2025-12-28 12:48:25.366624|{tx-414} :AAAAAAAAAAA-BBB..
2025-12-28 12:48:25.529594|{rx-415} 1, 0, 12, 3, 339, 4676, 0, 0, 0, 0, 12, 9, 0, 9, 9
2025-12-28 12:48:25.535072|{rssi-415} 111, -127, -127, -127, -127, -127, -127, -127, -127, -127, -127, -127, -127, -78, -127, -127, -127, 111, 
2025-12-28 12:48:25.544603|{td-415} 0, -2914728, -2923648, -2932568, -2941488, -2950408, -2959328, -2968248, -2977168, -2986088, -2995008, -3003928, -3012848, 7, 0, 0, 0, 0, 
2025-12-28 12:48:25.559343|{tx-415} :AAAAAAAAAAAA-BBB.
2025-12-28 12:48:25.719321|{rx-416} 1, 0, 10, 3, 340, 4687, 0, 0, 0, 0, 10, 9, 0, 9, 9
2025-12-28 12:48:25.723594|{rssi-416} 111, -127, -127, -127, -127, -127, -127, -127, -127, -127, -127, -79, -127, -127, -127, 111, 111, 111, 
2025-12-28 12:48:25.734499|{td-416} 0, -2905808, -2914728, -2923648, -2932568, -2941488, -2950408, -2959328, -2968248, -2977168, -2986088, 5, 0, 0, 0, 0, 0, 0, 
2025-12-28 12:48:25.746312|{tx-416} :AAAAAAAAAA-BBB...
2025-12-28 12:48:25.909855|{rx-417} 1, 0, 11, 3, 341, 4699, 0, 0, 0, 0, 11, 10, 0, 9, 9
2025-12-28 12:48:25.914766|{rssi-417} 111, -127, -127, -127, -127, -127, -127, -127, -127, -127, -127, -127, -79, -127, -127, -127, 111, 111, 
2025-12-28 12:48:25.924717|{td-417} 0, -2923648, -2932568, -2941488, -2950408, -2959328, -2968248, -2977168, -2986088, -2995008, -3003928, -3012848, 3, 0, 0, 0, 0, 0, 
2025-12-28 12:48:25.954478|{tx-417} :AAAAAAAAAAA-BBB..
2025-12-28 12:48:26.099469|{rx-418} 1, 0, 12, 3, 342, 4712, 0, 0, 0, 0, 12, 9, 0, 9, 9
2025-12-28 12:48:26.105089|{rssi-418} 111, -127, -127, -127, -127, -127, -127, -127, -127, -127, -127, -127, -127, -84, -127, -127, -127, 111, 
2025-12-28 12:48:26.115644|{td-418} 0, -2914728, -2923648, -2932568, -2941488, -2950408, -2959328, -2968248, -2977168, -2986088, -2995008, -3003928, -3012848, -5, 0, 0, 0, 0, 
2025-12-28 12:48:26.127533|{tx-418} :AAAAAAAAAAAA-BBB.
2025-12-28 12:48:26.290053|{rx-419} 1, 0, 11, 3, 343, 4724, 0, 0, 0, 0, 11, 10, 0, 9, 9
2025-12-28 12:48:26.294473|{rssi-419} 111, -127, -127, -127, -127, -127, -127, -127, -127, -127, -127, -127, -79, -127, -127, -127, 111, 111, 
2025-12-28 12:48:26.306886|{td-419} 0, -2905808, -2914728, -2923648, -2932568, -2941488, -2950408, -2959328, -2968248, -2977168, -2986088, -2995008, 13, 0, 0, 0, 0, 0, 
2025-12-28 12:48:26.316856|{tx-419} :AAAAAAAAAAA-BBB..
2025-12-28 12:48:26.479401|{rx-420} 1, 0, 10, 3, 344, 4735, 0, 0, 0, 0, 10, 9, 0, 9, 9
2025-12-28 12:48:26.485525|{rssi-420} 111, -127, -127, -127, -127, -127, -127, -127, -127, -127, -127, -81, -127, -127, -127, 111, 111, 111, 
2025-12-28 12:48:26.493974|{td-420} 0, -2914728, -2923648, -2932568, -2941488, -2950408, -2959328, -2968248, -2977168, -2986088, -2995008, -3, 0, 0, 0, 0, 0, 0, 
2025-12-28 12:48:26.505030|{tx-420} :AAAAAAAAAA-BBB...
2025-12-28 12:48:26.667284|{rx-421} 1, 0, 8, 3, 345, 4744, 0, 0, 0, 0, 8, 9, 0, 9, 9
2025-12-28 12:48:26.672135|{rssi-421} 111, -127, -127, -127, -127, -127, -127, -127, -127, -85, -127, -127, -127, 111, 111, 111, 111, 111, 
2025-12-28 12:48:26.683441|{td-421} 0, -2923648, -2932568, -2941488, -2950408, -2959328, -2968248, -2977168, -2986088, 13, 0, 0, 0, 0, 0, 0, 0, 0, 
2025-12-28 12:48:26.693157|{tx-421} :AAAAAAAA-BBB.....
2025-12-28 12:48:26.859095|{rx-422} 1, 0, 11, 3, 346, 4756, 0, 0, 0, 0, 11, 10, 0, 9, 9
2025-12-28 12:48:26.864814|{rssi-422} 111, -127, -127, -127, -127, -127, -127, -127, -127, -127, -127, -127, -79, -127, -127, -127, 111, 111, 
2025-12-28 12:48:26.874617|{td-422} 0, -2941488, -2950408, -2959328, -2968248, -2977168, -2986088, -2995008, -3003928, -3012848, -3021768, -3030688, -3, 0, 0, 0, 0, 0, 
2025-12-28 12:48:26.887221|{tx-422} :AAAAAAAAAAA-BBB..
2025-12-28 12:48:27.048555|{rx-423} 1, 0, 10, 3, 347, 4767, 0, 0, 0, 0, 10, 9, 0, 9, 9
2025-12-28 12:48:27.053449|{rssi-423} 111, -127, -127, -127, -127, -127, -127, -127, -127, -127, -127, -82, -127, -127, -127, 111, 111, 111, 
2025-12-28 12:48:27.063929|{td-423} 0, -2914728, -2923648, -2932568, -2941488, -2950408, -2959328, -2968248, -2977168, -2986088, -2995008, 1, 0, 0, 0, 0, 0, 0, 
2025-12-28 12:48:27.075673|{tx-423} :AAAAAAAAAA-BBB...
2025-12-28 12:48:27.237102|{rx-424} 1, 0, 9, 3, 348, 4777, 0, 0, 0, 0, 9, 10, 0, 9, 9
2025-12-28 12:48:27.242754|{rssi-424} 111, -127, -127, -127, -127, -127, -127, -127, -127, -127, -80, -127, -127, -127, 111, 111, 111, 111, 
2025-12-28 12:48:27.254051|{td-424} 0, -2923648, -2932568, -2941488, -2950408, -2959328, -2968248, -2977168, -2986088, -2995008, 5, 0, 0, 0, 0, 0, 0, 0, 
2025-12-28 12:48:27.264688|{tx-424} :AAAAAAAAA-BBB....
2025-12-28 12:48:27.429368|{rx-425} 1, 0, 11, 3, 349, 4789, 0, 0, 0, 0, 11, 9, 0, 9, 9
2025-12-28 12:48:27.434324|{rssi-425} 111, -127, -127, -127, -127, -127, -127, -127, -127, -127, -127, -127, -81, -127, -127, -127, 111, 111, 
2025-12-28 12:48:27.444632|{td-425} 0, -2932568, -2941488, -2950408, -2959328, -2968248, -2977168, -2986088, -2995008, -3003928, -3012848, -3021768, 7, 0, 0, 0, 0, 0, 
2025-12-28 12:48:27.456261|{tx-425} :AAAAAAAAAAA-BBB..
2025-12-28 12:48:27.620306|{rx-426} 1, 1, 11, 3, 350, 4802, 0, 0, 0, 0, 12, 11, 0, 9, 9
2025-12-28 12:48:27.624653|{rssi-426} 111, -127, -127, -127, -127, -127, -127, -127, -127, -127, -127, -127, -84, -80, -127, -127, -127, 111, 
2025-12-28 12:48:27.635372|{td-426} 0, -2914728, -2923648, -2932568, -2941488, -2950408, -2959328, -2968248, -2977168, -2986088, -2995008, -3003928, -1, 1, 0, 0, 0, 0, 
2025-12-28 12:48:27.647260|{tx-426} :AAAAAAAAAAAC-BBB.
2025-12-28 12:48:27.809836|{rx-427} 1, 0, 11, 3, 351, 4814, 0, 0, 0, 0, 11, 10, 0, 9, 9
2025-12-28 12:48:27.814352|{rssi-427} 111, -127, -127, -127, -127, -127, -127, -127, -127, -127, -127, -127, -78, -127, -127, -127, 111, 111, 
2025-12-28 12:48:27.823750|{td-427} 0, -2905808, -2914728, -2923648, -2932568, -2941488, -2950408, -2959328, -2968248, -2977168, -2986088, -2995008, -1, 0, 0, 0, 0, 0, 
2025-12-28 12:48:27.836470|{tx-427} :AAAAAAAAAAA-BBB..
2025-12-28 12:48:27.998322|{rx-428} 1, 0, 9, 3, 352, 4824, 0, 0, 0, 0, 9, 9, 0, 9, 9
2025-12-28 12:48:28.003217|{rssi-428} 111, -127, -127, -127, -127, -127, -127, -127, -127, -127, -81, -127, -127, -127, 111, 111, 111, 111, 
2025-12-28 12:48:28.017107|{td-428} 0, -2914728, -2923648, -2932568, -2941488, -2950408, -2959328, -2968248, -2977168, -2986088, 11, 0, 0, 0, 0, 0, 0, 0, 
2025-12-28 12:48:28.024514|{tx-428} :AAAAAAAAA-BBB....
2025-12-28 12:48:28.187611|{rx-429} 0, 0, 14, 0, 352, 4838, 0, 0, 0, 0, 65535, 255, 0, 9, 9
2025-12-28 12:48:28.194056|{rssi-429} 111, -127, -127, -127, -127, -127, -127, -127, -127, -127, -127, -127, -127, -127, -127, 111, 111, 111, 
2025-12-28 12:48:28.203708|{td-429} 0, -2932568, -2941488, -2950408, -2959328, -2968248, -2977168, -2986088, -2995008, -3003928, -3012848, -3021768, -3030688, -3039608, -3048528, 0, 0, 0, 
2025-12-28 12:48:28.218058|{tx-429} :AAAAAAAAAAAAAA...
2025-12-28 12:48:28.377224|{rx-430} 0, 0, 14, 0, 352, 4852, 0, 0, 0, 0, 65535, 255, 0, 9, 9
2025-12-28 12:48:28.383639|{rssi-430} 111, -127, -127, -127, -127, -127, -127, -127, -127, -127, -127, -127, -127, -127, -127, 111, 111, 111, 
2025-12-28 12:48:28.394559|{td-430} 0, -5972008, -5980928, -5989848, -5998768, -6007688, -6016608, -6025528, -6034448, -6043368, -6052288, -6061208, -6070128, -6079048, -6087968, 0, 0, 0, 
2025-12-28 12:48:28.407894|{tx-430} :AAAAAAAAAAAAAA...
2025-12-28 12:48:28.568749|{rx-431} 1, 0, 11, 3, 353, 4864, 0, 0, 0, 0, 11, 10, 0, 9, 9
2025-12-28 12:48:28.574709|{rssi-431} 111, -127, -127, -127, -127, -127, -127, -127, -127, -127, -127, -127, -78, -127, -127, -127, 111, 111, 
2025-12-28 12:48:28.584678|{td-431} 0, -9011448, -9020368, -9029288, -9038208, -9047128, -9056048, -9064968, -9073888, -9082808, -9091728, -9100648, 7, 0, 0, 0, 0, 0, 
2025-12-28 12:48:28.597117|{tx-431} :AAAAAAAAAAA-BBB..
2025-12-28 12:48:28.760247|{rx-432} 1, 0, 10, 3, 354, 4875, 0, 0, 0, 0, 10, 9, 0, 9, 9
2025-12-28 12:48:28.764992|{rssi-432} 111, -127, -127, -127, -127, -127, -127, -127, -127, -127, -127, -85, -127, -127, -127, 111, 111, 111, 
2025-12-28 12:48:28.774202|{td-432} 0, -2914728, -2923648, -2932568, -2941488, -2950408, -2959328, -2968248, -2977168, -2986088, -2995008, 1, 0, 0, 0, 0, 0, 0, 
2025-12-28 12:48:28.784604|{tx-432} :AAAAAAAAAA-BBB...
2025-12-28 12:48:28.947878|{rx-433} 1, 0, 10, 3, 355, 4886, 0, 0, 0, 0, 10, 9, 0, 9, 9
2025-12-28 12:48:28.954041|{rssi-433} 111, -127, -127, -127, -127, -127, -127, -127, -127, -127, -127, -82, -127, -127, -127, 111, 111, 111, 
2025-12-28 12:48:28.963778|{td-433} 0, -2923648, -2932568, -2941488, -2950408, -2959328, -2968248, -2977168, -2986088, -2995008, -3003928, 3, 0, 0, 0, 0, 0, 0, 
2025-12-28 12:48:28.975334|{tx-433} :AAAAAAAAAA-BBB...
2025-12-28 12:48:29.138934|{rx-434} 1, 0, 11, 3, 356, 4898, 0, 0, 0, 0, 11, 9, 0, 9, 9
2025-12-28 12:48:29.142982|{rssi-434} 111, -127, -127, -127, -127, -127, -127, -127, -127, -127, -127, -127, -79, -127, -127, -127, 111, 111, 
2025-12-28 12:48:29.154525|{td-434} 0, -2923648, -2932568, -2941488, -2950408, -2959328, -2968248, -2977168, -2986088, -2995008, -3003928, -3012848, 7, 0, 0, 0, 0, 0, 
2025-12-28 12:48:29.166829|{tx-434} :AAAAAAAAAAA-BBB..
2025-12-28 12:48:29.328528|{rx-435} 1, 0, 10, 3, 357, 4909, 0, 0, 0, 0, 10, 9, 0, 9, 9
2025-12-28 12:48:29.333606|{rssi-435} 111, -127, -127, -127, -127, -127, -127, -127, -127, -127, -127, -81, -127, -127, -127, 111, 111, 111, 
2025-12-28 12:48:29.343903|{td-435} 0, -2914728, -2923648, -2932568, -2941488, -2950408, -2959328, -2968248, -2977168, -2986088, -2995008, 5, 0, 0, 0, 0, 0, 0, 
2025-12-28 12:48:29.355658|{tx-435} :AAAAAAAAAA-BBB...
2025-12-28 12:48:29.517213|{rx-436} 1, 0, 8, 3, 358, 4918, 0, 0, 0, 0, 8, 9, 0, 9, 9
2025-12-28 12:48:29.522441|{rssi-436} 111, -127, -127, -127, -127, -127, -127, -127, -127, -80, -127, -127, -127, 111, 111, 111, 111, 111, 
2025-12-28 12:48:29.532059|{td-436} 0, -2923648, -2932568, -2941488, -2950408, -2959328, -2968248, -2977168, -2986088, 1, 0, 0, 0, 0, 0, 0, 0, 0, 
2025-12-28 12:48:29.541780|{tx-436} :AAAAAAAA-BBB.....
2025-12-28 12:48:29.707933|{rx-437} 0, 0, 14, 0, 358, 4932, 0, 0, 0, 0, 65535, 255, 0, 9, 9
2025-12-28 12:48:29.713230|{rssi-437} 111, -127, -127, -127, -127, -127, -127, -127, -127, -127, -127, -127, -127, -127, -127, 111, 111, 111, 
2025-12-28 12:48:29.725084|{td-437} 0, -2941488, -2950408, -2959328, -2968248, -2977168, -2986088, -2995008, -3003928, -3012848, -3021768, -3030688, -3039608, -3048528, -3057448, 0, 0, 0, 
2025-12-28 12:48:29.738770|{tx-437} :AAAAAAAAAAAAAA...
2025-12-28 12:48:29.900636|{rx-438} 1, 1, 12, 3, 359, 4946, 0, 0, 0, 0, 13, 10, 0, 9, 9
2025-12-28 12:48:29.905398|{rssi-438} 111, -127, -127, -127, -127, -127, -127, -127, -127, -127, -127, -127, -127, -81, -79, -127, -127, -127, 
2025-12-28 12:48:29.915286|{td-438} 0, -5980928, -5989848, -5998768, -6007688, -6016608, -6025528, -6034448, -6043368, -6052288, -6061208, -6070128, -6079048, 5, 3, 0, 0, 0, 
2025-12-28 12:48:29.928852|{tx-438} :AAAAAAAAAAAAC-BBB
2025-12-28 12:48:30.087493|{rx-439} 1, 0, 10, 3, 360, 4957, 0, 0, 0, 0, 10, 9, 0, 9, 9
2025-12-28 12:48:30.093366|{rssi-439} 111, -127, -127, -127, -127, -127, -127, -127, -127, -127, -127, -79, -127, -127, -127, 111, 111, 111, 
2025-12-28 12:48:30.103023|{td-439} 0, -2896888, -2905808, -2914728, -2923648, -2932568, -2941488, -2950408, -2959328, -2968248, -2977168, 9, 0, 0, 0, 0, 0, 0, 
2025-12-28 12:48:30.114903|{tx-439} :AAAAAAAAAA-BBB...
2025-12-28 12:48:30.277592|{rx-440} 1, 0, 9, 3, 361, 4967, 0, 0, 0, 0, 9, 8, 0, 9, 9
2025-12-28 12:48:30.282453|{rssi-440} 111, -127, -127, -127, -127, -127, -127, -127, -127, -127, -80, -127, -127, -127, 111, 111, 111, 111, 
2025-12-28 12:48:30.292246|{td-440} 0, -2923648, -2932568, -2941488, -2950408, -2959328, -2968248, -2977168, -2986088, -2995008, 1, 0, 0, 0, 0, 0, 0, 0, 
2025-12-28 12:48:30.302899|{tx-440} :AAAAAAAAA-BBB....
2025-12-28 12:48:30.468582|{rx-441} 1, 0, 10, 3, 362, 4978, 0, 0, 0, 0, 10, 10, 0, 9, 9
2025-12-28 12:48:30.473554|{rssi-441} 111, -127, -127, -127, -127, -127, -127, -127, -127, -127, -127, -80, -127, -127, -127, 111, 111, 111, 
2025-12-28 12:48:30.483683|{td-441} 0, -2932568, -2941488, -2950408, -2959328, -2968248, -2977168, -2986088, -2995008, -3003928, -3012848, 3, 0, 0, 0, 0, 0, 0, 
2025-12-28 12:48:30.495687|{tx-441} :AAAAAAAAAA-BBB...
2025-12-28 12:48:30.658575|{rx-442} 1, 0, 8, 3, 363, 4987, 0, 0, 0, 0, 8, 9, 0, 9, 9
2025-12-28 12:48:30.662170|{rssi-442} 111, -127, -127, -127, -127, -127, -127, -127, -127, -81, -127, -127, -127, 111, 111, 111, 111, 111, 
2025-12-28 12:48:30.674090|{td-442} 0, -2923648, -2932568, -2941488, -2950408, -2959328, -2968248, -2977168, -2986088, 1, 0, 0, 0, 0, 0, 0, 0, 0, 
2025-12-28 12:48:30.681935|{tx-442} :AAAAAAAA-BBB.....
2025-12-28 12:48:30.850174|{rx-443} 1, 1, 10, 3, 364, 4999, 0, 0, 0, 0, 11, 9, 0, 9, 9
2025-12-28 12:48:30.853297|{rssi-443} 111, -127, -127, -127, -127, -127, -127, -127, -127, -127, -127, -84, -81, -127, -127, -127, 111, 111, 
2025-12-28 12:48:30.865228|{td-443} 0, -2941488, -2950408, -2959328, -2968248, -2977168, -2986088, -2995008, -3003928, -3012848, -3021768, 5, 9, 0, 0, 0, 0, 0, 
2025-12-28 12:48:30.876072|{tx-443} :AAAAAAAAAAC-BBB..
2025-12-28 12:48:31.037682|{rx-444} 0, 0, 14, 0, 364, 5013, 0, 0, 0, 0, 65535, 255, 0, 9, 9
2025-12-28 12:48:31.043650|{rssi-444} 111, -127, -127, -127, -127, -127, -127, -127, -127, -127, -127, -127, -127, -127, -127, 111, 111, 111, 
2025-12-28 12:48:31.053610|{td-444} 0, -2914728, -2923648, -2932568, -2941488, -2950408, -2959328, -2968248, -2977168, -2986088, -2995008, -3003928, -3012848, -3021768, -3030688, 0, 0, 0, 
2025-12-28 12:48:31.067027|{tx-444} :AAAAAAAAAAAAAA...
2025-12-28 12:48:31.227893|{rx-445} 0, 0, 14, 0, 364, 5027, 0, 0, 0, 0, 65535, 255, 0, 9, 9
2025-12-28 12:48:31.233161|{rssi-445} 111, -127, -127, -127, -127, -127, -127, -127, -127, -127, -127, -127, -127, -127, -127, 111, 111, 111, 
2025-12-28 12:48:31.243959|{td-445} 0, -5954168, -5963088, -5972008, -5980928, -5989848, -5998768, -6007688, -6016608, -6025528, -6034448, -6043368, -6052288, -6061208, -6070128, 0, 0, 0, 
2025-12-28 12:48:31.257245|{tx-445} :AAAAAAAAAAAAAA...
2025-12-28 12:48:31.417826|{rx-446} 1, 0, 10, 3, 365, 5038, 0, 0, 0, 0, 10, 9, 0, 9, 9
2025-12-28 12:48:31.423997|{rssi-446} 111, -127, -127, -127, -127, -127, -127, -127, -127, -127, -127, -83, -127, -127, -127, 111, 111, 111, 
2025-12-28 12:48:31.433066|{td-446} 0, -8993608, -9002528, -9011448, -9020368, -9029288, -9038208, -9047128, -9056048, -9064968, -9073888, 7, 0, 0, 0, 0, 0, 0, 
2025-12-28 12:48:31.444083|{tx-446} :AAAAAAAAAA-BBB...
2025-12-28 12:48:31.609327|{rx-447} 1, 0, 10, 3, 366, 5049, 0, 0, 0, 0, 10, 9, 0, 9, 9
2025-12-28 12:48:31.613394|{rssi-447} 111, -127, -127, -127, -127, -127, -127, -127, -127, -127, -127, -78, -127, -127, -127, 111, 111, 111, 
2025-12-28 12:48:31.623569|{td-447} 0, -2923648, -2932568, -2941488, -2950408, -2959328, -2968248, -2977168, -2986088, -2995008, -3003928, -1, 0, 0, 0, 0, 0, 0, 
2025-12-28 12:48:31.634132|{tx-447} :AAAAAAAAAA-BBB...
2025-12-28 12:48:31.798522|{rx-448} 1, 0, 10, 3, 367, 5060, 0, 0, 0, 0, 10, 9, 0, 9, 9
2025-12-28 12:48:31.802988|{rssi-448} 111, -127, -127, -127, -127, -127, -127, -127, -127, -127, -127, -80, -127, -127, -127, 111, 111, 111, 
2025-12-28 12:48:31.813357|{td-448} 0, -2923648, -2932568, -2941488, -2950408, -2959328, -2968248, -2977168, -2986088, -2995008, -3003928, 5, 0, 0, 0, 0, 0, 0, 
2025-12-28 12:48:31.824835|{tx-448} :AAAAAAAAAA-BBB...
2025-12-28 12:48:31.988462|{rx-449} 0, 0, 14, 0, 367, 5074, 0, 0, 0, 0, 65535, 255, 0, 9, 9
2025-12-28 12:48:31.992764|{rssi-449} 111, -127, -127, -127, -127, -127, -127, -127, -127, -127, -127, -127, -127, -127, -127, 111, 111, 111, 
2025-12-28 12:48:32.003934|{td-449} 0, -2923648, -2932568, -2941488, -2950408, -2959328, -2968248, -2977168, -2986088, -2995008, -3003928, -3012848, -3021768, -3030688, -3039608, 0, 0, 0, 
2025-12-28 12:48:32.017234|{tx-449} :AAAAAAAAAAAAAA...
2025-12-28 12:48:32.177580|{rx-450} 1, 0, 11, 3, 368, 5086, 0, 0, 0, 0, 11, 10, 0, 9, 9
2025-12-28 12:48:32.183615|{rssi-450} 111, -127, -127, -127, -127, -127, -127, -127, -127, -127, -127, -127, -80, -127, -127, -127, 111, 111, 
2025-12-28 12:48:32.193866|{td-450} 0, -5963088, -5972008, -5980928, -5989848, -5998768, -6007688, -6016608, -6025528, -6034448, -6043368, -6052288, 9, 0, 0, 0, 0, 0, 
2025-12-28 12:48:32.206788|{tx-450} :AAAAAAAAAAA-BBB..
2025-12-28 12:48:32.367490|{rx-451} 1, 0, 10, 3, 369, 5097, 0, 0, 0, 0, 10, 10, 0, 9, 9
2025-12-28 12:48:32.372891|{rssi-451} 111, -127, -127, -127, -127, -127, -127, -127, -127, -127, -127, -81, -127, -127, -127, 111, 111, 111, 
2025-12-28 12:48:32.382625|{td-451} 0, -2914728, -2923648, -2932568, -2941488, -2950408, -2959328, -2968248, -2977168, -2986088, -2995008, 3, 0, 0, 0, 0, 0, 0, 
2025-12-28 12:48:32.394867|{tx-451} :AAAAAAAAAA-BBB...
2025-12-28 12:48:32.558999|{rx-452} 1, 0, 10, 3, 370, 5108, 0, 0, 0, 0, 10, 9, 0, 9, 9
2025-12-28 12:48:32.562897|{rssi-452} 111, -127, -127, -127, -127, -127, -127, -127, -127, -127, -127, -82, -127, -127, -127, 111, 111, 111, 
2025-12-28 12:48:32.573992|{td-452} 0, -2923648, -2932568, -2941488, -2950408, -2959328, -2968248, -2977168, -2986088, -2995008, -3003928, 1, 0, 0, 0, 0, 0, 0, 
2025-12-28 12:48:32.584417|{tx-452} :AAAAAAAAAA-BBB...
2025-12-28 12:48:32.747788|{rx-453} 1, 0, 11, 3, 371, 5120, 0, 0, 0, 0, 11, 9, 0, 9, 9
2025-12-28 12:48:32.753731|{rssi-453} 111, -127, -127, -127, -127, -127, -127, -127, -127, -127, -127, -127, -82, -127, -127, -127, 111, 111, 
2025-12-28 12:48:32.763369|{td-453} 0, -2923648, -2932568, -2941488, -2950408, -2959328, -2968248, -2977168, -2986088, -2995008, -3003928, -3012848, 1, 0, 0, 0, 0, 0, 
2025-12-28 12:48:32.775328|{tx-453} :AAAAAAAAAAA-BBB..
2025-12-28 12:48:32.937175|{rx-454} 1, 0, 9, 3, 372, 5130, 0, 0, 0, 0, 9, 9, 0, 9, 9
2025-12-28 12:48:32.943210|{rssi-454} 111, -127, -127, -127, -127, -127, -127, -127, -127, -127, -80, -127, -127, -127, 111, 111, 111, 111, 
2025-12-28 12:48:32.952504|{td-454} 0, -2914728, -2923648, -2932568, -2941488, -2950408, -2959328, -2968248, -2977168, -2986088, 7, 0, 0, 0, 0, 0, 0, 0, 
2025-12-28 12:48:32.962970|{tx-454} :AAAAAAAAA-BBB....
2025-12-28 12:48:33.130645|{rx-455} 1, 0, 12, 3, 373, 5143, 0, 0, 0, 0, 12, 11, 0, 9, 9
2025-12-28 12:48:33.138272|{rssi-455} 111, -127, -127, -127, -127, -127, -127, -127, -127, -127, -127, -127, -127, -82, -127, -127, -127, 111, 
2025-12-28 12:48:33.143571|{td-455} 0, -2932568, -2941488, -2950408, -2959328, -2968248, -2977168, -2986088, -2995008, -3003928, -3012848, -3021768, -3030688, 1, 0, 0, 0, 0, 
2025-12-28 12:48:33.157452|{tx-455} :AAAAAAAAAAAA-BBB.
2025-12-28 12:48:33.316665|{rx-456} 0, 0, 14, 0, 373, 5157, 0, 0, 0, 0, 65535, 255, 0, 9, 9
2025-12-28 12:48:33.322264|{rssi-456} 111, -127, -127, -127, -127, -127, -127, -127, -127, -127, -127, -127, -127, -127, -127, 111, 111, 111, 
2025-12-28 12:48:33.333019|{td-456} 0, -2905808, -2914728, -2923648, -2932568, -2941488, -2950408, -2959328, -2968248, -2977168, -2986088, -2995008, -3003928, -3012848, -3021768, 0, 0, 0, 
2025-12-28 12:48:33.347401|{tx-456} :AAAAAAAAAAAAAA...
2025-12-28 12:48:33.507399|{rx-457} 0, 0, 14, 0, 373, 5171, 0, 0, 0, 0, 65535, 255, 0, 9, 9
2025-12-28 12:48:33.513229|{rssi-457} 111, -127, -127, -127, -127, -127, -127, -127, -127, -127, -127, -127, -127, -127, -127, 111, 111, 111, 
2025-12-28 12:48:33.523106|{td-457} 0, -5945248, -5954168, -5963088, -5972008, -5980928, -5989848, -5998768, -6007688, -6016608, -6025528, -6034448, -6043368, -6052288, -6061208, 0, 0, 0, 
2025-12-28 12:48:33.537274|{tx-457} :AAAAAAAAAAAAAA...
2025-12-28 12:48:33.697460|{rx-458} 1, 0, 10, 3, 374, 5182, 0, 0, 0, 0, 10, 9, 0, 9, 9
2025-12-28 12:48:33.702692|{rssi-458} 111, -127, -127, -127, -127, -127, -127, -127, -127, -127, -127, -84, -127, -127, -127, 111, 111, 111, 
2025-12-28 12:48:33.711881|{td-458} 0, -8984688, -8993608, -9002528, -9011448, -9020368, -9029288, -9038208, -9047128, -9056048, -9064968, 13, 0, 0, 0, 0, 0, 0, 
2025-12-28 12:48:33.724805|{tx-458} :AAAAAAAAAA-BBB...
2025-12-28 12:48:33.890074|{rx-459} 1, 0, 12, 3, 375, 5195, 0, 0, 0, 0, 12, 10, 0, 9, 9
2025-12-28 12:48:33.894168|{rssi-459} 111, -127, -127, -127, -127, -127, -127, -127, -127, -127, -127, -127, -127, -82, -127, -127, -127, 111, 
2025-12-28 12:48:33.904519|{td-459} 0, -2923648, -2932568, -2941488, -2950408, -2959328, -2968248, -2977168, -2986088, -2995008, -3003928, -3012848, -3021768, 1, 0, 0, 0, 0, 
2025-12-28 12:48:33.916676|{tx-459} :AAAAAAAAAAAA-BBB.
2025-12-28 12:48:34.079566|{rx-460} 1, 0, 12, 3, 376, 5208, 0, 0, 0, 0, 12, 9, 0, 9, 9
2025-12-28 12:48:34.083592|{rssi-460} 111, -127, -127, -127, -127, -127, -127, -127, -127, -127, -127, -127, -127, -81, -127, -127, -127, 111, 
2025-12-28 12:48:34.094077|{td-460} 0, -2905808, -2914728, -2923648, -2932568, -2941488, -2950408, -2959328, -2968248, -2977168, -2986088, -2995008, -3003928, 3, 0, 0, 0, 0, 
2025-12-28 12:48:34.107357|{tx-460} :AAAAAAAAAAAA-BBB.
2025-12-28 12:48:34.267105|{rx-461} 0, 0, 14, 0, 376, 5222, 0, 0, 0, 0, 65535, 255, 0, 9, 9
2025-12-28 12:48:34.272783|{rssi-461} 111, -127, -127, -127, -127, -127, -127, -127, -127, -127, -127, -127, -127, -127, -127, 111, 111, 111, 
2025-12-28 12:48:34.282775|{td-461} 0, -2905808, -2914728, -2923648, -2932568, -2941488, -2950408, -2959328, -2968248, -2977168, -2986088, -2995008, -3003928, -3012848, -3021768, 0, 0, 0, 
2025-12-28 12:48:34.296568|{tx-461} :AAAAAAAAAAAAAA...
2025-12-28 12:48:34.460972|{rx-462} 1, 0, 13, 3, 377, 5236, 0, 0, 0, 0, 13, 10, 0, 9, 9
2025-12-28 12:48:34.464316|{rssi-462} 111, -127, -127, -127, -127, -127, -127, -127, -127, -127, -127, -127, -127, -127, -81, -127, -127, -127, 
2025-12-28 12:48:34.475580|{td-462} 0, -5945248, -5954168, -5963088, -5972008, -5980928, -5989848, -5998768, -6007688, -6016608, -6025528, -6034448, -6043368, -6052288, 1, 0, 0, 0, 
2025-12-28 12:48:34.489156|{tx-462} :AAAAAAAAAAAAA-BBB
2025-12-28 12:48:34.648025|{rx-463} 1, 0, 12, 3, 378, 5249, 0, 0, 0, 0, 12, 9, 0, 9, 9
2025-12-28 12:48:34.652979|{rssi-463} 111, -127, -127, -127, -127, -127, -127, -127, -127, -127, -127, -127, -127, -81, -127, -127, -127, 111, 
2025-12-28 12:48:34.663878|{td-463} 0, -2896888, -2905808, -2914728, -2923648, -2932568, -2941488, -2950408, -2959328, -2968248, -2977168, -2986088, -2995008, 7, 0, 0, 0, 0, 
2025-12-28 12:48:34.676963|{tx-463} :AAAAAAAAAAAA-BBB.
2025-12-28 12:48:34.838749|{rx-464} 1, 0, 11, 3, 379, 5261, 0, 0, 0, 0, 11, 9, 0, 9, 9
2025-12-28 12:48:34.842813|{rssi-464} 111, -127, -127, -127, -127, -127, -127, -127, -127, -127, -127, -127, -79, -127, -127, -127, 111, 111, 
2025-12-28 12:48:34.853382|{td-464} 0, -2905808, -2914728, -2923648, -2932568, -2941488, -2950408, -2959328, -2968248, -2977168, -2986088, -2995008, 7, 0, 0, 0, 0, 0, 
2025-12-28 12:48:34.865686|{tx-464} :AAAAAAAAAAA-BBB..
2025-12-28 12:48:35.026210|{rx-465} 1, 0, 8, 3, 380, 5270, 0, 0, 0, 0, 8, 9, 0, 9, 9
2025-12-28 12:48:35.030973|{rssi-465} 111, -127, -127, -127, -127, -127, -127, -127, -127, -81, -127, -127, -127, 111, 111, 111, 111, 111, 
2025-12-28 12:48:35.041231|{td-465} 0, -2914728, -2923648, -2932568, -2941488, -2950408, -2959328, -2968248, -2977168, 5, 0, 0, 0, 0, 0, 0, 0, 0, 
2025-12-28 12:48:35.052069|{tx-465} :AAAAAAAA-BBB.....
2025-12-28 12:48:35.217371|{rx-466} 1, 0, 10, 3, 381, 5281, 0, 0, 0, 0, 10, 9, 0, 9, 9
2025-12-28 12:48:35.222821|{rssi-466} 111, -127, -127, -127, -127, -127, -127, -127, -127, -127, -127, -81, -127, -127, -127, 111, 111, 111, 
2025-12-28 12:48:35.232799|{td-466} 0, -2941488, -2950408, -2959328, -2968248, -2977168, -2986088, -2995008, -3003928, -3012848, -3021768, 1, 0, 0, 0, 0, 0, 0, 
2025-12-28 12:48:35.243663|{tx-466} :AAAAAAAAAA-BBB...
2025-12-28 12:48:35.407626|{rx-467} 1, 0, 10, 3, 382, 5292, 0, 0, 0, 0, 10, 9, 0, 9, 9
2025-12-28 12:48:35.412164|{rssi-467} 111, -127, -127, -127, -127, -127, -127, -127, -127, -127, -127, -81, -127, -127, -127, 111, 111, 111, 
2025-12-28 12:48:35.421695|{td-467} 0, -2923648, -2932568, -2941488, -2950408, -2959328, -2968248, -2977168, -2986088, -2995008, -3003928, 1, 0, 0, 0, 0, 0, 0, 
2025-12-28 12:48:35.433324|{tx-467} :AAAAAAAAAA-BBB...
2025-12-28 12:48:35.598410|{rx-468} 1, 1, 10, 3, 383, 5304, 0, 0, 0, 0, 11, 9, 0, 9, 9
2025-12-28 12:48:35.602728|{rssi-468} 111, -127, -127, -127, -127, -127, -127, -127, -127, -127, -127, -79, -82, -127, -127, -127, 111, 111, 
2025-12-28 12:48:35.612907|{td-468} 0, -2923648, -2932568, -2941488, -2950408, -2959328, -2968248, -2977168, -2986088, -2995008, -3003928, 7, 7, 0, 0, 0, 0, 0, 
2025-12-28 12:48:35.625170|{tx-468} :AAAAAAAAAAC-BBB..
2025-12-28 12:48:35.788904|{rx-469} 1, 0, 11, 3, 384, 5316, 0, 0, 0, 0, 11, 10, 0, 9, 9
2025-12-28 12:48:35.793031|{rssi-469} 111, -127, -127, -127, -127, -127, -127, -127, -127, -127, -127, -127, -78, -127, -127, -127, 111, 111, 
2025-12-28 12:48:35.803500|{td-469} 0, -2914728, -2923648, -2932568, -2941488, -2950408, -2959328, -2968248, -2977168, -2986088, -2995008, -3003928, -1, 0, 0, 0, 0, 0, 
2025-12-28 12:48:35.816035|{tx-469} :AAAAAAAAAAA-BBB..
2025-12-28 12:48:35.977283|{rx-470} 1, 0, 10, 3, 385, 5327, 0, 0, 0, 0, 10, 9, 0, 9, 9
2025-12-28 12:48:35.982754|{rssi-470} 111, -127, -127, -127, -127, -127, -127, -127, -127, -127, -127, -83, -127, -127, -127, 111, 111, 111, 
2025-12-28 12:48:35.992507|{td-470} 0, -2914728, -2923648, -2932568, -2941488, -2950408, -2959328, -2968248, -2977168, -2986088, -2995008, 5, 0, 0, 0, 0, 0, 0, 
2025-12-28 12:48:36.004251|{tx-470} :AAAAAAAAAA-BBB...
2025-12-28 12:48:36.167636|{rx-471} 1, 0, 12, 3, 386, 5340, 0, 0, 0, 0, 12, 10, 0, 9, 9
2025-12-28 12:48:36.172414|{rssi-471} 111, -127, -127, -127, -127, -127, -127, -127, -127, -127, -127, -127, -127, -80, -127, -127, -127, 111, 
2025-12-28 12:48:36.183997|{td-471} 0, -2923648, -2932568, -2941488, -2950408, -2959328, -2968248, -2977168, -2986088, -2995008, -3003928, -3012848, -3021768, 1, 0, 0, 0, 0, 
2025-12-28 12:48:36.196744|{tx-471} :AAAAAAAAAAAA-BBB.
2025-12-28 12:48:36.357412|{rx-472} 1, 0, 11, 3, 387, 5352, 0, 0, 0, 0, 11, 10, 0, 9, 9
2025-12-28 12:48:36.363201|{rssi-472} 111, -127, -127, -127, -127, -127, -127, -127, -127, -127, -127, -127, -86, -127, -127, -127, 111, 111, 
2025-12-28 12:48:36.373405|{td-472} 0, -2905808, -2914728, -2923648, -2932568, -2941488, -2950408, -2959328, -2968248, -2977168, -2986088, -2995008, 3, 0, 0, 0, 0, 0, 
2025-12-28 12:48:36.385626|{tx-472} :AAAAAAAAAAA-BBB..
2025-12-28 12:48:36.546821|{rx-473} 1, 0, 10, 3, 388, 5363, 0, 0, 0, 0, 10, 9, 0, 9, 9
2025-12-28 12:48:36.551957|{rssi-473} 111, -127, -127, -127, -127, -127, -127, -127, -127, -127, -127, -78, -127, -127, -127, 111, 111, 111, 
2025-12-28 12:48:36.562319|{td-473} 0, -2914728, -2923648, -2932568, -2941488, -2950408, -2959328, -2968248, -2977168, -2986088, -2995008, 11, 0, 0, 0, 0, 0, 0, 
2025-12-28 12:48:36.574409|{tx-473} :AAAAAAAAAA-BBB...
2025-12-28 12:48:36.737185|{rx-474} 1, 0, 10, 3, 389, 5374, 0, 0, 0, 0, 10, 9, 0, 9, 9
2025-12-28 12:48:36.741647|{rssi-474} 111, -127, -127, -127, -127, -127, -127, -127, -127, -127, -127, -85, -127, -127, -127, 111, 111, 111, 
2025-12-28 12:48:36.752210|{td-474} 0, -2923648, -2932568, -2941488, -2950408, -2959328, -2968248, -2977168, -2986088, -2995008, -3003928, -3, 0, 0, 0, 0, 0, 0, 
2025-12-28 12:48:36.764201|{tx-474} :AAAAAAAAAA-BBB...
2025-12-28 12:48:36.926319|{rx-475} 1, 0, 8, 3, 390, 5383, 0, 0, 0, 0, 8, 9, 0, 9, 9
2025-12-28 12:48:36.931278|{rssi-475} 111, -127, -127, -127, -127, -127, -127, -127, -127, -82, -127, -127, -127, 111, 111, 111, 111, 111, 
2025-12-28 12:48:36.940720|{td-475} 0, -2923648, -2932568, -2941488, -2950408, -2959328, -2968248, -2977168, -2986088, 3, 0, 0, 0, 0, 0, 0, 0, 0, 
2025-12-28 12:48:36.950206|{tx-475} :AAAAAAAA-BBB.....
2025-12-28 12:48:37.117903|{rx-476} 1, 0, 12, 3, 391, 5396, 0, 0, 0, 0, 12, 11, 0, 9, 9
2025-12-28 12:48:37.123913|{rssi-476} 111, -127, -127, -127, -127, -127, -127, -127, -127, -127, -127, -127, -127, -83, -127, -127, -127, 111, 
2025-12-28 12:48:37.135006|{td-476} 0, -2941488, -2950408, -2959328, -2968248, -2977168, -2986088, -2995008, -3003928, -3012848, -3021768, -3030688, -3039608, 5, 0, 0, 0, 0, 
2025-12-28 12:48:37.145831|{tx-476} :AAAAAAAAAAAA-BBB.
2025-12-28 12:48:37.306377|{rx-477} 1, 1, 10, 3, 392, 5408, 0, 0, 0, 0, 11, 9, 0, 9, 9
2025-12-28 12:48:37.312979|{rssi-477} 111, -127, -127, -127, -127, -127, -127, -127, -127, -127, -127, -83, -82, -127, -127, -127, 111, 111, 
2025-12-28 12:48:37.322747|{td-477} 0, -2905808, -2914728, -2923648, -2932568, -2941488, -2950408, -2959328, -2968248, -2977168, -2986088, 3, 5, 0, 0, 0, 0, 0, 
2025-12-28 12:48:37.334916|{tx-477} :AAAAAAAAAAC-BBB..
2025-12-28 12:48:37.497083|{rx-478} 1, 0, 10, 3, 393, 5419, 0, 0, 0, 0, 10, 9, 0, 9, 9
2025-12-28 12:48:37.501782|{rssi-478} 111, -127, -127, -127, -127, -127, -127, -127, -127, -127, -127, -81, -127, -127, -127, 111, 111, 111, 
2025-12-28 12:48:37.512287|{td-478} 0, -2914728, -2923648, -2932568, -2941488, -2950408, -2959328, -2968248, -2977168, -2986088, -2995008, 1, 0, 0, 0, 0, 0, 0, 
2025-12-28 12:48:37.523008|{tx-478} :AAAAAAAAAA-BBB...
2025-12-28 12:48:37.686973|{rx-479} 1, 0, 9, 3, 394, 5429, 0, 0, 0, 0, 9, 10, 0, 9, 9
2025-12-28 12:48:37.691619|{rssi-479} 111, -127, -127, -127, -127, -127, -127, -127, -127, -127, -80, -127, -127, -127, 111, 111, 111, 111, 
2025-12-28 12:48:37.701810|{td-479} 0, -2923648, -2932568, -2941488, -2950408, -2959328, -2968248, -2977168, -2986088, -2995008, 5, 0, 0, 0, 0, 0, 0, 0, 
2025-12-28 12:48:37.712429|{tx-479} :AAAAAAAAA-BBB....
2025-12-28 12:48:37.876676|{rx-480} 1, 0, 11, 3, 395, 5441, 0, 0, 0, 0, 11, 10, 0, 9, 9
2025-12-28 12:48:37.881503|{rssi-480} 111, -127, -127, -127, -127, -127, -127, -127, -127, -127, -127, -127, -81, -127, -127, -127, 111, 111, 
2025-12-28 12:48:37.892696|{td-480} 0, -2932568, -2941488, -2950408, -2959328, -2968248, -2977168, -2986088, -2995008, -3003928, -3012848, -3021768, -3, 0, 0, 0, 0, 0, 
2025-12-28 12:48:37.904164|{tx-480} :AAAAAAAAAAA-BBB..
2025-12-28 12:48:38.067216|{rx-481} 1, 0, 10, 3, 396, 5452, 0, 0, 0, 0, 10, 9, 0, 9, 9
2025-12-28 12:48:38.070919|{rssi-481} 111, -127, -127, -127, -127, -127, -127, -127, -127, -127, -127, -82, -127, -127, -127, 111, 111, 111, 
2025-12-28 12:48:38.083245|{td-481} 0, -2914728, -2923648, -2932568, -2941488, -2950408, -2959328, -2968248, -2977168, -2986088, -2995008, 11, 0, 0, 0, 0, 0, 0, 
2025-12-28 12:48:38.093410|{tx-481} :AAAAAAAAAA-BBB...
2025-12-28 12:48:38.256433|{rx-482} 1, 0, 10, 3, 397, 5463, 0, 0, 0, 0, 10, 9, 0, 9, 9
2025-12-28 12:48:38.263375|{rssi-482} 111, -127, -127, -127, -127, -127, -127, -127, -127, -127, -127, -81, -127, -127, -127, 111, 111, 111, 
2025-12-28 12:48:38.273243|{td-482} 0, -2923648, -2932568, -2941488, -2950408, -2959328, -2968248, -2977168, -2986088, -2995008, -3003928, -3, 0, 0, 0, 0, 0, 0, 
2025-12-28 12:48:38.284292|{tx-482} :AAAAAAAAAA-BBB...
2025-12-28 12:48:38.448490|{rx-483} 1, 0, 13, 3, 398, 5477, 0, 0, 0, 0, 13, 11, 0, 9, 9
2025-12-28 12:48:38.453749|{rssi-483} 111, -127, -127, -127, -127, -127, -127, -127, -127, -127, -127, -127, -127, -127, -81, -127, -127, -127, 
2025-12-28 12:48:38.465297|{td-483} 0, -2923648, -2932568, -2941488, -2950408, -2959328, -2968248, -2977168, -2986088, -2995008, -3003928, -3012848, -3021768, -3030688, 3, 0, 0, 0, 
2025-12-28 12:48:38.477372|{tx-483} :AAAAAAAAAAAAA-BBB
2025-12-28 12:48:38.637400|{rx-484} 1, 0, 11, 3, 399, 5489, 0, 0, 0, 0, 11, 9, 0, 9, 9
2025-12-28 12:48:38.641580|{rssi-484} 111, -127, -127, -127, -127, -127, -127, -127, -127, -127, -127, -127, -80, -127, -127, -127, 111, 111, 
2025-12-28 12:48:38.652093|{td-484} 0, -2896888, -2905808, -2914728, -2923648, -2932568, -2941488, -2950408, -2959328, -2968248, -2977168, -2986088, 7, 0, 0, 0, 0, 0, 
2025-12-28 12:48:38.665141|{tx-484} :AAAAAAAAAAA-BBB..
2025-12-28 12:48:38.829001|{rx-485} 1, 0, 12, 3, 400, 5502, 0, 0, 0, 0, 12, 10, 0, 9, 9
2025-12-28 12:48:38.832551|{rssi-485} 111, -127, -127, -127, -127, -127, -127, -127, -127, -127, -127, -127, -127, -78, -127, -127, -127, 111, 
2025-12-28 12:48:38.842539|{td-485} 0, -2914728, -2923648, -2932568, -2941488, -2950408, -2959328, -2968248, -2977168, -2986088, -2995008, -3003928, -3012848, 3, 0, 0, 0, 0, 
2025-12-28 12:48:38.855893|{tx-485} :AAAAAAAAAAAA-BBB.
2025-12-28 12:48:39.017685|{rx-486} 1, 0, 10, 3, 401, 5513, 0, 0, 0, 0, 10, 9, 0, 9, 9
2025-12-28 12:48:39.023746|{rssi-486} 111, -127, -127, -127, -127, -127, -127, -127, -127, -127, -127, -78, -127, -127, -127, 111, 111, 111, 
2025-12-28 12:48:39.031912|{td-486} 0, -2905808, -2914728, -2923648, -2932568, -2941488, -2950408, -2959328, -2968248, -2977168, -2986088, 1, 0, 0, 0, 0, 0, 0, 
2025-12-28 12:48:39.043667|{tx-486} :AAAAAAAAAA-BBB...
2025-12-28 12:48:39.206632|{rx-487} 1, 0, 11, 3, 402, 5525, 0, 0, 0, 0, 11, 9, 0, 9, 9
2025-12-28 12:48:39.212396|{rssi-487} 111, -127, -127, -127, -127, -127, -127, -127, -127, -127, -127, -127, -80, -127, -127, -127, 111, 111, 
2025-12-28 12:48:39.222769|{td-487} 0, -2923648, -2932568, -2941488, -2950408, -2959328, -2968248, -2977168, -2986088, -2995008, -3003928, -3012848, 9, 0, 0, 0, 0, 0, 
2025-12-28 12:48:39.233915|{tx-487} :AAAAAAAAAAA-BBB..
2025-12-28 12:48:39.396025|{rx-488} 1, 0, 9, 3, 403, 5535, 0, 0, 0, 0, 9, 9, 0, 9, 9
2025-12-28 12:48:39.400787|{rssi-488} 111, -127, -127, -127, -127, -127, -127, -127, -127, -127, -82, -127, -127, -127, 111, 111, 111, 111, 
2025-12-28 12:48:39.411122|{td-488} 0, -2914728, -2923648, -2932568, -2941488, -2950408, -2959328, -2968248, -2977168, -2986088, 5, 0, 0, 0, 0, 0, 0, 0, 
2025-12-28 12:48:39.421294|{tx-488} :AAAAAAAAA-BBB....
2025-12-28 12:48:39.584514|{rx-489} 1, 0, 8, 3, 404, 5544, 0, 0, 0, 0, 8, 9, 0, 9, 9
2025-12-28 12:48:39.591150|{rssi-489} 111, -127, -127, -127, -127, -127, -127, -127, -127, -79, -127, -127, -127, 111, 111, 111, 111, 111, 
2025-12-28 12:48:39.601039|{td-489} 0, -2932568, -2941488, -2950408, -2959328, -2968248, -2977168, -2986088, -2995008, -3, 0, 0, 0, 0, 0, 0, 0, 0, 
2025-12-28 12:48:39.609926|{tx-489} :AAAAAAAA-BBB.....
2025-12-28 12:48:39.775396|{rx-490} 1, 0, 10, 3, 405, 5555, 0, 0, 0, 0, 10, 9, 0, 9, 9
2025-12-28 12:48:39.781465|{rssi-490} 111, -127, -127, -127, -127, -127, -127, -127, -127, -127, -127, -82, -127, -127, -127, 111, 111, 111, 
2025-12-28 12:48:39.792190|{td-490} 0, -2941488, -2950408, -2959328, -2968248, -2977168, -2986088, -2995008, -3003928, -3012848, -3021768, 3, 0, 0, 0, 0, 0, 0, 
2025-12-28 12:48:39.802412|{tx-490} :AAAAAAAAAA-BBB...
2025-12-28 12:48:39.965865|{rx-491} 1, 0, 10, 3, 406, 5566, 0, 0, 0, 0, 10, 9, 0, 9, 9
2025-12-28 12:48:39.970626|{rssi-491} 111, -127, -127, -127, -127, -127, -127, -127, -127, -127, -127, -82, -127, -127, -127, 111, 111, 111, 
2025-12-28 12:48:39.981993|{td-491} 0, -2923648, -2932568, -2941488, -2950408, -2959328, -2968248, -2977168, -2986088, -2995008, -3003928, 9, 0, 0, 0, 0, 0, 0, 
2025-12-28 12:48:39.993206|{tx-491} :AAAAAAAAAA-BBB...
2025-12-28 12:48:40.156406|{rx-492} 1, 0, 11, 3, 407, 5578, 0, 0, 0, 0, 11, 10, 0, 9, 9
2025-12-28 12:48:40.162175|{rssi-492} 111, -127, -127, -127, -127, -127, -127, -127, -127, -127, -127, -127, -82, -127, -127, -127, 111, 111, 
2025-12-28 12:48:40.172615|{td-492} 0, -2923648, -2932568, -2941488, -2950408, -2959328, -2968248, -2977168, -2986088, -2995008, -3003928, -3012848, -1, 0, 0, 0, 0, 0, 
2025-12-28 12:48:40.184162|{tx-492} :AAAAAAAAAAA-BBB..
2025-12-28 12:48:40.347145|{rx-493} 1, 0, 11, 3, 408, 5590, 0, 0, 0, 0, 11, 10, 0, 9, 9
2025-12-28 12:48:40.352122|{rssi-493} 111, -127, -127, -127, -127, -127, -127, -127, -127, -127, -127, -127, -82, -127, -127, -127, 111, 111, 
2025-12-28 12:48:40.361813|{td-493} 0, -2914728, -2923648, -2932568, -2941488, -2950408, -2959328, -2968248, -2977168, -2986088, -2995008, -3003928, 1, 0, 0, 0, 0, 0, 
2025-12-28 12:48:40.373933|{tx-493} :AAAAAAAAAAA-BBB..
2025-12-28 12:48:40.535862|{rx-494} 1, 0, 10, 3, 409, 5601, 0, 0, 0, 0, 10, 9, 0, 9, 9
2025-12-28 12:48:40.540562|{rssi-494} 111, -127, -127, -127, -127, -127, -127, -127, -127, -127, -127, -78, -127, -127, -127, 111, 111, 111, 
2025-12-28 12:48:40.552098|{td-494} 0, -2914728, -2923648, -2932568, -2941488, -2950408, -2959328, -2968248, -2977168, -2986088, -2995008, 9, 0, 0, 0, 0, 0, 0, 
2025-12-28 12:48:40.562577|{tx-494} :AAAAAAAAAA-BBB...
2025-12-28 12:48:40.725558|{rx-495} 1, 0, 10, 3, 410, 5612, 0, 0, 0, 0, 10, 9, 0, 9, 9
2025-12-28 12:48:40.731595|{rssi-495} 111, -127, -127, -127, -127, -127, -127, -127, -127, -127, -127, -79, -127, -127, -127, 111, 111, 111, 
2025-12-28 12:48:40.741657|{td-495} 0, -2923648, -2932568, -2941488, -2950408, -2959328, -2968248, -2977168, -2986088, -2995008, -3003928, 3, 0, 0, 0, 0, 0, 0, 
2025-12-28 12:48:40.752581|{tx-495} :AAAAAAAAAA-BBB...
2025-12-28 12:48:40.917398|{rx-496} 1, 0, 11, 3, 411, 5624, 0, 0, 0, 0, 11, 10, 0, 9, 9
2025-12-28 12:48:40.922083|{rssi-496} 111, -127, -127, -127, -127, -127, -127, -127, -127, -127, -127, -127, -79, -127, -127, -127, 111, 111, 
2025-12-28 12:48:40.933022|{td-496} 0, -2923648, -2932568, -2941488, -2950408, -2959328, -2968248, -2977168, -2986088, -2995008, -3003928, -3012848, 3, 0, 0, 0, 0, 0, 
2025-12-28 12:48:40.945167|{tx-496} :AAAAAAAAAAA-BBB..
2025-12-28 12:48:41.106049|{rx-497} 1, 0, 11, 3, 412, 5636, 0, 0, 0, 0, 11, 9, 0, 9, 9
2025-12-28 12:48:41.111409|{rssi-497} 111, -127, -127, -127, -127, -127, -127, -127, -127, -127, -127, -127, -82, -127, -127, -127, 111, 111, 
2025-12-28 12:48:41.120997|{td-497} 0, -2914728, -2923648, -2932568, -2941488, -2950408, -2959328, -2968248, -2977168, -2986088, -2995008, -3003928, 3, 0, 0, 0, 0, 0, 
2025-12-28 12:48:41.135141|{tx-497} :AAAAAAAAAAA-BBB..
2025-12-28 12:48:41.296151|{rx-498} 1, 0, 10, 3, 413, 5647, 0, 0, 0, 0, 10, 10, 0, 9, 9
2025-12-28 12:48:41.301333|{rssi-498} 111, -127, -127, -127, -127, -127, -127, -127, -127, -127, -127, -78, -127, -127, -127, 111, 111, 111, 
2025-12-28 12:48:41.312117|{td-498} 0, -2914728, -2923648, -2932568, -2941488, -2950408, -2959328, -2968248, -2977168, -2986088, -2995008, 5, 0, 0, 0, 0, 0, 0, 
2025-12-28 12:48:41.323873|{tx-498} :AAAAAAAAAA-BBB...
2025-12-28 12:48:41.485616|{rx-499} 1, 0, 10, 3, 414, 5658, 0, 0, 0, 0, 10, 9, 0, 9, 9
2025-12-28 12:48:41.490926|{rssi-499} 111, -127, -127, -127, -127, -127, -127, -127, -127, -127, -127, -79, -127, -127, -127, 111, 111, 111, 
2025-12-28 12:48:41.501965|{td-499} 0, -2923648, -2932568, -2941488, -2950408, -2959328, -2968248, -2977168, -2986088, -2995008, -3003928, 1, 0, 0, 0, 0, 0, 0, 
2025-12-28 12:48:41.512118|{tx-499} :AAAAAAAAAA-BBB...
2025-12-28 12:48:41.677159|{rx-500} 1, 0, 12, 3, 415, 5671, 0, 0, 0, 0, 12, 9, 0, 9, 9
2025-12-28 12:48:41.682150|{rssi-500} 111, -127, -127, -127, -127, -127, -127, -127, -127, -127, -127, -127, -127, -83, -127, -127, -127, 111, 
2025-12-28 12:48:41.692775|{td-500} 0, -2923648, -2932568, -2941488, -2950408, -2959328, -2968248, -2977168, -2986088, -2995008, -3003928, -3012848, -3021768, 3, 0, 0, 0, 0, 
2025-12-28 12:48:41.704965|{tx-500} :AAAAAAAAAAAA-BBB.
2025-12-28 12:48:41.866379|{rx-501} 0, 0, 14, 0, 415, 5685, 0, 0, 0, 0, 65535, 255, 0, 9, 9
2025-12-28 12:48:41.871359|{rssi-501} 111, -127, -127, -127, -127, -127, -127, -127, -127, -127, -127, -127, -127, -127, -127, 111, 111, 111, 
2025-12-28 12:48:41.883341|{td-501} 0, -2905808, -2914728, -2923648, -2932568, -2941488, -2950408, -2959328, -2968248, -2977168, -2986088, -2995008, -3003928, -3012848, -3021768, 0, 0, 0, 
2025-12-28 12:48:41.896458|{tx-501} :AAAAAAAAAAAAAA...
2025-12-28 12:48:42.057403|{rx-502} 1, 1, 11, 3, 416, 5698, 0, 0, 0, 0, 12, 9, 0, 9, 9
2025-12-28 12:48:42.061828|{rssi-502} 111, -127, -127, -127, -127, -127, -127, -127, -127, -127, -127, -127, -79, -79, -127, -127, -127, 111, 
2025-12-28 12:48:42.072979|{td-502} 0, -5945248, -5954168, -5963088, -5972008, -5980928, -5989848, -5998768, -6007688, -6016608, -6025528, -6034448, 3, 3, 0, 0, 0, 0, 
2025-12-28 12:48:42.085767|{tx-502} :AAAAAAAAAAAC-BBB.
2025-12-28 12:48:42.246299|{rx-503} 0, 0, 14, 0, 416, 5712, 0, 0, 0, 0, 65535, 255, 0, 9, 9
2025-12-28 12:48:42.251250|{rssi-503} 111, -127, -127, -127, -127, -127, -127, -127, -127, -127, -127, -127, -127, -127, -127, 111, 111, 111, 
2025-12-28 12:48:42.261707|{td-503} 0, -2905808, -2914728, -2923648, -2932568, -2941488, -2950408, -2959328, -2968248, -2977168, -2986088, -2995008, -3003928, -3012848, -3021768, 0, 0, 0, 
2025-12-28 12:48:42.274968|{tx-503} :AAAAAAAAAAAAAA...
2025-12-28 12:48:42.436082|{rx-504} 0, 0, 14, 0, 416, 5726, 0, 0, 0, 0, 65535, 255, 0, 9, 9
2025-12-28 12:48:42.440908|{rssi-504} 111, -127, -127, -127, -127, -127, -127, -127, -127, -127, -127, -127, -127, -127, -127, 111, 111, 111, 
2025-12-28 12:48:42.451593|{td-504} 0, -5945248, -5954168, -5963088, -5972008, -5980928, -5989848, -5998768, -6007688, -6016608, -6025528, -6034448, -6043368, -6052288, -6061208, 0, 0, 0, 
2025-12-28 12:48:42.465522|{tx-504} :AAAAAAAAAAAAAA...
2025-12-28 12:48:42.625684|{rx-505} 1, 0, 10, 3, 417, 5737, 0, 0, 0, 0, 10, 9, 0, 9, 9
2025-12-28 12:48:42.631001|{rssi-505} 111, -127, -127, -127, -127, -127, -127, -127, -127, -127, -127, -82, -127, -127, -127, 111, 111, 111, 
2025-12-28 12:48:42.641350|{td-505} 0, -8984688, -8993608, -9002528, -9011448, -9020368, -9029288, -9038208, -9047128, -9056048, -9064968, 15, 0, 0, 0, 0, 0, 0, 
2025-12-28 12:48:42.652394|{tx-505} :AAAAAAAAAA-BBB...
2025-12-28 12:48:42.817661|{rx-506} 1, 0, 12, 3, 418, 5750, 0, 0, 0, 0, 12, 9, 0, 9, 9
2025-12-28 12:48:42.822545|{rssi-506} 111, -127, -127, -127, -127, -127, -127, -127, -127, -127, -127, -127, -127, -82, -127, -127, -127, 111, 
2025-12-28 12:48:42.832892|{td-506} 0, -2923648, -2932568, -2941488, -2950408, -2959328, -2968248, -2977168, -2986088, -2995008, -3003928, -3012848, -3021768, 9, 0, 0, 0, 0, 
2025-12-28 12:48:42.844951|{tx-506} :AAAAAAAAAAAA-BBB.
2025-12-28 12:48:43.006342|{rx-507} 1, 0, 10, 3, 419, 5761, 0, 0, 0, 0, 10, 9, 0, 9, 9
2025-12-28 12:48:43.011096|{rssi-507} 111, -127, -127, -127, -127, -127, -127, -127, -127, -127, -127, -82, -127, -127, -127, 111, 111, 111, 
2025-12-28 12:48:43.021296|{td-507} 0, -2905808, -2914728, -2923648, -2932568, -2941488, -2950408, -2959328, -2968248, -2977168, -2986088, -3, 0, 0, 0, 0, 0, 0, 
2025-12-28 12:48:43.031997|{tx-507} :AAAAAAAAAA-BBB...
2025-12-28 12:48:43.196300|{rx-508} 1, 0, 10, 3, 420, 5772, 0, 0, 0, 0, 10, 9, 0, 9, 9
2025-12-28 12:48:43.199895|{rssi-508} 111, -127, -127, -127, -127, -127, -127, -127, -127, -127, -127, -79, -127, -127, -127, 111, 111, 111, 
2025-12-28 12:48:43.211482|{td-508} 0, -2923648, -2932568, -2941488, -2950408, -2959328, -2968248, -2977168, -2986088, -2995008, -3003928, 7, 0, 0, 0, 0, 0, 0, 
2025-12-28 12:48:43.222523|{tx-508} :AAAAAAAAAA-BBB...
2025-12-28 12:48:43.385741|{rx-509} 1, 0, 11, 3, 421, 5784, 0, 0, 0, 0, 11, 10, 0, 9, 9
2025-12-28 12:48:43.394700|{rssi-509} 111, -127, -127, -127, -127, -127, -127, -127, -127, -127, -127, -127, -83, -127, -127, -127, 111, 111, 
2025-12-28 12:48:43.401312|{td-509} 0, -2923648, -2932568, -2941488, -2950408, -2959328, -2968248, -2977168, -2986088, -2995008, -3003928, -3012848, -3, 0, 0, 0, 0, 0, 
2025-12-28 12:48:43.414243|{tx-509} :AAAAAAAAAAA-BBB..
2025-12-28 12:48:43.575290|{rx-510} 0, 0, 14, 0, 421, 5798, 0, 0, 0, 0, 65535, 255, 0, 9, 9
2025-12-28 12:48:43.581475|{rssi-510} 111, -127, -127, -127, -127, -127, -127, -127, -127, -127, -127, -127, -127, -127, -127, 111, 111, 111, 
2025-12-28 12:48:43.591782|{td-510} 0, -2914728, -2923648, -2932568, -2941488, -2950408, -2959328, -2968248, -2977168, -2986088, -2995008, -3003928, -3012848, -3021768, -3030688, 0, 0, 0, 
2025-12-28 12:48:43.605103|{tx-510} :AAAAAAAAAAAAAA...
2025-12-28 12:48:43.764448|{rx-511} 1, 0, 8, 3, 422, 5807, 0, 0, 0, 0, 8, 9, 0, 9, 9
2025-12-28 12:48:43.769733|{rssi-511} 111, -127, -127, -127, -127, -127, -127, -127, -127, -81, -127, -127, -127, 111, 111, 111, 111, 111, 
2025-12-28 12:48:43.779596|{td-511} 0, -5954168, -5963088, -5972008, -5980928, -5989848, -5998768, -6007688, -6016608, 7, 0, 0, 0, 0, 0, 0, 0, 0, 
2025-12-28 12:48:43.789479|{tx-511} :AAAAAAAA-BBB.....
2025-12-28 12:48:43.956213|{rx-512} 1, 0, 10, 3, 423, 5818, 0, 0, 0, 0, 10, 9, 0, 9, 9
2025-12-28 12:48:43.961265|{rssi-512} 111, -127, -127, -127, -127, -127, -127, -127, -127, -127, -127, -82, -127, -127, -127, 111, 111, 111, 
2025-12-28 12:48:43.970982|{td-512} 0, -2941488, -2950408, -2959328, -2968248, -2977168, -2986088, -2995008, -3003928, -3012848, -3021768, 5, 0, 0, 0, 0, 0, 0, 
2025-12-28 12:48:43.983216|{tx-512} :AAAAAAAAAA-BBB...
2025-12-28 12:48:44.145063|{rx-513} 0, 0, 14, 0, 423, 5832, 0, 0, 0, 0, 65535, 255, 0, 9, 9
2025-12-28 12:48:44.151202|{rssi-513} 111, -127, -127, -127, -127, -127, -127, -127, -127, -127, -127, -127, -127, -127, -127, 111, 111, 111, 
2025-12-28 12:48:44.161419|{td-513} 0, -2923648, -2932568, -2941488, -2950408, -2959328, -2968248, -2977168, -2986088, -2995008, -3003928, -3012848, -3021768, -3030688, -3039608, 0, 0, 0, 
2025-12-28 12:48:44.175067|{tx-513} :AAAAAAAAAAAAAA...
2025-12-28 12:48:44.335129|{rx-514} 1, 0, 9, 3, 424, 5842, 0, 0, 0, 0, 9, 9, 0, 9, 9
2025-12-28 12:48:44.339356|{rssi-514} 111, -127, -127, -127, -127, -127, -127, -127, -127, -127, -80, -127, -127, -127, 111, 111, 111, 111, 
2025-12-28 12:48:44.350511|{td-514} 0, -5963088, -5972008, -5980928, -5989848, -5998768, -6007688, -6016608, -6025528, -6034448, 9, 0, 0, 0, 0, 0, 0, 0, 
2025-12-28 12:48:44.360362|{tx-514} :AAAAAAAAA-BBB....
2025-12-28 12:48:44.525481|{rx-515} 0, 0, 14, 0, 424, 5856, 0, 0, 0, 0, 65535, 255, 0, 9, 9
2025-12-28 12:48:44.531413|{rssi-515} 111, -127, -127, -127, -127, -127, -127, -127, -127, -127, -127, -127, -127, -127, -127, 111, 111, 111, 
2025-12-28 12:48:44.540556|{td-515} 0, -2932568, -2941488, -2950408, -2959328, -2968248, -2977168, -2986088, -2995008, -3003928, -3012848, -3021768, -3030688, -3039608, -3048528, 0, 0, 0, 
2025-12-28 12:48:44.555111|{tx-515} :AAAAAAAAAAAAAA...
2025-12-28 12:48:44.714387|{rx-516} 1, 0, 8, 3, 425, 5865, 0, 0, 0, 0, 8, 9, 0, 9, 9
2025-12-28 12:48:44.719557|{rssi-516} 111, -127, -127, -127, -127, -127, -127, -127, -127, -81, -127, -127, -127, 111, 111, 111, 111, 111, 
2025-12-28 12:48:44.729451|{td-516} 0, -5972008, -5980928, -5989848, -5998768, -6007688, -6016608, -6025528, -6034448, -5, 0, 0, 0, 0, 0, 0, 0, 0, 
2025-12-28 12:48:44.739810|{tx-516} :AAAAAAAA-BBB.....
2025-12-28 12:48:44.905440|{rx-517} 0, 0, 14, 0, 425, 5879, 0, 0, 0, 0, 65535, 255, 0, 9, 9
2025-12-28 12:48:44.910844|{rssi-517} 111, -127, -127, -127, -127, -127, -127, -127, -127, -127, -127, -127, -127, -127, -127, 111, 111, 111, 
2025-12-28 12:48:44.921374|{td-517} 0, -2941488, -2950408, -2959328, -2968248, -2977168, -2986088, -2995008, -3003928, -3012848, -3021768, -3030688, -3039608, -3048528, -3057448, 0, 0, 0, 
2025-12-28 12:48:44.935852|{tx-517} :AAAAAAAAAAAAAA...
2025-12-28 12:48:45.094655|{rx-518} 0, 0, 14, 0, 425, 5893, 0, 0, 0, 0, 65535, 255, 0, 9, 9
2025-12-28 12:48:45.100288|{rssi-518} 111, -127, -127, -127, -127, -127, -127, -127, -127, -127, -127, -127, -127, -127, -127, 111, 111, 111, 
2025-12-28 12:48:45.111585|{td-518} 0, -5980928, -5989848, -5998768, -6007688, -6016608, -6025528, -6034448, -6043368, -6052288, -6061208, -6070128, -6079048, -6087968, -6096888, 0, 0, 0, 
2025-12-28 12:48:45.124065|{tx-518} :AAAAAAAAAAAAAA...
2025-12-28 12:48:45.284586|{rx-519} 0, 0, 14, 0, 425, 5907, 0, 0, 0, 0, 65535, 255, 0, 9, 9
2025-12-28 12:48:45.290149|{rssi-519} 111, -127, -127, -127, -127, -127, -127, -127, -127, -127, -127, -127, -127, -127, -127, 111, 111, 111, 
2025-12-28 12:48:45.300719|{td-519} 0, -9020368, -9029288, -9038208, -9047128, -9056048, -9064968, -9073888, -9082808, -9091728, -9100648, -9109568, -9118488, -9127408, -9136328, 0, 0, 0, 
2025-12-28 12:48:45.313862|{tx-519} :AAAAAAAAAAAAAA...
2025-12-28 12:48:45.475026|{rx-520} 1, 0, 10, 3, 426, 5918, 0, 0, 0, 0, 10, 10, 0, 9, 9
2025-12-28 12:48:45.480018|{rssi-520} 111, -127, -127, -127, -127, -127, -127, -127, -127, -127, -127, -80, -127, -127, -127, 111, 111, 111, 
2025-12-28 12:48:45.490544|{td-520} 0, -12059808, -12068728, -12077648, -12086568, -12095488, -12104408, -12113328, -12122248, -12131168, -12140088, 23, 0, 0, 0, 0, 0, 0, 
2025-12-28 12:48:45.503463|{tx-520} :AAAAAAAAAA-BBB...
2025-12-28 12:48:45.664836|{rx-521} 0, 0, 14, 0, 426, 5932, 0, 0, 0, 0, 65535, 255, 0, 9, 9
2025-12-28 12:48:45.669987|{rssi-521} 111, -127, -127, -127, -127, -127, -127, -127, -127, -127, -127, -127, -127, -127, -127, 111, 111, 111, 
2025-12-28 12:48:45.679955|{td-521} 0, -2923648, -2932568, -2941488, -2950408, -2959328, -2968248, -2977168, -2986088, -2995008, -3003928, -3012848, -3021768, -3030688, -3039608, 0, 0, 0, 
2025-12-28 12:48:45.693948|{tx-521} :AAAAAAAAAAAAAA...
2025-12-28 12:48:45.854724|{rx-522} 0, 0, 14, 0, 426, 5946, 0, 0, 0, 0, 65535, 255, 0, 9, 9
2025-12-28 12:48:45.860243|{rssi-522} 111, -127, -127, -127, -127, -127, -127, -127, -127, -127, -127, -127, -127, -127, -127, 111, 111, 111, 
2025-12-28 12:48:45.870101|{td-522} 0, -5963088, -5972008, -5980928, -5989848, -5998768, -6007688, -6016608, -6025528, -6034448, -6043368, -6052288, -6061208, -6070128, -6079048, 0, 0, 0, 
2025-12-28 12:48:45.883669|{tx-522} :AAAAAAAAAAAAAA...
2025-12-28 12:48:46.044071|{rx-523} 1, 0, 8, 3, 427, 5955, 0, 0, 0, 0, 8, 9, 0, 9, 9
2025-12-28 12:48:46.049569|{rssi-523} 111, -127, -127, -127, -127, -127, -127, -127, -127, -82, -127, -127, -127, 111, 111, 111, 111, 111, 
2025-12-28 12:48:46.058647|{td-523} 0, -9002528, -9011448, -9020368, -9029288, -9038208, -9047128, -9056048, -9064968, 13, 0, 0, 0, 0, 0, 0, 0, 0, 
2025-12-28 12:48:46.069619|{tx-523} :AAAAAAAA-BBB.....
2025-12-28 12:48:46.235060|{rx-524} 1, 0, 11, 3, 428, 5967, 0, 0, 0, 0, 11, 11, 0, 9, 9
2025-12-28 12:48:46.240428|{rssi-524} 111, -127, -127, -127, -127, -127, -127, -127, -127, -127, -127, -127, -80, -127, -127, -127, 111, 111, 
2025-12-28 12:48:46.251416|{td-524} 0, -2941488, -2950408, -2959328, -2968248, -2977168, -2986088, -2995008, -3003928, -3012848, -3021768, -3030688, -3, 0, 0, 0, 0, 0, 
2025-12-28 12:48:46.261983|{tx-524} :AAAAAAAAAAA-BBB..
2025-12-28 12:48:46.425373|{rx-525} 1, 0, 11, 3, 429, 5979, 0, 0, 0, 0, 11, 10, 0, 9, 9
2025-12-28 12:48:46.429905|{rssi-525} 111, -127, -127, -127, -127, -127, -127, -127, -127, -127, -127, -127, -81, -127, -127, -127, 111, 111, 
2025-12-28 12:48:46.440647|{td-525} 0, -2914728, -2923648, -2932568, -2941488, -2950408, -2959328, -2968248, -2977168, -2986088, -2995008, -3003928, 7, 0, 0, 0, 0, 0, 
2025-12-28 12:48:46.453401|{tx-525} :AAAAAAAAAAA-BBB..
2025-12-28 12:48:46.616129|{rx-526} 1, 0, 11, 3, 430, 5991, 0, 0, 0, 0, 11, 10, 0, 9, 9
2025-12-28 12:48:46.620922|{rssi-526} 111, -127, -127, -127, -127, -127, -127, -127, -127, -127, -127, -127, -80, -127, -127, -127, 111, 111, 
2025-12-28 12:48:46.630672|{td-526} 0, -2914728, -2923648, -2932568, -2941488, -2950408, -2959328, -2968248, -2977168, -2986088, -2995008, -3003928, 5, 0, 0, 0, 0, 0, 
2025-12-28 12:48:46.642152|{tx-526} :AAAAAAAAAAA-BBB..
2025-12-28 12:48:46.805349|{rx-527} 1, 0, 11, 3, 431, 6003, 0, 0, 0, 0, 11, 9, 0, 9, 9
2025-12-28 12:48:46.809694|{rssi-527} 111, -127, -127, -127, -127, -127, -127, -127, -127, -127, -127, -127, -78, -127, -127, -127, 111, 111, 
2025-12-28 12:48:46.821254|{td-527} 0, -2914728, -2923648, -2932568, -2941488, -2950408, -2959328, -2968248, -2977168, -2986088, -2995008, -3003928, 3, 0, 0, 0, 0, 0, 
2025-12-28 12:48:46.832286|{tx-527} :AAAAAAAAAAA-BBB..
2025-12-28 12:48:46.993772|{rx-528} 1, 0, 10, 3, 432, 6014, 0, 0, 0, 0, 10, 9, 0, 9, 9
2025-12-28 12:48:46.999643|{rssi-528} 111, -127, -127, -127, -127, -127, -127, -127, -127, -127, -127, -80, -127, -127, -127, 111, 111, 111, 
2025-12-28 12:48:47.010145|{td-528} 0, -2914728, -2923648, -2932568, -2941488, -2950408, -2959328, -2968248, -2977168, -2986088, -2995008, -1, 0, 0, 0, 0, 0, 0, 
2025-12-28 12:48:47.021881|{tx-528} :AAAAAAAAAA-BBB...
2025-12-28 12:48:47.184776|{rx-529} 0, 0, 14, 0, 432, 6028, 0, 0, 0, 0, 65535, 255, 0, 9, 9
2025-12-28 12:48:47.190378|{rssi-529} 111, -127, -127, -127, -127, -127, -127, -127, -127, -127, -127, -127, -127, -127, -127, 111, 111, 111, 
2025-12-28 12:48:47.200341|{td-529} 0, -2923648, -2932568, -2941488, -2950408, -2959328, -2968248, -2977168, -2986088, -2995008, -3003928, -3012848, -3021768, -3030688, -3039608, 0, 0, 0, 
2025-12-28 12:48:47.213960|{tx-529} :AAAAAAAAAAAAAA...
2025-12-28 12:48:47.374566|{rx-530} 1, 0, 10, 3, 433, 6039, 0, 0, 0, 0, 10, 9, 0, 9, 9
2025-12-28 12:48:47.378956|{rssi-530} 111, -127, -127, -127, -127, -127, -127, -127, -127, -127, -127, -81, -127, -127, -127, 111, 111, 111, 
2025-12-28 12:48:47.390072|{td-530} 0, -5963088, -5972008, -5980928, -5989848, -5998768, -6007688, -6016608, -6025528, -6034448, -6043368, 9, 0, 0, 0, 0, 0, 0, 
2025-12-28 12:48:47.401459|{tx-530} :AAAAAAAAAA-BBB...
2025-12-28 12:48:47.566372|{rx-531} 1, 0, 13, 3, 434, 6053, 0, 0, 0, 0, 13, 11, 0, 9, 9
2025-12-28 12:48:47.571405|{rssi-531} 111, -127, -127, -127, -127, -127, -127, -127, -127, -127, -127, -127, -127, -127, -82, -127, -127, -127, 
2025-12-28 12:48:47.582005|{td-531} 0, -2923648, -2932568, -2941488, -2950408, -2959328, -2968248, -2977168, -2986088, -2995008, -3003928, -3012848, -3021768, -3030688, -1, 0, 0, 0, 
2025-12-28 12:48:47.595982|{tx-531} :AAAAAAAAAAAAA-BBB
2025-12-28 12:48:47.754780|{rx-532} 0, 0, 14, 0, 434, 6067, 0, 0, 0, 0, 65535, 255, 0, 9, 9
2025-12-28 12:48:47.758995|{rssi-532} 111, -127, -127, -127, -127, -127, -127, -127, -127, -127, -127, -127, -127, -127, -127, 111, 111, 111, 
2025-12-28 12:48:47.770803|{td-532} 0, -2896888, -2905808, -2914728, -2923648, -2932568, -2941488, -2950408, -2959328, -2968248, -2977168, -2986088, -2995008, -3003928, -3012848, 0, 0, 0, 
2025-12-28 12:48:47.783768|{tx-532} :AAAAAAAAAAAAAA...
2025-12-28 12:48:47.945232|{rx-533} 1, 0, 10, 3, 435, 6078, 0, 0, 0, 0, 10, 9, 0, 9, 9
2025-12-28 12:48:47.949601|{rssi-533} 111, -127, -127, -127, -127, -127, -127, -127, -127, -127, -127, -85, -127, -127, -127, 111, 111, 111, 
2025-12-28 12:48:47.960008|{td-533} 0, -5936328, -5945248, -5954168, -5963088, -5972008, -5980928, -5989848, -5998768, -6007688, -6016608, 11, 0, 0, 0, 0, 0, 0, 
2025-12-28 12:48:47.971367|{tx-533} :AAAAAAAAAA-BBB...
2025-12-28 12:48:48.134738|{rx-534} 0, 0, 14, 0, 435, 6092, 0, 0, 0, 0, 65535, 255, 0, 9, 9
2025-12-28 12:48:48.139882|{rssi-534} 111, -127, -127, -127, -127, -127, -127, -127, -127, -127, -127, -127, -127, -127, -127, 111, 111, 111, 
2025-12-28 12:48:48.150598|{td-534} 0, -2923648, -2932568, -2941488, -2950408, -2959328, -2968248, -2977168, -2986088, -2995008, -3003928, -3012848, -3021768, -3030688, -3039608, 0, 0, 0, 
2025-12-28 12:48:48.163821|{tx-534} :AAAAAAAAAAAAAA...
2025-12-28 12:48:48.323622|{rx-535} 0, 0, 14, 0, 435, 6106, 0, 0, 0, 0, 65535, 255, 0, 9, 9
2025-12-28 12:48:48.329824|{rssi-535} 111, -127, -127, -127, -127, -127, -127, -127, -127, -127, -127, -127, -127, -127, -127, 111, 111, 111, 
2025-12-28 12:48:48.339845|{td-535} 0, -5963088, -5972008, -5980928, -5989848, -5998768, -6007688, -6016608, -6025528, -6034448, -6043368, -6052288, -6061208, -6070128, -6079048, 0, 0, 0, 
2025-12-28 12:48:48.354660|{tx-535} :AAAAAAAAAAAAAA...
2025-12-28 12:48:48.514767|{rx-536} 1, 0, 10, 3, 436, 6117, 0, 0, 0, 0, 10, 9, 0, 9, 9
2025-12-28 12:48:48.520028|{rssi-536} 111, -127, -127, -127, -127, -127, -127, -127, -127, -127, -127, -79, -127, -127, -127, 111, 111, 111, 
2025-12-28 12:48:48.529788|{td-536} 0, -9002528, -9011448, -9020368, -9029288, -9038208, -9047128, -9056048, -9064968, -9073888, -9082808, 7, 0, 0, 0, 0, 0, 0, 
2025-12-28 12:48:48.541505|{tx-536} :AAAAAAAAAA-BBB...
2025-12-28 12:48:48.705006|{rx-537} 1, 1, 9, 3, 437, 6128, 0, 0, 0, 0, 10, 9, 0, 9, 9
2025-12-28 12:48:48.709199|{rssi-537} 111, -127, -127, -127, -127, -127, -127, -127, -127, -127, -83, -80, -127, -127, -127, 111, 111, 111, 
2025-12-28 12:48:48.719721|{td-537} 0, -2923648, -2932568, -2941488, -2950408, -2959328, -2968248, -2977168, -2986088, -2995008, 5, 5, 0, 0, 0, 0, 0, 0, 
2025-12-28 12:48:48.730639|{tx-537} :AAAAAAAAAC-BBB...
2025-12-28 12:48:48.894094|{rx-538} 0, 0, 14, 0, 437, 6142, 0, 0, 0, 0, 65535, 255, 0, 9, 9
2025-12-28 12:48:48.899717|{rssi-538} 111, -127, -127, -127, -127, -127, -127, -127, -127, -127, -127, -127, -127, -127, -127, 111, 111, 111, 
2025-12-28 12:48:48.908894|{td-538} 0, -2923648, -2932568, -2941488, -2950408, -2959328, -2968248, -2977168, -2986088, -2995008, -3003928, -3012848, -3021768, -3030688, -3039608, 0, 0, 0, 
2025-12-28 12:48:48.923412|{tx-538} :AAAAAAAAAAAAAA...
2025-12-28 12:48:49.083838|{rx-539} 1, 0, 11, 3, 438, 6154, 0, 0, 0, 0, 11, 10, 0, 9, 9
2025-12-28 12:48:49.090401|{rssi-539} 111, -127, -127, -127, -127, -127, -127, -127, -127, -127, -127, -127, -79, -127, -127, -127, 111, 111, 
2025-12-28 12:48:49.099885|{td-539} 0, -5963088, -5972008, -5980928, -5989848, -5998768, -6007688, -6016608, -6025528, -6034448, -6043368, -6052288, -1, 0, 0, 0, 0, 0, 
2025-12-28 12:48:49.112280|{tx-539} :AAAAAAAAAAA-BBB..
2025-12-28 12:48:49.274856|{rx-540} 1, 0, 11, 3, 439, 6166, 0, 0, 0, 0, 11, 10, 0, 9, 9
2025-12-28 12:48:49.279845|{rssi-540} 111, -127, -127, -127, -127, -127, -127, -127, -127, -127, -127, -127, -85, -127, -127, -127, 111, 111, 
2025-12-28 12:48:49.289886|{td-540} 0, -2914728, -2923648, -2932568, -2941488, -2950408, -2959328, -2968248, -2977168, -2986088, -2995008, -3003928, 7, 0, 0, 0, 0, 0, 
2025-12-28 12:48:49.301823|{tx-540} :AAAAAAAAAAA-BBB..
2025-12-28 12:48:49.463190|{rx-541} 1, 0, 10, 3, 440, 6177, 0, 0, 0, 0, 10, 9, 0, 9, 9
2025-12-28 12:48:49.469363|{rssi-541} 111, -127, -127, -127, -127, -127, -127, -127, -127, -127, -127, -85, -127, -127, -127, 111, 111, 111, 
2025-12-28 12:48:49.479775|{td-541} 0, -2914728, -2923648, -2932568, -2941488, -2950408, -2959328, -2968248, -2977168, -2986088, -2995008, 9, 0, 0, 0, 0, 0, 0, 
2025-12-28 12:48:49.491013|{tx-541} :AAAAAAAAAA-BBB...
2025-12-28 12:48:49.655145|{rx-542} 1, 1, 10, 3, 441, 6189, 0, 0, 0, 0, 11, 9, 0, 9, 9
2025-12-28 12:48:49.660108|{rssi-542} 111, -127, -127, -127, -127, -127, -127, -127, -127, -127, -127, -78, -79, -127, -127, -127, 111, 111, 
2025-12-28 12:48:49.670134|{td-542} 0, -2923648, -2932568, -2941488, -2950408, -2959328, -2968248, -2977168, -2986088, -2995008, -3003928, 1, 1, 0, 0, 0, 0, 0, 
2025-12-28 12:48:49.680717|{tx-542} :AAAAAAAAAAC-BBB..
2025-12-28 12:48:49.842784|{rx-543} 1, 0, 10, 3, 442, 6200, 0, 0, 0, 0, 10, 9, 0, 9, 9
2025-12-28 12:48:49.849510|{rssi-543} 111, -127, -127, -127, -127, -127, -127, -127, -127, -127, -127, -81, -127, -127, -127, 111, 111, 111, 
2025-12-28 12:48:49.859561|{td-543} 0, -2914728, -2923648, -2932568, -2941488, -2950408, -2959328, -2968248, -2977168, -2986088, -2995008, 7, 0, 0, 0, 0, 0, 0, 
2025-12-28 12:48:49.871261|{tx-543} :AAAAAAAAAA-BBB...
2025-12-28 12:48:50.032970|{rx-544} 1, 0, 10, 3, 443, 6211, 0, 0, 0, 0, 10, 9, 0, 9, 9
2025-12-28 12:48:50.039281|{rssi-544} 111, -127, -127, -127, -127, -127, -127, -127, -127, -127, -127, -79, -127, -127, -127, 111, 111, 111, 
2025-12-28 12:48:50.049853|{td-544} 0, -2923648, -2932568, -2941488, -2950408, -2959328, -2968248, -2977168, -2986088, -2995008, -3003928, -7, 0, 0, 0, 0, 0, 0, 
2025-12-28 12:48:50.061757|{tx-544} :AAAAAAAAAA-BBB...
2025-12-28 12:48:50.223378|{rx-545} 1, 0, 10, 3, 444, 6222, 0, 0, 0, 0, 10, 9, 0, 9, 9
2025-12-28 12:48:50.228899|{rssi-545} 111, -127, -127, -127, -127, -127, -127, -127, -127, -127, -127, -82, -127, -127, -127, 111, 111, 111, 
2025-12-28 12:48:50.239570|{td-545} 0, -2923648, -2932568, -2941488, -2950408, -2959328, -2968248, -2977168, -2986088, -2995008, -3003928, 11, 0, 0, 0, 0, 0, 0, 
2025-12-28 12:48:50.250896|{tx-545} :AAAAAAAAAA-BBB...
2025-12-28 12:48:50.414984|{rx-546} 1, 0, 12, 3, 445, 6235, 0, 0, 0, 0, 12, 10, 0, 9, 9
2025-12-28 12:48:50.419727|{rssi-546} 111, -127, -127, -127, -127, -127, -127, -127, -127, -127, -127, -127, -127, -83, -127, -127, -127, 111, 
2025-12-28 12:48:50.432103|{td-546} 0, -2923648, -2932568, -2941488, -2950408, -2959328, -2968248, -2977168, -2986088, -2995008, -3003928, -3012848, -3021768, -3, 0, 0, 0, 0, 
2025-12-28 12:48:50.442890|{tx-546} :AAAAAAAAAAAA-BBB.
2025-12-28 12:48:50.604741|{rx-547} 1, 0, 11, 3, 446, 6247, 0, 0, 0, 0, 11, 10, 0, 9, 9
2025-12-28 12:48:50.609775|{rssi-547} 111, -127, -127, -127, -127, -127, -127, -127, -127, -127, -127, -127, -78, -127, -127, -127, 111, 111, 
2025-12-28 12:48:50.619392|{td-547} 0, -2905808, -2914728, -2923648, -2932568, -2941488, -2950408, -2959328, -2968248, -2977168, -2986088, -2995008, 5, 0, 0, 0, 0, 0, 
2025-12-28 12:48:50.631762|{tx-547} :AAAAAAAAAAA-BBB..
2025-12-28 12:48:50.794448|{rx-548} 1, 0, 11, 3, 447, 6259, 0, 0, 0, 0, 11, 10, 0, 9, 9
2025-12-28 12:48:50.799129|{rssi-548} 111, -127, -127, -127, -127, -127, -127, -127, -127, -127, -127, -127, -80, -127, -127, -127, 111, 111, 
2025-12-28 12:48:50.809608|{td-548} 0, -2914728, -2923648, -2932568, -2941488, -2950408, -2959328, -2968248, -2977168, -2986088, -2995008, -3003928, 7, 0, 0, 0, 0, 0, 
2025-12-28 12:48:50.821704|{tx-548} :AAAAAAAAAAA-BBB..
2025-12-28 12:48:50.984242|{rx-549} 1, 0, 10, 3, 448, 6270, 0, 0, 0, 0, 10, 9, 0, 9, 9
2025-12-28 12:48:50.989090|{rssi-549} 111, -127, -127, -127, -127, -127, -127, -127, -127, -127, -127, -82, -127, -127, -127, 111, 111, 111, 
2025-12-28 12:48:50.999970|{td-549} 0, -2914728, -2923648, -2932568, -2941488, -2950408, -2959328, -2968248, -2977168, -2986088, -2995008, 3, 0, 0, 0, 0, 0, 0, 
2025-12-28 12:48:51.010833|{tx-549} :AAAAAAAAAA-BBB...
2025-12-28 12:48:51.174625|{rx-550} 1, 1, 10, 3, 449, 6282, 0, 0, 0, 0, 11, 9, 0, 9, 9
2025-12-28 12:48:51.179149|{rssi-550} 111, -127, -127, -127, -127, -127, -127, -127, -127, -127, -127, -82, -79, -127, -127, -127, 111, 111, 
2025-12-28 12:48:51.188995|{td-550} 0, -2923648, -2932568, -2941488, -2950408, -2959328, -2968248, -2977168, -2986088, -2995008, -3003928, 5, 5, 0, 0, 0, 0, 0, 
2025-12-28 12:48:51.201903|{tx-550} :AAAAAAAAAAC-BBB..
2025-12-28 12:48:51.363524|{rx-551} 1, 0, 10, 3, 450, 6293, 0, 0, 0, 0, 10, 9, 0, 9, 9
2025-12-28 12:48:51.368982|{rssi-551} 111, -127, -127, -127, -127, -127, -127, -127, -127, -127, -127, -80, -127, -127, -127, 111, 111, 111, 
2025-12-28 12:48:51.379370|{td-551} 0, -2914728, -2923648, -2932568, -2941488, -2950408, -2959328, -2968248, -2977168, -2986088, -2995008, 1, 0, 0, 0, 0, 0, 0, 
2025-12-28 12:48:51.389896|{tx-551} :AAAAAAAAAA-BBB...
2025-12-28 12:48:51.553346|{rx-552} 1, 0, 10, 3, 451, 6304, 0, 0, 0, 0, 10, 9, 0, 9, 9
2025-12-28 12:48:51.560071|{rssi-552} 111, -127, -127, -127, -127, -127, -127, -127, -127, -127, -127, -82, -127, -127, -127, 111, 111, 111, 
2025-12-28 12:48:51.569206|{td-552} 0, -2923648, -2932568, -2941488, -2950408, -2959328, -2968248, -2977168, -2986088, -2995008, -3003928, -1, 0, 0, 0, 0, 0, 0, 
2025-12-28 12:48:51.580727|{tx-552} :AAAAAAAAAA-BBB...
2025-12-28 12:48:51.744688|{rx-553} 1, 0, 11, 3, 452, 6316, 0, 0, 0, 0, 11, 9, 0, 9, 9
2025-12-28 12:48:51.749343|{rssi-553} 111, -127, -127, -127, -127, -127, -127, -127, -127, -127, -127, -127, -82, -127, -127, -127, 111, 111, 
2025-12-28 12:48:51.759553|{td-553} 0, -2923648, -2932568, -2941488, -2950408, -2959328, -2968248, -2977168, -2986088, -2995008, -3003928, -3012848, 7, 0, 0, 0, 0, 0, 
2025-12-28 12:48:51.772613|{tx-553} :AAAAAAAAAAA-BBB..
2025-12-28 12:48:51.934126|{rx-554} 1, 0, 10, 3, 453, 6327, 0, 0, 0, 0, 10, 9, 0, 9, 9
2025-12-28 12:48:51.938742|{rssi-554} 111, -127, -127, -127, -127, -127, -127, -127, -127, -127, -127, -80, -127, -127, -127, 111, 111, 111, 
2025-12-28 12:48:51.948947|{td-554} 0, -2914728, -2923648, -2932568, -2941488, -2950408, -2959328, -2968248, -2977168, -2986088, -2995008, 3, 0, 0, 0, 0, 0, 0, 
2025-12-28 12:48:51.959842|{tx-554} :AAAAAAAAAA-BBB...
2025-12-28 12:48:52.124857|{rx-555} 1, 0, 12, 3, 454, 6340, 0, 0, 0, 0, 12, 10, 0, 9, 9
2025-12-28 12:48:52.130044|{rssi-555} 111, -127, -127, -127, -127, -127, -127, -127, -127, -127, -127, -127, -127, -81, -127, -127, -127, 111, 
2025-12-28 12:48:52.140645|{td-555} 0, -2923648, -2932568, -2941488, -2950408, -2959328, -2968248, -2977168, -2986088, -2995008, -3003928, -3012848, -3021768, 5, 0, 0, 0, 0, 
2025-12-28 12:48:52.153572|{tx-555} :AAAAAAAAAAAA-BBB.
2025-12-28 12:48:52.314109|{rx-556} 1, 0, 11, 3, 455, 6352, 0, 0, 0, 0, 11, 9, 0, 9, 9
2025-12-28 12:48:52.319440|{rssi-556} 111, -127, -127, -127, -127, -127, -127, -127, -127, -127, -127, -127, -82, -127, -127, -127, 111, 111, 
2025-12-28 12:48:52.329641|{td-556} 0, -2905808, -2914728, -2923648, -2932568, -2941488, -2950408, -2959328, -2968248, -2977168, -2986088, -2995008, -5, 0, 0, 0, 0, 0, 
2025-12-28 12:48:52.341950|{tx-556} :AAAAAAAAAAA-BBB..
2025-12-28 12:48:52.504833|{rx-557} 1, 1, 11, 3, 456, 6365, 0, 0, 0, 0, 12, 10, 0, 9, 9
2025-12-28 12:48:52.510152|{rssi-557} 111, -127, -127, -127, -127, -127, -127, -127, -127, -127, -127, -127, -79, -82, -127, -127, -127, 111, 
2025-12-28 12:48:52.519837|{td-557} 0, -2914728, -2923648, -2932568, -2941488, -2950408, -2959328, -2968248, -2977168, -2986088, -2995008, -3003928, 9, 9, 0, 0, 0, 0, 
2025-12-28 12:48:52.531808|{tx-557} :AAAAAAAAAAAC-BBB.
2025-12-28 12:48:52.693879|{rx-558} 1, 0, 10, 3, 457, 6376, 0, 0, 0, 0, 10, 9, 0, 9, 9
2025-12-28 12:48:52.698869|{rssi-558} 111, -127, -127, -127, -127, -127, -127, -127, -127, -127, -127, -80, -127, -127, -127, 111, 111, 111, 
2025-12-28 12:48:52.709431|{td-558} 0, -2905808, -2914728, -2923648, -2932568, -2941488, -2950408, -2959328, -2968248, -2977168, -2986088, 3, 0, 0, 0, 0, 0, 0, 
2025-12-28 12:48:52.719769|{tx-558} :AAAAAAAAAA-BBB...
2025-12-28 12:48:52.883734|{rx-559} 1, 0, 10, 3, 458, 6387, 0, 0, 0, 0, 10, 9, 0, 9, 9
2025-12-28 12:48:52.888914|{rssi-559} 111, -127, -127, -127, -127, -127, -127, -127, -127, -127, -127, -78, -127, -127, -127, 111, 111, 111, 
2025-12-28 12:48:52.899052|{td-559} 0, -2923648, -2932568, -2941488, -2950408, -2959328, -2968248, -2977168, -2986088, -2995008, -3003928, 1, 0, 0, 0, 0, 0, 0, 
2025-12-28 12:48:52.910007|{tx-559} :AAAAAAAAAA-BBB...
2025-12-28 12:48:53.072519|{rx-560} 1, 0, 9, 3, 459, 6397, 0, 0, 0, 0, 9, 9, 0, 9, 9
2025-12-28 12:48:53.077655|{rssi-560} 111, -127, -127, -127, -127, -127, -127, -127, -127, -127, -80, -127, -127, -127, 111, 111, 111, 111, 
2025-12-28 12:48:53.088598|{td-560} 0, -2923648, -2932568, -2941488, -2950408, -2959328, -2968248, -2977168, -2986088, -2995008, 5, 0, 0, 0, 0, 0, 0, 0, 
2025-12-28 12:48:53.098451|{tx-560} :AAAAAAAAA-BBB....
2025-12-28 12:48:53.263835|{rx-561} 1, 0, 11, 3, 460, 6409, 0, 0, 0, 0, 11, 10, 0, 9, 9
2025-12-28 12:48:53.269399|{rssi-561} 111, -127, -127, -127, -127, -127, -127, -127, -127, -127, -127, -127, -80, -127, -127, -127, 111, 111, 
2025-12-28 12:48:53.280371|{td-561} 0, -2932568, -2941488, -2950408, -2959328, -2968248, -2977168, -2986088, -2995008, -3003928, -3012848, -3021768, 7, 0, 0, 0, 0, 0, 
2025-12-28 12:48:53.291152|{tx-561} :AAAAAAAAAAA-BBB..
2025-12-28 12:48:53.453254|{rx-562} 1, 0, 11, 3, 461, 6421, 0, 0, 0, 0, 11, 9, 0, 9, 9
2025-12-28 12:48:53.459794|{rssi-562} 111, -127, -127, -127, -127, -127, -127, -127, -127, -127, -127, -127, -85, -127, -127, -127, 111, 111, 
2025-12-28 12:48:53.468679|{td-562} 0, -2914728, -2923648, -2932568, -2941488, -2950408, -2959328, -2968248, -2977168, -2986088, -2995008, -3003928, -3, 0, 0, 0, 0, 0, 
2025-12-28 12:48:53.480950|{tx-562} :AAAAAAAAAAA-BBB..
2025-12-28 12:48:53.643355|{rx-563} 1, 0, 11, 3, 462, 6433, 0, 0, 0, 0, 11, 10, 0, 9, 9
2025-12-28 12:48:53.648408|{rssi-563} 111, -127, -127, -127, -127, -127, -127, -127, -127, -127, -127, -127, -85, -127, -127, -127, 111, 111, 
2025-12-28 12:48:53.659863|{td-563} 0, -2914728, -2923648, -2932568, -2941488, -2950408, -2959328, -2968248, -2977168, -2986088, -2995008, -3003928, 3, 0, 0, 0, 0, 0, 
2025-12-28 12:48:53.671394|{tx-563} :AAAAAAAAAAA-BBB..
2025-12-28 12:48:53.835035|{rx-564} 1, 0, 12, 3, 463, 6446, 0, 0, 0, 0, 12, 10, 0, 9, 9
2025-12-28 12:48:53.839770|{rssi-564} 111, -127, -127, -127, -127, -127, -127, -127, -127, -127, -127, -127, -127, -84, -127, -127, -127, 111, 
2025-12-28 12:48:53.850143|{td-564} 0, -2914728, -2923648, -2932568, -2941488, -2950408, -2959328, -2968248, -2977168, -2986088, -2995008, -3003928, -3012848, 5, 0, 0, 0, 0, 
2025-12-28 12:48:53.863122|{tx-564} :AAAAAAAAAAAA-BBB.
2025-12-28 12:48:54.023184|{rx-565} 1, 0, 10, 3, 464, 6457, 0, 0, 0, 0, 10, 9, 0, 9, 9
2025-12-28 12:48:54.029096|{rssi-565} 111, -127, -127, -127, -127, -127, -127, -127, -127, -127, -127, -82, -127, -127, -127, 111, 111, 111, 
2025-12-28 12:48:54.037764|{td-565} 0, -2905808, -2914728, -2923648, -2932568, -2941488, -2950408, -2959328, -2968248, -2977168, -2986088, 9, 0, 0, 0, 0, 0, 0, 
2025-12-28 12:48:54.049504|{tx-565} :AAAAAAAAAA-BBB...
2025-12-28 12:48:54.212801|{rx-566} 0, 0, 14, 0, 464, 6471, 0, 0, 0, 0, 65535, 255, 0, 9, 9
2025-12-28 12:48:54.218552|{rssi-566} 111, -127, -127, -127, -127, -127, -127, -127, -127, -127, -127, -127, -127, -127, -127, 111, 111, 111, 
2025-12-28 12:48:54.228962|{td-566} 0, -2923648, -2932568, -2941488, -2950408, -2959328, -2968248, -2977168, -2986088, -2995008, -3003928, -3012848, -3021768, -3030688, -3039608, 0, 0, 0, 
2025-12-28 12:48:54.243620|{tx-566} :AAAAAAAAAAAAAA...
2025-12-28 12:48:54.402735|{rx-567} 0, 0, 14, 0, 464, 6485, 0, 0, 0, 0, 65535, 255, 0, 9, 9
2025-12-28 12:48:54.408954|{rssi-567} 111, -127, -127, -127, -127, -127, -127, -127, -127, -127, -127, -127, -127, -127, -127, 111, 111, 111, 
2025-12-28 12:48:54.419688|{td-567} 0, -5963088, -5972008, -5980928, -5989848, -5998768, -6007688, -6016608, -6025528, -6034448, -6043368, -6052288, -6061208, -6070128, -6079048, 0, 0, 0, 
2025-12-28 12:48:54.431888|{tx-567} :AAAAAAAAAAAAAA...
2025-12-28 12:48:54.593122|{rx-568} 1, 0, 10, 3, 465, 6496, 0, 0, 0, 0, 10, 9, 0, 9, 9
2025-12-28 12:48:54.598206|{rssi-568} 111, -127, -127, -127, -127, -127, -127, -127, -127, -127, -127, -79, -127, -127, -127, 111, 111, 111, 
2025-12-28 12:48:54.609082|{td-568} 0, -9002528, -9011448, -9020368, -9029288, -9038208, -9047128, -9056048, -9064968, -9073888, -9082808, 11, 0, 0, 0, 0, 0, 0, 
2025-12-28 12:48:54.619605|{tx-568} :AAAAAAAAAA-BBB...
2025-12-28 12:48:54.782853|{rx-569} 1, 0, 10, 3, 466, 6507, 0, 0, 0, 0, 10, 9, 0, 9, 9
2025-12-28 12:48:54.788796|{rssi-569} 111, -127, -127, -127, -127, -127, -127, -127, -127, -127, -127, -83, -127, -127, -127, 111, 111, 111, 
2025-12-28 12:48:54.800867|{td-569} 0, -2923648, -2932568, -2941488, -2950408, -2959328, -2968248, -2977168, -2986088, -2995008, -3003928, -3, 0, 0, 0, 0, 0, 0, 
2025-12-28 12:48:54.810815|{tx-569} :AAAAAAAAAA-BBB...
2025-12-28 12:48:54.972124|{rx-570} 1, 1, 9, 3, 467, 6518, 0, 0, 0, 0, 10, 9, 0, 9, 9
2025-12-28 12:48:54.979001|{rssi-570} 111, -127, -127, -127, -127, -127, -127, -127, -127, -127, -79, -80, -127, -127, -127, 111, 111, 111, 
2025-12-28 12:48:54.988046|{td-570} 0, -2923648, -2932568, -2941488, -2950408, -2959328, -2968248, -2977168, -2986088, -2995008, 5, 5, 0, 0, 0, 0, 0, 0, 
2025-12-28 12:48:54.998998|{tx-570} :AAAAAAAAAC-BBB...
2025-12-28 12:48:55.162554|{rx-571} 1, 0, 9, 3, 468, 6528, 0, 0, 0, 0, 9, 10, 0, 9, 9
2025-12-28 12:48:55.167960|{rssi-571} 111, -127, -127, -127, -127, -127, -127, -127, -127, -127, -82, -127, -127, -127, 111, 111, 111, 111, 
2025-12-28 12:48:55.177719|{td-571} 0, -2923648, -2932568, -2941488, -2950408, -2959328, -2968248, -2977168, -2986088, -2995008, 1, 0, 0, 0, 0, 0, 0, 0, 
2025-12-28 12:48:55.187717|{tx-571} :AAAAAAAAA-BBB....
2025-12-28 12:48:55.353533|{rx-572} 1, 1, 10, 3, 469, 6540, 0, 0, 0, 0, 11, 9, 0, 9, 9
2025-12-28 12:48:55.359439|{rssi-572} 111, -127, -127, -127, -127, -127, -127, -127, -127, -127, -127, -80, -80, -127, -127, -127, 111, 111, 
2025-12-28 12:48:55.369545|{td-572} 0, -2932568, -2941488, -2950408, -2959328, -2968248, -2977168, -2986088, -2995008, -3003928, -3012848, 7, 7, 0, 0, 0, 0, 0, 
2025-12-28 12:48:55.381502|{tx-572} :AAAAAAAAAAC-BBB..
2025-12-28 12:48:55.542065|{rx-573} 0, 0, 14, 0, 469, 6554, 0, 0, 0, 0, 65535, 255, 0, 9, 9
2025-12-28 12:48:55.548676|{rssi-573} 111, -127, -127, -127, -127, -127, -127, -127, -127, -127, -127, -127, -127, -127, -127, 111, 111, 111, 
2025-12-28 12:48:55.558915|{td-573} 0, -2914728, -2923648, -2932568, -2941488, -2950408, -2959328, -2968248, -2977168, -2986088, -2995008, -3003928, -3012848, -3021768, -3030688, 0, 0, 0, 
2025-12-28 12:48:55.571798|{tx-573} :AAAAAAAAAAAAAA...
2025-12-28 12:48:55.733263|{rx-574} 1, 0, 12, 3, 470, 6567, 0, 0, 0, 0, 12, 10, 0, 9, 9
2025-12-28 12:48:55.739698|{rssi-574} 111, -127, -127, -127, -127, -127, -127, -127, -127, -127, -127, -127, -127, -79, -127, -127, -127, 111, 
2025-12-28 12:48:55.748951|{td-574} 0, -5954168, -5963088, -5972008, -5980928, -5989848, -5998768, -6007688, -6016608, -6025528, -6034448, -6043368, -6052288, 5, 0, 0, 0, 0, 
2025-12-28 12:48:55.762959|{tx-574} :AAAAAAAAAAAA-BBB.
2025-12-28 12:48:55.923858|{rx-575} 1, 0, 12, 3, 471, 6580, 0, 0, 0, 0, 12, 12, 0, 9, 9
2025-12-28 12:48:55.929297|{rssi-575} 111, -127, -127, -127, -127, -127, -127, -127, -127, -127, -127, -127, -127, -81, -127, -127, -127, 111, 
2025-12-28 12:48:55.939568|{td-575} 0, -2905808, -2914728, -2923648, -2932568, -2941488, -2950408, -2959328, -2968248, -2977168, -2986088, -2995008, -3003928, 7, 0, 0, 0, 0, 
2025-12-28 12:48:55.952500|{tx-575} :AAAAAAAAAAAA-BBB.
2025-12-28 12:48:56.112426|{rx-576} 1, 0, 10, 3, 472, 6591, 0, 0, 0, 0, 10, 9, 0, 9, 9
2025-12-28 12:48:56.117952|{rssi-576} 111, -127, -127, -127, -127, -127, -127, -127, -127, -127, -127, -80, -127, -127, -127, 111, 111, 111, 
2025-12-28 12:48:56.128807|{td-576} 0, -2905808, -2914728, -2923648, -2932568, -2941488, -2950408, -2959328, -2968248, -2977168, -2986088, 1, 0, 0, 0, 0, 0, 0, 
2025-12-28 12:48:56.139387|{tx-576} :AAAAAAAAAA-BBB...
2025-12-28 12:48:56.302921|{rx-577} 1, 0, 10, 3, 473, 6602, 0, 0, 0, 0, 10, 9, 0, 9, 9
2025-12-28 12:48:56.308051|{rssi-577} 111, -127, -127, -127, -127, -127, -127, -127, -127, -127, -127, -79, -127, -127, -127, 111, 111, 111, 
2025-12-28 12:48:56.318516|{td-577} 0, -2923648, -2932568, -2941488, -2950408, -2959328, -2968248, -2977168, -2986088, -2995008, -3003928, 1, 0, 0, 0, 0, 0, 0, 
2025-12-28 12:48:56.329421|{tx-577} :AAAAAAAAAA-BBB...
2025-12-28 12:48:56.492761|{rx-578} 1, 0, 10, 3, 474, 6613, 0, 0, 0, 0, 10, 9, 0, 9, 9
2025-12-28 12:48:56.497574|{rssi-578} 111, -127, -127, -127, -127, -127, -127, -127, -127, -127, -127, -82, -127, -127, -127, 111, 111, 111, 
2025-12-28 12:48:56.508434|{td-578} 0, -2923648, -2932568, -2941488, -2950408, -2959328, -2968248, -2977168, -2986088, -2995008, -3003928, 3, 0, 0, 0, 0, 0, 0, 
2025-12-28 12:48:56.519465|{tx-578} :AAAAAAAAAA-BBB...
2025-12-28 12:48:56.682988|{rx-579} 1, 0, 10, 3, 475, 6624, 0, 0, 0, 0, 10, 9, 0, 9, 9
2025-12-28 12:48:56.688373|{rssi-579} 111, -127, -127, -127, -127, -127, -127, -127, -127, -127, -127, -80, -127, -127, -127, 111, 111, 111, 
2025-12-28 12:48:56.698868|{td-579} 0, -2923648, -2932568, -2941488, -2950408, -2959328, -2968248, -2977168, -2986088, -2995008, -3003928, 11, 0, 0, 0, 0, 0, 0, 
2025-12-28 12:48:56.709055|{tx-579} :AAAAAAAAAA-BBB...
2025-12-28 12:48:56.874308|{rx-580} 1, 0, 11, 3, 476, 6636, 0, 0, 0, 0, 11, 11, 0, 9, 9
2025-12-28 12:48:56.878048|{rssi-580} 111, -127, -127, -127, -127, -127, -127, -127, -127, -127, -127, -127, -80, -127, -127, -127, 111, 111, 
2025-12-28 12:48:56.888999|{td-580} 0, -2923648, -2932568, -2941488, -2950408, -2959328, -2968248, -2977168, -2986088, -2995008, -3003928, -3012848, -3, 0, 0, 0, 0, 0, 
2025-12-28 12:48:56.901733|{tx-580} :AAAAAAAAAAA-BBB..
2025-12-28 12:48:57.062226|{rx-581} 1, 0, 10, 3, 477, 6647, 0, 0, 0, 0, 10, 9, 0, 9, 9
2025-12-28 12:48:57.069133|{rssi-581} 111, -127, -127, -127, -127, -127, -127, -127, -127, -127, -127, -82, -127, -127, -127, 111, 111, 111, 
2025-12-28 12:48:57.077835|{td-581} 0, -2914728, -2923648, -2932568, -2941488, -2950408, -2959328, -2968248, -2977168, -2986088, -2995008, 5, 0, 0, 0, 0, 0, 0, 
2025-12-28 12:48:57.089199|{tx-581} :AAAAAAAAAA-BBB...
2025-12-28 12:48:57.252768|{rx-582} 1, 0, 10, 3, 478, 6658, 0, 0, 0, 0, 10, 9, 0, 9, 9
2025-12-28 12:48:57.259013|{rssi-582} 111, -127, -127, -127, -127, -127, -127, -127, -127, -127, -127, -78, -127, -127, -127, 111, 111, 111, 
2025-12-28 12:48:57.269684|{td-582} 0, -2923648, -2932568, -2941488, -2950408, -2959328, -2968248, -2977168, -2986088, -2995008, -3003928, 1, 0, 0, 0, 0, 0, 0, 
2025-12-28 12:48:57.279297|{tx-582} :AAAAAAAAAA-BBB...
2025-12-28 12:48:57.442589|{rx-583} 1, 0, 11, 3, 479, 6670, 0, 0, 0, 0, 11, 9, 0, 9, 9
2025-12-28 12:48:57.448044|{rssi-583} 111, -127, -127, -127, -127, -127, -127, -127, -127, -127, -127, -127, -82, -127, -127, -127, 111, 111, 
2025-12-28 12:48:57.459084|{td-583} 0, -2923648, -2932568, -2941488, -2950408, -2959328, -2968248, -2977168, -2986088, -2995008, -3003928, -3012848, 1, 0, 0, 0, 0, 0, 
2025-12-28 12:48:57.470305|{tx-583} :AAAAAAAAAAA-BBB..
2025-12-28 12:48:57.632546|{rx-584} 1, 0, 10, 3, 480, 6681, 0, 0, 0, 0, 10, 9, 0, 9, 9
2025-12-28 12:48:57.637123|{rssi-584} 111, -127, -127, -127, -127, -127, -127, -127, -127, -127, -127, -84, -127, -127, -127, 111, 111, 111, 
2025-12-28 12:48:57.648571|{td-584} 0, -2914728, -2923648, -2932568, -2941488, -2950408, -2959328, -2968248, -2977168, -2986088, -2995008, 5, 0, 0, 0, 0, 0, 0, 
2025-12-28 12:48:57.658998|{tx-584} :AAAAAAAAAA-BBB...
2025-12-28 12:48:57.822735|{rx-585} 1, 0, 10, 3, 481, 6692, 0, 0, 0, 0, 10, 9, 0, 9, 9
2025-12-28 12:48:57.826849|{rssi-585} 111, -127, -127, -127, -127, -127, -127, -127, -127, -127, -127, -82, -127, -127, -127, 111, 111, 111, 
2025-12-28 12:48:57.837832|{td-585} 0, -2923648, -2932568, -2941488, -2950408, -2959328, -2968248, -2977168, -2986088, -2995008, -3003928, 7, 0, 0, 0, 0, 0, 0, 
2025-12-28 12:48:57.848803|{tx-585} :AAAAAAAAAA-BBB...
2025-12-28 12:48:58.011684|{rx-586} 1, 0, 11, 3, 482, 6704, 0, 0, 0, 0, 11, 10, 0, 9, 9
2025-12-28 12:48:58.019066|{rssi-586} 111, -127, -127, -127, -127, -127, -127, -127, -127, -127, -127, -127, -83, -127, -127, -127, 111, 111, 
2025-12-28 12:48:58.029364|{td-586} 0, -2923648, -2932568, -2941488, -2950408, -2959328, -2968248, -2977168, -2986088, -2995008, -3003928, -3012848, -1, 0, 0, 0, 0, 0, 
2025-12-28 12:48:58.041539|{tx-586} :AAAAAAAAAAA-BBB..
2025-12-28 12:48:58.203792|{rx-587} 0, 0, 14, 0, 482, 6718, 0, 0, 0, 0, 65535, 255, 0, 9, 9
2025-12-28 12:48:58.207740|{rssi-587} 111, -127, -127, -127, -127, -127, -127, -127, -127, -127, -127, -127, -127, -127, -127, 111, 111, 111, 
2025-12-28 12:48:58.218619|{td-587} 0, -2914728, -2923648, -2932568, -2941488, -2950408, -2959328, -2968248, -2977168, -2986088, -2995008, -3003928, -3012848, -3021768, -3030688, 0, 0, 0, 
2025-12-28 12:48:58.232340|{tx-587} :AAAAAAAAAAAAAA...
2025-12-28 12:48:58.393465|{rx-588} 1, 1, 9, 3, 483, 6729, 0, 0, 0, 0, 10, 10, 0, 9, 9
2025-12-28 12:48:58.397494|{rssi-588} 111, -127, -127, -127, -127, -127, -127, -127, -127, -127, -80, -83, -127, -127, -127, 111, 111, 111, 
2025-12-28 12:48:58.407680|{td-588} 0, -5954168, -5963088, -5972008, -5980928, -5989848, -5998768, -6007688, -6016608, -6025528, 3, 5, 0, 0, 0, 0, 0, 0, 
2025-12-28 12:48:58.417812|{tx-588} :AAAAAAAAAC-BBB...
2025-12-28 12:48:58.581264|{rx-589} 0, 0, 14, 0, 483, 6743, 0, 0, 0, 0, 65535, 255, 0, 9, 9
2025-12-28 12:48:58.587948|{rssi-589} 111, -127, -127, -127, -127, -127, -127, -127, -127, -127, -127, -127, -127, -127, -127, 111, 111, 111, 
2025-12-28 12:48:58.598453|{td-589} 0, -2923648, -2932568, -2941488, -2950408, -2959328, -2968248, -2977168, -2986088, -2995008, -3003928, -3012848, -3021768, -3030688, -3039608, 0, 0, 0, 
2025-12-28 12:48:58.612623|{tx-589} :AAAAAAAAAAAAAA...
2025-12-28 12:48:58.771621|{rx-590} 1, 0, 9, 3, 484, 6753, 0, 0, 0, 0, 9, 9, 0, 9, 9
2025-12-28 12:48:58.776972|{rssi-590} 111, -127, -127, -127, -127, -127, -127, -127, -127, -127, -81, -127, -127, -127, 111, 111, 111, 111, 
2025-12-28 12:48:58.786799|{td-590} 0, -5963088, -5972008, -5980928, -5989848, -5998768, -6007688, -6016608, -6025528, -6034448, 7, 0, 0, 0, 0, 0, 0, 0, 
2025-12-28 12:48:58.797456|{tx-590} :AAAAAAAAA-BBB....
2025-12-28 12:48:58.962103|{rx-591} 1, 0, 10, 3, 485, 6764, 0, 0, 0, 0, 10, 9, 0, 9, 9
2025-12-28 12:48:58.966414|{rssi-591} 111, -127, -127, -127, -127, -127, -127, -127, -127, -127, -127, -79, -127, -127, -127, 111, 111, 111, 
2025-12-28 12:48:58.977699|{td-591} 0, -2932568, -2941488, -2950408, -2959328, -2968248, -2977168, -2986088, -2995008, -3003928, -3012848, 5, 0, 0, 0, 0, 0, 0, 
2025-12-28 12:48:58.989283|{tx-591} :AAAAAAAAAA-BBB...
2025-12-28 12:48:59.151328|{rx-592} 0, 0, 14, 0, 485, 6778, 0, 0, 0, 0, 65535, 255, 0, 9, 9
2025-12-28 12:48:59.158388|{rssi-592} 111, -127, -127, -127, -127, -127, -127, -127, -127, -127, -127, -127, -127, -127, -127, 111, 111, 111, 
2025-12-28 12:48:59.168565|{td-592} 0, -2923648, -2932568, -2941488, -2950408, -2959328, -2968248, -2977168, -2986088, -2995008, -3003928, -3012848, -3021768, -3030688, -3039608, 0, 0, 0, 
2025-12-28 12:48:59.182418|{tx-592} :AAAAAAAAAAAAAA...
2025-12-28 12:48:59.342621|{rx-593} 1, 0, 11, 3, 486, 6790, 0, 0, 0, 0, 11, 10, 0, 9, 9
2025-12-28 12:48:59.348281|{rssi-593} 111, -127, -127, -127, -127, -127, -127, -127, -127, -127, -127, -127, -82, -127, -127, -127, 111, 111, 
2025-12-28 12:48:59.358600|{td-593} 0, -5963088, -5972008, -5980928, -5989848, -5998768, -6007688, -6016608, -6025528, -6034448, -6043368, -6052288, 3, 0, 0, 0, 0, 0, 
2025-12-28 12:48:59.369979|{tx-593} :AAAAAAAAAAA-BBB..
2025-12-28 12:48:59.532657|{rx-594} 1, 0, 10, 3, 487, 6801, 0, 0, 0, 0, 10, 9, 0, 9, 9
2025-12-28 12:48:59.537679|{rssi-594} 111, -127, -127, -127, -127, -127, -127, -127, -127, -127, -127, -84, -127, -127, -127, 111, 111, 111, 
2025-12-28 12:48:59.547808|{td-594} 0, -2914728, -2923648, -2932568, -2941488, -2950408, -2959328, -2968248, -2977168, -2986088, -2995008, 7, 0, 0, 0, 0, 0, 0, 
2025-12-28 12:48:59.559902|{tx-594} :AAAAAAAAAA-BBB...
2025-12-28 12:48:59.722858|{rx-595} 1, 1, 10, 3, 488, 6813, 0, 0, 0, 0, 11, 9, 0, 9, 9
2025-12-28 12:48:59.727989|{rssi-595} 111, -127, -127, -127, -127, -127, -127, -127, -127, -127, -127, -80, -80, -127, -127, -127, 111, 111, 
2025-12-28 12:48:59.738879|{td-595} 0, -2923648, -2932568, -2941488, -2950408, -2959328, -2968248, -2977168, -2986088, -2995008, -3003928, 5, 5, 0, 0, 0, 0, 0, 
2025-12-28 12:48:59.748840|{tx-595} :AAAAAAAAAAC-BBB..
2025-12-28 12:48:59.912746|{rx-596} 1, 0, 11, 3, 489, 6825, 0, 0, 0, 0, 11, 10, 0, 9, 9
2025-12-28 12:48:59.920506|{rssi-596} 111, -127, -127, -127, -127, -127, -127, -127, -127, -127, -127, -127, -81, -127, -127, -127, 111, 111, 
2025-12-28 12:48:59.927996|{td-596} 0, -2914728, -2923648, -2932568, -2941488, -2950408, -2959328, -2968248, -2977168, -2986088, -2995008, -3003928, 3, 0, 0, 0, 0, 0, 
2025-12-28 12:48:59.940253|{tx-596} :AAAAAAAAAAA-BBB..
2025-12-28 12:49:00.100505|{rx-597} 1, 0, 8, 3, 490, 6834, 0, 0, 0, 0, 8, 9, 0, 9, 9
2025-12-28 12:49:00.105831|{rssi-597} 111, -127, -127, -127, -127, -127, -127, -127, -127, -86, -127, -127, -127, 111, 111, 111, 111, 111, 
2025-12-28 12:49:00.115828|{td-597} 0, -2914728, -2923648, -2932568, -2941488, -2950408, -2959328, -2968248, -2977168, 1, 0, 0, 0, 0, 0, 0, 0, 0, 
2025-12-28 12:49:00.126441|{tx-597} :AAAAAAAA-BBB.....
2025-12-28 12:49:00.293696|{rx-598} 1, 0, 13, 3, 491, 6848, 0, 0, 0, 0, 13, 9, 0, 9, 9
2025-12-28 12:49:00.297958|{rssi-598} 111, -127, -127, -127, -127, -127, -127, -127, -127, -127, -127, -127, -127, -127, -82, -127, -127, -127, 
2025-12-28 12:49:00.309209|{td-598} 0, -2941488, -2950408, -2959328, -2968248, -2977168, -2986088, -2995008, -3003928, -3012848, -3021768, -3030688, -3039608, -3048528, -1, 0, 0, 0, 
2025-12-28 12:49:00.322614|{tx-598} :AAAAAAAAAAAAA-BBB
2025-12-28 12:49:00.480222|{rx-599} 1, 0, 8, 3, 492, 6857, 0, 0, 0, 0, 8, 9, 0, 9, 9
2025-12-28 12:49:00.485698|{rssi-599} 111, -127, -127, -127, -127, -127, -127, -127, -127, -82, -127, -127, -127, 111, 111, 111, 111, 111, 
2025-12-28 12:49:00.496463|{td-599} 0, -2896888, -2905808, -2914728, -2923648, -2932568, -2941488, -2950408, -2959328, 11, 0, 0, 0, 0, 0, 0, 0, 0, 
2025-12-28 12:49:00.505996|{tx-599} :AAAAAAAA-BBB.....
2025-12-28 12:49:00.673906|{rx-600} 1, 0, 13, 3, 493, 6871, 0, 0, 0, 0, 13, 10, 0, 9, 9
2025-12-28 12:49:00.679309|{rssi-600} 111, -127, -127, -127, -127, -127, -127, -127, -127, -127, -127, -127, -127, -127, -82, -127, -127, -127, 
2025-12-28 12:49:00.689934|{td-600} 0, -2941488, -2950408, -2959328, -2968248, -2977168, -2986088, -2995008, -3003928, -3012848, -3021768, -3030688, -3039608, -3048528, 1, 0, 0, 0, 
2025-12-28 12:49:00.703303|{tx-600} :AAAAAAAAAAAAA-BBB
2025-12-28 12:49:00.861762|{rx-601} 1, 0, 9, 3, 494, 6881, 0, 0, 0, 0, 9, 9, 0, 9, 9
2025-12-28 12:49:00.866344|{rssi-601} 111, -127, -127, -127, -127, -127, -127, -127, -127, -127, -80, -127, -127, -127, 111, 111, 111, 111, 
2025-12-28 12:49:00.876542|{td-601} 0, -2896888, -2905808, -2914728, -2923648, -2932568, -2941488, -2950408, -2959328, -2968248, 5, 0, 0, 0, 0, 0, 0, 0, 
2025-12-28 12:49:00.888032|{tx-601} :AAAAAAAAA-BBB....
2025-12-28 12:49:01.053215|{rx-602} 1, 0, 11, 3, 495, 6893, 0, 0, 0, 0, 11, 10, 0, 9, 9
2025-12-28 12:49:01.057332|{rssi-602} 111, -127, -127, -127, -127, -127, -127, -127, -127, -127, -127, -127, -83, -127, -127, -127, 111, 111, 
2025-12-28 12:49:01.070565|{td-602} 0, -2932568, -2941488, -2950408, -2959328, -2968248, -2977168, -2986088, -2995008, -3003928, -3012848, -3021768, 1, 0, 0, 0, 0, 0, 
2025-12-28 12:49:01.079958|{tx-602} :AAAAAAAAAAA-BBB..
2025-12-28 12:49:01.242170|{rx-603} 1, 0, 10, 3, 496, 6904, 0, 0, 0, 0, 10, 9, 0, 9, 9
2025-12-28 12:49:01.247334|{rssi-603} 111, -127, -127, -127, -127, -127, -127, -127, -127, -127, -127, -87, -127, -127, -127, 111, 111, 111, 
2025-12-28 12:49:01.256558|{td-603} 0, -2914728, -2923648, -2932568, -2941488, -2950408, -2959328, -2968248, -2977168, -2986088, -2995008, 3, 0, 0, 0, 0, 0, 0, 
2025-12-28 12:49:01.268748|{tx-603} :AAAAAAAAAA-BBB...
2025-12-28 12:49:01.431180|{rx-604} 1, 0, 9, 3, 497, 6914, 0, 0, 0, 0, 9, 9, 0, 9, 9
2025-12-28 12:49:01.436464|{rssi-604} 111, -127, -127, -127, -127, -127, -127, -127, -127, -127, -84, -127, -127, -127, 111, 111, 111, 111, 
2025-12-28 12:49:01.446558|{td-604} 0, -2923648, -2932568, -2941488, -2950408, -2959328, -2968248, -2977168, -2986088, -2995008, 3, 0, 0, 0, 0, 0, 0, 0, 
2025-12-28 12:49:01.456825|{tx-604} :AAAAAAAAA-BBB....
2025-12-28 12:49:01.622909|{rx-605} 1, 0, 11, 3, 498, 6926, 0, 0, 0, 0, 11, 10, 0, 9, 9
2025-12-28 12:49:01.627592|{rssi-605} 111, -127, -127, -127, -127, -127, -127, -127, -127, -127, -127, -127, -80, -127, -127, -127, 111, 111, 
2025-12-28 12:49:01.638205|{td-605} 0, -2932568, -2941488, -2950408, -2959328, -2968248, -2977168, -2986088, -2995008, -3003928, -3012848, -3021768, 5, 0, 0, 0, 0, 0, 
2025-12-28 12:49:01.649286|{tx-605} :AAAAAAAAAAA-BBB..
2025-12-28 12:49:01.810538|{rx-606} 1, 0, 9, 3, 499, 6936, 0, 0, 0, 0, 9, 9, 0, 9, 9
2025-12-28 12:49:01.816230|{rssi-606} 111, -127, -127, -127, -127, -127, -127, -127, -127, -127, -84, -127, -127, -127, 111, 111, 111, 111, 
2025-12-28 12:49:01.825674|{td-606} 0, -2914728, -2923648, -2932568, -2941488, -2950408, -2959328, -2968248, -2977168, -2986088, 3, 0, 0, 0, 0, 0, 0, 0, 
2025-12-28 12:49:01.836654|{tx-606} :AAAAAAAAA-BBB....
2025-12-28 12:49:02.001825|{rx-607} 1, 0, 10, 3, 500, 6947, 0, 0, 0, 0, 10, 9, 0, 9, 9
2025-12-28 12:49:02.006819|{rssi-607} 111, -127, -127, -127, -127, -127, -127, -127, -127, -127, -127, -84, -127, -127, -127, 111, 111, 111, 
2025-12-28 12:49:02.017060|{td-607} 0, -2932568, -2941488, -2950408, -2959328, -2968248, -2977168, -2986088, -2995008, -3003928, -3012848, 5, 0, 0, 0, 0, 0, 0, 
2025-12-28 12:49:02.029310|{tx-607} :AAAAAAAAAA-BBB...
2025-12-28 12:49:02.191692|{rx-608} 1, 0, 10, 3, 501, 6958, 0, 0, 0, 0, 10, 10, 0, 9, 9
2025-12-28 12:49:02.197349|{rssi-608} 111, -127, -127, -127, -127, -127, -127, -127, -127, -127, -127, -79, -127, -127, -127, 111, 111, 111, 
2025-12-28 12:49:02.207438|{td-608} 0, -2923648, -2932568, -2941488, -2950408, -2959328, -2968248, -2977168, -2986088, -2995008, -3003928, 1, 0, 0, 0, 0, 0, 0, 
2025-12-28 12:49:02.219144|{tx-608} :AAAAAAAAAA-BBB...
2025-12-28 12:49:02.381276|{rx-609} 1, 0, 10, 3, 502, 6969, 0, 0, 0, 0, 10, 9, 0, 9, 9
2025-12-28 12:49:02.386201|{rssi-609} 111, -127, -127, -127, -127, -127, -127, -127, -127, -127, -127, -81, -127, -127, -127, 111, 111, 111, 
2025-12-28 12:49:02.397074|{td-609} 0, -2923648, -2932568, -2941488, -2950408, -2959328, -2968248, -2977168, -2986088, -2995008, -3003928, 7, 0, 0, 0, 0, 0, 0, 
2025-12-28 12:49:02.407934|{tx-609} :AAAAAAAAAA-BBB...
2025-12-28 12:49:02.572245|{rx-610} 1, 0, 10, 3, 503, 6980, 0, 0, 0, 0, 10, 9, 0, 9, 9
2025-12-28 12:49:02.576786|{rssi-610} 111, -127, -127, -127, -127, -127, -127, -127, -127, -127, -127, -79, -127, -127, -127, 111, 111, 111, 
2025-12-28 12:49:02.587611|{td-610} 0, -2923648, -2932568, -2941488, -2950408, -2959328, -2968248, -2977168, -2986088, -2995008, -3003928, -1, 0, 0, 0, 0, 0, 0, 
2025-12-28 12:49:02.599107|{tx-610} :AAAAAAAAAA-BBB...
2025-12-28 12:49:02.761441|{rx-611} 1, 0, 11, 3, 504, 6992, 0, 0, 0, 0, 11, 10, 0, 9, 9
2025-12-28 12:49:02.767233|{rssi-611} 111, -127, -127, -127, -127, -127, -127, -127, -127, -127, -127, -127, -78, -127, -127, -127, 111, 111, 
2025-12-28 12:49:02.777401|{td-611} 0, -2923648, -2932568, -2941488, -2950408, -2959328, -2968248, -2977168, -2986088, -2995008, -3003928, -3012848, 7, 0, 0, 0, 0, 0, 
2025-12-28 12:49:02.789457|{tx-611} :AAAAAAAAAAA-BBB..
2025-12-28 12:49:02.951773|{rx-612} 1, 0, 10, 3, 505, 7003, 0, 0, 0, 0, 10, 9, 0, 9, 9
2025-12-28 12:49:02.956171|{rssi-612} 111, -127, -127, -127, -127, -127, -127, -127, -127, -127, -127, -83, -127, -127, -127, 111, 111, 111, 
2025-12-28 12:49:02.967556|{td-612} 0, -2914728, -2923648, -2932568, -2941488, -2950408, -2959328, -2968248, -2977168, -2986088, -2995008, -3, 0, 0, 0, 0, 0, 0, 
2025-12-28 12:49:02.978823|{tx-612} :AAAAAAAAAA-BBB...
2025-12-28 12:49:03.141217|{rx-613} 1, 0, 10, 3, 506, 7014, 0, 0, 0, 0, 10, 9, 0, 9, 9
2025-12-28 12:49:03.146747|{rssi-613} 111, -127, -127, -127, -127, -127, -127, -127, -127, -127, -127, -79, -127, -127, -127, 111, 111, 111, 
2025-12-28 12:49:03.157121|{td-613} 0, -2923648, -2932568, -2941488, -2950408, -2959328, -2968248, -2977168, -2986088, -2995008, -3003928, 7, 0, 0, 0, 0, 0, 0, 
2025-12-28 12:49:03.169186|{tx-613} :AAAAAAAAAA-BBB...
2025-12-28 12:49:03.331426|{rx-614} 1, 0, 10, 3, 507, 7025, 0, 0, 0, 0, 10, 9, 0, 9, 9
2025-12-28 12:49:03.336551|{rssi-614} 111, -127, -127, -127, -127, -127, -127, -127, -127, -127, -127, -81, -127, -127, -127, 111, 111, 111, 
2025-12-28 12:49:03.346661|{td-614} 0, -2923648, -2932568, -2941488, -2950408, -2959328, -2968248, -2977168, -2986088, -2995008, -3003928, 3, 0, 0, 0, 0, 0, 0, 
2025-12-28 12:49:03.359062|{tx-614} :AAAAAAAAAA-BBB...
2025-12-28 12:49:03.521224|{rx-615} 1, 0, 11, 3, 508, 7037, 0, 0, 0, 0, 11, 9, 0, 9, 9
2025-12-28 12:49:03.526927|{rssi-615} 111, -127, -127, -127, -127, -127, -127, -127, -127, -127, -127, -127, -82, -127, -127, -127, 111, 111, 
2025-12-28 12:49:03.537558|{td-615} 0, -2923648, -2932568, -2941488, -2950408, -2959328, -2968248, -2977168, -2986088, -2995008, -3003928, -3012848, 3, 0, 0, 0, 0, 0, 
2025-12-28 12:49:03.550323|{tx-615} :AAAAAAAAAAA-BBB..
2025-12-28 12:49:03.712064|{rx-616} 1, 0, 10, 3, 509, 7048, 0, 0, 0, 0, 10, 9, 0, 9, 9
2025-12-28 12:49:03.716651|{rssi-616} 111, -127, -127, -127, -127, -127, -127, -127, -127, -127, -127, -83, -127, -127, -127, 111, 111, 111, 
2025-12-28 12:49:03.726552|{td-616} 0, -2914728, -2923648, -2932568, -2941488, -2950408, -2959328, -2968248, -2977168, -2986088, -2995008, 1, 0, 0, 0, 0, 0, 0, 
2025-12-28 12:49:03.737898|{tx-616} :AAAAAAAAAA-BBB...
2025-12-28 12:49:03.902361|{rx-617} 1, 0, 12, 3, 510, 7061, 0, 0, 0, 0, 12, 11, 0, 9, 9
2025-12-28 12:49:03.907913|{rssi-617} 111, -127, -127, -127, -127, -127, -127, -127, -127, -127, -127, -127, -127, -82, -127, -127, -127, 111, 
2025-12-28 12:49:03.917816|{td-617} 0, -2923648, -2932568, -2941488, -2950408, -2959328, -2968248, -2977168, -2986088, -2995008, -3003928, -3012848, -3021768, 9, 0, 0, 0, 0, 
2025-12-28 12:49:03.931279|{tx-617} :AAAAAAAAAAAA-BBB.
2025-12-28 12:49:04.092114|{rx-618} 1, 0, 10, 3, 511, 7072, 0, 0, 0, 0, 10, 9, 0, 9, 9
2025-12-28 12:49:04.096934|{rssi-618} 111, -127, -127, -127, -127, -127, -127, -127, -127, -127, -127, -82, -127, -127, -127, 111, 111, 111, 
2025-12-28 12:49:04.105716|{td-618} 0, -2905808, -2914728, -2923648, -2932568, -2941488, -2950408, -2959328, -2968248, -2977168, -2986088, 1, 0, 0, 0, 0, 0, 0, 
2025-12-28 12:49:04.119840|{tx-618} :AAAAAAAAAA-BBB...
2025-12-28 12:49:04.281813|{rx-619} 1, 0, 10, 3, 512, 7083, 0, 0, 0, 0, 10, 10, 0, 9, 9
2025-12-28 12:49:04.286664|{rssi-619} 111, -127, -127, -127, -127, -127, -127, -127, -127, -127, -127, -81, -127, -127, -127, 111, 111, 111, 
2025-12-28 12:49:04.297022|{td-619} 0, -2923648, -2932568, -2941488, -2950408, -2959328, -2968248, -2977168, -2986088, -2995008, -3003928, 1, 0, 0, 0, 0, 0, 0, 
2025-12-28 12:49:04.307607|{tx-619} :AAAAAAAAAA-BBB...
2025-12-28 12:49:04.471094|{rx-620} 1, 0, 9, 3, 513, 7093, 0, 0, 0, 0, 9, 9, 0, 9, 9
2025-12-28 12:49:04.475415|{rssi-620} 111, -127, -127, -127, -127, -127, -127, -127, -127, -127, -78, -127, -127, -127, 111, 111, 111, 111, 
2025-12-28 12:49:04.486150|{td-620} 0, -2923648, -2932568, -2941488, -2950408, -2959328, -2968248, -2977168, -2986088, -2995008, 3, 0, 0, 0, 0, 0, 0, 0, 
2025-12-28 12:49:04.497287|{tx-620} :AAAAAAAAA-BBB....
2025-12-28 12:49:04.660674|{rx-621} 1, 0, 10, 3, 514, 7104, 0, 0, 0, 0, 10, 9, 0, 9, 9
2025-12-28 12:49:04.666267|{rssi-621} 111, -127, -127, -127, -127, -127, -127, -127, -127, -127, -127, -79, -127, -127, -127, 111, 111, 111, 
2025-12-28 12:49:04.677038|{td-621} 0, -2932568, -2941488, -2950408, -2959328, -2968248, -2977168, -2986088, -2995008, -3003928, -3012848, -1, 0, 0, 0, 0, 0, 0, 
2025-12-28 12:49:04.687682|{tx-621} :AAAAAAAAAA-BBB...
2025-12-28 12:49:04.850351|{rx-622} 1, 1, 9, 3, 515, 7115, 0, 0, 0, 0, 10, 9, 0, 9, 9
2025-12-28 12:49:04.855833|{rssi-622} 111, -127, -127, -127, -127, -127, -127, -127, -127, -79, -79, -84, -127, -127, -127, 111, 111, 111, 
2025-12-28 12:49:04.866613|{td-622} 0, -2923648, -2932568, -2941488, -2950408, -2959328, -2968248, -2977168, -2986088, 9, -8911, 11, 0, 0, 0, 0, 0, 0, 
2025-12-28 12:49:04.876503|{tx-622} :AAAAAAAACA-BBB...
2025-12-28 12:49:05.040940|{rx-623} 1, 0, 10, 3, 516, 7126, 0, 0, 0, 0, 10, 9, 0, 9, 9
2025-12-28 12:49:05.046359|{rssi-623} 111, -127, -127, -127, -127, -127, -127, -127, -127, -127, -127, -82, -127, -127, -127, 111, 111, 111, 
2025-12-28 12:49:05.056848|{td-623} 0, -2923648, -2932568, -2941488, -2950408, -2959328, -2968248, -2977168, -2986088, -2995008, -3003928, 5, 0, 0, 0, 0, 0, 0, 
2025-12-28 12:49:05.068768|{tx-623} :AAAAAAAAAA-BBB...
2025-12-28 12:49:05.230307|{rx-624} 1, 0, 9, 3, 517, 7136, 0, 0, 0, 0, 9, 9, 0, 9, 9
2025-12-28 12:49:05.234656|{rssi-624} 111, -127, -127, -127, -127, -127, -127, -127, -127, -127, -80, -127, -127, -127, 111, 111, 111, 111, 
2025-12-28 12:49:05.245816|{td-624} 0, -2923648, -2932568, -2941488, -2950408, -2959328, -2968248, -2977168, -2986088, -2995008, 1, 0, 0, 0, 0, 0, 0, 0, 
2025-12-28 12:49:05.256978|{tx-624} :AAAAAAAAA-BBB....
2025-12-28 12:49:05.420918|{rx-625} 1, 0, 9, 3, 518, 7146, 0, 0, 0, 0, 9, 9, 0, 9, 9
2025-12-28 12:49:05.424718|{rssi-625} 111, -127, -127, -127, -127, -127, -127, -127, -127, -127, -83, -127, -127, -127, 111, 111, 111, 111, 
2025-12-28 12:49:05.435035|{td-625} 0, -2932568, -2941488, -2950408, -2959328, -2968248, -2977168, -2986088, -2995008, -3003928, 3, 0, 0, 0, 0, 0, 0, 0, 
2025-12-28 12:49:05.446064|{tx-625} :AAAAAAAAA-BBB....
2025-12-28 12:49:05.611153|{rx-626} 0, 0, 14, 0, 518, 7160, 0, 0, 0, 0, 65535, 255, 0, 9, 9
2025-12-28 12:49:05.616564|{rssi-626} 111, -127, -127, -127, -127, -127, -127, -127, -127, -127, -127, -127, -127, -127, -127, 111, 111, 111, 
2025-12-28 12:49:05.626208|{td-626} 0, -2932568, -2941488, -2950408, -2959328, -2968248, -2977168, -2986088, -2995008, -3003928, -3012848, -3021768, -3030688, -3039608, -3048528, 0, 0, 0, 
2025-12-28 12:49:05.640750|{tx-626} :AAAAAAAAAAAAAA...
2025-12-28 12:49:05.702668| 