2025-12-28 12:47:06.013719|Testing
2025-12-28 12:47:06.014098|Node 0x515bdc2a
2025-12-28 12:47:06.687064|{rx-0} 1, 0, 0, 3, 1, 1, 0, 0, 0, 0, 0, 1, 0, 0, 0
2025-12-28 12:47:06.692125|{rssi-0} 0, -66, -127, -127, -127, 0, 0, 0, 0, 0, 0, 0, 0, 0, 0, 0, 0, 0, 
2025-12-28 12:47:06.698172|{td-0} 0, 5226494, 0, 0, 0, 0, 0, 0, 0, 0, 0, 0, 0, 0, 0, 0, 0, 0, 
2025-12-28 12:47:06.703450|{tx-0} :-BBB
2025-12-28 12:47:06.705785|#R 0, ID: 0x515bdc2a 7, master: 0xf2de209e, tx power: 0 dBm, channel 37 = 2405 MHz (std), msg: 39 bytes, mode: Ble_1Mbit, CE: 0, @ Dec 28 2025 11:43:06
2025-12-28 12:47:06.877831|{rx-1} 1, 0, 0, 3, 2, 2, 0, 0, 0, 0, 0, 1, 0, 1, 1
2025-12-28 12:47:06.880961|{rssi-1} 111, -66, -127, -127, -127, 111, 111, 111, 111, 111, 111, 111, 111, 111, 111, 111, 111, 111, 
2025-12-28 12:47:06.891188|{td-1} 0, -19, 0, 0, 0, 0, 0, 0, 0, 0, 0, 0, 0, 0, 0, 0, 0, 0, 
2025-12-28 12:47:06.897537|{tx-1} :-BBB.............
2025-12-28 12:47:07.068093|{rx-2} 1, 0, 0, 3, 3, 3, 0, 0, 0, 0, 0, 1, 0, 1, 1
2025-12-28 12:47:07.071869|{rssi-2} 111, -68, -127, -127, -127, 111, 111, 111, 111, 111, 111, 111, 111, 111, 111, 111, 111, 111, 
2025-12-28 12:47:07.081068|{td-2} 0, -21, 0, 0, 0, 0, 0, 0, 0, 0, 0, 0, 0, 0, 0, 0, 0, 0, 
2025-12-28 12:47:07.085436|{tx-2} :-BBB.............
2025-12-28 12:47:07.258756|{rx-3} 1, 0, 1, 3, 4, 5, 0, 0, 0, 0, 1, 2, 0, 1, 1
2025-12-28 12:47:07.261975|{rssi-3} 111, -127, -38, -127, -127, -127, 111, 111, 111, 111, 111, 111, 111, 111, 111, 111, 111, 111, 
2025-12-28 12:47:07.272366|{td-3} 0, -3012848, -21, 0, 0, 0, 0, 0, 0, 0, 0, 0, 0, 0, 0, 0, 0, 0, 
2025-12-28 12:47:07.278570|{tx-3} :A-BBB............
2025-12-28 12:47:07.448557|{rx-4} 1, 0, 0, 3, 5, 6, 0, 0, 0, 0, 0, 1, 0, 1, 1
2025-12-28 12:47:07.452095|{rssi-4} 111, -68, -127, -127, -127, 111, 111, 111, 111, 111, 111, 111, 111, 111, 111, 111, 111, 111, 
2025-12-28 12:47:07.461393|{td-4} 0, -19, 0, 0, 0, 0, 0, 0, 0, 0, 0, 0, 0, 0, 0, 0, 0, 0, 
2025-12-28 12:47:07.466571|{tx-4} :-BBB.............
2025-12-28 12:47:07.638082|{rx-5} 1, 0, 0, 3, 6, 7, 0, 0, 0, 0, 0, 1, 0, 1, 1
2025-12-28 12:47:07.642581|{rssi-5} 111, -66, -127, -127, -127, 111, 111, 111, 111, 111, 111, 111, 111, 111, 111, 111, 111, 111, 
2025-12-28 12:47:07.651127|{td-5} 0, -21, 0, 0, 0, 0, 0, 0, 0, 0, 0, 0, 0, 0, 0, 0, 0, 0, 
2025-12-28 12:47:07.655748|{tx-5} :-BBB.............
2025-12-28 12:47:07.827186|{rx-6} 1, 0, 0, 3, 7, 8, 0, 0, 0, 0, 0, 1, 0, 1, 1
2025-12-28 12:47:07.831928|{rssi-6} 111, -66, -127, -127, -127, 111, 111, 111, 111, 111, 111, 111, 111, 111, 111, 111, 111, 111, 
2025-12-28 12:47:07.841091|{td-6} 0, -19, 0, 0, 0, 0, 0, 0, 0, 0, 0, 0, 0, 0, 0, 0, 0, 0, 
2025-12-28 12:47:07.845412|{tx-6} :-BBB.............
2025-12-28 12:47:08.017221|{rx-7} 1, 0, 0, 3, 8, 9, 0, 0, 0, 0, 0, 1, 0, 1, 1
2025-12-28 12:47:08.021880|{rssi-7} 111, -66, -127, -127, -127, 111, 111, 111, 111, 111, 111, 111, 111, 111, 111, 111, 111, 111, 
2025-12-28 12:47:08.030940|{td-7} 0, -19, 0, 0, 0, 0, 0, 0, 0, 0, 0, 0, 0, 0, 0, 0, 0, 0, 
2025-12-28 12:47:08.035543|{tx-7} :-BBB.............
2025-12-28 12:47:08.206710|{rx-8} 1, 0, 0, 3, 9, 10, 0, 0, 0, 0, 0, 1, 0, 1, 1
2025-12-28 12:47:08.210868|{rssi-8} 111, -66, -127, -127, -127, 111, 111, 111, 111, 111, 111, 111, 111, 111, 111, 111, 111, 111, 
2025-12-28 12:47:08.219889|{td-8} 0, -21, 0, 0, 0, 0, 0, 0, 0, 0, 0, 0, 0, 0, 0, 0, 0, 0, 
2025-12-28 12:47:08.225932|{tx-8} :-BBB.............
2025-12-28 12:47:08.398634|{rx-9} 1, 0, 0, 3, 10, 11, 0, 0, 0, 0, 0, 1, 0, 1, 1
2025-12-28 12:47:08.403300|{rssi-9} 111, -69, -127, -127, -127, 111, 111, 111, 111, 111, 111, 111, 111, 111, 111, 111, 111, 111, 
2025-12-28 12:47:08.413296|{td-9} 0, -19, 0, 0, 0, 0, 0, 0, 0, 0, 0, 0, 0, 0, 0, 0, 0, 0, 
2025-12-28 12:47:08.417595|{tx-9} :-BBB.............
2025-12-28 12:47:08.588282|{rx-10} 1, 0, 0, 3, 11, 12, 0, 0, 0, 0, 0, 1, 0, 1, 1
2025-12-28 12:47:08.592503|{rssi-10} 111, -68, -127, -127, -127, 111, 111, 111, 111, 111, 111, 111, 111, 111, 111, 111, 111, 111, 
2025-12-28 12:47:08.601697|{td-10} 0, -21, 0, 0, 0, 0, 0, 0, 0, 0, 0, 0, 0, 0, 0, 0, 0, 0, 
2025-12-28 12:47:08.608062|{tx-10} :-BBB.............
2025-12-28 12:47:08.779931|{rx-11} 1, 0, 0, 3, 12, 13, 0, 0, 0, 0, 0, 1, 0, 1, 1
2025-12-28 12:47:08.782669|{rssi-11} 111, -66, -127, -127, -127, 111, 111, 111, 111, 111, 111, 111, 111, 111, 111, 111, 111, 111, 
2025-12-28 12:47:08.793219|{td-11} 0, -19, 0, 0, 0, 0, 0, 0, 0, 0, 0, 0, 0, 0, 0, 0, 0, 0, 
2025-12-28 12:47:08.798839|{tx-11} :-BBB.............
2025-12-28 12:47:08.968573|{rx-12} 1, 0, 0, 3, 13, 14, 0, 0, 0, 0, 0, 1, 0, 1, 1
2025-12-28 12:47:08.972178|{rssi-12} 111, -68, -127, -127, -127, 111, 111, 111, 111, 111, 111, 111, 111, 111, 111, 111, 111, 111, 
2025-12-28 12:47:08.982068|{td-12} 0, -21, 0, 0, 0, 0, 0, 0, 0, 0, 0, 0, 0, 0, 0, 0, 0, 0, 
2025-12-28 12:47:08.987271|{tx-12} :-BBB.............
2025-12-28 12:47:09.157269|{rx-13} 1, 0, 0, 3, 14, 15, 0, 0, 0, 0, 0, 1, 0, 1, 1
2025-12-28 12:47:09.161382|{rssi-13} 111, -66, -127, -127, -127, 111, 111, 111, 111, 111, 111, 111, 111, 111, 111, 111, 111, 111, 
2025-12-28 12:47:09.171451|{td-13} 0, -19, 0, 0, 0, 0, 0, 0, 0, 0, 0, 0, 0, 0, 0, 0, 0, 0, 
2025-12-28 12:47:09.176206|{tx-13} :-BBB.............
2025-12-28 12:47:09.349313|{rx-14} 1, 0, 0, 3, 15, 16, 0, 0, 0, 0, 0, 1, 0, 1, 1
2025-12-28 12:47:09.352684|{rssi-14} 111, -68, -127, -127, -127, 111, 111, 111, 111, 111, 111, 111, 111, 111, 111, 111, 111, 111, 
2025-12-28 12:47:09.361712|{td-14} 0, -21, 0, 0, 0, 0, 0, 0, 0, 0, 0, 0, 0, 0, 0, 0, 0, 0, 
2025-12-28 12:47:09.368075|{tx-14} :-BBB.............
2025-12-28 12:47:09.538289|{rx-15} 1, 0, 0, 3, 16, 17, 0, 0, 0, 0, 0, 1, 0, 1, 1
2025-12-28 12:47:09.541588|{rssi-15} 111, -66, -127, -127, -127, 111, 111, 111, 111, 111, 111, 111, 111, 111, 111, 111, 111, 111, 
2025-12-28 12:47:09.551596|{td-15} 0, -19, 0, 0, 0, 0, 0, 0, 0, 0, 0, 0, 0, 0, 0, 0, 0, 0, 
2025-12-28 12:47:09.556223|{tx-15} :-BBB.............
2025-12-28 12:47:09.728043|{rx-16} 1, 0, 0, 3, 17, 18, 0, 0, 0, 0, 0, 1, 0, 1, 1
2025-12-28 12:47:09.730958|{rssi-16} 111, -66, -127, -127, -127, 111, 111, 111, 111, 111, 111, 111, 111, 111, 111, 111, 111, 111, 
2025-12-28 12:47:09.740793|{td-16} 0, -21, 0, 0, 0, 0, 0, 0, 0, 0, 0, 0, 0, 0, 0, 0, 0, 0, 
2025-12-28 12:47:09.745951|{tx-16} :-BBB.............
2025-12-28 12:47:09.919107|{rx-17} 1, 0, 0, 3, 18, 19, 0, 0, 0, 0, 0, 1, 0, 1, 1
2025-12-28 12:47:09.922181|{rssi-17} 111, -66, -127, -127, -127, 111, 111, 111, 111, 111, 111, 111, 111, 111, 111, 111, 111, 111, 
2025-12-28 12:47:09.931363|{td-17} 0, -19, 0, 0, 0, 0, 0, 0, 0, 0, 0, 0, 0, 0, 0, 0, 0, 0, 
2025-12-28 12:47:09.937741|{tx-17} :-BBB.............
2025-12-28 12:47:10.108686|{rx-18} 1, 0, 0, 3, 19, 20, 0, 0, 0, 0, 0, 1, 0, 1, 1
2025-12-28 12:47:10.110904|{rssi-18} 111, -66, -127, -127, -127, 111, 111, 111, 111, 111, 111, 111, 111, 111, 111, 111, 111, 111, 
2025-12-28 12:47:10.121071|{td-18} 0, -21, 0, 0, 0, 0, 0, 0, 0, 0, 0, 0, 0, 0, 0, 0, 0, 0, 
2025-12-28 12:47:10.127145|{tx-18} :-BBB.............
2025-12-28 12:47:10.297860|{rx-19} 1, 0, 0, 3, 20, 21, 0, 0, 0, 0, 0, 1, 0, 1, 1
2025-12-28 12:47:10.303487|{rssi-19} 111, -66, -127, -127, -127, 111, 111, 111, 111, 111, 111, 111, 111, 111, 111, 111, 111, 111, 
2025-12-28 12:47:10.311080|{td-19} 0, -19, 0, 0, 0, 0, 0, 0, 0, 0, 0, 0, 0, 0, 0, 0, 0, 0, 
2025-12-28 12:47:10.315903|{tx-19} :-BBB.............
2025-12-28 12:47:10.488051|{rx-20} 1, 0, 0, 3, 21, 22, 0, 0, 0, 0, 0, 1, 0, 1, 1
2025-12-28 12:47:10.492893|{rssi-20} 111, -66, -127, -127, -127, 111, 111, 111, 111, 111, 111, 111, 111, 111, 111, 111, 111, 111, 
2025-12-28 12:47:10.501423|{td-20} 0, -21, 0, 0, 0, 0, 0, 0, 0, 0, 0, 0, 0, 0, 0, 0, 0, 0, 
2025-12-28 12:47:10.505821|{tx-20} :-BBB.............
2025-12-28 12:47:10.677158|{rx-21} 1, 0, 0, 3, 22, 23, 0, 0, 0, 0, 0, 1, 0, 1, 1
2025-12-28 12:47:10.681427|{rssi-21} 111, -66, -127, -127, -127, 111, 111, 111, 111, 111, 111, 111, 111, 111, 111, 111, 111, 111, 
2025-12-28 12:47:10.690480|{td-21} 0, -19, 0, 0, 0, 0, 0, 0, 0, 0, 0, 0, 0, 0, 0, 0, 0, 0, 
2025-12-28 12:47:10.696383|{tx-21} :-BBB.............
2025-12-28 12:47:10.866473|{rx-22} 1, 0, 0, 3, 23, 24, 0, 0, 0, 0, 0, 1, 0, 1, 1
2025-12-28 12:47:10.871770|{rssi-22} 111, -66, -127, -127, -127, 111, 111, 111, 111, 111, 111, 111, 111, 111, 111, 111, 111, 111, 
2025-12-28 12:47:10.881353|{td-22} 0, -21, 0, 0, 0, 0, 0, 0, 0, 0, 0, 0, 0, 0, 0, 0, 0, 0, 
2025-12-28 12:47:10.886188|{tx-22} :-BBB.............
2025-12-28 12:47:11.056407|{rx-23} 1, 0, 0, 3, 24, 25, 0, 0, 0, 0, 0, 1, 0, 1, 1
2025-12-28 12:47:11.063558|{rssi-23} 111, -66, -127, -127, -127, 111, 111, 111, 111, 111, 111, 111, 111, 111, 111, 111, 111, 111, 
2025-12-28 12:47:11.070647|{td-23} 0, -19, 0, 0, 0, 0, 0, 0, 0, 0, 0, 0, 0, 0, 0, 0, 0, 0, 
2025-12-28 12:47:11.075963|{tx-23} :-BBB.............
2025-12-28 12:47:11.248180|{rx-24} 1, 0, 0, 3, 25, 26, 0, 0, 0, 0, 0, 1, 0, 1, 1
2025-12-28 12:47:11.251999|{rssi-24} 111, -66, -127, -127, -127, 111, 111, 111, 111, 111, 111, 111, 111, 111, 111, 111, 111, 111, 
2025-12-28 12:47:11.261829|{td-24} 0, -21, 0, 0, 0, 0, 0, 0, 0, 0, 0, 0, 0, 0, 0, 0, 0, 0, 
2025-12-28 12:47:11.267632|{tx-24} :-BBB.............
2025-12-28 12:47:11.437469|{rx-25} 1, 0, 0, 3, 26, 27, 0, 0, 0, 0, 0, 1, 0, 1, 1
2025-12-28 12:47:11.441720|{rssi-25} 111, -66, -127, -127, -127, 111, 111, 111, 111, 111, 111, 111, 111, 111, 111, 111, 111, 111, 
2025-12-28 12:47:11.451304|{td-25} 0, -19, 0, 0, 0, 0, 0, 0, 0, 0, 0, 0, 0, 0, 0, 0, 0, 0, 
2025-12-28 12:47:11.455814|{tx-25} :-BBB.............
2025-12-28 12:47:11.626654|{rx-26} 1, 0, 0, 3, 27, 28, 0, 0, 0, 0, 0, 1, 0, 1, 1
2025-12-28 12:47:11.632249|{rssi-26} 111, -66, -127, -127, -127, 111, 111, 111, 111, 111, 111, 111, 111, 111, 111, 111, 111, 111, 
2025-12-28 12:47:11.641212|{td-26} 0, -21, 0, 0, 0, 0, 0, 0, 0, 0, 0, 0, 0, 0, 0, 0, 0, 0, 
2025-12-28 12:47:11.646105|{tx-26} :-BBB.............
2025-12-28 12:47:11.817308|{rx-27} 1, 0, 0, 3, 28, 29, 0, 0, 0, 0, 0, 1, 0, 1, 1
2025-12-28 12:47:11.821684|{rssi-27} 111, -66, -127, -127, -127, 111, 111, 111, 111, 111, 111, 111, 111, 111, 111, 111, 111, 111, 
2025-12-28 12:47:11.832475|{td-27} 0, -19, 0, 0, 0, 0, 0, 0, 0, 0, 0, 0, 0, 0, 0, 0, 0, 0, 
2025-12-28 12:47:11.836187|{tx-27} :-BBB.............
2025-12-28 12:47:12.006686|{rx-28} 1, 0, 0, 3, 29, 30, 0, 0, 0, 0, 0, 1, 0, 1, 1
2025-12-28 12:47:12.010624|{rssi-28} 111, -68, -127, -127, -127, 111, 111, 111, 111, 111, 111, 111, 111, 111, 111, 111, 111, 111, 
2025-12-28 12:47:12.020874|{td-28} 0, -21, 0, 0, 0, 0, 0, 0, 0, 0, 0, 0, 0, 0, 0, 0, 0, 0, 
2025-12-28 12:47:12.026020|{tx-28} :-BBB.............
2025-12-28 12:47:12.196548|{rx-29} 1, 0, 0, 3, 30, 31, 0, 0, 0, 0, 0, 1, 0, 1, 1
2025-12-28 12:47:12.201683|{rssi-29} 111, -66, -127, -127, -127, 111, 111, 111, 111, 111, 111, 111, 111, 111, 111, 111, 111, 111, 
2025-12-28 12:47:12.210577|{td-29} 0, -19, 0, 0, 0, 0, 0, 0, 0, 0, 0, 0, 0, 0, 0, 0, 0, 0, 
2025-12-28 12:47:12.215616|{tx-29} :-BBB.............
2025-12-28 12:47:12.388456|{rx-30} 1, 0, 0, 3, 31, 32, 0, 0, 0, 0, 0, 1, 0, 1, 1
2025-12-28 12:47:12.392396|{rssi-30} 111, -66, -127, -127, -127, 111, 111, 111, 111, 111, 111, 111, 111, 111, 111, 111, 111, 111, 
2025-12-28 12:47:12.401715|{td-30} 0, -21, 0, 0, 0, 0, 0, 0, 0, 0, 0, 0, 0, 0, 0, 0, 0, 0, 
2025-12-28 12:47:12.407964|{tx-30} :-BBB.............
2025-12-28 12:47:12.576615|{rx-31} 1, 0, 0, 3, 32, 33, 0, 0, 0, 0, 0, 1, 0, 1, 1
2025-12-28 12:47:12.581462|{rssi-31} 111, -66, -127, -127, -127, 111, 111, 111, 111, 111, 111, 111, 111, 111, 111, 111, 111, 111, 
2025-12-28 12:47:12.591038|{td-31} 0, -19, 0, 0, 0, 0, 0, 0, 0, 0, 0, 0, 0, 0, 0, 0, 0, 0, 
2025-12-28 12:47:12.596745|{tx-31} :-BBB.............
2025-12-28 12:47:12.766514|{rx-32} 1, 0, 0, 3, 33, 34, 0, 0, 0, 0, 0, 1, 0, 1, 1
2025-12-28 12:47:12.771318|{rssi-32} 111, -68, -127, -127, -127, 111, 111, 111, 111, 111, 111, 111, 111, 111, 111, 111, 111, 111, 
2025-12-28 12:47:12.780744|{td-32} 0, -21, 0, 0, 0, 0, 0, 0, 0, 0, 0, 0, 0, 0, 0, 0, 0, 0, 
2025-12-28 12:47:12.786552|{tx-32} :-BBB.............
2025-12-28 12:47:12.956592|{rx-33} 1, 0, 0, 3, 34, 35, 0, 0, 0, 0, 0, 1, 0, 1, 1
2025-12-28 12:47:12.961434|{rssi-33} 111, -66, -127, -127, -127, 111, 111, 111, 111, 111, 111, 111, 111, 111, 111, 111, 111, 111, 
2025-12-28 12:47:12.970719|{td-33} 0, -19, 0, 0, 0, 0, 0, 0, 0, 0, 0, 0, 0, 0, 0, 0, 0, 0, 
2025-12-28 12:47:12.975735|{tx-33} :-BBB.............
2025-12-28 12:47:13.145989|{rx-34} 1, 0, 0, 3, 35, 36, 0, 0, 0, 0, 0, 1, 0, 1, 1
2025-12-28 12:47:13.151923|{rssi-34} 111, -66, -127, -127, -127, 111, 111, 111, 111, 111, 111, 111, 111, 111, 111, 111, 111, 111, 
2025-12-28 12:47:13.160776|{td-34} 0, -21, 0, 0, 0, 0, 0, 0, 0, 0, 0, 0, 0, 0, 0, 0, 0, 0, 
2025-12-28 12:47:13.166589|{tx-34} :-BBB.............
2025-12-28 12:47:13.336376|{rx-35} 1, 0, 0, 3, 36, 37, 0, 0, 0, 0, 0, 1, 0, 1, 1
2025-12-28 12:47:13.340318|{rssi-35} 111, -66, -127, -127, -127, 111, 111, 111, 111, 111, 111, 111, 111, 111, 111, 111, 111, 111, 
2025-12-28 12:47:13.349937|{td-35} 0, -19, 0, 0, 0, 0, 0, 0, 0, 0, 0, 0, 0, 0, 0, 0, 0, 0, 
2025-12-28 12:47:13.355899|{tx-35} :-BBB.............
2025-12-28 12:47:13.527370|{rx-36} 1, 0, 0, 3, 37, 38, 0, 0, 0, 0, 0, 1, 0, 1, 1
2025-12-28 12:47:13.530762|{rssi-36} 111, -66, -127, -127, -127, 111, 111, 111, 111, 111, 111, 111, 111, 111, 111, 111, 111, 111, 
2025-12-28 12:47:13.540888|{td-36} 0, -21, 0, 0, 0, 0, 0, 0, 0, 0, 0, 0, 0, 0, 0, 0, 0, 0, 
2025-12-28 12:47:13.546307|{tx-36} :-BBB.............
2025-12-28 12:47:13.717336|{rx-37} 1, 0, 0, 3, 38, 39, 0, 0, 0, 0, 0, 1, 0, 1, 1
2025-12-28 12:47:13.721368|{rssi-37} 111, -66, -127, -127, -127, 111, 111, 111, 111, 111, 111, 111, 111, 111, 111, 111, 111, 111, 
2025-12-28 12:47:13.731586|{td-37} 0, -19, 0, 0, 0, 0, 0, 0, 0, 0, 0, 0, 0, 0, 0, 0, 0, 0, 
2025-12-28 12:47:13.736639|{tx-37} :-BBB.............
2025-12-28 12:47:13.907456|{rx-38} 1, 0, 0, 3, 39, 40, 0, 0, 0, 0, 0, 1, 0, 1, 1
2025-12-28 12:47:13.911323|{rssi-38} 111, -68, -127, -127, -127, 111, 111, 111, 111, 111, 111, 111, 111, 111, 111, 111, 111, 111, 
2025-12-28 12:47:13.920565|{td-38} 0, -21, 0, 0, 0, 0, 0, 0, 0, 0, 0, 0, 0, 0, 0, 0, 0, 0, 
2025-12-28 12:47:13.926692|{tx-38} :-BBB.............
2025-12-28 12:47:14.097105|{rx-39} 1, 0, 0, 3, 40, 41, 0, 0, 0, 0, 0, 1, 0, 1, 1
2025-12-28 12:47:14.101465|{rssi-39} 111, -66, -127, -127, -127, 111, 111, 111, 111, 111, 111, 111, 111, 111, 111, 111, 111, 111, 
2025-12-28 12:47:14.110763|{td-39} 0, -19, 0, 0, 0, 0, 0, 0, 0, 0, 0, 0, 0, 0, 0, 0, 0, 0, 
2025-12-28 12:47:14.115273|{tx-39} :-BBB.............
2025-12-28 12:47:14.287454|{rx-40} 1, 0, 0, 3, 41, 42, 0, 0, 0, 0, 0, 1, 0, 1, 1
2025-12-28 12:47:14.291222|{rssi-40} 111, -66, -127, -127, -127, 111, 111, 111, 111, 111, 111, 111, 111, 111, 111, 111, 111, 111, 
2025-12-28 12:47:14.300430|{td-40} 0, -21, 0, 0, 0, 0, 0, 0, 0, 0, 0, 0, 0, 0, 0, 0, 0, 0, 
2025-12-28 12:47:14.306038|{tx-40} :-BBB.............
2025-12-28 12:47:14.477820|{rx-41} 1, 0, 0, 3, 42, 43, 0, 0, 0, 0, 0, 1, 0, 1, 1
2025-12-28 12:47:14.480991|{rssi-41} 111, -66, -127, -127, -127, 111, 111, 111, 111, 111, 111, 111, 111, 111, 111, 111, 111, 111, 
2025-12-28 12:47:14.490802|{td-41} 0, -19, 0, 0, 0, 0, 0, 0, 0, 0, 0, 0, 0, 0, 0, 0, 0, 0, 
2025-12-28 12:47:14.495837|{tx-41} :-BBB.............
2025-12-28 12:47:14.666487|{rx-42} 1, 0, 0, 3, 43, 44, 0, 0, 0, 0, 0, 1, 0, 1, 1
2025-12-28 12:47:14.671265|{rssi-42} 111, -66, -127, -127, -127, 111, 111, 111, 111, 111, 111, 111, 111, 111, 111, 111, 111, 111, 
2025-12-28 12:47:14.680487|{td-42} 0, -21, 0, 0, 0, 0, 0, 0, 0, 0, 0, 0, 0, 0, 0, 0, 0, 0, 
2025-12-28 12:47:14.685880|{tx-42} :-BBB.............
2025-12-28 12:47:14.856528|{rx-43} 1, 0, 0, 3, 44, 45, 0, 0, 0, 0, 0, 1, 0, 1, 1
2025-12-28 12:47:14.860485|{rssi-43} 111, -66, -127, -127, -127, 111, 111, 111, 111, 111, 111, 111, 111, 111, 111, 111, 111, 111, 
2025-12-28 12:47:14.870086|{td-43} 0, -19, 0, 0, 0, 0, 0, 0, 0, 0, 0, 0, 0, 0, 0, 0, 0, 0, 
2025-12-28 12:47:14.875650|{tx-43} :-BBB.............
2025-12-28 12:47:15.045916|{rx-44} 1, 0, 0, 3, 45, 46, 0, 0, 0, 0, 0, 1, 0, 1, 1
2025-12-28 12:47:15.050788|{rssi-44} 111, -66, -127, -127, -127, 111, 111, 111, 111, 111, 111, 111, 111, 111, 111, 111, 111, 111, 
2025-12-28 12:47:15.060042|{td-44} 0, -21, 0, 0, 0, 0, 0, 0, 0, 0, 0, 0, 0, 0, 0, 0, 0, 0, 
2025-12-28 12:47:15.064678|{tx-44} :-BBB.............
2025-12-28 12:47:15.238414|{rx-45} 1, 0, 0, 3, 46, 47, 0, 0, 0, 0, 0, 1, 0, 1, 1
2025-12-28 12:47:15.240014|{rssi-45} 111, -66, -127, -127, -127, 111, 111, 111, 111, 111, 111, 111, 111, 111, 111, 111, 111, 111, 
2025-12-28 12:47:15.249727|{td-45} 0, -19, 0, 0, 0, 0, 0, 0, 0, 0, 0, 0, 0, 0, 0, 0, 0, 0, 
2025-12-28 12:47:15.255637|{tx-45} :-BBB.............
2025-12-28 12:47:15.426737|{rx-46} 1, 0, 0, 3, 47, 48, 0, 0, 0, 0, 0, 1, 0, 1, 1
2025-12-28 12:47:15.430825|{rssi-46} 111, -66, -127, -127, -127, 111, 111, 111, 111, 111, 111, 111, 111, 111, 111, 111, 111, 111, 
2025-12-28 12:47:15.440283|{td-46} 0, -21, 0, 0, 0, 0, 0, 0, 0, 0, 0, 0, 0, 0, 0, 0, 0, 0, 
2025-12-28 12:47:15.445831|{tx-46} :-BBB.............
2025-12-28 12:47:15.615833|{rx-47} 1, 0, 0, 3, 48, 49, 0, 0, 0, 0, 0, 1, 0, 1, 1
2025-12-28 12:47:15.621082|{rssi-47} 111, -66, -127, -127, -127, 111, 111, 111, 111, 111, 111, 111, 111, 111, 111, 111, 111, 111, 
2025-12-28 12:47:15.630546|{td-47} 0, -19, 0, 0, 0, 0, 0, 0, 0, 0, 0, 0, 0, 0, 0, 0, 0, 0, 
2025-12-28 12:47:15.636066|{tx-47} :-BBB.............
2025-12-28 12:47:15.806273|{rx-48} 1, 0, 0, 3, 49, 50, 0, 0, 0, 0, 0, 1, 0, 1, 1
2025-12-28 12:47:15.810637|{rssi-48} 111, -66, -127, -127, -127, 111, 111, 111, 111, 111, 111, 111, 111, 111, 111, 111, 111, 111, 
2025-12-28 12:47:15.820209|{td-48} 0, -19, 0, 0, 0, 0, 0, 0, 0, 0, 0, 0, 0, 0, 0, 0, 0, 0, 
2025-12-28 12:47:15.824751|{tx-48} :-BBB.............
2025-12-28 12:47:15.996204|{rx-49} 1, 0, 0, 3, 50, 51, 0, 0, 0, 0, 0, 1, 0, 1, 1
2025-12-28 12:47:16.000775|{rssi-49} 111, -66, -127, -127, -127, 111, 111, 111, 111, 111, 111, 111, 111, 111, 111, 111, 111, 111, 
2025-12-28 12:47:16.010472|{td-49} 0, -21, 0, 0, 0, 0, 0, 0, 0, 0, 0, 0, 0, 0, 0, 0, 0, 0, 
2025-12-28 12:47:16.015498|{tx-49} :-BBB.............
2025-12-28 12:47:16.185792|{rx-50} 1, 0, 0, 3, 51, 52, 0, 0, 0, 0, 0, 1, 0, 1, 1
2025-12-28 12:47:16.192357|{rssi-50} 111, -68, -127, -127, -127, 111, 111, 111, 111, 111, 111, 111, 111, 111, 111, 111, 111, 111, 
2025-12-28 12:47:16.200439|{td-50} 0, -19, 0, 0, 0, 0, 0, 0, 0, 0, 0, 0, 0, 0, 0, 0, 0, 0, 
2025-12-28 12:47:16.205971|{tx-50} :-BBB.............
2025-12-28 12:47:16.375523|{rx-51} 1, 0, 0, 3, 52, 53, 0, 0, 0, 0, 0, 1, 0, 1, 1
2025-12-28 12:47:16.380972|{rssi-51} 111, -66, -127, -127, -127, 111, 111, 111, 111, 111, 111, 111, 111, 111, 111, 111, 111, 111, 
2025-12-28 12:47:16.390565|{td-51} 0, -21, 0, 0, 0, 0, 0, 0, 0, 0, 0, 0, 0, 0, 0, 0, 0, 0, 
2025-12-28 12:47:16.396569|{tx-51} :-BBB.............
2025-12-28 12:47:16.565594|{rx-52} 1, 0, 0, 3, 53, 54, 0, 0, 0, 0, 0, 1, 0, 1, 1
2025-12-28 12:47:16.571073|{rssi-52} 111, -66, -127, -127, -127, 111, 111, 111, 111, 111, 111, 111, 111, 111, 111, 111, 111, 111, 
2025-12-28 12:47:16.579995|{td-52} 0, -21, 0, 0, 0, 0, 0, 0, 0, 0, 0, 0, 0, 0, 0, 0, 0, 0, 
2025-12-28 12:47:16.585922|{tx-52} :-BBB.............
2025-12-28 12:47:16.755353|{rx-53} 1, 0, 0, 3, 54, 55, 0, 0, 0, 0, 0, 1, 0, 1, 1
2025-12-28 12:47:16.760905|{rssi-53} 111, -66, -127, -127, -127, 111, 111, 111, 111, 111, 111, 111, 111, 111, 111, 111, 111, 111, 
2025-12-28 12:47:16.769946|{td-53} 0, -19, 0, 0, 0, 0, 0, 0, 0, 0, 0, 0, 0, 0, 0, 0, 0, 0, 
2025-12-28 12:47:16.774962|{tx-53} :-BBB.............
2025-12-28 12:47:16.946382|{rx-54} 1, 0, 0, 3, 55, 56, 0, 0, 0, 0, 0, 1, 0, 1, 1
2025-12-28 12:47:16.951243|{rssi-54} 111, -66, -127, -127, -127, 111, 111, 111, 111, 111, 111, 111, 111, 111, 111, 111, 111, 111, 
2025-12-28 12:47:16.961381|{td-54} 0, -21, 0, 0, 0, 0, 0, 0, 0, 0, 0, 0, 0, 0, 0, 0, 0, 0, 
2025-12-28 12:47:16.965853|{tx-54} :-BBB.............
2025-12-28 12:47:17.135828|{rx-55} 1, 0, 0, 3, 56, 57, 0, 0, 0, 0, 0, 1, 0, 1, 1
2025-12-28 12:47:17.140723|{rssi-55} 111, -66, -127, -127, -127, 111, 111, 111, 111, 111, 111, 111, 111, 111, 111, 111, 111, 111, 
2025-12-28 12:47:17.149226|{td-55} 0, -19, 0, 0, 0, 0, 0, 0, 0, 0, 0, 0, 0, 0, 0, 0, 0, 0, 
2025-12-28 12:47:17.155836|{tx-55} :-BBB.............
2025-12-28 12:47:17.326091|{rx-56} 1, 0, 0, 3, 57, 58, 0, 0, 0, 0, 0, 1, 0, 1, 1
2025-12-28 12:47:17.329838|{rssi-56} 111, -66, -127, -127, -127, 111, 111, 111, 111, 111, 111, 111, 111, 111, 111, 111, 111, 111, 
2025-12-28 12:47:17.339816|{td-56} 0, -19, 0, 0, 0, 0, 0, 0, 0, 0, 0, 0, 0, 0, 0, 0, 0, 0, 
2025-12-28 12:47:17.345783|{tx-56} :-BBB.............
2025-12-28 12:47:17.516392|{rx-57} 1, 0, 0, 3, 58, 59, 0, 0, 0, 0, 0, 1, 0, 1, 1
2025-12-28 12:47:17.521257|{rssi-57} 111, -66, -127, -127, -127, 111, 111, 111, 111, 111, 111, 111, 111, 111, 111, 111, 111, 111, 
2025-12-28 12:47:17.529528|{td-57} 0, -21, 0, 0, 0, 0, 0, 0, 0, 0, 0, 0, 0, 0, 0, 0, 0, 0, 
2025-12-28 12:47:17.534689|{tx-57} :-BBB.............
2025-12-28 12:47:17.706094|{rx-58} 1, 0, 0, 3, 59, 60, 0, 0, 0, 0, 0, 1, 0, 1, 1
2025-12-28 12:47:17.710614|{rssi-58} 111, -68, -127, -127, -127, 111, 111, 111, 111, 111, 111, 111, 111, 111, 111, 111, 111, 111, 
2025-12-28 12:47:17.719901|{td-58} 0, -21, 0, 0, 0, 0, 0, 0, 0, 0, 0, 0, 0, 0, 0, 0, 0, 0, 
2025-12-28 12:47:17.724877|{tx-58} :-BBB.............
2025-12-28 12:47:17.895551|{rx-59} 1, 0, 0, 3, 60, 61, 0, 0, 0, 0, 0, 1, 0, 1, 1
2025-12-28 12:47:17.900648|{rssi-59} 111, -66, -127, -127, -127, 111, 111, 111, 111, 111, 111, 111, 111, 111, 111, 111, 111, 111, 
2025-12-28 12:47:17.909885|{td-59} 0, -19, 0, 0, 0, 0, 0, 0, 0, 0, 0, 0, 0, 0, 0, 0, 0, 0, 
2025-12-28 12:47:17.915586|{tx-59} :-BBB.............
2025-12-28 12:47:18.086057|{rx-60} 1, 0, 0, 3, 61, 62, 0, 0, 0, 0, 0, 1, 0, 1, 1
2025-12-28 12:47:18.090424|{rssi-60} 111, -66, -127, -127, -127, 111, 111, 111, 111, 111, 111, 111, 111, 111, 111, 111, 111, 111, 
2025-12-28 12:47:18.099798|{td-60} 0, -21, 0, 0, 0, 0, 0, 0, 0, 0, 0, 0, 0, 0, 0, 0, 0, 0, 
2025-12-28 12:47:18.105204|{tx-60} :-BBB.............
2025-12-28 12:47:18.276206|{rx-61} 1, 0, 0, 3, 62, 63, 0, 0, 0, 0, 0, 1, 0, 1, 1
2025-12-28 12:47:18.280528|{rssi-61} 111, -66, -127, -127, -127, 111, 111, 111, 111, 111, 111, 111, 111, 111, 111, 111, 111, 111, 
2025-12-28 12:47:18.290069|{td-61} 0, -19, 0, 0, 0, 0, 0, 0, 0, 0, 0, 0, 0, 0, 0, 0, 0, 0, 
2025-12-28 12:47:18.294211|{tx-61} :-BBB.............
2025-12-28 12:47:18.465421|{rx-62} 1, 0, 0, 3, 63, 64, 0, 0, 0, 0, 0, 1, 0, 1, 1
2025-12-28 12:47:18.470609|{rssi-62} 111, -66, -127, -127, -127, 111, 111, 111, 111, 111, 111, 111, 111, 111, 111, 111, 111, 111, 
2025-12-28 12:47:18.479699|{td-62} 0, -19, 0, 0, 0, 0, 0, 0, 0, 0, 0, 0, 0, 0, 0, 0, 0, 0, 
2025-12-28 12:47:18.485562|{tx-62} :-BBB.............
2025-12-28 12:47:18.655247|{rx-63} 1, 0, 0, 3, 64, 65, 0, 0, 0, 0, 0, 1, 0, 1, 1
2025-12-28 12:47:18.660403|{rssi-63} 111, -66, -127, -127, -127, 111, 111, 111, 111, 111, 111, 111, 111, 111, 111, 111, 111, 111, 
2025-12-28 12:47:18.669854|{td-63} 0, -21, 0, 0, 0, 0, 0, 0, 0, 0, 0, 0, 0, 0, 0, 0, 0, 0, 
2025-12-28 12:47:18.675659|{tx-63} :-BBB.............
2025-12-28 12:47:18.846661|{rx-64} 1, 0, 0, 3, 65, 66, 0, 0, 0, 0, 0, 1, 0, 1, 1
2025-12-28 12:47:18.850989|{rssi-64} 111, -66, -127, -127, -127, 111, 111, 111, 111, 111, 111, 111, 111, 111, 111, 111, 111, 111, 
2025-12-28 12:47:18.860032|{td-64} 0, -21, 0, 0, 0, 0, 0, 0, 0, 0, 0, 0, 0, 0, 0, 0, 0, 0, 
2025-12-28 12:47:18.864200|{tx-64} :-BBB.............
2025-12-28 12:47:19.035671|{rx-65} 1, 0, 0, 3, 66, 67, 0, 0, 0, 0, 0, 1, 0, 1, 1
2025-12-28 12:47:19.040445|{rssi-65} 111, -66, -127, -127, -127, 111, 111, 111, 111, 111, 111, 111, 111, 111, 111, 111, 111, 111, 
2025-12-28 12:47:19.048836|{td-65} 0, -19, 0, 0, 0, 0, 0, 0, 0, 0, 0, 0, 0, 0, 0, 0, 0, 0, 
2025-12-28 12:47:19.054452|{tx-65} :-BBB.............
2025-12-28 12:47:19.225659|{rx-66} 1, 0, 0, 3, 67, 68, 0, 0, 0, 0, 0, 1, 0, 1, 1
2025-12-28 12:47:19.230093|{rssi-66} 111, -66, -127, -127, -127, 111, 111, 111, 111, 111, 111, 111, 111, 111, 111, 111, 111, 111, 
2025-12-28 12:47:19.239613|{td-66} 0, -21, 0, 0, 0, 0, 0, 0, 0, 0, 0, 0, 0, 0, 0, 0, 0, 0, 
2025-12-28 12:47:19.245408|{tx-66} :-BBB.............
2025-12-28 12:47:19.416332|{rx-67} 1, 0, 0, 3, 68, 69, 0, 0, 0, 0, 0, 1, 0, 1, 1
2025-12-28 12:47:19.419950|{rssi-67} 111, -67, -127, -127, -127, 111, 111, 111, 111, 111, 111, 111, 111, 111, 111, 111, 111, 111, 
2025-12-28 12:47:19.429845|{td-67} 0, -19, 0, 0, 0, 0, 0, 0, 0, 0, 0, 0, 0, 0, 0, 0, 0, 0, 
2025-12-28 12:47:19.435009|{tx-67} :-BBB.............
2025-12-28 12:47:19.606013|{rx-68} 1, 0, 0, 3, 69, 70, 0, 0, 0, 0, 0, 1, 0, 1, 1
2025-12-28 12:47:19.610520|{rssi-68} 111, -66, -127, -127, -127, 111, 111, 111, 111, 111, 111, 111, 111, 111, 111, 111, 111, 111, 
2025-12-28 12:47:19.619893|{td-68} 0, -19, 0, 0, 0, 0, 0, 0, 0, 0, 0, 0, 0, 0, 0, 0, 0, 0, 
2025-12-28 12:47:19.624326|{tx-68} :-BBB.............
2025-12-28 12:47:19.795243|{rx-69} 1, 0, 0, 3, 70, 71, 0, 0, 0, 0, 0, 1, 0, 1, 1
2025-12-28 12:47:19.799452|{rssi-69} 111, -66, -127, -127, -127, 111, 111, 111, 111, 111, 111, 111, 111, 111, 111, 111, 111, 111, 
2025-12-28 12:47:19.809826|{td-69} 0, -21, 0, 0, 0, 0, 0, 0, 0, 0, 0, 0, 0, 0, 0, 0, 0, 0, 
2025-12-28 12:47:19.814018|{tx-69} :-BBB.............
2025-12-28 12:47:19.985915|{rx-70} 1, 0, 0, 3, 71, 72, 0, 0, 0, 0, 0, 1, 0, 1, 1
2025-12-28 12:47:19.990222|{rssi-70} 111, -66, -127, -127, -127, 111, 111, 111, 111, 111, 111, 111, 111, 111, 111, 111, 111, 111, 
2025-12-28 12:47:19.999622|{td-70} 0, -21, 0, 0, 0, 0, 0, 0, 0, 0, 0, 0, 0, 0, 0, 0, 0, 0, 
2025-12-28 12:47:20.005355|{tx-70} :-BBB.............
2025-12-28 12:47:20.175510|{rx-71} 1, 0, 0, 3, 72, 73, 0, 0, 0, 0, 0, 1, 0, 1, 1
2025-12-28 12:47:20.180482|{rssi-71} 111, -66, -127, -127, -127, 111, 111, 111, 111, 111, 111, 111, 111, 111, 111, 111, 111, 111, 
2025-12-28 12:47:20.190069|{td-71} 0, -19, 0, 0, 0, 0, 0, 0, 0, 0, 0, 0, 0, 0, 0, 0, 0, 0, 
2025-12-28 12:47:20.195685|{tx-71} :-BBB.............
2025-12-28 12:47:20.365923|{rx-72} 1, 0, 0, 3, 73, 74, 0, 0, 0, 0, 0, 1, 0, 1, 1
2025-12-28 12:47:20.371292|{rssi-72} 111, -66, -127, -127, -127, 111, 111, 111, 111, 111, 111, 111, 111, 111, 111, 111, 111, 111, 
2025-12-28 12:47:20.379823|{td-72} 0, -21, 0, 0, 0, 0, 0, 0, 0, 0, 0, 0, 0, 0, 0, 0, 0, 0, 
2025-12-28 12:47:20.384211|{tx-72} :-BBB.............
2025-12-28 12:47:20.556443|{rx-73} 1, 0, 0, 3, 74, 75, 0, 0, 0, 0, 0, 1, 0, 1, 1
2025-12-28 12:47:20.561122|{rssi-73} 111, -66, -127, -127, -127, 111, 111, 111, 111, 111, 111, 111, 111, 111, 111, 111, 111, 111, 
2025-12-28 12:47:20.568899|{td-73} 0, -19, 0, 0, 0, 0, 0, 0, 0, 0, 0, 0, 0, 0, 0, 0, 0, 0, 
2025-12-28 12:47:20.574755|{tx-73} :-BBB.............
2025-12-28 12:47:20.746136|{rx-74} 1, 0, 0, 3, 75, 76, 0, 0, 0, 0, 0, 1, 0, 1, 1
2025-12-28 12:47:20.751008|{rssi-74} 111, -66, -127, -127, -127, 111, 111, 111, 111, 111, 111, 111, 111, 111, 111, 111, 111, 111, 
2025-12-28 12:47:20.759805|{td-74} 0, -21, 0, 0, 0, 0, 0, 0, 0, 0, 0, 0, 0, 0, 0, 0, 0, 0, 
2025-12-28 12:47:20.764315|{tx-74} :-BBB.............
2025-12-28 12:47:20.934729|{rx-75} 1, 0, 0, 3, 76, 77, 0, 0, 0, 0, 0, 1, 0, 1, 1
2025-12-28 12:47:20.940230|{rssi-75} 111, -66, -127, -127, -127, 111, 111, 111, 111, 111, 111, 111, 111, 111, 111, 111, 111, 111, 
2025-12-28 12:47:20.949064|{td-75} 0, -19, 0, 0, 0, 0, 0, 0, 0, 0, 0, 0, 0, 0, 0, 0, 0, 0, 
2025-12-28 12:47:20.954851|{tx-75} :-BBB.............
2025-12-28 12:47:21.124753|{rx-76} 1, 0, 0, 3, 77, 78, 0, 0, 0, 0, 0, 1, 0, 1, 1
2025-12-28 12:47:21.129563|{rssi-76} 111, -66, -127, -127, -127, 111, 111, 111, 111, 111, 111, 111, 111, 111, 111, 111, 111, 111, 
2025-12-28 12:47:21.139218|{td-76} 0, -19, 0, 0, 0, 0, 0, 0, 0, 0, 0, 0, 0, 0, 0, 0, 0, 0, 
2025-12-28 12:47:21.143577|{tx-76} :-BBB.............
2025-12-28 12:47:21.315235|{rx-77} 1, 0, 0, 3, 78, 79, 0, 0, 0, 0, 0, 1, 0, 1, 1
2025-12-28 12:47:21.321608|{rssi-77} 111, -67, -127, -127, -127, 111, 111, 111, 111, 111, 111, 111, 111, 111, 111, 111, 111, 111, 
2025-12-28 12:47:21.329565|{td-77} 0, -21, 0, 0, 0, 0, 0, 0, 0, 0, 0, 0, 0, 0, 0, 0, 0, 0, 
2025-12-28 12:47:21.334584|{tx-77} :-BBB.............
2025-12-28 12:47:21.504992|{rx-78} 1, 0, 0, 3, 79, 80, 0, 0, 0, 0, 0, 1, 0, 1, 1
2025-12-28 12:47:21.510030|{rssi-78} 111, -68, -127, -127, -127, 111, 111, 111, 111, 111, 111, 111, 111, 111, 111, 111, 111, 111, 
2025-12-28 12:47:21.518783|{td-78} 0, -21, 0, 0, 0, 0, 0, 0, 0, 0, 0, 0, 0, 0, 0, 0, 0, 0, 
2025-12-28 12:47:21.524822|{tx-78} :-BBB.............
2025-12-28 12:47:21.695486|{rx-79} 1, 1, 0, 3, 80, 82, 0, 0, 0, 0, 1, 2, 0, 1, 1
2025-12-28 12:47:21.700527|{rssi-79} 111, -66, -39, -127, -127, -127, 111, 111, 111, 111, 111, 111, 111, 111, 111, 111, 111, 111, 
2025-12-28 12:47:21.710245|{td-79} 0, -19, -19, 0, 0, 0, 0, 0, 0, 0, 0, 0, 0, 0, 0, 0, 0, 0, 
2025-12-28 12:47:21.715624|{tx-79} :C-BBB............
2025-12-28 12:47:21.884872|{rx-80} 1, 0, 0, 3, 81, 83, 0, 0, 0, 0, 0, 1, 0, 1, 1
2025-12-28 12:47:21.889948|{rssi-80} 111, -67, -127, -127, -127, 111, 111, 111, 111, 111, 111, 111, 111, 111, 111, 111, 111, 111, 
2025-12-28 12:47:21.899414|{td-80} 0, -21, 0, 0, 0, 0, 0, 0, 0, 0, 0, 0, 0, 0, 0, 0, 0, 0, 
2025-12-28 12:47:21.903962|{tx-80} :-BBB.............
2025-12-28 12:47:22.074988|{rx-81} 1, 0, 0, 3, 82, 84, 0, 0, 0, 0, 0, 1, 0, 1, 1
2025-12-28 12:47:22.079939|{rssi-81} 111, -66, -127, -127, -127, 111, 111, 111, 111, 111, 111, 111, 111, 111, 111, 111, 111, 111, 
2025-12-28 12:47:22.089961|{td-81} 0, -19, 0, 0, 0, 0, 0, 0, 0, 0, 0, 0, 0, 0, 0, 0, 0, 0, 
2025-12-28 12:47:22.093844|{tx-81} :-BBB.............
2025-12-28 12:47:22.264909|{rx-82} 1, 0, 0, 3, 83, 85, 0, 0, 0, 0, 0, 1, 0, 1, 1
2025-12-28 12:47:22.269690|{rssi-82} 111, -66, -127, -127, -127, 111, 111, 111, 111, 111, 111, 111, 111, 111, 111, 111, 111, 111, 
2025-12-28 12:47:22.278658|{td-82} 0, -21, 0, 0, 0, 0, 0, 0, 0, 0, 0, 0, 0, 0, 0, 0, 0, 0, 
2025-12-28 12:47:22.283972|{tx-82} :-BBB.............
2025-12-28 12:47:22.454928|{rx-83} 1, 0, 0, 3, 84, 86, 0, 0, 0, 0, 0, 1, 0, 1, 1
2025-12-28 12:47:22.459127|{rssi-83} 111, -66, -127, -127, -127, 111, 111, 111, 111, 111, 111, 111, 111, 111, 111, 111, 111, 111, 
2025-12-28 12:47:22.469104|{td-83} 0, -19, 0, 0, 0, 0, 0, 0, 0, 0, 0, 0, 0, 0, 0, 0, 0, 0, 
2025-12-28 12:47:22.474878|{tx-83} :-BBB.............
2025-12-28 12:47:22.645354|{rx-84} 1, 0, 0, 3, 85, 87, 0, 0, 0, 0, 0, 1, 0, 1, 1
2025-12-28 12:47:22.649911|{rssi-84} 111, -66, -127, -127, -127, 111, 111, 111, 111, 111, 111, 111, 111, 111, 111, 111, 111, 111, 
2025-12-28 12:47:22.658170|{td-84} 0, -19, 0, 0, 0, 0, 0, 0, 0, 0, 0, 0, 0, 0, 0, 0, 0, 0, 
2025-12-28 12:47:22.663536|{tx-84} :-BBB.............
2025-12-28 12:47:22.835047|{rx-85} 1, 0, 0, 3, 86, 88, 0, 0, 0, 0, 0, 1, 0, 1, 1
2025-12-28 12:47:22.839972|{rssi-85} 111, -66, -127, -127, -127, 111, 111, 111, 111, 111, 111, 111, 111, 111, 111, 111, 111, 111, 
2025-12-28 12:47:22.848086|{td-85} 0, -21, 0, 0, 0, 0, 0, 0, 0, 0, 0, 0, 0, 0, 0, 0, 0, 0, 
2025-12-28 12:47:22.854479|{tx-85} :-BBB.............
2025-12-28 12:47:23.025171|{rx-86} 1, 0, 0, 3, 87, 89, 0, 0, 0, 0, 0, 1, 0, 1, 1
2025-12-28 12:47:23.029962|{rssi-86} 111, -66, -127, -127, -127, 111, 111, 111, 111, 111, 111, 111, 111, 111, 111, 111, 111, 111, 
2025-12-28 12:47:23.038502|{td-86} 0, -19, 0, 0, 0, 0, 0, 0, 0, 0, 0, 0, 0, 0, 0, 0, 0, 0, 
2025-12-28 12:47:23.044629|{tx-86} :-BBB.............
2025-12-28 12:47:23.214543|{rx-87} 1, 0, 0, 3, 88, 90, 0, 0, 0, 0, 0, 1, 0, 1, 1
2025-12-28 12:47:23.219763|{rssi-87} 111, -66, -127, -127, -127, 111, 111, 111, 111, 111, 111, 111, 111, 111, 111, 111, 111, 111, 
2025-12-28 12:47:23.228434|{td-87} 0, -21, 0, 0, 0, 0, 0, 0, 0, 0, 0, 0, 0, 0, 0, 0, 0, 0, 
2025-12-28 12:47:23.234439|{tx-87} :-BBB.............
2025-12-28 12:47:23.404703|{rx-88} 1, 0, 0, 3, 89, 91, 0, 0, 0, 0, 0, 1, 0, 1, 1
2025-12-28 12:47:23.409863|{rssi-88} 111, -66, -127, -127, -127, 111, 111, 111, 111, 111, 111, 111, 111, 111, 111, 111, 111, 111, 
2025-12-28 12:47:23.419533|{td-88} 0, -21, 0, 0, 0, 0, 0, 0, 0, 0, 0, 0, 0, 0, 0, 0, 0, 0, 
2025-12-28 12:47:23.424856|{tx-88} :-BBB.............
2025-12-28 12:47:23.594681|{rx-89} 1, 0, 0, 3, 90, 92, 0, 0, 0, 0, 0, 1, 0, 1, 1
2025-12-28 12:47:23.599461|{rssi-89} 111, -66, -127, -127, -127, 111, 111, 111, 111, 111, 111, 111, 111, 111, 111, 111, 111, 111, 
2025-12-28 12:47:23.608800|{td-89} 0, -19, 0, 0, 0, 0, 0, 0, 0, 0, 0, 0, 0, 0, 0, 0, 0, 0, 
2025-12-28 12:47:23.614870|{tx-89} :-BBB.............
2025-12-28 12:47:23.784936|{rx-90} 1, 0, 0, 3, 91, 93, 0, 0, 0, 0, 0, 1, 0, 1, 1
2025-12-28 12:47:23.789945|{rssi-90} 111, -66, -127, -127, -127, 111, 111, 111, 111, 111, 111, 111, 111, 111, 111, 111, 111, 111, 
2025-12-28 12:47:23.798052|{td-90} 0, -19, 0, 0, 0, 0, 0, 0, 0, 0, 0, 0, 0, 0, 0, 0, 0, 0, 
2025-12-28 12:47:23.804744|{tx-90} :-BBB.............
2025-12-28 12:47:23.981716|{rx-91} 1, 0, 0, 3, 92, 94, 0, 0, 0, 0, 0, 1, 0, 1, 1
2025-12-28 12:47:23.986313|{rssi-91} 111, -66, -127, -127, -127, 111, 111, 111, 111, 111, 111, 111, 111, 111, 111, 111, 111, 111, 
2025-12-28 12:47:23.990277|{td-91} 0, -21, 0, 0, 0, 0, 0, 0, 0, 0, 0, 0, 0, 0, 0, 0, 0, 0, 
2025-12-28 12:47:23.994656|{tx-91} :-BBB.............
2025-12-28 12:47:24.164831|{rx-92} 1, 0, 0, 3, 93, 95, 0, 0, 0, 0, 0, 1, 0, 1, 1
2025-12-28 12:47:24.169009|{rssi-92} 111, -66, -127, -127, -127, 111, 111, 111, 111, 111, 111, 111, 111, 111, 111, 111, 111, 111, 
2025-12-28 12:47:24.178844|{td-92} 0, -21, 0, 0, 0, 0, 0, 0, 0, 0, 0, 0, 0, 0, 0, 0, 0, 0, 
2025-12-28 12:47:24.183515|{tx-92} :-BBB.............
2025-12-28 12:47:24.354645|{rx-93} 1, 0, 0, 3, 94, 96, 0, 0, 0, 0, 0, 1, 0, 1, 1
2025-12-28 12:47:24.359885|{rssi-93} 111, -66, -127, -127, -127, 111, 111, 111, 111, 111, 111, 111, 111, 111, 111, 111, 111, 111, 
2025-12-28 12:47:24.368898|{td-93} 0, -19, 0, 0, 0, 0, 0, 0, 0, 0, 0, 0, 0, 0, 0, 0, 0, 0, 
2025-12-28 12:47:24.373617|{tx-93} :-BBB.............
2025-12-28 12:47:24.544918|{rx-94} 1, 0, 0, 3, 95, 97, 0, 0, 0, 0, 0, 1, 0, 1, 1
2025-12-28 12:47:24.549455|{rssi-94} 111, -66, -127, -127, -127, 111, 111, 111, 111, 111, 111, 111, 111, 111, 111, 111, 111, 111, 
2025-12-28 12:47:24.558480|{td-94} 0, -19, 0, 0, 0, 0, 0, 0, 0, 0, 0, 0, 0, 0, 0, 0, 0, 0, 
2025-12-28 12:47:24.563706|{tx-94} :-BBB.............
2025-12-28 12:47:24.734813|{rx-95} 1, 0, 0, 3, 96, 98, 0, 0, 0, 0, 0, 1, 0, 1, 1
2025-12-28 12:47:24.741799|{rssi-95} 111, -66, -127, -127, -127, 111, 111, 111, 111, 111, 111, 111, 111, 111, 111, 111, 111, 111, 
2025-12-28 12:47:24.749484|{td-95} 0, -21, 0, 0, 0, 0, 0, 0, 0, 0, 0, 0, 0, 0, 0, 0, 0, 0, 
2025-12-28 12:47:24.754481|{tx-95} :-BBB.............
2025-12-28 12:47:24.926386|{rx-96} 1, 0, 0, 3, 97, 99, 0, 0, 0, 0, 0, 1, 0, 1, 1
2025-12-28 12:47:24.929203|{rssi-96} 111, -68, -127, -127, -127, 111, 111, 111, 111, 111, 111, 111, 111, 111, 111, 111, 111, 111, 
2025-12-28 12:47:24.938714|{td-96} 0, -19, 0, 0, 0, 0, 0, 0, 0, 0, 0, 0, 0, 0, 0, 0, 0, 0, 
2025-12-28 12:47:24.942977|{tx-96} :-BBB.............
2025-12-28 12:47:25.114165|{rx-97} 1, 0, 0, 3, 98, 100, 0, 0, 0, 0, 0, 1, 0, 1, 1
2025-12-28 12:47:25.120246|{rssi-97} 111, -66, -127, -127, -127, 111, 111, 111, 111, 111, 111, 111, 111, 111, 111, 111, 111, 111, 
2025-12-28 12:47:25.129357|{td-97} 0, -21, 0, 0, 0, 0, 0, 0, 0, 0, 0, 0, 0, 0, 0, 0, 0, 0, 
2025-12-28 12:47:25.134643|{tx-97} :-BBB.............
2025-12-28 12:47:25.304925|{rx-98} 1, 0, 0, 3, 99, 101, 0, 0, 0, 0, 0, 1, 0, 1, 1
2025-12-28 12:47:25.309574|{rssi-98} 111, -66, -127, -127, -127, 111, 111, 111, 111, 111, 111, 111, 111, 111, 111, 111, 111, 111, 
2025-12-28 12:47:25.318574|{td-98} 0, -19, 0, 0, 0, 0, 0, 0, 0, 0, 0, 0, 0, 0, 0, 0, 0, 0, 
2025-12-28 12:47:25.324407|{tx-98} :-BBB.............
2025-12-28 12:47:25.494986|{rx-99} 1, 0, 0, 3, 100, 102, 0, 0, 0, 0, 0, 1, 0, 1, 1
2025-12-28 12:47:25.500433|{rssi-99} 111, -66, -127, -127, -127, 111, 111, 111, 111, 111, 111, 111, 111, 111, 111, 111, 111, 111, 
2025-12-28 12:47:25.509127|{td-99} 0, -21, 0, 0, 0, 0, 0, 0, 0, 0, 0, 0, 0, 0, 0, 0, 0, 0, 
2025-12-28 12:47:25.513549|{tx-99} :-BBB.............
2025-12-28 12:47:25.685026|{rx-100} 1, 0, 0, 3, 101, 103, 0, 0, 0, 0, 0, 1, 0, 1, 1
2025-12-28 12:47:25.689612|{rssi-100} 111, -66, -127, -127, -127, 111, 111, 111, 111, 111, 111, 111, 111, 111, 111, 111, 111, 111, 
2025-12-28 12:47:25.699218|{td-100} 0, -19, 0, 0, 0, 0, 0, 0, 0, 0, 0, 0, 0, 0, 0, 0, 0, 0, 
2025-12-28 12:47:25.704741|{tx-100} :-BBB.............
2025-12-28 12:47:25.873943|{rx-101} 1, 0, 0, 3, 102, 104, 0, 0, 0, 0, 0, 1, 0, 1, 1
2025-12-28 12:47:25.880202|{rssi-101} 111, -66, -127, -127, -127, 111, 111, 111, 111, 111, 111, 111, 111, 111, 111, 111, 111, 111, 
2025-12-28 12:47:25.888197|{td-101} 0, -21, 0, 0, 0, 0, 0, 0, 0, 0, 0, 0, 0, 0, 0, 0, 0, 0, 
2025-12-28 12:47:25.894904|{tx-101} :-BBB.............
2025-12-28 12:47:26.063990|{rx-102} 1, 0, 0, 3, 103, 105, 0, 0, 0, 0, 0, 1, 0, 1, 1
2025-12-28 12:47:26.069142|{rssi-102} 111, -66, -127, -127, -127, 111, 111, 111, 111, 111, 111, 111, 111, 111, 111, 111, 111, 111, 
2025-12-28 12:47:26.078662|{td-102} 0, -19, 0, 0, 0, 0, 0, 0, 0, 0, 0, 0, 0, 0, 0, 0, 0, 0, 
2025-12-28 12:47:26.083954|{tx-102} :-BBB.............
2025-12-28 12:47:26.254177|{rx-103} 1, 0, 0, 3, 104, 106, 0, 0, 0, 0, 0, 1, 0, 1, 1
2025-12-28 12:47:26.259101|{rssi-103} 111, -66, -127, -127, -127, 111, 111, 111, 111, 111, 111, 111, 111, 111, 111, 111, 111, 111, 
2025-12-28 12:47:26.268577|{td-103} 0, -21, 0, 0, 0, 0, 0, 0, 0, 0, 0, 0, 0, 0, 0, 0, 0, 0, 
2025-12-28 12:47:26.273865|{tx-103} :-BBB.............
2025-12-28 12:47:26.444445|{rx-104} 1, 0, 0, 3, 105, 107, 0, 0, 0, 0, 0, 1, 0, 1, 1
2025-12-28 12:47:26.453922|{rssi-104} 111, -67, -127, -127, -127, 111, 111, 111, 111, 111, 111, 111, 111, 111, 111, 111, 111, 111, 
2025-12-28 12:47:26.459196|{td-104} 0, -19, 0, 0, 0, 0, 0, 0, 0, 0, 0, 0, 0, 0, 0, 0, 0, 0, 
2025-12-28 12:47:26.463572|{tx-104} :-BBB.............
2025-12-28 12:47:26.634738|{rx-105} 1, 0, 0, 3, 106, 108, 0, 0, 0, 0, 0, 1, 0, 1, 1
2025-12-28 12:47:26.638842|{rssi-105} 111, -66, -127, -127, -127, 111, 111, 111, 111, 111, 111, 111, 111, 111, 111, 111, 111, 111, 
2025-12-28 12:47:26.648607|{td-105} 0, -21, 0, 0, 0, 0, 0, 0, 0, 0, 0, 0, 0, 0, 0, 0, 0, 0, 
2025-12-28 12:47:26.653878|{tx-105} :-BBB.............
2025-12-28 12:47:26.824502|{rx-106} 1, 0, 0, 3, 107, 109, 0, 0, 0, 0, 0, 1, 0, 1, 1
2025-12-28 12:47:26.829099|{rssi-106} 111, -66, -127, -127, -127, 111, 111, 111, 111, 111, 111, 111, 111, 111, 111, 111, 111, 111, 
2025-12-28 12:47:26.838282|{td-106} 0, -19, 0, 0, 0, 0, 0, 0, 0, 0, 0, 0, 0, 0, 0, 0, 0, 0, 
2025-12-28 12:47:26.844588|{tx-106} :-BBB.............
2025-12-28 12:47:27.014145|{rx-107} 1, 0, 0, 3, 108, 110, 0, 0, 0, 0, 0, 1, 0, 1, 1
2025-12-28 12:47:27.020201|{rssi-107} 111, -66, -127, -127, -127, 111, 111, 111, 111, 111, 111, 111, 111, 111, 111, 111, 111, 111, 
2025-12-28 12:47:27.028547|{td-107} 0, -21, 0, 0, 0, 0, 0, 0, 0, 0, 0, 0, 0, 0, 0, 0, 0, 0, 
2025-12-28 12:47:27.033366|{tx-107} :-BBB.............
2025-12-28 12:47:27.204032|{rx-108} 1, 0, 0, 3, 109, 111, 0, 0, 0, 0, 0, 1, 0, 1, 1
2025-12-28 12:47:27.209346|{rssi-108} 111, -66, -127, -127, -127, 111, 111, 111, 111, 111, 111, 111, 111, 111, 111, 111, 111, 111, 
2025-12-28 12:47:27.218699|{td-108} 0, -19, 0, 0, 0, 0, 0, 0, 0, 0, 0, 0, 0, 0, 0, 0, 0, 0, 
2025-12-28 12:47:27.223791|{tx-108} :-BBB.............
2025-12-28 12:47:27.393822|{rx-109} 1, 0, 0, 3, 110, 112, 0, 0, 0, 0, 0, 1, 0, 1, 1
2025-12-28 12:47:27.398802|{rssi-109} 111, -66, -127, -127, -127, 111, 111, 111, 111, 111, 111, 111, 111, 111, 111, 111, 111, 111, 
2025-12-28 12:47:27.407981|{td-109} 0, -21, 0, 0, 0, 0, 0, 0, 0, 0, 0, 0, 0, 0, 0, 0, 0, 0, 
2025-12-28 12:47:27.413268|{tx-109} :-BBB.............
2025-12-28 12:47:27.583837|{rx-110} 1, 0, 0, 3, 111, 113, 0, 0, 0, 0, 0, 1, 0, 1, 1
2025-12-28 12:47:27.588869|{rssi-110} 111, -69, -127, -127, -127, 111, 111, 111, 111, 111, 111, 111, 111, 111, 111, 111, 111, 111, 
2025-12-28 12:47:27.598515|{td-110} 0, -19, 0, 0, 0, 0, 0, 0, 0, 0, 0, 0, 0, 0, 0, 0, 0, 0, 
2025-12-28 12:47:27.604450|{tx-110} :-BBB.............
2025-12-28 12:47:27.774149|{rx-111} 1, 0, 0, 3, 112, 114, 0, 0, 0, 0, 0, 1, 0, 1, 1
2025-12-28 12:47:27.779352|{rssi-111} 111, -68, -127, -127, -127, 111, 111, 111, 111, 111, 111, 111, 111, 111, 111, 111, 111, 111, 
2025-12-28 12:47:27.788450|{td-111} 0, -21, 0, 0, 0, 0, 0, 0, 0, 0, 0, 0, 0, 0, 0, 0, 0, 0, 
2025-12-28 12:47:27.793030|{tx-111} :-BBB.............
2025-12-28 12:47:27.964595|{rx-112} 1, 0, 0, 3, 113, 115, 0, 0, 0, 0, 0, 1, 0, 1, 1
2025-12-28 12:47:27.969280|{rssi-112} 111, -67, -127, -127, -127, 111, 111, 111, 111, 111, 111, 111, 111, 111, 111, 111, 111, 111, 
2025-12-28 12:47:27.978474|{td-112} 0, -19, 0, 0, 0, 0, 0, 0, 0, 0, 0, 0, 0, 0, 0, 0, 0, 0, 
2025-12-28 12:47:27.983689|{tx-112} :-BBB.............
2025-12-28 12:47:28.154417|{rx-113} 1, 0, 0, 3, 114, 116, 0, 0, 0, 0, 0, 1, 0, 1, 1
2025-12-28 12:47:28.158962|{rssi-113} 111, -66, -127, -127, -127, 111, 111, 111, 111, 111, 111, 111, 111, 111, 111, 111, 111, 111, 
2025-12-28 12:47:28.168347|{td-113} 0, -19, 0, 0, 0, 0, 0, 0, 0, 0, 0, 0, 0, 0, 0, 0, 0, 0, 
2025-12-28 12:47:28.173253|{tx-113} :-BBB.............
2025-12-28 12:47:28.344460|{rx-114} 1, 0, 0, 3, 115, 117, 0, 0, 0, 0, 0, 1, 0, 1, 1
2025-12-28 12:47:28.348278|{rssi-114} 111, -66, -127, -127, -127, 111, 111, 111, 111, 111, 111, 111, 111, 111, 111, 111, 111, 111, 
2025-12-28 12:47:28.358755|{td-114} 0, -21, 0, 0, 0, 0, 0, 0, 0, 0, 0, 0, 0, 0, 0, 0, 0, 0, 
2025-12-28 12:47:28.363160|{tx-114} :-BBB.............
2025-12-28 12:47:28.534193|{rx-115} 1, 0, 0, 3, 116, 118, 0, 0, 0, 0, 0, 1, 0, 1, 1
2025-12-28 12:47:28.538902|{rssi-115} 111, -66, -127, -127, -127, 111, 111, 111, 111, 111, 111, 111, 111, 111, 111, 111, 111, 111, 
2025-12-28 12:47:28.548436|{td-115} 0, -19, 0, 0, 0, 0, 0, 0, 0, 0, 0, 0, 0, 0, 0, 0, 0, 0, 
2025-12-28 12:47:28.553847|{tx-115} :-BBB.............
2025-12-28 12:47:28.723920|{rx-116} 1, 0, 0, 3, 117, 119, 0, 0, 0, 0, 0, 1, 0, 1, 1
2025-12-28 12:47:28.728966|{rssi-116} 111, -66, -127, -127, -127, 111, 111, 111, 111, 111, 111, 111, 111, 111, 111, 111, 111, 111, 
2025-12-28 12:47:28.738217|{td-116} 0, -21, 0, 0, 0, 0, 0, 0, 0, 0, 0, 0, 0, 0, 0, 0, 0, 0, 
2025-12-28 12:47:28.743273|{tx-116} :-BBB.............
2025-12-28 12:47:28.914589|{rx-117} 1, 0, 0, 3, 118, 120, 0, 0, 0, 0, 0, 1, 0, 1, 1
2025-12-28 12:47:28.918967|{rssi-117} 111, -66, -127, -127, -127, 111, 111, 111, 111, 111, 111, 111, 111, 111, 111, 111, 111, 111, 
2025-12-28 12:47:28.928689|{td-117} 0, -21, 0, 0, 0, 0, 0, 0, 0, 0, 0, 0, 0, 0, 0, 0, 0, 0, 
2025-12-28 12:47:28.933121|{tx-117} :-BBB.............
2025-12-28 12:47:29.104061|{rx-118} 1, 0, 0, 3, 119, 121, 0, 0, 0, 0, 0, 1, 0, 1, 1
2025-12-28 12:47:29.109163|{rssi-118} 111, -66, -127, -127, -127, 111, 111, 111, 111, 111, 111, 111, 111, 111, 111, 111, 111, 111, 
2025-12-28 12:47:29.117788|{td-118} 0, -19, 0, 0, 0, 0, 0, 0, 0, 0, 0, 0, 0, 0, 0, 0, 0, 0, 
2025-12-28 12:47:29.124032|{tx-118} :-BBB.............
2025-12-28 12:47:29.294302|{rx-119} 1, 0, 0, 3, 120, 122, 0, 0, 0, 0, 0, 1, 0, 1, 1
2025-12-28 12:47:29.298005|{rssi-119} 111, -66, -127, -127, -127, 111, 111, 111, 111, 111, 111, 111, 111, 111, 111, 111, 111, 111, 
2025-12-28 12:47:29.307517|{td-119} 0, -21, 0, 0, 0, 0, 0, 0, 0, 0, 0, 0, 0, 0, 0, 0, 0, 0, 
2025-12-28 12:47:29.313529|{tx-119} :-BBB.............
2025-12-28 12:47:29.484719|{rx-120} 1, 0, 0, 3, 121, 123, 0, 0, 0, 0, 0, 1, 0, 1, 1
2025-12-28 12:47:29.488602|{rssi-120} 111, -68, -127, -127, -127, 111, 111, 111, 111, 111, 111, 111, 111, 111, 111, 111, 111, 111, 
2025-12-28 12:47:29.498297|{td-120} 0, -19, 0, 0, 0, 0, 0, 0, 0, 0, 0, 0, 0, 0, 0, 0, 0, 0, 
2025-12-28 12:47:29.503721|{tx-120} :-BBB.............
2025-12-28 12:47:29.674457|{rx-121} 1, 0, 0, 3, 122, 124, 0, 0, 0, 0, 0, 1, 0, 1, 1
2025-12-28 12:47:29.679464|{rssi-121} 111, -66, -127, -127, -127, 111, 111, 111, 111, 111, 111, 111, 111, 111, 111, 111, 111, 111, 
2025-12-28 12:47:29.688682|{td-121} 0, -19, 0, 0, 0, 0, 0, 0, 0, 0, 0, 0, 0, 0, 0, 0, 0, 0, 
2025-12-28 12:47:29.693738|{tx-121} :-BBB.............
2025-12-28 12:47:29.863898|{rx-122} 1, 0, 0, 3, 123, 125, 0, 0, 0, 0, 0, 1, 0, 1, 1
2025-12-28 12:47:29.868996|{rssi-122} 111, -66, -127, -127, -127, 111, 111, 111, 111, 111, 111, 111, 111, 111, 111, 111, 111, 111, 
2025-12-28 12:47:29.877251|{td-122} 0, -21, 0, 0, 0, 0, 0, 0, 0, 0, 0, 0, 0, 0, 0, 0, 0, 0, 
2025-12-28 12:47:29.883422|{tx-122} :-BBB.............
2025-12-28 12:47:30.054266|{rx-123} 1, 0, 0, 3, 124, 126, 0, 0, 0, 0, 0, 1, 0, 1, 1
2025-12-28 12:47:30.058098|{rssi-123} 111, -66, -127, -127, -127, 111, 111, 111, 111, 111, 111, 111, 111, 111, 111, 111, 111, 111, 
2025-12-28 12:47:30.068023|{td-123} 0, -21, 0, 0, 0, 0, 0, 0, 0, 0, 0, 0, 0, 0, 0, 0, 0, 0, 
2025-12-28 12:47:30.073804|{tx-123} :-BBB.............
2025-12-28 12:47:30.244263|{rx-124} 1, 0, 0, 3, 125, 127, 0, 0, 0, 0, 0, 1, 0, 1, 1
2025-12-28 12:47:30.248806|{rssi-124} 111, -67, -127, -127, -127, 111, 111, 111, 111, 111, 111, 111, 111, 111, 111, 111, 111, 111, 
2025-12-28 12:47:30.257437|{td-124} 0, -19, 0, 0, 0, 0, 0, 0, 0, 0, 0, 0, 0, 0, 0, 0, 0, 0, 
2025-12-28 12:47:30.263537|{tx-124} :-BBB.............
2025-12-28 12:47:30.433796|{rx-125} 1, 0, 0, 3, 126, 128, 0, 0, 0, 0, 0, 1, 0, 1, 1
2025-12-28 12:47:30.438040|{rssi-125} 111, -66, -127, -127, -127, 111, 111, 111, 111, 111, 111, 111, 111, 111, 111, 111, 111, 111, 
2025-12-28 12:47:30.448403|{td-125} 0, -19, 0, 0, 0, 0, 0, 0, 0, 0, 0, 0, 0, 0, 0, 0, 0, 0, 
2025-12-28 12:47:30.452660|{tx-125} :-BBB.............
2025-12-28 12:47:30.624143|{rx-126} 1, 0, 0, 3, 127, 129, 0, 0, 0, 0, 0, 1, 0, 1, 1
2025-12-28 12:47:30.628455|{rssi-126} 111, -68, -127, -127, -127, 111, 111, 111, 111, 111, 111, 111, 111, 111, 111, 111, 111, 111, 
2025-12-28 12:47:30.636976|{td-126} 0, -21, 0, 0, 0, 0, 0, 0, 0, 0, 0, 0, 0, 0, 0, 0, 0, 0, 
2025-12-28 12:47:30.644307|{tx-126} :-BBB.............
2025-12-28 12:47:30.815580|{rx-127} 1, 0, 0, 3, 128, 130, 0, 0, 0, 0, 0, 1, 0, 1, 1
2025-12-28 12:47:30.818897|{rssi-127} 111, -66, -127, -127, -127, 111, 111, 111, 111, 111, 111, 111, 111, 111, 111, 111, 111, 111, 
2025-12-28 12:47:30.827649|{td-127} 0, -19, 0, 0, 0, 0, 0, 0, 0, 0, 0, 0, 0, 0, 0, 0, 0, 0, 
2025-12-28 12:47:30.832994|{tx-127} :-BBB.............
2025-12-28 12:47:31.002428|{rx-128} 1, 0, 0, 3, 129, 131, 0, 0, 0, 0, 0, 1, 0, 1, 1
2025-12-28 12:47:31.008766|{rssi-128} 111, -66, -127, -127, -127, 111, 111, 111, 111, 111, 111, 111, 111, 111, 111, 111, 111, 111, 
2025-12-28 12:47:31.017506|{td-128} 0, -21, 0, 0, 0, 0, 0, 0, 0, 0, 0, 0, 0, 0, 0, 0, 0, 0, 
2025-12-28 12:47:31.022360|{tx-128} :-BBB.............
2025-12-28 12:47:31.192816|{rx-129} 1, 0, 0, 3, 130, 132, 0, 0, 0, 0, 0, 1, 0, 1, 1
2025-12-28 12:47:31.198519|{rssi-129} 111, -66, -127, -127, -127, 111, 111, 111, 111, 111, 111, 111, 111, 111, 111, 111, 111, 111, 
2025-12-28 12:47:31.207271|{td-129} 0, -19, 0, 0, 0, 0, 0, 0, 0, 0, 0, 0, 0, 0, 0, 0, 0, 0, 
2025-12-28 12:47:31.212389|{tx-129} :-BBB.............
2025-12-28 12:47:31.384375|{rx-130} 1, 0, 0, 3, 131, 133, 0, 0, 0, 0, 0, 1, 0, 1, 1
2025-12-28 12:47:31.388490|{rssi-130} 111, -66, -127, -127, -127, 111, 111, 111, 111, 111, 111, 111, 111, 111, 111, 111, 111, 111, 
2025-12-28 12:47:31.397948|{td-130} 0, -21, 0, 0, 0, 0, 0, 0, 0, 0, 0, 0, 0, 0, 0, 0, 0, 0, 
2025-12-28 12:47:31.403263|{tx-130} :-BBB.............
2025-12-28 12:47:31.573070|{rx-131} 1, 0, 0, 3, 132, 134, 0, 0, 0, 0, 0, 1, 0, 1, 1
2025-12-28 12:47:31.581728|{rssi-131} 111, -66, -127, -127, -127, 111, 111, 111, 111, 111, 111, 111, 111, 111, 111, 111, 111, 111, 
2025-12-28 12:47:31.588218|{td-131} 0, -19, 0, 0, 0, 0, 0, 0, 0, 0, 0, 0, 0, 0, 0, 0, 0, 0, 
2025-12-28 12:47:31.593794|{tx-131} :-BBB.............
2025-12-28 12:47:31.763082|{rx-132} 1, 0, 0, 3, 133, 135, 0, 0, 0, 0, 0, 1, 0, 1, 1
2025-12-28 12:47:31.768375|{rssi-132} 111, -66, -127, -127, -127, 111, 111, 111, 111, 111, 111, 111, 111, 111, 111, 111, 111, 111, 
2025-12-28 12:47:31.778251|{td-132} 0, -21, 0, 0, 0, 0, 0, 0, 0, 0, 0, 0, 0, 0, 0, 0, 0, 0, 
2025-12-28 12:47:31.783225|{tx-132} :-BBB.............
2025-12-28 12:47:31.953422|{rx-133} 1, 0, 0, 3, 134, 136, 0, 0, 0, 0, 0, 1, 0, 1, 1
2025-12-28 12:47:31.958297|{rssi-133} 111, -66, -127, -127, -127, 111, 111, 111, 111, 111, 111, 111, 111, 111, 111, 111, 111, 111, 
2025-12-28 12:47:31.967953|{td-133} 0, -19, 0, 0, 0, 0, 0, 0, 0, 0, 0, 0, 0, 0, 0, 0, 0, 0, 
2025-12-28 12:47:31.973128|{tx-133} :-BBB.............
2025-12-28 12:47:32.144514|{rx-134} 1, 0, 0, 3, 135, 137, 0, 0, 0, 0, 0, 1, 0, 1, 1
2025-12-28 12:47:32.148905|{rssi-134} 111, -66, -127, -127, -127, 111, 111, 111, 111, 111, 111, 111, 111, 111, 111, 111, 111, 111, 
2025-12-28 12:47:32.157474|{td-134} 0, -21, 0, 0, 0, 0, 0, 0, 0, 0, 0, 0, 0, 0, 0, 0, 0, 0, 
2025-12-28 12:47:32.162804|{tx-134} :-BBB.............
2025-12-28 12:47:32.332917|{rx-135} 1, 0, 0, 3, 136, 138, 0, 0, 0, 0, 0, 1, 0, 1, 1
2025-12-28 12:47:32.338199|{rssi-135} 111, -66, -127, -127, -127, 111, 111, 111, 111, 111, 111, 111, 111, 111, 111, 111, 111, 111, 
2025-12-28 12:47:32.348071|{td-135} 0, -19, 0, 0, 0, 0, 0, 0, 0, 0, 0, 0, 0, 0, 0, 0, 0, 0, 
2025-12-28 12:47:32.353487|{tx-135} :-BBB.............
2025-12-28 12:47:32.523541|{rx-136} 1, 0, 0, 3, 137, 139, 0, 0, 0, 0, 0, 1, 0, 1, 1
2025-12-28 12:47:32.529124|{rssi-136} 111, -66, -127, -127, -127, 111, 111, 111, 111, 111, 111, 111, 111, 111, 111, 111, 111, 111, 
2025-12-28 12:47:32.537353|{td-136} 0, -21, 0, 0, 0, 0, 0, 0, 0, 0, 0, 0, 0, 0, 0, 0, 0, 0, 
2025-12-28 12:47:32.542324|{tx-136} :-BBB.............
2025-12-28 12:47:32.712476|{rx-137} 1, 0, 0, 3, 138, 140, 0, 0, 0, 0, 0, 1, 0, 1, 1
2025-12-28 12:47:32.720160|{rssi-137} 111, -66, -127, -127, -127, 111, 111, 111, 111, 111, 111, 111, 111, 111, 111, 111, 111, 111, 
2025-12-28 12:47:32.727644|{td-137} 0, -19, 0, 0, 0, 0, 0, 0, 0, 0, 0, 0, 0, 0, 0, 0, 0, 0, 
2025-12-28 12:47:32.734747|{tx-137} :-BBB.............
2025-12-28 12:47:32.904527|{rx-138} 1, 0, 0, 3, 139, 141, 0, 0, 0, 0, 0, 1, 0, 1, 1
2025-12-28 12:47:32.908686|{rssi-138} 111, -66, -127, -127, -127, 111, 111, 111, 111, 111, 111, 111, 111, 111, 111, 111, 111, 111, 
2025-12-28 12:47:32.917878|{td-138} 0, -19, 0, 0, 0, 0, 0, 0, 0, 0, 0, 0, 0, 0, 0, 0, 0, 0, 
2025-12-28 12:47:32.922160|{tx-138} :-BBB.............
2025-12-28 12:47:33.093253|{rx-139} 1, 0, 0, 3, 140, 142, 0, 0, 0, 0, 0, 1, 0, 1, 1
2025-12-28 12:47:33.097652|{rssi-139} 111, -66, -127, -127, -127, 111, 111, 111, 111, 111, 111, 111, 111, 111, 111, 111, 111, 111, 
2025-12-28 12:47:33.107120|{td-139} 0, -21, 0, 0, 0, 0, 0, 0, 0, 0, 0, 0, 0, 0, 0, 0, 0, 0, 
2025-12-28 12:47:33.112832|{tx-139} :-BBB.............
2025-12-28 12:47:33.284057|{rx-140} 1, 0, 0, 3, 141, 143, 0, 0, 0, 0, 0, 1, 0, 1, 1
2025-12-28 12:47:33.289591|{rssi-140} 111, -66, -127, -127, -127, 111, 111, 111, 111, 111, 111, 111, 111, 111, 111, 111, 111, 111, 
2025-12-28 12:47:33.297600|{td-140} 0, -21, 0, 0, 0, 0, 0, 0, 0, 0, 0, 0, 0, 0, 0, 0, 0, 0, 
2025-12-28 12:47:33.303067|{tx-140} :-BBB.............
2025-12-28 12:47:33.473277|{rx-141} 1, 0, 0, 3, 142, 144, 0, 0, 0, 0, 0, 1, 0, 1, 1
2025-12-28 12:47:33.479756|{rssi-141} 111, -67, -127, -127, -127, 111, 111, 111, 111, 111, 111, 111, 111, 111, 111, 111, 111, 111, 
2025-12-28 12:47:33.488542|{td-141} 0, -19, 0, 0, 0, 0, 0, 0, 0, 0, 0, 0, 0, 0, 0, 0, 0, 0, 
2025-12-28 12:47:33.492559|{tx-141} :-BBB.............
2025-12-28 12:47:33.663128|{rx-142} 1, 0, 0, 3, 143, 145, 0, 0, 0, 0, 0, 1, 0, 1, 1
2025-12-28 12:47:33.669341|{rssi-142} 111, -66, -127, -127, -127, 111, 111, 111, 111, 111, 111, 111, 111, 111, 111, 111, 111, 111, 
2025-12-28 12:47:33.677511|{td-142} 0, -21, 0, 0, 0, 0, 0, 0, 0, 0, 0, 0, 0, 0, 0, 0, 0, 0, 
2025-12-28 12:47:33.684084|{tx-142} :-BBB.............
2025-12-28 12:47:33.853589|{rx-143} 1, 0, 0, 3, 144, 146, 0, 0, 0, 0, 0, 1, 0, 1, 1
2025-12-28 12:47:33.859004|{rssi-143} 111, -66, -127, -127, -127, 111, 111, 111, 111, 111, 111, 111, 111, 111, 111, 111, 111, 111, 
2025-12-28 12:47:33.869917|{td-143} 0, -19, 0, 0, 0, 0, 0, 0, 0, 0, 0, 0, 0, 0, 0, 0, 0, 0, 
2025-12-28 12:47:33.873489|{tx-143} :-BBB.............
2025-12-28 12:47:34.045370|{rx-144} 1, 0, 0, 3, 145, 147, 0, 0, 0, 0, 0, 1, 0, 1, 1
2025-12-28 12:47:34.049131|{rssi-144} 111, -66, -127, -127, -127, 111, 111, 111, 111, 111, 111, 111, 111, 111, 111, 111, 111, 111, 
2025-12-28 12:47:34.058144|{td-144} 0, -19, 0, 0, 0, 0, 0, 0, 0, 0, 0, 0, 0, 0, 0, 0, 0, 0, 
2025-12-28 12:47:34.065056|{tx-144} :-BBB.............
2025-12-28 12:47:34.233970|{rx-145} 1, 0, 0, 3, 146, 148, 0, 0, 0, 0, 0, 1, 0, 1, 1
2025-12-28 12:47:34.239079|{rssi-145} 111, -66, -127, -127, -127, 111, 111, 111, 111, 111, 111, 111, 111, 111, 111, 111, 111, 111, 
2025-12-28 12:47:34.245937|{td-145} 0, -21, 0, 0, 0, 0, 0, 0, 0, 0, 0, 0, 0, 0, 0, 0, 0, 0, 
2025-12-28 12:47:34.253807|{tx-145} :-BBB.............
2025-12-28 12:47:34.425062|{rx-146} 1, 0, 0, 3, 147, 149, 0, 0, 0, 0, 0, 1, 0, 1, 1
2025-12-28 12:47:34.427486|{rssi-146} 111, -66, -127, -127, -127, 111, 111, 111, 111, 111, 111, 111, 111, 111, 111, 111, 111, 111, 
2025-12-28 12:47:34.436157|{td-146} 0, -21, 0, 0, 0, 0, 0, 0, 0, 0, 0, 0, 0, 0, 0, 0, 0, 0, 
2025-12-28 12:47:34.444177|{tx-146} :-BBB.............
2025-12-28 12:47:34.613387|{rx-147} 1, 0, 0, 3, 148, 150, 0, 0, 0, 0, 0, 1, 0, 1, 1
2025-12-28 12:47:34.617245|{rssi-147} 111, -67, -127, -127, -127, 111, 111, 111, 111, 111, 111, 111, 111, 111, 111, 111, 111, 111, 
2025-12-28 12:47:34.628633|{td-147} 0, -19, 0, 0, 0, 0, 0, 0, 0, 0, 0, 0, 0, 0, 0, 0, 0, 0, 
2025-12-28 12:47:34.632275|{tx-147} :-BBB.............
2025-12-28 12:47:34.803424|{rx-148} 1, 1, 0, 3, 149, 152, 0, 0, 0, 0, 1, 2, 0, 1, 1
2025-12-28 12:47:34.810145|{rssi-148} 111, -66, -39, -127, -127, -127, 111, 111, 111, 111, 111, 111, 111, 111, 111, 111, 111, 111, 
2025-12-28 12:47:34.820128|{td-148} 0, -19, -21, 0, 0, 0, 0, 0, 0, 0, 0, 0, 0, 0, 0, 0, 0, 0, 
2025-12-28 12:47:34.825646|{tx-148} :C-BBB............
2025-12-28 12:47:34.992610|{rx-149} 1, 0, 0, 3, 150, 153, 0, 0, 0, 0, 0, 1, 0, 1, 1
2025-12-28 12:47:34.998790|{rssi-149} 111, -66, -127, -127, -127, 111, 111, 111, 111, 111, 111, 111, 111, 111, 111, 111, 111, 111, 
2025-12-28 12:47:35.005898|{td-149} 0, -19, 0, 0, 0, 0, 0, 0, 0, 0, 0, 0, 0, 0, 0, 0, 0, 0, 
2025-12-28 12:47:35.011830|{tx-149} :-BBB.............
2025-12-28 12:47:35.182868|{rx-150} 1, 0, 0, 3, 151, 154, 0, 0, 0, 0, 0, 1, 0, 1, 1
2025-12-28 12:47:35.189149|{rssi-150} 111, -66, -127, -127, -127, 111, 111, 111, 111, 111, 111, 111, 111, 111, 111, 111, 111, 111, 
2025-12-28 12:47:35.198454|{td-150} 0, -21, 0, 0, 0, 0, 0, 0, 0, 0, 0, 0, 0, 0, 0, 0, 0, 0, 
2025-12-28 12:47:35.203953|{tx-150} :-BBB.............
2025-12-28 12:47:35.373265|{rx-151} 1, 0, 0, 3, 152, 155, 0, 0, 0, 0, 0, 1, 0, 1, 1
2025-12-28 12:47:35.379670|{rssi-151} 111, -68, -127, -127, -127, 111, 111, 111, 111, 111, 111, 111, 111, 111, 111, 111, 111, 111, 
2025-12-28 12:47:35.388496|{td-151} 0, -19, 0, 0, 0, 0, 0, 0, 0, 0, 0, 0, 0, 0, 0, 0, 0, 0, 
2025-12-28 12:47:35.394335|{tx-151} :-BBB.............
2025-12-28 12:47:35.563820|{rx-152} 1, 0, 0, 3, 153, 156, 0, 0, 0, 0, 0, 1, 0, 1, 1
2025-12-28 12:47:35.568826|{rssi-152} 111, -66, -127, -127, -127, 111, 111, 111, 111, 111, 111, 111, 111, 111, 111, 111, 111, 111, 
2025-12-28 12:47:35.577634|{td-152} 0, -19, 0, 0, 0, 0, 0, 0, 0, 0, 0, 0, 0, 0, 0, 0, 0, 0, 
2025-12-28 12:47:35.582911|{tx-152} :-BBB.............
2025-12-28 12:47:35.752525|{rx-153} 1, 0, 0, 3, 154, 157, 0, 0, 0, 0, 0, 1, 0, 1, 1
2025-12-28 12:47:35.760043|{rssi-153} 111, -66, -127, -127, -127, 111, 111, 111, 111, 111, 111, 111, 111, 111, 111, 111, 111, 111, 
2025-12-28 12:47:35.766738|{td-153} 0, -21, 0, 0, 0, 0, 0, 0, 0, 0, 0, 0, 0, 0, 0, 0, 0, 0, 
2025-12-28 12:47:35.773371|{tx-153} :-BBB.............
2025-12-28 12:47:35.944171|{rx-154} 1, 0, 0, 3, 155, 158, 0, 0, 0, 0, 0, 1, 0, 1, 1
2025-12-28 12:47:35.948271|{rssi-154} 111, -66, -127, -127, -127, 111, 111, 111, 111, 111, 111, 111, 111, 111, 111, 111, 111, 111, 
2025-12-28 12:47:35.961021|{td-154} 0, -21, 0, 0, 0, 0, 0, 0, 0, 0, 0, 0, 0, 0, 0, 0, 0, 0, 
2025-12-28 12:47:35.964794|{tx-154} :-BBB.............
2025-12-28 12:47:36.133764|{rx-155} 1, 0, 0, 3, 156, 159, 0, 0, 0, 0, 0, 1, 0, 1, 1
2025-12-28 12:47:36.138514|{rssi-155} 111, -66, -127, -127, -127, 111, 111, 111, 111, 111, 111, 111, 111, 111, 111, 111, 111, 111, 
2025-12-28 12:47:36.147088|{td-155} 0, -19, 0, 0, 0, 0, 0, 0, 0, 0, 0, 0, 0, 0, 0, 0, 0, 0, 
2025-12-28 12:47:36.153298|{tx-155} :-BBB.............
2025-12-28 12:47:36.322457|{rx-156} 1, 0, 0, 3, 157, 160, 0, 0, 0, 0, 0, 1, 0, 1, 1
2025-12-28 12:47:36.328512|{rssi-156} 111, -67, -127, -127, -127, 111, 111, 111, 111, 111, 111, 111, 111, 111, 111, 111, 111, 111, 
2025-12-28 12:47:36.336186|{td-156} 0, -21, 0, 0, 0, 0, 0, 0, 0, 0, 0, 0, 0, 0, 0, 0, 0, 0, 
2025-12-28 12:47:36.342771|{tx-156} :-BBB.............
2025-12-28 12:47:36.511824|{rx-157} 1, 0, 0, 3, 158, 161, 0, 0, 0, 0, 0, 1, 0, 1, 1
2025-12-28 12:47:36.518989|{rssi-157} 111, -66, -127, -127, -127, 111, 111, 111, 111, 111, 111, 111, 111, 111, 111, 111, 111, 111, 
2025-12-28 12:47:36.527510|{td-157} 0, -19, 0, 0, 0, 0, 0, 0, 0, 0, 0, 0, 0, 0, 0, 0, 0, 0, 
2025-12-28 12:47:36.531762|{tx-157} :-BBB.............
2025-12-28 12:47:36.702335|{rx-158} 1, 0, 0, 3, 159, 162, 0, 0, 0, 0, 0, 1, 0, 1, 1
2025-12-28 12:47:36.710033|{rssi-158} 111, -66, -127, -127, -127, 111, 111, 111, 111, 111, 111, 111, 111, 111, 111, 111, 111, 111, 
2025-12-28 12:47:36.716602|{td-158} 0, -19, 0, 0, 0, 0, 0, 0, 0, 0, 0, 0, 0, 0, 0, 0, 0, 0, 
2025-12-28 12:47:36.722194|{tx-158} :-BBB.............
2025-12-28 12:47:36.892827|{rx-159} 1, 0, 0, 3, 160, 163, 0, 0, 0, 0, 0, 1, 0, 1, 1
2025-12-28 12:47:36.898252|{rssi-159} 111, -66, -127, -127, -127, 111, 111, 111, 111, 111, 111, 111, 111, 111, 111, 111, 111, 111, 
2025-12-28 12:47:36.908080|{td-159} 0, -21, 0, 0, 0, 0, 0, 0, 0, 0, 0, 0, 0, 0, 0, 0, 0, 0, 
2025-12-28 12:47:36.913632|{tx-159} :-BBB.............
2025-12-28 12:47:37.083670|{rx-160} 1, 0, 0, 3, 161, 164, 0, 0, 0, 0, 0, 1, 0, 1, 1
2025-12-28 12:47:37.087923|{rssi-160} 111, -66, -127, -127, -127, 111, 111, 111, 111, 111, 111, 111, 111, 111, 111, 111, 111, 111, 
2025-12-28 12:47:37.097639|{td-160} 0, -19, 0, 0, 0, 0, 0, 0, 0, 0, 0, 0, 0, 0, 0, 0, 0, 0, 
2025-12-28 12:47:37.103565|{tx-160} :-BBB.............
2025-12-28 12:47:37.273641|{rx-161} 1, 0, 0, 3, 162, 165, 0, 0, 0, 0, 0, 1, 0, 1, 1
2025-12-28 12:47:37.278822|{rssi-161} 111, -66, -127, -127, -127, 111, 111, 111, 111, 111, 111, 111, 111, 111, 111, 111, 111, 111, 
2025-12-28 12:47:37.287691|{td-161} 0, -21, 0, 0, 0, 0, 0, 0, 0, 0, 0, 0, 0, 0, 0, 0, 0, 0, 
2025-12-28 12:47:37.291039|{tx-161} :-BBB.............
2025-12-28 12:47:37.463420|{rx-162} 1, 0, 0, 3, 163, 166, 0, 0, 0, 0, 0, 1, 0, 1, 1
2025-12-28 12:47:37.468501|{rssi-162} 111, -66, -127, -127, -127, 111, 111, 111, 111, 111, 111, 111, 111, 111, 111, 111, 111, 111, 
2025-12-28 12:47:37.476524|{td-162} 0, -19, 0, 0, 0, 0, 0, 0, 0, 0, 0, 0, 0, 0, 0, 0, 0, 0, 
2025-12-28 12:47:37.483338|{tx-162} :-BBB.............
2025-12-28 12:47:37.653416|{rx-163} 1, 0, 0, 3, 164, 167, 0, 0, 0, 0, 0, 1, 0, 1, 1
2025-12-28 12:47:37.657916|{rssi-163} 111, -66, -127, -127, -127, 111, 111, 111, 111, 111, 111, 111, 111, 111, 111, 111, 111, 111, 
2025-12-28 12:47:37.667599|{td-163} 0, -21, 0, 0, 0, 0, 0, 0, 0, 0, 0, 0, 0, 0, 0, 0, 0, 0, 
2025-12-28 12:47:37.671059|{tx-163} :-BBB.............
2025-12-28 12:47:37.843816|{rx-164} 1, 1, 0, 3, 165, 169, 0, 0, 0, 0, 1, 2, 0, 1, 1
2025-12-28 12:47:37.850964|{rssi-164} 111, -66, -43, -127, -127, -127, 111, 111, 111, 111, 111, 111, 111, 111, 111, 111, 111, 111, 
2025-12-28 12:47:37.857326|{td-164} 0, -19, -17, 0, 0, 0, 0, 0, 0, 0, 0, 0, 0, 0, 0, 0, 0, 0, 
2025-12-28 12:47:37.863800|{tx-164} :C-BBB............
2025-12-28 12:47:38.033336|{rx-165} 1, 0, 0, 3, 166, 170, 0, 0, 0, 0, 0, 1, 0, 1, 1
2025-12-28 12:47:38.037283|{rssi-165} 111, -66, -127, -127, -127, 111, 111, 111, 111, 111, 111, 111, 111, 111, 111, 111, 111, 111, 
2025-12-28 12:47:38.046584|{td-165} 0, -23, 0, 0, 0, 0, 0, 0, 0, 0, 0, 0, 0, 0, 0, 0, 0, 0, 
2025-12-28 12:47:38.051643|{tx-165} :-BBB.............
2025-12-28 12:47:38.222033|{rx-166} 1, 0, 0, 3, 167, 171, 0, 0, 0, 0, 0, 1, 0, 1, 1
2025-12-28 12:47:38.226611|{rssi-166} 111, -67, -127, -127, -127, 111, 111, 111, 111, 111, 111, 111, 111, 111, 111, 111, 111, 111, 
2025-12-28 12:47:38.235540|{td-166} 0, -19, 0, 0, 0, 0, 0, 0, 0, 0, 0, 0, 0, 0, 0, 0, 0, 0, 
2025-12-28 12:47:38.241674|{tx-166} :-BBB.............
2025-12-28 12:47:38.411279|{rx-167} 1, 0, 0, 3, 168, 172, 0, 0, 0, 0, 0, 1, 0, 1, 1
2025-12-28 12:47:38.417968|{rssi-167} 111, -66, -127, -127, -127, 111, 111, 111, 111, 111, 111, 111, 111, 111, 111, 111, 111, 111, 
2025-12-28 12:47:38.425981|{td-167} 0, -21, 0, 0, 0, 0, 0, 0, 0, 0, 0, 0, 0, 0, 0, 0, 0, 0, 
2025-12-28 12:47:38.431633|{tx-167} :-BBB.............
2025-12-28 12:47:38.601651|{rx-168} 1, 0, 0, 3, 169, 173, 0, 0, 0, 0, 0, 1, 0, 1, 1
2025-12-28 12:47:38.607109|{rssi-168} 111, -66, -127, -127, -127, 111, 111, 111, 111, 111, 111, 111, 111, 111, 111, 111, 111, 111, 
2025-12-28 12:47:38.616374|{td-168} 0, -19, 0, 0, 0, 0, 0, 0, 0, 0, 0, 0, 0, 0, 0, 0, 0, 0, 
2025-12-28 12:47:38.620973|{tx-168} :-BBB.............
2025-12-28 12:47:38.792949|{rx-169} 1, 0, 0, 3, 170, 174, 0, 0, 0, 0, 0, 1, 0, 1, 1
2025-12-28 12:47:38.797525|{rssi-169} 111, -66, -127, -127, -127, 111, 111, 111, 111, 111, 111, 111, 111, 111, 111, 111, 111, 111, 
2025-12-28 12:47:38.806218|{td-169} 0, -21, 0, 0, 0, 0, 0, 0, 0, 0, 0, 0, 0, 0, 0, 0, 0, 0, 
2025-12-28 12:47:38.812414|{tx-169} :-BBB.............
2025-12-28 12:47:38.981410|{rx-170} 1, 0, 0, 3, 171, 175, 0, 0, 0, 0, 0, 1, 0, 1, 1
2025-12-28 12:47:38.987030|{rssi-170} 111, -66, -127, -127, -127, 111, 111, 111, 111, 111, 111, 111, 111, 111, 111, 111, 111, 111, 
2025-12-28 12:47:38.996314|{td-170} 0, -19, 0, 0, 0, 0, 0, 0, 0, 0, 0, 0, 0, 0, 0, 0, 0, 0, 
2025-12-28 12:47:39.001133|{tx-170} :-BBB.............
2025-12-28 12:47:39.172622|{rx-171} 1, 0, 0, 3, 172, 176, 0, 0, 0, 0, 0, 1, 0, 1, 1
2025-12-28 12:47:39.177460|{rssi-171} 111, -67, -127, -127, -127, 111, 111, 111, 111, 111, 111, 111, 111, 111, 111, 111, 111, 111, 
2025-12-28 12:47:39.185924|{td-171} 0, -21, 0, 0, 0, 0, 0, 0, 0, 0, 0, 0, 0, 0, 0, 0, 0, 0, 
2025-12-28 12:47:39.192475|{tx-171} :-BBB.............
2025-12-28 12:47:39.362515|{rx-172} 1, 0, 0, 3, 173, 177, 0, 0, 0, 0, 0, 1, 0, 1, 1
2025-12-28 12:47:39.366603|{rssi-172} 111, -66, -127, -127, -127, 111, 111, 111, 111, 111, 111, 111, 111, 111, 111, 111, 111, 111, 
2025-12-28 12:47:39.376013|{td-172} 0, -19, 0, 0, 0, 0, 0, 0, 0, 0, 0, 0, 0, 0, 0, 0, 0, 0, 
2025-12-28 12:47:39.381379|{tx-172} :-BBB.............
2025-12-28 12:47:39.552990|{rx-173} 1, 0, 0, 3, 174, 178, 0, 0, 0, 0, 0, 1, 0, 1, 1
2025-12-28 12:47:39.555894|{rssi-173} 111, -66, -127, -127, -127, 111, 111, 111, 111, 111, 111, 111, 111, 111, 111, 111, 111, 111, 
2025-12-28 12:47:39.565832|{td-173} 0, -21, 0, 0, 0, 0, 0, 0, 0, 0, 0, 0, 0, 0, 0, 0, 0, 0, 
2025-12-28 12:47:39.571130|{tx-173} :-BBB.............
2025-12-28 12:47:39.741855|{rx-174} 1, 0, 0, 3, 175, 179, 0, 0, 0, 0, 0, 1, 0, 1, 1
2025-12-28 12:47:39.746537|{rssi-174} 111, -66, -127, -127, -127, 111, 111, 111, 111, 111, 111, 111, 111, 111, 111, 111, 111, 111, 
2025-12-28 12:47:39.756715|{td-174} 0, -19, 0, 0, 0, 0, 0, 0, 0, 0, 0, 0, 0, 0, 0, 0, 0, 0, 
2025-12-28 12:47:39.761910|{tx-174} :-BBB.............
2025-12-28 12:47:39.932320|{rx-175} 1, 0, 0, 3, 176, 180, 0, 0, 0, 0, 0, 1, 0, 1, 1
2025-12-28 12:47:39.936439|{rssi-175} 111, -66, -127, -127, -127, 111, 111, 111, 111, 111, 111, 111, 111, 111, 111, 111, 111, 111, 
2025-12-28 12:47:39.946199|{td-175} 0, -21, 0, 0, 0, 0, 0, 0, 0, 0, 0, 0, 0, 0, 0, 0, 0, 0, 
2025-12-28 12:47:39.951415|{tx-175} :-BBB.............
2025-12-28 12:47:40.122655|{rx-176} 1, 0, 0, 3, 177, 181, 0, 0, 0, 0, 0, 1, 0, 1, 1
2025-12-28 12:47:40.127446|{rssi-176} 111, -68, -127, -127, -127, 111, 111, 111, 111, 111, 111, 111, 111, 111, 111, 111, 111, 111, 
2025-12-28 12:47:40.135760|{td-176} 0, -19, 0, 0, 0, 0, 0, 0, 0, 0, 0, 0, 0, 0, 0, 0, 0, 0, 
2025-12-28 12:47:40.141074|{tx-176} :-BBB.............
2025-12-28 12:47:40.311754|{rx-177} 1, 0, 0, 3, 178, 182, 0, 0, 0, 0, 0, 1, 0, 1, 1
2025-12-28 12:47:40.316100|{rssi-177} 111, -66, -127, -127, -127, 111, 111, 111, 111, 111, 111, 111, 111, 111, 111, 111, 111, 111, 
2025-12-28 12:47:40.325871|{td-177} 0, -19, 0, 0, 0, 0, 0, 0, 0, 0, 0, 0, 0, 0, 0, 0, 0, 0, 
2025-12-28 12:47:40.332145|{tx-177} :-BBB.............
2025-12-28 12:47:40.502242|{rx-178} 1, 0, 0, 3, 179, 183, 0, 0, 0, 0, 0, 1, 0, 1, 1
2025-12-28 12:47:40.507606|{rssi-178} 111, -66, -127, -127, -127, 111, 111, 111, 111, 111, 111, 111, 111, 111, 111, 111, 111, 111, 
2025-12-28 12:47:40.516255|{td-178} 0, -21, 0, 0, 0, 0, 0, 0, 0, 0, 0, 0, 0, 0, 0, 0, 0, 0, 
2025-12-28 12:47:40.521639|{tx-178} :-BBB.............
2025-12-28 12:47:40.692251|{rx-179} 1, 0, 0, 3, 180, 184, 0, 0, 0, 0, 0, 1, 0, 1, 1
2025-12-28 12:47:40.696505|{rssi-179} 111, -66, -127, -127, -127, 111, 111, 111, 111, 111, 111, 111, 111, 111, 111, 111, 111, 111, 
2025-12-28 12:47:40.705864|{td-179} 0, -19, 0, 0, 0, 0, 0, 0, 0, 0, 0, 0, 0, 0, 0, 0, 0, 0, 
2025-12-28 12:47:40.710992|{tx-179} :-BBB.............
2025-12-28 12:47:40.882862|{rx-180} 1, 0, 0, 3, 181, 185, 0, 0, 0, 0, 0, 1, 0, 1, 1
2025-12-28 12:47:40.886650|{rssi-180} 111, -66, -127, -127, -127, 111, 111, 111, 111, 111, 111, 111, 111, 111, 111, 111, 111, 111, 
2025-12-28 12:47:40.895834|{td-180} 0, -21, 0, 0, 0, 0, 0, 0, 0, 0, 0, 0, 0, 0, 0, 0, 0, 0, 
2025-12-28 12:47:40.900993|{tx-180} :-BBB.............
2025-12-28 12:47:41.074216|{rx-181} 1, 0, 0, 3, 182, 186, 0, 0, 0, 0, 0, 1, 0, 1, 1
2025-12-28 12:47:41.076610|{rssi-181} 111, -68, -127, -127, -127, 111, 111, 111, 111, 111, 111, 111, 111, 111, 111, 111, 111, 111, 
2025-12-28 12:47:41.086205|{td-181} 0, -19, 0, 0, 0, 0, 0, 0, 0, 0, 0, 0, 0, 0, 0, 0, 0, 0, 
2025-12-28 12:47:41.091016|{tx-181} :-BBB.............
2025-12-28 12:47:41.262216|{rx-182} 1, 0, 0, 3, 183, 187, 0, 0, 0, 0, 0, 1, 0, 1, 1
2025-12-28 12:47:41.266009|{rssi-182} 111, -66, -127, -127, -127, 111, 111, 111, 111, 111, 111, 111, 111, 111, 111, 111, 111, 111, 
2025-12-28 12:47:41.275932|{td-182} 0, -21, 0, 0, 0, 0, 0, 0, 0, 0, 0, 0, 0, 0, 0, 0, 0, 0, 
2025-12-28 12:47:41.282008|{tx-182} :-BBB.............
2025-12-28 12:47:41.450632|{rx-183} 1, 0, 0, 3, 184, 188, 0, 0, 0, 0, 0, 1, 0, 1, 1
2025-12-28 12:47:41.455811|{rssi-183} 111, -66, -127, -127, -127, 111, 111, 111, 111, 111, 111, 111, 111, 111, 111, 111, 111, 111, 
2025-12-28 12:47:41.465887|{td-183} 0, -21, 0, 0, 0, 0, 0, 0, 0, 0, 0, 0, 0, 0, 0, 0, 0, 0, 
2025-12-28 12:47:41.471121|{tx-183} :-BBB.............
2025-12-28 12:47:41.641422|{rx-184} 1, 0, 0, 3, 185, 189, 0, 0, 0, 0, 0, 1, 0, 1, 1
2025-12-28 12:47:41.646557|{rssi-184} 111, -66, -127, -127, -127, 111, 111, 111, 111, 111, 111, 111, 111, 111, 111, 111, 111, 111, 
2025-12-28 12:47:41.656047|{td-184} 0, -19, 0, 0, 0, 0, 0, 0, 0, 0, 0, 0, 0, 0, 0, 0, 0, 0, 
2025-12-28 12:47:41.661398|{tx-184} :-BBB.............
2025-12-28 12:47:41.831022|{rx-185} 1, 0, 0, 3, 186, 190, 0, 0, 0, 0, 0, 1, 0, 1, 1
2025-12-28 12:47:41.839727|{rssi-185} 111, -68, -127, -127, -127, 111, 111, 111, 111, 111, 111, 111, 111, 111, 111, 111, 111, 111, 
2025-12-28 12:47:41.845671|{td-185} 0, -19, 0, 0, 0, 0, 0, 0, 0, 0, 0, 0, 0, 0, 0, 0, 0, 0, 
2025-12-28 12:47:41.850730|{tx-185} :-BBB.............
2025-12-28 12:47:42.021896|{rx-186} 1, 0, 0, 3, 187, 191, 0, 0, 0, 0, 0, 1, 0, 1, 1
2025-12-28 12:47:42.026696|{rssi-186} 111, -67, -127, -127, -127, 111, 111, 111, 111, 111, 111, 111, 111, 111, 111, 111, 111, 111, 
2025-12-28 12:47:42.034945|{td-186} 0, -21, 0, 0, 0, 0, 0, 0, 0, 0, 0, 0, 0, 0, 0, 0, 0, 0, 
2025-12-28 12:47:42.040777|{tx-186} :-BBB.............
2025-12-28 12:47:42.212034|{rx-187} 1, 0, 0, 3, 188, 192, 0, 0, 0, 0, 0, 1, 0, 1, 1
2025-12-28 12:47:42.216207|{rssi-187} 111, -66, -127, -127, -127, 111, 111, 111, 111, 111, 111, 111, 111, 111, 111, 111, 111, 111, 
2025-12-28 12:47:42.225601|{td-187} 0, -19, 0, 0, 0, 0, 0, 0, 0, 0, 0, 0, 0, 0, 0, 0, 0, 0, 
2025-12-28 12:47:42.231544|{tx-187} :-BBB.............
2025-12-28 12:47:42.402043|{rx-188} 1, 0, 0, 3, 189, 193, 0, 0, 0, 0, 0, 1, 0, 1, 1
2025-12-28 12:47:42.408280|{rssi-188} 111, -66, -127, -127, -127, 111, 111, 111, 111, 111, 111, 111, 111, 111, 111, 111, 111, 111, 
2025-12-28 12:47:42.415923|{td-188} 0, -21, 0, 0, 0, 0, 0, 0, 0, 0, 0, 0, 0, 0, 0, 0, 0, 0, 
2025-12-28 12:47:42.422360|{tx-188} :-BBB.............
2025-12-28 12:47:42.592011|{rx-189} 1, 0, 0, 3, 190, 194, 0, 0, 0, 0, 0, 1, 0, 1, 1
2025-12-28 12:47:42.596552|{rssi-189} 111, -66, -127, -127, -127, 111, 111, 111, 111, 111, 111, 111, 111, 111, 111, 111, 111, 111, 
2025-12-28 12:47:42.605877|{td-189} 0, -19, 0, 0, 0, 0, 0, 0, 0, 0, 0, 0, 0, 0, 0, 0, 0, 0, 
2025-12-28 12:47:42.610915|{tx-189} :-BBB.............
2025-12-28 12:47:42.781675|{rx-190} 1, 0, 0, 3, 191, 195, 0, 0, 0, 0, 0, 1, 0, 1, 1
2025-12-28 12:47:42.786075|{rssi-190} 111, -66, -127, -127, -127, 111, 111, 111, 111, 111, 111, 111, 111, 111, 111, 111, 111, 111, 
2025-12-28 12:47:42.795730|{td-190} 0, -21, 0, 0, 0, 0, 0, 0, 0, 0, 0, 0, 0, 0, 0, 0, 0, 0, 
2025-12-28 12:47:42.800303|{tx-190} :-BBB.............
2025-12-28 12:47:42.972884|{rx-191} 1, 0, 0, 3, 192, 196, 0, 0, 0, 0, 0, 1, 0, 1, 1
2025-12-28 12:47:42.976508|{rssi-191} 111, -66, -127, -127, -127, 111, 111, 111, 111, 111, 111, 111, 111, 111, 111, 111, 111, 111, 
2025-12-28 12:47:42.985823|{td-191} 0, -19, 0, 0, 0, 0, 0, 0, 0, 0, 0, 0, 0, 0, 0, 0, 0, 0, 
2025-12-28 12:47:42.990420|{tx-191} :-BBB.............
2025-12-28 12:47:43.161408|{rx-192} 1, 0, 0, 3, 193, 197, 0, 0, 0, 0, 0, 1, 0, 1, 1
2025-12-28 12:47:43.166322|{rssi-192} 111, -66, -127, -127, -127, 111, 111, 111, 111, 111, 111, 111, 111, 111, 111, 111, 111, 111, 
2025-12-28 12:47:43.175086|{td-192} 0, -21, 0, 0, 0, 0, 0, 0, 0, 0, 0, 0, 0, 0, 0, 0, 0, 0, 
2025-12-28 12:47:43.182099|{tx-192} :-BBB.............
2025-12-28 12:47:43.351424|{rx-193} 1, 0, 0, 3, 194, 198, 0, 0, 0, 0, 0, 1, 0, 1, 1
2025-12-28 12:47:43.355748|{rssi-193} 111, -66, -127, -127, -127, 111, 111, 111, 111, 111, 111, 111, 111, 111, 111, 111, 111, 111, 
2025-12-28 12:47:43.365407|{td-193} 0, -19, 0, 0, 0, 0, 0, 0, 0, 0, 0, 0, 0, 0, 0, 0, 0, 0, 
2025-12-28 12:47:43.370130|{tx-193} :-BBB.............
2025-12-28 12:47:43.541853|{rx-194} 1, 0, 0, 3, 195, 199, 0, 0, 0, 0, 0, 1, 0, 1, 1
2025-12-28 12:47:43.546078|{rssi-194} 111, -66, -127, -127, -127, 111, 111, 111, 111, 111, 111, 111, 111, 111, 111, 111, 111, 111, 
2025-12-28 12:47:43.555565|{td-194} 0, -21, 0, 0, 0, 0, 0, 0, 0, 0, 0, 0, 0, 0, 0, 0, 0, 0, 
2025-12-28 12:47:43.561034|{tx-194} :-BBB.............
2025-12-28 12:47:43.730716|{rx-195} 1, 0, 0, 3, 196, 200, 0, 0, 0, 0, 0, 1, 0, 1, 1
2025-12-28 12:47:43.736254|{rssi-195} 111, -68, -127, -127, -127, 111, 111, 111, 111, 111, 111, 111, 111, 111, 111, 111, 111, 111, 
2025-12-28 12:47:43.745697|{td-195} 0, -19, 0, 0, 0, 0, 0, 0, 0, 0, 0, 0, 0, 0, 0, 0, 0, 0, 
2025-12-28 12:47:43.750913|{tx-195} :-BBB.............
2025-12-28 12:47:43.920705|{rx-196} 1, 0, 0, 3, 197, 201, 0, 0, 0, 0, 0, 1, 0, 1, 1
2025-12-28 12:47:43.925093|{rssi-196} 111, -66, -127, -127, -127, 111, 111, 111, 111, 111, 111, 111, 111, 111, 111, 111, 111, 111, 
2025-12-28 12:47:43.935343|{td-196} 0, -21, 0, 0, 0, 0, 0, 0, 0, 0, 0, 0, 0, 0, 0, 0, 0, 0, 
2025-12-28 12:47:43.940402|{tx-196} :-BBB.............
2025-12-28 12:47:44.111150|{rx-197} 1, 0, 0, 3, 198, 202, 0, 0, 0, 0, 0, 1, 0, 1, 1
2025-12-28 12:47:44.116094|{rssi-197} 111, -68, -127, -127, -127, 111, 111, 111, 111, 111, 111, 111, 111, 111, 111, 111, 111, 111, 
2025-12-28 12:47:44.125948|{td-197} 0, -19, 0, 0, 0, 0, 0, 0, 0, 0, 0, 0, 0, 0, 0, 0, 0, 0, 
2025-12-28 12:47:44.131478|{tx-197} :-BBB.............
2025-12-28 12:47:44.301067|{rx-198} 1, 0, 0, 3, 199, 203, 0, 0, 0, 0, 0, 1, 0, 1, 1
2025-12-28 12:47:44.305793|{rssi-198} 111, -66, -127, -127, -127, 111, 111, 111, 111, 111, 111, 111, 111, 111, 111, 111, 111, 111, 
2025-12-28 12:47:44.314689|{td-198} 0, -21, 0, 0, 0, 0, 0, 0, 0, 0, 0, 0, 0, 0, 0, 0, 0, 0, 
2025-12-28 12:47:44.321105|{tx-198} :-BBB.............
2025-12-28 12:47:44.491950|{rx-199} 1, 0, 0, 3, 200, 204, 0, 0, 0, 0, 0, 1, 0, 1, 1
2025-12-28 12:47:44.495441|{rssi-199} 111, -66, -127, -127, -127, 111, 111, 111, 111, 111, 111, 111, 111, 111, 111, 111, 111, 111, 
2025-12-28 12:47:44.505194|{td-199} 0, -19, 0, 0, 0, 0, 0, 0, 0, 0, 0, 0, 0, 0, 0, 0, 0, 0, 
2025-12-28 12:47:44.510466|{tx-199} :-BBB.............
2025-12-28 12:47:44.681082|{rx-200} 1, 0, 0, 3, 201, 205, 0, 0, 0, 0, 0, 1, 0, 1, 1
2025-12-28 12:47:44.685441|{rssi-200} 111, -66, -127, -127, -127, 111, 111, 111, 111, 111, 111, 111, 111, 111, 111, 111, 111, 111, 
2025-12-28 12:47:44.695522|{td-200} 0, -21, 0, 0, 0, 0, 0, 0, 0, 0, 0, 0, 0, 0, 0, 0, 0, 0, 
2025-12-28 12:47:44.700933|{tx-200} :-BBB.............
2025-12-28 12:47:44.870864|{rx-201} 1, 0, 0, 3, 202, 206, 0, 0, 0, 0, 0, 1, 0, 1, 1
2025-12-28 12:47:44.876128|{rssi-201} 111, -66, -127, -127, -127, 111, 111, 111, 111, 111, 111, 111, 111, 111, 111, 111, 111, 111, 
2025-12-28 12:47:44.884945|{td-201} 0, -19, 0, 0, 0, 0, 0, 0, 0, 0, 0, 0, 0, 0, 0, 0, 0, 0, 
2025-12-28 12:47:44.890601|{tx-201} :-BBB.............
2025-12-28 12:47:45.060917|{rx-202} 1, 0, 0, 3, 203, 207, 0, 0, 0, 0, 0, 1, 0, 1, 1
2025-12-28 12:47:45.065604|{rssi-202} 111, -68, -127, -127, -127, 111, 111, 111, 111, 111, 111, 111, 111, 111, 111, 111, 111, 111, 
2025-12-28 12:47:45.075243|{td-202} 0, -19, 0, 0, 0, 0, 0, 0, 0, 0, 0, 0, 0, 0, 0, 0, 0, 0, 
2025-12-28 12:47:45.081458|{tx-202} :-BBB.............
2025-12-28 12:47:45.251258|{rx-203} 1, 0, 0, 3, 204, 208, 0, 0, 0, 0, 0, 1, 0, 1, 1
2025-12-28 12:47:45.256187|{rssi-203} 111, -66, -127, -127, -127, 111, 111, 111, 111, 111, 111, 111, 111, 111, 111, 111, 111, 111, 
2025-12-28 12:47:45.264601|{td-203} 0, -21, 0, 0, 0, 0, 0, 0, 0, 0, 0, 0, 0, 0, 0, 0, 0, 0, 
2025-12-28 12:47:45.270706|{tx-203} :-BBB.............
2025-12-28 12:47:45.441899|{rx-204} 1, 0, 0, 3, 205, 209, 0, 0, 0, 0, 0, 1, 0, 1, 1
2025-12-28 12:47:45.445788|{rssi-204} 111, -69, -127, -127, -127, 111, 111, 111, 111, 111, 111, 111, 111, 111, 111, 111, 111, 111, 
2025-12-28 12:47:45.454372|{td-204} 0, -19, 0, 0, 0, 0, 0, 0, 0, 0, 0, 0, 0, 0, 0, 0, 0, 0, 
2025-12-28 12:47:45.461622|{tx-204} :-BBB.............
2025-12-28 12:47:45.631962|{rx-205} 1, 0, 0, 3, 206, 210, 0, 0, 0, 0, 0, 1, 0, 1, 1
2025-12-28 12:47:45.634991|{rssi-205} 111, -66, -127, -127, -127, 111, 111, 111, 111, 111, 111, 111, 111, 111, 111, 111, 111, 111, 
2025-12-28 12:47:45.644360|{td-205} 0, -21, 0, 0, 0, 0, 0, 0, 0, 0, 0, 0, 0, 0, 0, 0, 0, 0, 
2025-12-28 12:47:45.650308|{tx-205} :-BBB.............
2025-12-28 12:47:45.820759|{rx-206} 1, 0, 0, 3, 207, 211, 0, 0, 0, 0, 0, 1, 0, 1, 1
2025-12-28 12:47:45.825585|{rssi-206} 111, -68, -127, -127, -127, 111, 111, 111, 111, 111, 111, 111, 111, 111, 111, 111, 111, 111, 
2025-12-28 12:47:45.835264|{td-206} 0, -21, 0, 0, 0, 0, 0, 0, 0, 0, 0, 0, 0, 0, 0, 0, 0, 0, 
2025-12-28 12:47:45.841122|{tx-206} :-BBB.............
2025-12-28 12:47:46.010963|{rx-207} 1, 0, 0, 3, 208, 212, 0, 0, 0, 0, 0, 1, 0, 1, 1
2025-12-28 12:47:46.015596|{rssi-207} 111, -68, -127, -127, -127, 111, 111, 111, 111, 111, 111, 111, 111, 111, 111, 111, 111, 111, 
2025-12-28 12:47:46.024255|{td-207} 0, -19, 0, 0, 0, 0, 0, 0, 0, 0, 0, 0, 0, 0, 0, 0, 0, 0, 
2025-12-28 12:47:46.029940|{tx-207} :-BBB.............
2025-12-28 12:47:46.201863|{rx-208} 1, 0, 0, 3, 209, 213, 0, 0, 0, 0, 0, 1, 0, 1, 1
2025-12-28 12:47:46.205375|{rssi-208} 111, -68, -127, -127, -127, 111, 111, 111, 111, 111, 111, 111, 111, 111, 111, 111, 111, 111, 
2025-12-28 12:47:46.215110|{td-208} 0, -19, 0, 0, 0, 0, 0, 0, 0, 0, 0, 0, 0, 0, 0, 0, 0, 0, 
2025-12-28 12:47:46.220048|{tx-208} :-BBB.............
2025-12-28 12:47:46.390473|{rx-209} 1, 0, 0, 3, 210, 214, 0, 0, 0, 0, 0, 1, 0, 1, 1
2025-12-28 12:47:46.395735|{rssi-209} 111, -66, -127, -127, -127, 111, 111, 111, 111, 111, 111, 111, 111, 111, 111, 111, 111, 111, 
2025-12-28 12:47:46.405946|{td-209} 0, -21, 0, 0, 0, 0, 0, 0, 0, 0, 0, 0, 0, 0, 0, 0, 0, 0, 
2025-12-28 12:47:46.411423|{tx-209} :-BBB.............
2025-12-28 12:47:46.580031|{rx-210} 1, 0, 0, 3, 211, 215, 0, 0, 0, 0, 0, 1, 0, 1, 1
2025-12-28 12:47:46.584550|{rssi-210} 111, -66, -127, -127, -127, 111, 111, 111, 111, 111, 111, 111, 111, 111, 111, 111, 111, 111, 
2025-12-28 12:47:46.594955|{td-210} 0, -19, 0, 0, 0, 0, 0, 0, 0, 0, 0, 0, 0, 0, 0, 0, 0, 0, 
2025-12-28 12:47:46.599801|{tx-210} :-BBB.............
2025-12-28 12:47:46.769752|{rx-211} 1, 0, 0, 3, 212, 216, 0, 0, 0, 0, 0, 1, 0, 1, 1
2025-12-28 12:47:46.775720|{rssi-211} 111, -67, -127, -127, -127, 111, 111, 111, 111, 111, 111, 111, 111, 111, 111, 111, 111, 111, 
2025-12-28 12:47:46.784082|{td-211} 0, -21, 0, 0, 0, 0, 0, 0, 0, 0, 0, 0, 0, 0, 0, 0, 0, 0, 
2025-12-28 12:47:46.791206|{tx-211} :-BBB.............
2025-12-28 12:47:46.960600|{rx-212} 1, 0, 0, 3, 213, 217, 0, 0, 0, 0, 0, 1, 0, 1, 1
2025-12-28 12:47:46.965917|{rssi-212} 111, -67, -127, -127, -127, 111, 111, 111, 111, 111, 111, 111, 111, 111, 111, 111, 111, 111, 
2025-12-28 12:47:46.975017|{td-212} 0, -19, 0, 0, 0, 0, 0, 0, 0, 0, 0, 0, 0, 0, 0, 0, 0, 0, 
2025-12-28 12:47:46.979828|{tx-212} :-BBB.............
2025-12-28 12:47:47.150653|{rx-213} 1, 0, 0, 3, 214, 218, 0, 0, 0, 0, 0, 1, 0, 1, 1
2025-12-28 12:47:47.155650|{rssi-213} 111, -68, -127, -127, -127, 111, 111, 111, 111, 111, 111, 111, 111, 111, 111, 111, 111, 111, 
2025-12-28 12:47:47.164671|{td-213} 0, -21, 0, 0, 0, 0, 0, 0, 0, 0, 0, 0, 0, 0, 0, 0, 0, 0, 
2025-12-28 12:47:47.170931|{tx-213} :-BBB.............
2025-12-28 12:47:47.340829|{rx-214} 1, 0, 0, 3, 215, 219, 0, 0, 0, 0, 0, 1, 0, 1, 1
2025-12-28 12:47:47.345140|{rssi-214} 111, -66, -127, -127, -127, 111, 111, 111, 111, 111, 111, 111, 111, 111, 111, 111, 111, 111, 
2025-12-28 12:47:47.355285|{td-214} 0, -19, 0, 0, 0, 0, 0, 0, 0, 0, 0, 0, 0, 0, 0, 0, 0, 0, 
2025-12-28 12:47:47.360944|{tx-214} :-BBB.............
2025-12-28 12:47:47.529823|{rx-215} 1, 0, 0, 3, 216, 220, 0, 0, 0, 0, 0, 1, 0, 1, 1
2025-12-28 12:47:47.534858|{rssi-215} 111, -68, -127, -127, -127, 111, 111, 111, 111, 111, 111, 111, 111, 111, 111, 111, 111, 111, 
2025-12-28 12:47:47.544767|{td-215} 0, -21, 0, 0, 0, 0, 0, 0, 0, 0, 0, 0, 0, 0, 0, 0, 0, 0, 
2025-12-28 12:47:47.549736|{tx-215} :-BBB.............
2025-12-28 12:47:47.720298|{rx-216} 1, 0, 0, 3, 217, 221, 0, 0, 0, 0, 0, 1, 0, 1, 1
2025-12-28 12:47:47.725665|{rssi-216} 111, -68, -127, -127, -127, 111, 111, 111, 111, 111, 111, 111, 111, 111, 111, 111, 111, 111, 
2025-12-28 12:47:47.734982|{td-216} 0, -19, 0, 0, 0, 0, 0, 0, 0, 0, 0, 0, 0, 0, 0, 0, 0, 0, 
2025-12-28 12:47:47.739446|{tx-216} :-BBB.............
2025-12-28 12:47:47.911009|{rx-217} 1, 0, 1, 3, 218, 223, 0, 0, 0, 0, 1, 2, 0, 1, 1
2025-12-28 12:47:47.915079|{rssi-217} 111, -127, -41, -127, -127, -127, 111, 111, 111, 111, 111, 111, 111, 111, 111, 111, 111, 111, 
2025-12-28 12:47:47.925487|{td-217} 0, -3012848, -23, 0, 0, 0, 0, 0, 0, 0, 0, 0, 0, 0, 0, 0, 0, 0, 
2025-12-28 12:47:47.932021|{tx-217} :A-BBB............
2025-12-28 12:47:48.100636|{rx-218} 1, 0, 0, 3, 219, 224, 0, 0, 0, 0, 0, 1, 0, 1, 1
2025-12-28 12:47:48.105337|{rssi-218} 111, -66, -127, -127, -127, 111, 111, 111, 111, 111, 111, 111, 111, 111, 111, 111, 111, 111, 
2025-12-28 12:47:48.114594|{td-218} 0, -17, 0, 0, 0, 0, 0, 0, 0, 0, 0, 0, 0, 0, 0, 0, 0, 0, 
2025-12-28 12:47:48.120210|{tx-218} :-BBB.............
2025-12-28 12:47:48.290494|{rx-219} 1, 0, 0, 3, 220, 225, 0, 0, 0, 0, 0, 1, 0, 1, 1
2025-12-28 12:47:48.295639|{rssi-219} 111, -66, -127, -127, -127, 111, 111, 111, 111, 111, 111, 111, 111, 111, 111, 111, 111, 111, 
2025-12-28 12:47:48.304713|{td-219} 0, -21, 0, 0, 0, 0, 0, 0, 0, 0, 0, 0, 0, 0, 0, 0, 0, 0, 
2025-12-28 12:47:48.310641|{tx-219} :-BBB.............
2025-12-28 12:47:48.480215|{rx-220} 1, 0, 0, 3, 221, 226, 0, 0, 0, 0, 0, 1, 0, 1, 1
2025-12-28 12:47:48.485102|{rssi-220} 111, -66, -127, -127, -127, 111, 111, 111, 111, 111, 111, 111, 111, 111, 111, 111, 111, 111, 
2025-12-28 12:47:48.494769|{td-220} 0, -19, 0, 0, 0, 0, 0, 0, 0, 0, 0, 0, 0, 0, 0, 0, 0, 0, 
2025-12-28 12:47:48.499561|{tx-220} :-BBB.............
2025-12-28 12:47:48.669689|{rx-221} 1, 0, 0, 3, 222, 227, 0, 0, 0, 0, 0, 1, 0, 1, 1
2025-12-28 12:47:48.675252|{rssi-221} 111, -66, -127, -127, -127, 111, 111, 111, 111, 111, 111, 111, 111, 111, 111, 111, 111, 111, 
2025-12-28 12:47:48.684569|{td-221} 0, -21, 0, 0, 0, 0, 0, 0, 0, 0, 0, 0, 0, 0, 0, 0, 0, 0, 
2025-12-28 12:47:48.689726|{tx-221} :-BBB.............
2025-12-28 12:47:48.859558|{rx-222} 1, 0, 0, 3, 223, 228, 0, 0, 0, 0, 0, 1, 0, 1, 1
2025-12-28 12:47:48.864340|{rssi-222} 111, -66, -127, -127, -127, 111, 111, 111, 111, 111, 111, 111, 111, 111, 111, 111, 111, 111, 
2025-12-28 12:47:48.875156|{td-222} 0, -19, 0, 0, 0, 0, 0, 0, 0, 0, 0, 0, 0, 0, 0, 0, 0, 0, 
2025-12-28 12:47:48.879416|{tx-222} :-BBB.............
2025-12-28 12:47:49.049421|{rx-223} 1, 0, 0, 3, 224, 229, 0, 0, 0, 0, 0, 1, 0, 1, 1
2025-12-28 12:47:49.055094|{rssi-223} 111, -66, -127, -127, -127, 111, 111, 111, 111, 111, 111, 111, 111, 111, 111, 111, 111, 111, 
2025-12-28 12:47:49.063790|{td-223} 0, -21, 0, 0, 0, 0, 0, 0, 0, 0, 0, 0, 0, 0, 0, 0, 0, 0, 
2025-12-28 12:47:49.069329|{tx-223} :-BBB.............
2025-12-28 12:47:49.240018|{rx-224} 1, 0, 0, 3, 225, 230, 0, 0, 0, 0, 0, 1, 0, 1, 1
2025-12-28 12:47:49.244453|{rssi-224} 111, -66, -127, -127, -127, 111, 111, 111, 111, 111, 111, 111, 111, 111, 111, 111, 111, 111, 
2025-12-28 12:47:49.254971|{td-224} 0, -19, 0, 0, 0, 0, 0, 0, 0, 0, 0, 0, 0, 0, 0, 0, 0, 0, 
2025-12-28 12:47:49.260538|{tx-224} :-BBB.............
2025-12-28 12:47:49.429883|{rx-225} 1, 0, 0, 3, 226, 231, 0, 0, 0, 0, 0, 1, 0, 1, 1
2025-12-28 12:47:49.435334|{rssi-225} 111, -66, -127, -127, -127, 111, 111, 111, 111, 111, 111, 111, 111, 111, 111, 111, 111, 111, 
2025-12-28 12:47:49.444519|{td-225} 0, -21, 0, 0, 0, 0, 0, 0, 0, 0, 0, 0, 0, 0, 0, 0, 0, 0, 
2025-12-28 12:47:49.449920|{tx-225} :-BBB.............
2025-12-28 12:47:49.620555|{rx-226} 1, 0, 0, 3, 227, 232, 0, 0, 0, 0, 0, 1, 0, 1, 1
2025-12-28 12:47:49.624942|{rssi-226} 111, -66, -127, -127, -127, 111, 111, 111, 111, 111, 111, 111, 111, 111, 111, 111, 111, 111, 
2025-12-28 12:47:49.634573|{td-226} 0, -19, 0, 0, 0, 0, 0, 0, 0, 0, 0, 0, 0, 0, 0, 0, 0, 0, 
2025-12-28 12:47:49.640471|{tx-226} :-BBB.............
2025-12-28 12:47:49.811346|{rx-227} 1, 0, 0, 3, 228, 233, 0, 0, 0, 0, 0, 1, 0, 1, 1
2025-12-28 12:47:49.814970|{rssi-227} 111, -68, -127, -127, -127, 111, 111, 111, 111, 111, 111, 111, 111, 111, 111, 111, 111, 111, 
2025-12-28 12:47:49.823837|{td-227} 0, -21, 0, 0, 0, 0, 0, 0, 0, 0, 0, 0, 0, 0, 0, 0, 0, 0, 
2025-12-28 12:47:49.830123|{tx-227} :-BBB.............
2025-12-28 12:47:50.002403|{rx-228} 1, 0, 0, 3, 229, 234, 0, 0, 0, 0, 0, 1, 0, 1, 1
2025-12-28 12:47:50.004587|{rssi-228} 111, -66, -127, -127, -127, 111, 111, 111, 111, 111, 111, 111, 111, 111, 111, 111, 111, 111, 
2025-12-28 12:47:50.014117|{td-228} 0, -19, 0, 0, 0, 0, 0, 0, 0, 0, 0, 0, 0, 0, 0, 0, 0, 0, 
2025-12-28 12:47:50.019737|{tx-228} :-BBB.............
2025-12-28 12:47:50.190465|{rx-229} 1, 0, 0, 3, 230, 235, 0, 0, 0, 0, 0, 1, 0, 1, 1
2025-12-28 12:47:50.195005|{rssi-229} 111, -66, -127, -127, -127, 111, 111, 111, 111, 111, 111, 111, 111, 111, 111, 111, 111, 111, 
2025-12-28 12:47:50.204245|{td-229} 0, -19, 0, 0, 0, 0, 0, 0, 0, 0, 0, 0, 0, 0, 0, 0, 0, 0, 
2025-12-28 12:47:50.209729|{tx-229} :-BBB.............
2025-12-28 12:47:50.380740|{rx-230} 1, 0, 0, 3, 231, 236, 0, 0, 0, 0, 0, 1, 0, 1, 1
2025-12-28 12:47:50.384611|{rssi-230} 111, -66, -127, -127, -127, 111, 111, 111, 111, 111, 111, 111, 111, 111, 111, 111, 111, 111, 
2025-12-28 12:47:50.394369|{td-230} 0, -21, 0, 0, 0, 0, 0, 0, 0, 0, 0, 0, 0, 0, 0, 0, 0, 0, 
2025-12-28 12:47:50.400689|{tx-230} :-BBB.............
2025-12-28 12:47:50.571357|{rx-231} 1, 0, 0, 3, 232, 237, 0, 0, 0, 0, 0, 1, 0, 1, 1
2025-12-28 12:47:50.574399|{rssi-231} 111, -69, -127, -127, -127, 111, 111, 111, 111, 111, 111, 111, 111, 111, 111, 111, 111, 111, 
2025-12-28 12:47:50.584456|{td-231} 0, -19, 0, 0, 0, 0, 0, 0, 0, 0, 0, 0, 0, 0, 0, 0, 0, 0, 
2025-12-28 12:47:50.590370|{tx-231} :-BBB.............
2025-12-28 12:47:50.760910|{rx-232} 1, 0, 0, 3, 233, 238, 0, 0, 0, 0, 0, 1, 0, 1, 1
2025-12-28 12:47:50.764164|{rssi-232} 111, -66, -127, -127, -127, 111, 111, 111, 111, 111, 111, 111, 111, 111, 111, 111, 111, 111, 
2025-12-28 12:47:50.773327|{td-232} 0, -21, 0, 0, 0, 0, 0, 0, 0, 0, 0, 0, 0, 0, 0, 0, 0, 0, 
2025-12-28 12:47:50.778966|{tx-232} :-BBB.............
2025-12-28 12:47:50.950367|{rx-233} 1, 0, 0, 3, 234, 239, 0, 0, 0, 0, 0, 1, 0, 1, 1
2025-12-28 12:47:50.954492|{rssi-233} 111, -67, -127, -127, -127, 111, 111, 111, 111, 111, 111, 111, 111, 111, 111, 111, 111, 111, 
2025-12-28 12:47:50.964302|{td-233} 0, -19, 0, 0, 0, 0, 0, 0, 0, 0, 0, 0, 0, 0, 0, 0, 0, 0, 
2025-12-28 12:47:50.968723|{tx-233} :-BBB.............
2025-12-28 12:47:51.140854|{rx-234} 1, 0, 0, 3, 235, 240, 0, 0, 0, 0, 0, 1, 0, 1, 1
2025-12-28 12:47:51.145431|{rssi-234} 111, -66, -127, -127, -127, 111, 111, 111, 111, 111, 111, 111, 111, 111, 111, 111, 111, 111, 
2025-12-28 12:47:51.154185|{td-234} 0, -21, 0, 0, 0, 0, 0, 0, 0, 0, 0, 0, 0, 0, 0, 0, 0, 0, 
2025-12-28 12:47:51.160319|{tx-234} :-BBB.............
2025-12-28 12:47:51.329437|{rx-235} 1, 0, 0, 3, 236, 241, 0, 0, 0, 0, 0, 1, 0, 1, 1
2025-12-28 12:47:51.334464|{rssi-235} 111, -66, -127, -127, -127, 111, 111, 111, 111, 111, 111, 111, 111, 111, 111, 111, 111, 111, 
2025-12-28 12:47:51.344113|{td-235} 0, -19, 0, 0, 0, 0, 0, 0, 0, 0, 0, 0, 0, 0, 0, 0, 0, 0, 
2025-12-28 12:47:51.349172|{tx-235} :-BBB.............
2025-12-28 12:47:51.519463|{rx-236} 1, 0, 0, 3, 237, 242, 0, 0, 0, 0, 0, 1, 0, 1, 1
2025-12-28 12:47:51.524433|{rssi-236} 111, -67, -127, -127, -127, 111, 111, 111, 111, 111, 111, 111, 111, 111, 111, 111, 111, 111, 
2025-12-28 12:47:51.534055|{td-236} 0, -21, 0, 0, 0, 0, 0, 0, 0, 0, 0, 0, 0, 0, 0, 0, 0, 0, 
2025-12-28 12:47:51.540080|{tx-236} :-BBB.............
2025-12-28 12:47:51.709824|{rx-237} 1, 0, 0, 3, 238, 243, 0, 0, 0, 0, 0, 1, 0, 1, 1
2025-12-28 12:47:51.713730|{rssi-237} 111, -66, -127, -127, -127, 111, 111, 111, 111, 111, 111, 111, 111, 111, 111, 111, 111, 111, 
2025-12-28 12:47:51.723111|{td-237} 0, -21, 0, 0, 0, 0, 0, 0, 0, 0, 0, 0, 0, 0, 0, 0, 0, 0, 
2025-12-28 12:47:51.730144|{tx-237} :-BBB.............
2025-12-28 12:47:51.899489|{rx-238} 1, 0, 0, 3, 239, 244, 0, 0, 0, 0, 0, 1, 0, 1, 1
2025-12-28 12:47:51.904056|{rssi-238} 111, -66, -127, -127, -127, 111, 111, 111, 111, 111, 111, 111, 111, 111, 111, 111, 111, 111, 
2025-12-28 12:47:51.913920|{td-238} 0, -19, 0, 0, 0, 0, 0, 0, 0, 0, 0, 0, 0, 0, 0, 0, 0, 0, 
2025-12-28 12:47:51.918844|{tx-238} :-BBB.............
2025-12-28 12:47:52.089174|{rx-239} 1, 0, 0, 3, 240, 245, 0, 0, 0, 0, 0, 1, 0, 1, 1
2025-12-28 12:47:52.095288|{rssi-239} 111, -66, -127, -127, -127, 111, 111, 111, 111, 111, 111, 111, 111, 111, 111, 111, 111, 111, 
2025-12-28 12:47:52.103148|{td-239} 0, -21, 0, 0, 0, 0, 0, 0, 0, 0, 0, 0, 0, 0, 0, 0, 0, 0, 
2025-12-28 12:47:52.110327|{tx-239} :-BBB.............
2025-12-28 12:47:52.279251|{rx-240} 1, 0, 0, 3, 241, 246, 0, 0, 0, 0, 0, 1, 0, 1, 1
2025-12-28 12:47:52.284519|{rssi-240} 111, -66, -127, -127, -127, 111, 111, 111, 111, 111, 111, 111, 111, 111, 111, 111, 111, 111, 
2025-12-28 12:47:52.293495|{td-240} 0, -19, 0, 0, 0, 0, 0, 0, 0, 0, 0, 0, 0, 0, 0, 0, 0, 0, 
2025-12-28 12:47:52.298805|{tx-240} :-BBB.............
2025-12-28 12:47:52.468964|{rx-241} 1, 0, 0, 3, 242, 247, 0, 0, 0, 0, 0, 1, 0, 1, 1
2025-12-28 12:47:52.474953|{rssi-241} 111, -66, -127, -127, -127, 111, 111, 111, 111, 111, 111, 111, 111, 111, 111, 111, 111, 111, 
2025-12-28 12:47:52.483850|{td-241} 0, -19, 0, 0, 0, 0, 0, 0, 0, 0, 0, 0, 0, 0, 0, 0, 0, 0, 
2025-12-28 12:47:52.489289|{tx-241} :-BBB.............
2025-12-28 12:47:52.658891|{rx-242} 1, 0, 0, 3, 243, 248, 0, 0, 0, 0, 0, 1, 0, 1, 1
2025-12-28 12:47:52.664166|{rssi-242} 111, -66, -127, -127, -127, 111, 111, 111, 111, 111, 111, 111, 111, 111, 111, 111, 111, 111, 
2025-12-28 12:47:52.673291|{td-242} 0, -21, 0, 0, 0, 0, 0, 0, 0, 0, 0, 0, 0, 0, 0, 0, 0, 0, 
2025-12-28 12:47:52.678555|{tx-242} :-BBB.............
2025-12-28 12:47:52.848904|{rx-243} 1, 0, 0, 3, 244, 249, 0, 0, 0, 0, 0, 1, 0, 1, 1
2025-12-28 12:47:52.854077|{rssi-243} 111, -66, -127, -127, -127, 111, 111, 111, 111, 111, 111, 111, 111, 111, 111, 111, 111, 111, 
2025-12-28 12:47:52.863997|{td-243} 0, -19, 0, 0, 0, 0, 0, 0, 0, 0, 0, 0, 0, 0, 0, 0, 0, 0, 
2025-12-28 12:47:52.869135|{tx-243} :-BBB.............
2025-12-28 12:47:53.040006|{rx-244} 1, 0, 0, 3, 245, 250, 0, 0, 0, 0, 0, 1, 0, 1, 1
2025-12-28 12:47:53.044456|{rssi-244} 111, -66, -127, -127, -127, 111, 111, 111, 111, 111, 111, 111, 111, 111, 111, 111, 111, 111, 
2025-12-28 12:47:53.053827|{td-244} 0, -21, 0, 0, 0, 0, 0, 0, 0, 0, 0, 0, 0, 0, 0, 0, 0, 0, 
2025-12-28 12:47:53.059175|{tx-244} :-BBB.............
2025-12-28 12:47:53.229520|{rx-245} 1, 0, 0, 3, 246, 251, 0, 0, 0, 0, 0, 1, 0, 1, 1
2025-12-28 12:47:53.234206|{rssi-245} 111, -66, -127, -127, -127, 111, 111, 111, 111, 111, 111, 111, 111, 111, 111, 111, 111, 111, 
2025-12-28 12:47:53.242769|{td-245} 0, -19, 0, 0, 0, 0, 0, 0, 0, 0, 0, 0, 0, 0, 0, 0, 0, 0, 
2025-12-28 12:47:53.248297|{tx-245} :-BBB.............
2025-12-28 12:47:53.418852|{rx-246} 1, 0, 0, 3, 247, 252, 0, 0, 0, 0, 0, 1, 0, 1, 1
2025-12-28 12:47:53.424436|{rssi-246} 111, -68, -127, -127, -127, 111, 111, 111, 111, 111, 111, 111, 111, 111, 111, 111, 111, 111, 
2025-12-28 12:47:53.433587|{td-246} 0, -21, 0, 0, 0, 0, 0, 0, 0, 0, 0, 0, 0, 0, 0, 0, 0, 0, 
2025-12-28 12:47:53.438571|{tx-246} :-BBB.............
2025-12-28 12:47:53.609410|{rx-247} 1, 0, 0, 3, 248, 253, 0, 0, 0, 0, 0, 1, 0, 1, 1
2025-12-28 12:47:53.614245|{rssi-247} 111, -66, -127, -127, -127, 111, 111, 111, 111, 111, 111, 111, 111, 111, 111, 111, 111, 111, 
2025-12-28 12:47:53.623424|{td-247} 0, -19, 0, 0, 0, 0, 0, 0, 0, 0, 0, 0, 0, 0, 0, 0, 0, 0, 
2025-12-28 12:47:53.628451|{tx-247} :-BBB.............
2025-12-28 12:47:53.799037|{rx-248} 1, 0, 0, 3, 249, 254, 0, 0, 0, 0, 0, 1, 0, 1, 1
2025-12-28 12:47:53.803641|{rssi-248} 111, -68, -127, -127, -127, 111, 111, 111, 111, 111, 111, 111, 111, 111, 111, 111, 111, 111, 
2025-12-28 12:47:53.813503|{td-248} 0, -21, 0, 0, 0, 0, 0, 0, 0, 0, 0, 0, 0, 0, 0, 0, 0, 0, 
2025-12-28 12:47:53.818014|{tx-248} :-BBB.............
2025-12-28 12:47:53.989542|{rx-249} 1, 0, 0, 3, 250, 255, 0, 0, 0, 0, 0, 1, 0, 1, 1
2025-12-28 12:47:53.994031|{rssi-249} 111, -68, -127, -127, -127, 111, 111, 111, 111, 111, 111, 111, 111, 111, 111, 111, 111, 111, 
2025-12-28 12:47:54.003513|{td-249} 0, -19, 0, 0, 0, 0, 0, 0, 0, 0, 0, 0, 0, 0, 0, 0, 0, 0, 
2025-12-28 12:47:54.008891|{tx-249} :-BBB.............
2025-12-28 12:47:54.178754|{rx-250} 1, 0, 0, 3, 251, 256, 0, 0, 0, 0, 0, 1, 0, 1, 1
2025-12-28 12:47:54.184096|{rssi-250} 111, -66, -127, -127, -127, 111, 111, 111, 111, 111, 111, 111, 111, 111, 111, 111, 111, 111, 
2025-12-28 12:47:54.193622|{td-250} 0, -21, 0, 0, 0, 0, 0, 0, 0, 0, 0, 0, 0, 0, 0, 0, 0, 0, 
2025-12-28 12:47:54.198812|{tx-250} :-BBB.............
2025-12-28 12:47:54.369470|{rx-251} 1, 0, 0, 3, 252, 257, 0, 0, 0, 0, 0, 1, 0, 1, 1
2025-12-28 12:47:54.374232|{rssi-251} 111, -66, -127, -127, -127, 111, 111, 111, 111, 111, 111, 111, 111, 111, 111, 111, 111, 111, 
2025-12-28 12:47:54.384039|{td-251} 0, -19, 0, 0, 0, 0, 0, 0, 0, 0, 0, 0, 0, 0, 0, 0, 0, 0, 
2025-12-28 12:47:54.388148|{tx-251} :-BBB.............
2025-12-28 12:47:54.559973|{rx-252} 1, 0, 0, 3, 253, 258, 0, 0, 0, 0, 0, 1, 0, 1, 1
2025-12-28 12:47:54.563755|{rssi-252} 111, -66, -127, -127, -127, 111, 111, 111, 111, 111, 111, 111, 111, 111, 111, 111, 111, 111, 
2025-12-28 12:47:54.573290|{td-252} 0, -21, 0, 0, 0, 0, 0, 0, 0, 0, 0, 0, 0, 0, 0, 0, 0, 0, 
2025-12-28 12:47:54.579387|{tx-252} :-BBB.............
2025-12-28 12:47:54.749404|{rx-253} 1, 0, 0, 3, 254, 259, 0, 0, 0, 0, 0, 1, 0, 1, 1
2025-12-28 12:47:54.754320|{rssi-253} 111, -66, -127, -127, -127, 111, 111, 111, 111, 111, 111, 111, 111, 111, 111, 111, 111, 111, 
2025-12-28 12:47:54.763442|{td-253} 0, -19, 0, 0, 0, 0, 0, 0, 0, 0, 0, 0, 0, 0, 0, 0, 0, 0, 
2025-12-28 12:47:54.768724|{tx-253} :-BBB.............
2025-12-28 12:47:54.940612|{rx-254} 1, 0, 0, 3, 255, 260, 0, 0, 0, 0, 0, 1, 0, 1, 1
2025-12-28 12:47:54.943568|{rssi-254} 111, -66, -127, -127, -127, 111, 111, 111, 111, 111, 111, 111, 111, 111, 111, 111, 111, 111, 
2025-12-28 12:47:54.952600|{td-254} 0, -21, 0, 0, 0, 0, 0, 0, 0, 0, 0, 0, 0, 0, 0, 0, 0, 0, 
2025-12-28 12:47:54.958452|{tx-254} :-BBB.............
2025-12-28 12:47:55.129567|{rx-255} 1, 0, 0, 3, 256, 261, 0, 0, 0, 0, 0, 1, 0, 1, 1
2025-12-28 12:47:55.133567|{rssi-255} 111, -66, -127, -127, -127, 111, 111, 111, 111, 111, 111, 111, 111, 111, 111, 111, 111, 111, 
2025-12-28 12:47:55.142422|{td-255} 0, -19, 0, 0, 0, 0, 0, 0, 0, 0, 0, 0, 0, 0, 0, 0, 0, 0, 
2025-12-28 12:47:55.147755|{tx-255} :-BBB.............
2025-12-28 12:47:55.319198|{rx-256} 1, 0, 0, 3, 257, 262, 0, 0, 0, 0, 0, 1, 0, 1, 1
2025-12-28 12:47:55.323896|{rssi-256} 111, -68, -127, -127, -127, 111, 111, 111, 111, 111, 111, 111, 111, 111, 111, 111, 111, 111, 
2025-12-28 12:47:55.333497|{td-256} 0, -21, 0, 0, 0, 0, 0, 0, 0, 0, 0, 0, 0, 0, 0, 0, 0, 0, 
2025-12-28 12:47:55.339028|{tx-256} :-BBB.............
2025-12-28 12:47:55.509957|{rx-257} 1, 0, 0, 3, 258, 263, 0, 0, 0, 0, 0, 1, 0, 1, 1
2025-12-28 12:47:55.514185|{rssi-257} 111, -67, -127, -127, -127, 111, 111, 111, 111, 111, 111, 111, 111, 111, 111, 111, 111, 111, 
2025-12-28 12:47:55.523118|{td-257} 0, -19, 0, 0, 0, 0, 0, 0, 0, 0, 0, 0, 0, 0, 0, 0, 0, 0, 
2025-12-28 12:47:55.528697|{tx-257} :-BBB.............
2025-12-28 12:47:55.698494|{rx-258} 1, 0, 0, 3, 259, 264, 0, 0, 0, 0, 0, 1, 0, 1, 1
2025-12-28 12:47:55.703502|{rssi-258} 111, -66, -127, -127, -127, 111, 111, 111, 111, 111, 111, 111, 111, 111, 111, 111, 111, 111, 
2025-12-28 12:47:55.713344|{td-258} 0, -21, 0, 0, 0, 0, 0, 0, 0, 0, 0, 0, 0, 0, 0, 0, 0, 0, 
2025-12-28 12:47:55.718822|{tx-258} :-BBB.............
2025-12-28 12:47:55.889093|{rx-259} 1, 0, 0, 3, 260, 265, 0, 0, 0, 0, 0, 1, 0, 1, 1
2025-12-28 12:47:55.893663|{rssi-259} 111, -66, -127, -127, -127, 111, 111, 111, 111, 111, 111, 111, 111, 111, 111, 111, 111, 111, 
2025-12-28 12:47:55.903680|{td-259} 0, -19, 0, 0, 0, 0, 0, 0, 0, 0, 0, 0, 0, 0, 0, 0, 0, 0, 
2025-12-28 12:47:55.908793|{tx-259} :-BBB.............
2025-12-28 12:47:56.079989|{rx-260} 1, 0, 0, 3, 261, 266, 0, 0, 0, 0, 0, 1, 0, 1, 1
2025-12-28 12:47:56.083906|{rssi-260} 111, -66, -127, -127, -127, 111, 111, 111, 111, 111, 111, 111, 111, 111, 111, 111, 111, 111, 
2025-12-28 12:47:56.093116|{td-260} 0, -21, 0, 0, 0, 0, 0, 0, 0, 0, 0, 0, 0, 0, 0, 0, 0, 0, 
2025-12-28 12:47:56.099357|{tx-260} :-BBB.............
2025-12-28 12:47:56.269108|{rx-261} 1, 0, 0, 3, 262, 267, 0, 0, 0, 0, 0, 1, 0, 1, 1
2025-12-28 12:47:56.274186|{rssi-261} 111, -66, -127, -127, -127, 111, 111, 111, 111, 111, 111, 111, 111, 111, 111, 111, 111, 111, 
2025-12-28 12:47:56.282790|{td-261} 0, -19, 0, 0, 0, 0, 0, 0, 0, 0, 0, 0, 0, 0, 0, 0, 0, 0, 
2025-12-28 12:47:56.288491|{tx-261} :-BBB.............
2025-12-28 12:47:56.458518|{rx-262} 1, 0, 0, 3, 263, 268, 0, 0, 0, 0, 0, 1, 0, 1, 1
2025-12-28 12:47:56.462829|{rssi-262} 111, -66, -127, -127, -127, 111, 111, 111, 111, 111, 111, 111, 111, 111, 111, 111, 111, 111, 
2025-12-28 12:47:56.473222|{td-262} 0, -19, 0, 0, 0, 0, 0, 0, 0, 0, 0, 0, 0, 0, 0, 0, 0, 0, 
2025-12-28 12:47:56.479521|{tx-262} :-BBB.............
2025-12-28 12:47:56.648369|{rx-263} 1, 0, 0, 3, 264, 269, 0, 0, 0, 0, 0, 1, 0, 1, 1
2025-12-28 12:47:56.653651|{rssi-263} 111, -68, -127, -127, -127, 111, 111, 111, 111, 111, 111, 111, 111, 111, 111, 111, 111, 111, 
2025-12-28 12:47:56.662819|{td-263} 0, -21, 0, 0, 0, 0, 0, 0, 0, 0, 0, 0, 0, 0, 0, 0, 0, 0, 
2025-12-28 12:47:56.669237|{tx-263} :-BBB.............
2025-12-28 12:47:56.838976|{rx-264} 1, 0, 0, 3, 265, 270, 0, 0, 0, 0, 0, 1, 0, 1, 1
2025-12-28 12:47:56.843779|{rssi-264} 111, -66, -127, -127, -127, 111, 111, 111, 111, 111, 111, 111, 111, 111, 111, 111, 111, 111, 
2025-12-28 12:47:56.852438|{td-264} 0, -21, 0, 0, 0, 0, 0, 0, 0, 0, 0, 0, 0, 0, 0, 0, 0, 0, 
2025-12-28 12:47:56.858122|{tx-264} :-BBB.............
2025-12-28 12:47:57.028270|{rx-265} 1, 0, 0, 3, 266, 271, 0, 0, 0, 0, 0, 1, 0, 1, 1
2025-12-28 12:47:57.033465|{rssi-265} 111, -66, -127, -127, -127, 111, 111, 111, 111, 111, 111, 111, 111, 111, 111, 111, 111, 111, 
2025-12-28 12:47:57.042849|{td-265} 0, -19, 0, 0, 0, 0, 0, 0, 0, 0, 0, 0, 0, 0, 0, 0, 0, 0, 
2025-12-28 12:47:57.049343|{tx-265} :-BBB.............
2025-12-28 12:47:57.219110|{rx-266} 1, 0, 0, 3, 267, 272, 0, 0, 0, 0, 0, 1, 0, 1, 1
2025-12-28 12:47:57.224520|{rssi-266} 111, -66, -127, -127, -127, 111, 111, 111, 111, 111, 111, 111, 111, 111, 111, 111, 111, 111, 
2025-12-28 12:47:57.232711|{td-266} 0, -19, 0, 0, 0, 0, 0, 0, 0, 0, 0, 0, 0, 0, 0, 0, 0, 0, 
2025-12-28 12:47:57.238315|{tx-266} :-BBB.............
2025-12-28 12:47:57.408532|{rx-267} 1, 0, 0, 3, 268, 273, 0, 0, 0, 0, 0, 1, 0, 1, 1
2025-12-28 12:47:57.413622|{rssi-267} 111, -66, -127, -127, -127, 111, 111, 111, 111, 111, 111, 111, 111, 111, 111, 111, 111, 111, 
2025-12-28 12:47:57.423366|{td-267} 0, -21, 0, 0, 0, 0, 0, 0, 0, 0, 0, 0, 0, 0, 0, 0, 0, 0, 
2025-12-28 12:47:57.428506|{tx-267} :-BBB.............
2025-12-28 12:47:57.598730|{rx-268} 1, 0, 0, 3, 269, 274, 0, 0, 0, 0, 0, 1, 0, 1, 1
2025-12-28 12:47:57.603426|{rssi-268} 111, -66, -127, -127, -127, 111, 111, 111, 111, 111, 111, 111, 111, 111, 111, 111, 111, 111, 
2025-12-28 12:47:57.612799|{td-268} 0, -21, 0, 0, 0, 0, 0, 0, 0, 0, 0, 0, 0, 0, 0, 0, 0, 0, 
2025-12-28 12:47:57.619032|{tx-268} :-BBB.............
2025-12-28 12:47:57.788799|{rx-269} 1, 0, 0, 3, 270, 275, 0, 0, 0, 0, 0, 1, 0, 1, 1
2025-12-28 12:47:57.792814|{rssi-269} 111, -66, -127, -127, -127, 111, 111, 111, 111, 111, 111, 111, 111, 111, 111, 111, 111, 111, 
2025-12-28 12:47:57.801873|{td-269} 0, -19, 0, 0, 0, 0, 0, 0, 0, 0, 0, 0, 0, 0, 0, 0, 0, 0, 
2025-12-28 12:47:57.808896|{tx-269} :-BBB.............
2025-12-28 12:47:57.978187|{rx-270} 1, 0, 0, 3, 271, 276, 0, 0, 0, 0, 0, 1, 0, 1, 1
2025-12-28 12:47:57.983530|{rssi-270} 111, -66, -127, -127, -127, 111, 111, 111, 111, 111, 111, 111, 111, 111, 111, 111, 111, 111, 
2025-12-28 12:47:57.993068|{td-270} 0, -19, 0, 0, 0, 0, 0, 0, 0, 0, 0, 0, 0, 0, 0, 0, 0, 0, 
2025-12-28 12:47:57.998403|{tx-270} :-BBB.............
2025-12-28 12:47:58.168416|{rx-271} 1, 0, 0, 3, 272, 277, 0, 0, 0, 0, 0, 1, 0, 1, 1
2025-12-28 12:47:58.173965|{rssi-271} 111, -66, -127, -127, -127, 111, 111, 111, 111, 111, 111, 111, 111, 111, 111, 111, 111, 111, 
2025-12-28 12:47:58.183604|{td-271} 0, -21, 0, 0, 0, 0, 0, 0, 0, 0, 0, 0, 0, 0, 0, 0, 0, 0, 
2025-12-28 12:47:58.188018|{tx-271} :-BBB.............
2025-12-28 12:47:58.358282|{rx-272} 1, 0, 0, 3, 273, 278, 0, 0, 0, 0, 0, 1, 0, 1, 1
2025-12-28 12:47:58.363161|{rssi-272} 111, -66, -127, -127, -127, 111, 111, 111, 111, 111, 111, 111, 111, 111, 111, 111, 111, 111, 
2025-12-28 12:47:58.372754|{td-272} 0, -19, 0, 0, 0, 0, 0, 0, 0, 0, 0, 0, 0, 0, 0, 0, 0, 0, 
2025-12-28 12:47:58.378461|{tx-272} :-BBB.............
2025-12-28 12:47:58.549302|{rx-273} 1, 0, 0, 3, 274, 279, 0, 0, 0, 0, 0, 1, 0, 1, 1
2025-12-28 12:47:58.553650|{rssi-273} 111, -66, -127, -127, -127, 111, 111, 111, 111, 111, 111, 111, 111, 111, 111, 111, 111, 111, 
2025-12-28 12:47:58.562872|{td-273} 0, -21, 0, 0, 0, 0, 0, 0, 0, 0, 0, 0, 0, 0, 0, 0, 0, 0, 
2025-12-28 12:47:58.567886|{tx-273} :-BBB.............
2025-12-28 12:47:58.738926|{rx-274} 1, 0, 0, 3, 275, 280, 0, 0, 0, 0, 0, 1, 0, 1, 1
2025-12-28 12:47:58.743220|{rssi-274} 111, -66, -127, -127, -127, 111, 111, 111, 111, 111, 111, 111, 111, 111, 111, 111, 111, 111, 
2025-12-28 12:47:58.752790|{td-274} 0, -19, 0, 0, 0, 0, 0, 0, 0, 0, 0, 0, 0, 0, 0, 0, 0, 0, 
2025-12-28 12:47:58.758577|{tx-274} :-BBB.............
2025-12-28 12:47:58.928233|{rx-275} 1, 0, 0, 3, 276, 281, 0, 0, 0, 0, 0, 1, 0, 1, 1
2025-12-28 12:47:58.933564|{rssi-275} 111, -66, -127, -127, -127, 111, 111, 111, 111, 111, 111, 111, 111, 111, 111, 111, 111, 111, 
2025-12-28 12:47:58.941878|{td-275} 0, -21, 0, 0, 0, 0, 0, 0, 0, 0, 0, 0, 0, 0, 0, 0, 0, 0, 
2025-12-28 12:47:58.948350|{tx-275} :-BBB.............
2025-12-28 12:47:59.118103|{rx-276} 1, 0, 0, 3, 277, 282, 0, 0, 0, 0, 0, 1, 0, 1, 1
2025-12-28 12:47:59.123462|{rssi-276} 111, -66, -127, -127, -127, 111, 111, 111, 111, 111, 111, 111, 111, 111, 111, 111, 111, 111, 
2025-12-28 12:47:59.132727|{td-276} 0, -19, 0, 0, 0, 0, 0, 0, 0, 0, 0, 0, 0, 0, 0, 0, 0, 0, 
2025-12-28 12:47:59.138510|{tx-276} :-BBB.............
2025-12-28 12:47:59.308115|{rx-277} 1, 0, 0, 3, 278, 283, 0, 0, 0, 0, 0, 1, 0, 1, 1
2025-12-28 12:47:59.312517|{rssi-277} 111, -66, -127, -127, -127, 111, 111, 111, 111, 111, 111, 111, 111, 111, 111, 111, 111, 111, 
2025-12-28 12:47:59.322164|{td-277} 0, -21, 0, 0, 0, 0, 0, 0, 0, 0, 0, 0, 0, 0, 0, 0, 0, 0, 
2025-12-28 12:47:59.328400|{tx-277} :-BBB.............
2025-12-28 12:47:59.499517|{rx-278} 1, 0, 0, 3, 279, 284, 0, 0, 0, 0, 0, 1, 0, 1, 1
2025-12-28 12:47:59.503289|{rssi-278} 111, -66, -127, -127, -127, 111, 111, 111, 111, 111, 111, 111, 111, 111, 111, 111, 111, 111, 
2025-12-28 12:47:59.512399|{td-278} 0, -19, 0, 0, 0, 0, 0, 0, 0, 0, 0, 0, 0, 0, 0, 0, 0, 0, 
2025-12-28 12:47:59.518616|{tx-278} :-BBB.............
2025-12-28 12:47:59.689011|{rx-279} 1, 0, 0, 3, 280, 285, 0, 0, 0, 0, 0, 1, 0, 1, 1
2025-12-28 12:47:59.693252|{rssi-279} 111, -69, -127, -127, -127, 111, 111, 111, 111, 111, 111, 111, 111, 111, 111, 111, 111, 111, 
2025-12-28 12:47:59.702146|{td-279} 0, -21, 0, 0, 0, 0, 0, 0, 0, 0, 0, 0, 0, 0, 0, 0, 0, 0, 
2025-12-28 12:47:59.708802|{tx-279} :-BBB.............
2025-12-28 12:47:59.878793|{rx-280} 1, 0, 0, 3, 281, 286, 0, 0, 0, 0, 0, 1, 0, 1, 1
2025-12-28 12:47:59.882948|{rssi-280} 111, -66, -127, -127, -127, 111, 111, 111, 111, 111, 111, 111, 111, 111, 111, 111, 111, 111, 
2025-12-28 12:47:59.892609|{td-280} 0, -19, 0, 0, 0, 0, 0, 0, 0, 0, 0, 0, 0, 0, 0, 0, 0, 0, 
2025-12-28 12:47:59.898716|{tx-280} :-BBB.............
2025-12-28 12:48:00.069009|{rx-281} 1, 0, 0, 3, 282, 287, 0, 0, 0, 0, 0, 1, 0, 1, 1
2025-12-28 12:48:00.073464|{rssi-281} 111, -66, -127, -127, -127, 111, 111, 111, 111, 111, 111, 111, 111, 111, 111, 111, 111, 111, 
2025-12-28 12:48:00.082518|{td-281} 0, -21, 0, 0, 0, 0, 0, 0, 0, 0, 0, 0, 0, 0, 0, 0, 0, 0, 
2025-12-28 12:48:00.088783|{tx-281} :-BBB.............
2025-12-28 12:48:00.258341|{rx-282} 1, 0, 0, 3, 283, 288, 0, 0, 0, 0, 0, 1, 0, 1, 1
2025-12-28 12:48:00.262743|{rssi-282} 111, -67, -127, -127, -127, 111, 111, 111, 111, 111, 111, 111, 111, 111, 111, 111, 111, 111, 
2025-12-28 12:48:00.272554|{td-282} 0, -19, 0, 0, 0, 0, 0, 0, 0, 0, 0, 0, 0, 0, 0, 0, 0, 0, 
2025-12-28 12:48:00.278579|{tx-282} :-BBB.............
2025-12-28 12:48:00.449392|{rx-283} 1, 0, 0, 3, 284, 289, 0, 0, 0, 0, 0, 1, 0, 1, 1
2025-12-28 12:48:00.452882|{rssi-283} 111, -68, -127, -127, -127, 111, 111, 111, 111, 111, 111, 111, 111, 111, 111, 111, 111, 111, 
2025-12-28 12:48:00.462509|{td-283} 0, -21, 0, 0, 0, 0, 0, 0, 0, 0, 0, 0, 0, 0, 0, 0, 0, 0, 
2025-12-28 12:48:00.468312|{tx-283} :-BBB.............
2025-12-28 12:48:00.638650|{rx-284} 1, 0, 0, 3, 285, 290, 0, 0, 0, 0, 0, 1, 0, 1, 1
2025-12-28 12:48:00.643095|{rssi-284} 111, -66, -127, -127, -127, 111, 111, 111, 111, 111, 111, 111, 111, 111, 111, 111, 111, 111, 
2025-12-28 12:48:00.652874|{td-284} 0, -19, 0, 0, 0, 0, 0, 0, 0, 0, 0, 0, 0, 0, 0, 0, 0, 0, 
2025-12-28 12:48:00.658455|{tx-284} :-BBB.............
2025-12-28 12:48:00.828344|{rx-285} 1, 0, 0, 3, 286, 291, 0, 0, 0, 0, 0, 1, 0, 1, 1
2025-12-28 12:48:00.832254|{rssi-285} 111, -66, -127, -127, -127, 111, 111, 111, 111, 111, 111, 111, 111, 111, 111, 111, 111, 111, 
2025-12-28 12:48:00.842065|{td-285} 0, -19, 0, 0, 0, 0, 0, 0, 0, 0, 0, 0, 0, 0, 0, 0, 0, 0, 
2025-12-28 12:48:00.848059|{tx-285} :-BBB.............
2025-12-28 12:48:01.018656|{rx-286} 1, 0, 1, 3, 287, 293, 0, 0, 0, 0, 1, 2, 0, 1, 1
2025-12-28 12:48:01.023363|{rssi-286} 111, -127, -43, -127, -127, -127, 111, 111, 111, 111, 111, 111, 111, 111, 111, 111, 111, 111, 
2025-12-28 12:48:01.033182|{td-286} 0, -3012848, -21, 0, 0, 0, 0, 0, 0, 0, 0, 0, 0, 0, 0, 0, 0, 0, 
2025-12-28 12:48:01.039886|{tx-286} :A-BBB............
2025-12-28 12:48:01.208709|{rx-287} 1, 0, 0, 3, 288, 294, 0, 0, 0, 0, 0, 1, 0, 1, 1
2025-12-28 12:48:01.212025|{rssi-287} 111, -66, -127, -127, -127, 111, 111, 111, 111, 111, 111, 111, 111, 111, 111, 111, 111, 111, 
2025-12-28 12:48:01.221906|{td-287} 0, -19, 0, 0, 0, 0, 0, 0, 0, 0, 0, 0, 0, 0, 0, 0, 0, 0, 
2025-12-28 12:48:01.227912|{tx-287} :-BBB.............
2025-12-28 12:48:01.398360|{rx-288} 1, 0, 0, 3, 289, 295, 0, 0, 0, 0, 0, 1, 0, 1, 1
2025-12-28 12:48:01.402659|{rssi-288} 111, -66, -127, -127, -127, 111, 111, 111, 111, 111, 111, 111, 111, 111, 111, 111, 111, 111, 
2025-12-28 12:48:01.411482|{td-288} 0, -21, 0, 0, 0, 0, 0, 0, 0, 0, 0, 0, 0, 0, 0, 0, 0, 0, 
2025-12-28 12:48:01.418339|{tx-288} :-BBB.............
2025-12-28 12:48:01.587690|{rx-289} 1, 0, 0, 3, 290, 296, 0, 0, 0, 0, 0, 1, 0, 1, 1
2025-12-28 12:48:01.592695|{rssi-289} 111, -66, -127, -127, -127, 111, 111, 111, 111, 111, 111, 111, 111, 111, 111, 111, 111, 111, 
2025-12-28 12:48:01.602120|{td-289} 0, -21, 0, 0, 0, 0, 0, 0, 0, 0, 0, 0, 0, 0, 0, 0, 0, 0, 
2025-12-28 12:48:01.608743|{tx-289} :-BBB.............
2025-12-28 12:48:01.778160|{rx-290} 1, 0, 0, 3, 291, 297, 0, 0, 0, 0, 0, 1, 0, 1, 1
2025-12-28 12:48:01.782735|{rssi-290} 111, -66, -127, -127, -127, 111, 111, 111, 111, 111, 111, 111, 111, 111, 111, 111, 111, 111, 
2025-12-28 12:48:01.792243|{td-290} 0, -19, 0, 0, 0, 0, 0, 0, 0, 0, 0, 0, 0, 0, 0, 0, 0, 0, 
2025-12-28 12:48:01.797211|{tx-290} :-BBB.............
2025-12-28 12:48:01.967840|{rx-291} 1, 0, 0, 3, 292, 298, 0, 0, 0, 0, 0, 1, 0, 1, 1
2025-12-28 12:48:01.972458|{rssi-291} 111, -68, -127, -127, -127, 111, 111, 111, 111, 111, 111, 111, 111, 111, 111, 111, 111, 111, 
2025-12-28 12:48:01.982053|{td-291} 0, -21, 0, 0, 0, 0, 0, 0, 0, 0, 0, 0, 0, 0, 0, 0, 0, 0, 
2025-12-28 12:48:01.988400|{tx-291} :-BBB.............
2025-12-28 12:48:02.157247|{rx-292} 1, 0, 0, 3, 293, 299, 0, 0, 0, 0, 0, 1, 0, 1, 1
2025-12-28 12:48:02.161587|{rssi-292} 111, -67, -127, -127, -127, 111, 111, 111, 111, 111, 111, 111, 111, 111, 111, 111, 111, 111, 
2025-12-28 12:48:02.172164|{td-292} 0, -19, 0, 0, 0, 0, 0, 0, 0, 0, 0, 0, 0, 0, 0, 0, 0, 0, 
2025-12-28 12:48:02.177965|{tx-292} :-BBB.............
2025-12-28 12:48:02.348300|{rx-293} 1, 0, 0, 3, 294, 300, 0, 0, 0, 0, 0, 1, 0, 1, 1
2025-12-28 12:48:02.354738|{rssi-293} 111, -66, -127, -127, -127, 111, 111, 111, 111, 111, 111, 111, 111, 111, 111, 111, 111, 111, 
2025-12-28 12:48:02.361927|{td-293} 0, -19, 0, 0, 0, 0, 0, 0, 0, 0, 0, 0, 0, 0, 0, 0, 0, 0, 
2025-12-28 12:48:02.367250|{tx-293} :-BBB.............
2025-12-28 12:48:02.537908|{rx-294} 1, 0, 0, 3, 295, 301, 0, 0, 0, 0, 0, 1, 0, 1, 1
2025-12-28 12:48:02.543898|{rssi-294} 111, -66, -127, -127, -127, 111, 111, 111, 111, 111, 111, 111, 111, 111, 111, 111, 111, 111, 
2025-12-28 12:48:02.552597|{td-294} 0, -21, 0, 0, 0, 0, 0, 0, 0, 0, 0, 0, 0, 0, 0, 0, 0, 0, 
2025-12-28 12:48:02.558088|{tx-294} :-BBB.............
2025-12-28 12:48:02.728262|{rx-295} 1, 0, 0, 3, 296, 302, 0, 0, 0, 0, 0, 1, 0, 1, 1
2025-12-28 12:48:02.731996|{rssi-295} 111, -66, -127, -127, -127, 111, 111, 111, 111, 111, 111, 111, 111, 111, 111, 111, 111, 111, 
2025-12-28 12:48:02.742109|{td-295} 0, -21, 0, 0, 0, 0, 0, 0, 0, 0, 0, 0, 0, 0, 0, 0, 0, 0, 
2025-12-28 12:48:02.747266|{tx-295} :-BBB.............
2025-12-28 12:48:02.917915|{rx-296} 1, 0, 0, 3, 297, 303, 0, 0, 0, 0, 0, 1, 0, 1, 1
2025-12-28 12:48:02.923657|{rssi-296} 111, -67, -127, -127, -127, 111, 111, 111, 111, 111, 111, 111, 111, 111, 111, 111, 111, 111, 
2025-12-28 12:48:02.932081|{td-296} 0, -19, 0, 0, 0, 0, 0, 0, 0, 0, 0, 0, 0, 0, 0, 0, 0, 0, 
2025-12-28 12:48:02.937468|{tx-296} :-BBB.............
2025-12-28 12:48:03.108266|{rx-297} 1, 0, 0, 3, 298, 304, 0, 0, 0, 0, 0, 1, 0, 1, 1
2025-12-28 12:48:03.112386|{rssi-297} 111, -66, -127, -127, -127, 111, 111, 111, 111, 111, 111, 111, 111, 111, 111, 111, 111, 111, 
2025-12-28 12:48:03.121899|{td-297} 0, -21, 0, 0, 0, 0, 0, 0, 0, 0, 0, 0, 0, 0, 0, 0, 0, 0, 
2025-12-28 12:48:03.127367|{tx-297} :-BBB.............
2025-12-28 12:48:03.297454|{rx-298} 1, 0, 0, 3, 299, 305, 0, 0, 0, 0, 0, 1, 0, 1, 1
2025-12-28 12:48:03.302607|{rssi-298} 111, -66, -127, -127, -127, 111, 111, 111, 111, 111, 111, 111, 111, 111, 111, 111, 111, 111, 
2025-12-28 12:48:03.312174|{td-298} 0, -19, 0, 0, 0, 0, 0, 0, 0, 0, 0, 0, 0, 0, 0, 0, 0, 0, 
2025-12-28 12:48:03.316767|{tx-298} :-BBB.............
2025-12-28 12:48:03.488437|{rx-299} 1, 0, 0, 3, 300, 306, 0, 0, 0, 0, 0, 1, 0, 1, 1
2025-12-28 12:48:03.492390|{rssi-299} 111, -66, -127, -127, -127, 111, 111, 111, 111, 111, 111, 111, 111, 111, 111, 111, 111, 111, 
2025-12-28 12:48:03.501790|{td-299} 0, -19, 0, 0, 0, 0, 0, 0, 0, 0, 0, 0, 0, 0, 0, 0, 0, 0, 
2025-12-28 12:48:03.507639|{tx-299} :-BBB.............
2025-12-28 12:48:03.677612|{rx-300} 1, 0, 0, 3, 301, 307, 0, 0, 0, 0, 0, 1, 0, 1, 1
2025-12-28 12:48:03.681813|{rssi-300} 111, -66, -127, -127, -127, 111, 111, 111, 111, 111, 111, 111, 111, 111, 111, 111, 111, 111, 
2025-12-28 12:48:03.691584|{td-300} 0, -21, 0, 0, 0, 0, 0, 0, 0, 0, 0, 0, 0, 0, 0, 0, 0, 0, 
2025-12-28 12:48:03.698128|{tx-300} :-BBB.............
2025-12-28 12:48:03.867483|{rx-301} 1, 0, 0, 3, 302, 308, 0, 0, 0, 0, 0, 1, 0, 1, 1
2025-12-28 12:48:03.872015|{rssi-301} 111, -66, -127, -127, -127, 111, 111, 111, 111, 111, 111, 111, 111, 111, 111, 111, 111, 111, 
2025-12-28 12:48:03.881890|{td-301} 0, -19, 0, 0, 0, 0, 0, 0, 0, 0, 0, 0, 0, 0, 0, 0, 0, 0, 
2025-12-28 12:48:03.886560|{tx-301} :-BBB.............
2025-12-28 12:48:04.057856|{rx-302} 1, 0, 0, 3, 303, 309, 0, 0, 0, 0, 0, 1, 0, 1, 1
2025-12-28 12:48:04.062088|{rssi-302} 111, -66, -127, -127, -127, 111, 111, 111, 111, 111, 111, 111, 111, 111, 111, 111, 111, 111, 
2025-12-28 12:48:04.071440|{td-302} 0, -21, 0, 0, 0, 0, 0, 0, 0, 0, 0, 0, 0, 0, 0, 0, 0, 0, 
2025-12-28 12:48:04.076665|{tx-302} :-BBB.............
2025-12-28 12:48:04.247420|{rx-303} 1, 0, 0, 3, 304, 310, 0, 0, 0, 0, 0, 1, 0, 1, 1
2025-12-28 12:48:04.251362|{rssi-303} 111, -67, -127, -127, -127, 111, 111, 111, 111, 111, 111, 111, 111, 111, 111, 111, 111, 111, 
2025-12-28 12:48:04.261607|{td-303} 0, -21, 0, 0, 0, 0, 0, 0, 0, 0, 0, 0, 0, 0, 0, 0, 0, 0, 
2025-12-28 12:48:04.266736|{tx-303} :-BBB.............
2025-12-28 12:48:04.437730|{rx-304} 1, 0, 0, 3, 305, 311, 0, 0, 0, 0, 0, 1, 0, 1, 1
2025-12-28 12:48:04.441951|{rssi-304} 111, -66, -127, -127, -127, 111, 111, 111, 111, 111, 111, 111, 111, 111, 111, 111, 111, 111, 
2025-12-28 12:48:04.451826|{td-304} 0, -19, 0, 0, 0, 0, 0, 0, 0, 0, 0, 0, 0, 0, 0, 0, 0, 0, 
2025-12-28 12:48:04.457360|{tx-304} :-BBB.............
2025-12-28 12:48:04.627915|{rx-305} 1, 0, 0, 3, 306, 312, 0, 0, 0, 0, 0, 1, 0, 1, 1
2025-12-28 12:48:04.632471|{rssi-305} 111, -66, -127, -127, -127, 111, 111, 111, 111, 111, 111, 111, 111, 111, 111, 111, 111, 111, 
2025-12-28 12:48:04.641578|{td-305} 0, -19, 0, 0, 0, 0, 0, 0, 0, 0, 0, 0, 0, 0, 0, 0, 0, 0, 
2025-12-28 12:48:04.646521|{tx-305} :-BBB.............
2025-12-28 12:48:04.818150|{rx-306} 1, 0, 0, 3, 307, 313, 0, 0, 0, 0, 0, 1, 0, 1, 1
2025-12-28 12:48:04.823982|{rssi-306} 111, -66, -127, -127, -127, 111, 111, 111, 111, 111, 111, 111, 111, 111, 111, 111, 111, 111, 
2025-12-28 12:48:04.832509|{td-306} 0, -21, 0, 0, 0, 0, 0, 0, 0, 0, 0, 0, 0, 0, 0, 0, 0, 0, 
2025-12-28 12:48:04.836340|{tx-306} :-BBB.............
2025-12-28 12:48:05.007661|{rx-307} 1, 0, 0, 3, 308, 314, 0, 0, 0, 0, 0, 1, 0, 1, 1
2025-12-28 12:48:05.012161|{rssi-307} 111, -66, -127, -127, -127, 111, 111, 111, 111, 111, 111, 111, 111, 111, 111, 111, 111, 111, 
2025-12-28 12:48:05.021101|{td-307} 0, -19, 0, 0, 0, 0, 0, 0, 0, 0, 0, 0, 0, 0, 0, 0, 0, 0, 
2025-12-28 12:48:05.026783|{tx-307} :-BBB.............
2025-12-28 12:48:05.198401|{rx-308} 1, 0, 0, 3, 309, 315, 0, 0, 0, 0, 0, 1, 0, 1, 1
2025-12-28 12:48:05.202645|{rssi-308} 111, -68, -127, -127, -127, 111, 111, 111, 111, 111, 111, 111, 111, 111, 111, 111, 111, 111, 
2025-12-28 12:48:05.211604|{td-308} 0, -21, 0, 0, 0, 0, 0, 0, 0, 0, 0, 0, 0, 0, 0, 0, 0, 0, 
2025-12-28 12:48:05.216255|{tx-308} :-BBB.............
2025-12-28 12:48:05.388104|{rx-309} 1, 0, 0, 3, 310, 316, 0, 0, 0, 0, 0, 1, 0, 1, 1
2025-12-28 12:48:05.392203|{rssi-309} 111, -66, -127, -127, -127, 111, 111, 111, 111, 111, 111, 111, 111, 111, 111, 111, 111, 111, 
2025-12-28 12:48:05.401334|{td-309} 0, -19, 0, 0, 0, 0, 0, 0, 0, 0, 0, 0, 0, 0, 0, 0, 0, 0, 
2025-12-28 12:48:05.406315|{tx-309} :-BBB.............
2025-12-28 12:48:05.577626|{rx-310} 1, 0, 0, 3, 311, 317, 0, 0, 0, 0, 0, 1, 0, 1, 1
2025-12-28 12:48:05.581908|{rssi-310} 111, -66, -127, -127, -127, 111, 111, 111, 111, 111, 111, 111, 111, 111, 111, 111, 111, 111, 
2025-12-28 12:48:05.591209|{td-310} 0, -21, 0, 0, 0, 0, 0, 0, 0, 0, 0, 0, 0, 0, 0, 0, 0, 0, 
2025-12-28 12:48:05.596157|{tx-310} :-BBB.............
2025-12-28 12:48:05.769294|{rx-311} 1, 0, 0, 3, 312, 318, 0, 0, 0, 0, 0, 1, 0, 1, 1
2025-12-28 12:48:05.772845|{rssi-311} 111, -67, -127, -127, -127, 111, 111, 111, 111, 111, 111, 111, 111, 111, 111, 111, 111, 111, 
2025-12-28 12:48:05.782084|{td-311} 0, -19, 0, 0, 0, 0, 0, 0, 0, 0, 0, 0, 0, 0, 0, 0, 0, 0, 
2025-12-28 12:48:05.787791|{tx-311} :-BBB.............
2025-12-28 12:48:05.958261|{rx-312} 1, 0, 0, 3, 313, 319, 0, 0, 0, 0, 0, 1, 0, 1, 1
2025-12-28 12:48:05.962032|{rssi-312} 111, -68, -127, -127, -127, 111, 111, 111, 111, 111, 111, 111, 111, 111, 111, 111, 111, 111, 
2025-12-28 12:48:05.971102|{td-312} 0, -21, 0, 0, 0, 0, 0, 0, 0, 0, 0, 0, 0, 0, 0, 0, 0, 0, 
2025-12-28 12:48:05.977522|{tx-312} :-BBB.............
2025-12-28 12:48:06.147833|{rx-313} 1, 0, 0, 3, 314, 320, 0, 0, 0, 0, 0, 1, 0, 1, 1
2025-12-28 12:48:06.152376|{rssi-313} 111, -68, -127, -127, -127, 111, 111, 111, 111, 111, 111, 111, 111, 111, 111, 111, 111, 111, 
2025-12-28 12:48:06.161446|{td-313} 0, -19, 0, 0, 0, 0, 0, 0, 0, 0, 0, 0, 0, 0, 0, 0, 0, 0, 
2025-12-28 12:48:06.167814|{tx-313} :-BBB.............
2025-12-28 12:48:06.338062|{rx-314} 1, 0, 0, 3, 315, 321, 0, 0, 0, 0, 0, 1, 0, 1, 1
2025-12-28 12:48:06.342188|{rssi-314} 111, -66, -127, -127, -127, 111, 111, 111, 111, 111, 111, 111, 111, 111, 111, 111, 111, 111, 
2025-12-28 12:48:06.352094|{td-314} 0, -21, 0, 0, 0, 0, 0, 0, 0, 0, 0, 0, 0, 0, 0, 0, 0, 0, 
2025-12-28 12:48:06.358011|{tx-314} :-BBB.............
2025-12-28 12:48:06.528073|{rx-315} 1, 0, 0, 3, 316, 322, 0, 0, 0, 0, 0, 1, 0, 1, 1
2025-12-28 12:48:06.532163|{rssi-315} 111, -66, -127, -127, -127, 111, 111, 111, 111, 111, 111, 111, 111, 111, 111, 111, 111, 111, 
2025-12-28 12:48:06.541039|{td-315} 0, -21, 0, 0, 0, 0, 0, 0, 0, 0, 0, 0, 0, 0, 0, 0, 0, 0, 
2025-12-28 12:48:06.547533|{tx-315} :-BBB.............
2025-12-28 12:48:06.715625|{rx-316} 1, 0, 0, 3, 317, 323, 0, 0, 0, 0, 0, 1, 0, 1, 1
2025-12-28 12:48:06.721964|{rssi-316} 111, -68, -127, -127, -127, 111, 111, 111, 111, 111, 111, 111, 111, 111, 111, 111, 111, 111, 
2025-12-28 12:48:06.731474|{td-316} 0, -19, 0, 0, 0, 0, 0, 0, 0, 0, 0, 0, 0, 0, 0, 0, 0, 0, 
2025-12-28 12:48:06.735964|{tx-316} :-BBB.............
2025-12-28 12:48:06.905961|{rx-317} 1, 0, 0, 3, 318, 324, 0, 0, 0, 0, 0, 1, 0, 1, 1
2025-12-28 12:48:06.910943|{rssi-317} 111, -66, -127, -127, -127, 111, 111, 111, 111, 111, 111, 111, 111, 111, 111, 111, 111, 111, 
2025-12-28 12:48:06.921547|{td-317} 0, -19, 0, 0, 0, 0, 0, 0, 0, 0, 0, 0, 0, 0, 0, 0, 0, 0, 
2025-12-28 12:48:06.928341|{tx-317} :-BBB.............
2025-12-28 12:48:07.096777|{rx-318} 1, 0, 0, 3, 319, 325, 0, 0, 0, 0, 0, 1, 0, 1, 1
2025-12-28 12:48:07.101240|{rssi-318} 111, -66, -127, -127, -127, 111, 111, 111, 111, 111, 111, 111, 111, 111, 111, 111, 111, 111, 
2025-12-28 12:48:07.110827|{td-318} 0, -21, 0, 0, 0, 0, 0, 0, 0, 0, 0, 0, 0, 0, 0, 0, 0, 0, 
2025-12-28 12:48:07.117222|{tx-318} :-BBB.............
2025-12-28 12:48:07.286073|{rx-319} 1, 0, 0, 3, 320, 326, 0, 0, 0, 0, 0, 1, 0, 1, 1
2025-12-28 12:48:07.292120|{rssi-319} 111, -66, -127, -127, -127, 111, 111, 111, 111, 111, 111, 111, 111, 111, 111, 111, 111, 111, 
2025-12-28 12:48:07.300567|{td-319} 0, -19, 0, 0, 0, 0, 0, 0, 0, 0, 0, 0, 0, 0, 0, 0, 0, 0, 
2025-12-28 12:48:07.307370|{tx-319} :-BBB.............
2025-12-28 12:48:07.476547|{rx-320} 1, 0, 0, 3, 321, 327, 0, 0, 0, 0, 0, 1, 0, 1, 1
2025-12-28 12:48:07.483780|{rssi-320} 111, -68, -127, -127, -127, 111, 111, 111, 111, 111, 111, 111, 111, 111, 111, 111, 111, 111, 
2025-12-28 12:48:07.491214|{td-320} 0, -21, 0, 0, 0, 0, 0, 0, 0, 0, 0, 0, 0, 0, 0, 0, 0, 0, 
2025-12-28 12:48:07.496162|{tx-320} :-BBB.............
2025-12-28 12:48:07.667308|{rx-321} 1, 0, 0, 3, 322, 328, 0, 0, 0, 0, 0, 1, 0, 1, 1
2025-12-28 12:48:07.671988|{rssi-321} 111, -68, -127, -127, -127, 111, 111, 111, 111, 111, 111, 111, 111, 111, 111, 111, 111, 111, 
2025-12-28 12:48:07.681385|{td-321} 0, -19, 0, 0, 0, 0, 0, 0, 0, 0, 0, 0, 0, 0, 0, 0, 0, 0, 
2025-12-28 12:48:07.686698|{tx-321} :-BBB.............
2025-12-28 12:48:07.856561|{rx-322} 1, 0, 0, 3, 323, 329, 0, 0, 0, 0, 0, 1, 0, 1, 1
2025-12-28 12:48:07.861583|{rssi-322} 111, -66, -127, -127, -127, 111, 111, 111, 111, 111, 111, 111, 111, 111, 111, 111, 111, 111, 
2025-12-28 12:48:07.870285|{td-322} 0, -21, 0, 0, 0, 0, 0, 0, 0, 0, 0, 0, 0, 0, 0, 0, 0, 0, 
2025-12-28 12:48:07.877464|{tx-322} :-BBB.............
2025-12-28 12:48:08.046438|{rx-323} 1, 0, 0, 3, 324, 330, 0, 0, 0, 0, 0, 1, 0, 1, 1
2025-12-28 12:48:08.051542|{rssi-323} 111, -66, -127, -127, -127, 111, 111, 111, 111, 111, 111, 111, 111, 111, 111, 111, 111, 111, 
2025-12-28 12:48:08.060940|{td-323} 0, -19, 0, 0, 0, 0, 0, 0, 0, 0, 0, 0, 0, 0, 0, 0, 0, 0, 
2025-12-28 12:48:08.066244|{tx-323} :-BBB.............
2025-12-28 12:48:08.236398|{rx-324} 1, 0, 0, 3, 325, 331, 0, 0, 0, 0, 0, 1, 0, 1, 1
2025-12-28 12:48:08.241611|{rssi-324} 111, -66, -127, -127, -127, 111, 111, 111, 111, 111, 111, 111, 111, 111, 111, 111, 111, 111, 
2025-12-28 12:48:08.250988|{td-324} 0, -19, 0, 0, 0, 0, 0, 0, 0, 0, 0, 0, 0, 0, 0, 0, 0, 0, 
2025-12-28 12:48:08.256062|{tx-324} :-BBB.............
2025-12-28 12:48:08.426178|{rx-325} 1, 0, 0, 3, 326, 332, 0, 0, 0, 0, 0, 1, 0, 1, 1
2025-12-28 12:48:08.431370|{rssi-325} 111, -66, -127, -127, -127, 111, 111, 111, 111, 111, 111, 111, 111, 111, 111, 111, 111, 111, 
2025-12-28 12:48:08.440903|{td-325} 0, -21, 0, 0, 0, 0, 0, 0, 0, 0, 0, 0, 0, 0, 0, 0, 0, 0, 
2025-12-28 12:48:08.446209|{tx-325} :-BBB.............
2025-12-28 12:48:08.616274|{rx-326} 1, 0, 0, 3, 327, 333, 0, 0, 0, 0, 0, 1, 0, 1, 1
2025-12-28 12:48:08.621536|{rssi-326} 111, -66, -127, -127, -127, 111, 111, 111, 111, 111, 111, 111, 111, 111, 111, 111, 111, 111, 
2025-12-28 12:48:08.630872|{td-326} 0, -21, 0, 0, 0, 0, 0, 0, 0, 0, 0, 0, 0, 0, 0, 0, 0, 0, 
2025-12-28 12:48:08.636215|{tx-326} :-BBB.............
2025-12-28 12:48:08.806138|{rx-327} 1, 0, 0, 3, 328, 334, 0, 0, 0, 0, 0, 1, 0, 1, 1
2025-12-28 12:48:08.811618|{rssi-327} 111, -66, -127, -127, -127, 111, 111, 111, 111, 111, 111, 111, 111, 111, 111, 111, 111, 111, 
2025-12-28 12:48:08.820816|{td-327} 0, -19, 0, 0, 0, 0, 0, 0, 0, 0, 0, 0, 0, 0, 0, 0, 0, 0, 
2025-12-28 12:48:08.825989|{tx-327} :-BBB.............
2025-12-28 12:48:08.996551|{rx-328} 1, 0, 0, 3, 329, 335, 0, 0, 0, 0, 0, 1, 0, 1, 1
2025-12-28 12:48:09.001403|{rssi-328} 111, -66, -127, -127, -127, 111, 111, 111, 111, 111, 111, 111, 111, 111, 111, 111, 111, 111, 
2025-12-28 12:48:09.010812|{td-328} 0, -21, 0, 0, 0, 0, 0, 0, 0, 0, 0, 0, 0, 0, 0, 0, 0, 0, 
2025-12-28 12:48:09.015722|{tx-328} :-BBB.............
2025-12-28 12:48:09.187155|{rx-329} 1, 0, 0, 3, 330, 336, 0, 0, 0, 0, 0, 1, 0, 1, 1
2025-12-28 12:48:09.191329|{rssi-329} 111, -66, -127, -127, -127, 111, 111, 111, 111, 111, 111, 111, 111, 111, 111, 111, 111, 111, 
2025-12-28 12:48:09.200703|{td-329} 0, -19, 0, 0, 0, 0, 0, 0, 0, 0, 0, 0, 0, 0, 0, 0, 0, 0, 
2025-12-28 12:48:09.205831|{tx-329} :-BBB.............
2025-12-28 12:48:09.376395|{rx-330} 1, 0, 0, 3, 331, 337, 0, 0, 0, 0, 0, 1, 0, 1, 1
2025-12-28 12:48:09.380467|{rssi-330} 111, -66, -127, -127, -127, 111, 111, 111, 111, 111, 111, 111, 111, 111, 111, 111, 111, 111, 
2025-12-28 12:48:09.390676|{td-330} 0, -21, 0, 0, 0, 0, 0, 0, 0, 0, 0, 0, 0, 0, 0, 0, 0, 0, 
2025-12-28 12:48:09.395520|{tx-330} :-BBB.............
2025-12-28 12:48:09.566519|{rx-331} 1, 0, 0, 3, 332, 338, 0, 0, 0, 0, 0, 1, 0, 1, 1
2025-12-28 12:48:09.571285|{rssi-331} 111, -66, -127, -127, -127, 111, 111, 111, 111, 111, 111, 111, 111, 111, 111, 111, 111, 111, 
2025-12-28 12:48:09.581044|{td-331} 0, -19, 0, 0, 0, 0, 0, 0, 0, 0, 0, 0, 0, 0, 0, 0, 0, 0, 
2025-12-28 12:48:09.586556|{tx-331} :-BBB.............
2025-12-28 12:48:09.755670|{rx-332} 1, 0, 0, 3, 333, 339, 0, 0, 0, 0, 0, 1, 0, 1, 1
2025-12-28 12:48:09.761411|{rssi-332} 111, -66, -127, -127, -127, 111, 111, 111, 111, 111, 111, 111, 111, 111, 111, 111, 111, 111, 
2025-12-28 12:48:09.770650|{td-332} 0, -21, 0, 0, 0, 0, 0, 0, 0, 0, 0, 0, 0, 0, 0, 0, 0, 0, 
2025-12-28 12:48:09.776631|{tx-332} :-BBB.............
2025-12-28 12:48:09.946051|{rx-333} 1, 0, 0, 3, 334, 340, 0, 0, 0, 0, 0, 1, 0, 1, 1
2025-12-28 12:48:09.951230|{rssi-333} 111, -66, -127, -127, -127, 111, 111, 111, 111, 111, 111, 111, 111, 111, 111, 111, 111, 111, 
2025-12-28 12:48:09.960572|{td-333} 0, -19, 0, 0, 0, 0, 0, 0, 0, 0, 0, 0, 0, 0, 0, 0, 0, 0, 
2025-12-28 12:48:09.965913|{tx-333} :-BBB.............
2025-12-28 12:48:10.137555|{rx-334} 1, 0, 0, 3, 335, 341, 0, 0, 0, 0, 0, 1, 0, 1, 1
2025-12-28 12:48:10.141358|{rssi-334} 111, -66, -127, -127, -127, 111, 111, 111, 111, 111, 111, 111, 111, 111, 111, 111, 111, 111, 
2025-12-28 12:48:10.150618|{td-334} 0, -21, 0, 0, 0, 0, 0, 0, 0, 0, 0, 0, 0, 0, 0, 0, 0, 0, 
2025-12-28 12:48:10.155391|{tx-334} :-BBB.............
2025-12-28 12:48:10.326145|{rx-335} 1, 0, 0, 3, 336, 342, 0, 0, 0, 0, 0, 1, 0, 1, 1
2025-12-28 12:48:10.330710|{rssi-335} 111, -66, -127, -127, -127, 111, 111, 111, 111, 111, 111, 111, 111, 111, 111, 111, 111, 111, 
2025-12-28 12:48:10.340606|{td-335} 0, -19, 0, 0, 0, 0, 0, 0, 0, 0, 0, 0, 0, 0, 0, 0, 0, 0, 
2025-12-28 12:48:10.345550|{tx-335} :-BBB.............
2025-12-28 12:48:10.515833|{rx-336} 1, 0, 0, 3, 337, 343, 0, 0, 0, 0, 0, 1, 0, 1, 1
2025-12-28 12:48:10.521047|{rssi-336} 111, -66, -127, -127, -127, 111, 111, 111, 111, 111, 111, 111, 111, 111, 111, 111, 111, 111, 
2025-12-28 12:48:10.530745|{td-336} 0, -21, 0, 0, 0, 0, 0, 0, 0, 0, 0, 0, 0, 0, 0, 0, 0, 0, 
2025-12-28 12:48:10.536066|{tx-336} :-BBB.............
2025-12-28 12:48:10.706560|{rx-337} 1, 0, 0, 3, 338, 344, 0, 0, 0, 0, 0, 1, 0, 1, 1
2025-12-28 12:48:10.710901|{rssi-337} 111, -69, -127, -127, -127, 111, 111, 111, 111, 111, 111, 111, 111, 111, 111, 111, 111, 111, 
2025-12-28 12:48:10.720758|{td-337} 0, -19, 0, 0, 0, 0, 0, 0, 0, 0, 0, 0, 0, 0, 0, 0, 0, 0, 
2025-12-28 12:48:10.727294|{tx-337} :-BBB.............
2025-12-28 12:48:10.896207|{rx-338} 1, 0, 0, 3, 339, 345, 0, 0, 0, 0, 0, 1, 0, 1, 1
2025-12-28 12:48:10.901199|{rssi-338} 111, -68, -127, -127, -127, 111, 111, 111, 111, 111, 111, 111, 111, 111, 111, 111, 111, 111, 
2025-12-28 12:48:10.912557|{td-338} 0, -21, 0, 0, 0, 0, 0, 0, 0, 0, 0, 0, 0, 0, 0, 0, 0, 0, 
2025-12-28 12:48:10.915987|{tx-338} :-BBB.............
2025-12-28 12:48:11.087015|{rx-339} 1, 0, 0, 3, 340, 346, 0, 0, 0, 0, 0, 1, 0, 1, 1
2025-12-28 12:48:11.090960|{rssi-339} 111, -68, -127, -127, -127, 111, 111, 111, 111, 111, 111, 111, 111, 111, 111, 111, 111, 111, 
2025-12-28 12:48:11.100825|{td-339} 0, -19, 0, 0, 0, 0, 0, 0, 0, 0, 0, 0, 0, 0, 0, 0, 0, 0, 
2025-12-28 12:48:11.106156|{tx-339} :-BBB.............
2025-12-28 12:48:11.276488|{rx-340} 1, 0, 0, 3, 341, 347, 0, 0, 0, 0, 0, 1, 0, 1, 1
2025-12-28 12:48:11.281058|{rssi-340} 111, -66, -127, -127, -127, 111, 111, 111, 111, 111, 111, 111, 111, 111, 111, 111, 111, 111, 
2025-12-28 12:48:11.290351|{td-340} 0, -21, 0, 0, 0, 0, 0, 0, 0, 0, 0, 0, 0, 0, 0, 0, 0, 0, 
2025-12-28 12:48:11.294924|{tx-340} :-BBB.............
2025-12-28 12:48:11.466693|{rx-341} 1, 0, 0, 3, 342, 348, 0, 0, 0, 0, 0, 1, 0, 1, 1
2025-12-28 12:48:11.470727|{rssi-341} 111, -66, -127, -127, -127, 111, 111, 111, 111, 111, 111, 111, 111, 111, 111, 111, 111, 111, 
2025-12-28 12:48:11.480311|{td-341} 0, -19, 0, 0, 0, 0, 0, 0, 0, 0, 0, 0, 0, 0, 0, 0, 0, 0, 
2025-12-28 12:48:11.485824|{tx-341} :-BBB.............
2025-12-28 12:48:11.656585|{rx-342} 1, 0, 0, 3, 343, 349, 0, 0, 0, 0, 0, 1, 0, 1, 1
2025-12-28 12:48:11.660820|{rssi-342} 111, -68, -127, -127, -127, 111, 111, 111, 111, 111, 111, 111, 111, 111, 111, 111, 111, 111, 
2025-12-28 12:48:11.670423|{td-342} 0, -21, 0, 0, 0, 0, 0, 0, 0, 0, 0, 0, 0, 0, 0, 0, 0, 0, 
2025-12-28 12:48:11.675824|{tx-342} :-BBB.............
2025-12-28 12:48:11.845447|{rx-343} 1, 0, 0, 3, 344, 350, 0, 0, 0, 0, 0, 1, 0, 1, 1
2025-12-28 12:48:11.850786|{rssi-343} 111, -66, -127, -127, -127, 111, 111, 111, 111, 111, 111, 111, 111, 111, 111, 111, 111, 111, 
2025-12-28 12:48:11.860653|{td-343} 0, -19, 0, 0, 0, 0, 0, 0, 0, 0, 0, 0, 0, 0, 0, 0, 0, 0, 
2025-12-28 12:48:11.866331|{tx-343} :-BBB.............
2025-12-28 12:48:12.035417|{rx-344} 1, 0, 0, 3, 345, 351, 0, 0, 0, 0, 0, 1, 0, 1, 1
2025-12-28 12:48:12.041029|{rssi-344} 111, -66, -127, -127, -127, 111, 111, 111, 111, 111, 111, 111, 111, 111, 111, 111, 111, 111, 
2025-12-28 12:48:12.050805|{td-344} 0, -19, 0, 0, 0, 0, 0, 0, 0, 0, 0, 0, 0, 0, 0, 0, 0, 0, 
2025-12-28 12:48:12.055397|{tx-344} :-BBB.............
2025-12-28 12:48:12.225065|{rx-345} 1, 0, 0, 3, 346, 352, 0, 0, 0, 0, 0, 1, 0, 1, 1
2025-12-28 12:48:12.230678|{rssi-345} 111, -66, -127, -127, -127, 111, 111, 111, 111, 111, 111, 111, 111, 111, 111, 111, 111, 111, 
2025-12-28 12:48:12.240236|{td-345} 0, -21, 0, 0, 0, 0, 0, 0, 0, 0, 0, 0, 0, 0, 0, 0, 0, 0, 
2025-12-28 12:48:12.245390|{tx-345} :-BBB.............
2025-12-28 12:48:12.415147|{rx-346} 1, 0, 0, 3, 347, 353, 0, 0, 0, 0, 0, 1, 0, 1, 1
2025-12-28 12:48:12.420479|{rssi-346} 111, -66, -127, -127, -127, 111, 111, 111, 111, 111, 111, 111, 111, 111, 111, 111, 111, 111, 
2025-12-28 12:48:12.429964|{td-346} 0, -21, 0, 0, 0, 0, 0, 0, 0, 0, 0, 0, 0, 0, 0, 0, 0, 0, 
2025-12-28 12:48:12.435388|{tx-346} :-BBB.............
2025-12-28 12:48:12.605823|{rx-347} 1, 0, 0, 3, 348, 354, 0, 0, 0, 0, 0, 1, 0, 1, 1
2025-12-28 12:48:12.613645|{rssi-347} 111, -66, -127, -127, -127, 111, 111, 111, 111, 111, 111, 111, 111, 111, 111, 111, 111, 111, 
2025-12-28 12:48:12.620105|{td-347} 0, -19, 0, 0, 0, 0, 0, 0, 0, 0, 0, 0, 0, 0, 0, 0, 0, 0, 
2025-12-28 12:48:12.624864|{tx-347} :-BBB.............
2025-12-28 12:48:12.795788|{rx-348} 1, 0, 0, 3, 349, 355, 0, 0, 0, 0, 0, 1, 0, 1, 1
2025-12-28 12:48:12.802073|{rssi-348} 111, -67, -127, -127, -127, 111, 111, 111, 111, 111, 111, 111, 111, 111, 111, 111, 111, 111, 
2025-12-28 12:48:12.810000|{td-348} 0, -19, 0, 0, 0, 0, 0, 0, 0, 0, 0, 0, 0, 0, 0, 0, 0, 0, 
2025-12-28 12:48:12.815841|{tx-348} :-BBB.............
2025-12-28 12:48:12.985629|{rx-349} 1, 0, 0, 3, 350, 356, 0, 0, 0, 0, 0, 1, 0, 1, 1
2025-12-28 12:48:12.991721|{rssi-349} 111, -66, -127, -127, -127, 111, 111, 111, 111, 111, 111, 111, 111, 111, 111, 111, 111, 111, 
2025-12-28 12:48:12.000382|{td-349} 0, -21, 0, 0, 0, 0, 0, 0, 0, 0, 0, 0, 0, 0, 0, 0, 0, 0, 
2025-12-28 12:48:13.005013|{tx-349} :-BBB.............
2025-12-28 12:48:13.175504|{rx-350} 1, 0, 0, 3, 351, 357, 0, 0, 0, 0, 0, 1, 0, 1, 1
2025-12-28 12:48:13.180809|{rssi-350} 111, -66, -127, -127, -127, 111, 111, 111, 111, 111, 111, 111, 111, 111, 111, 111, 111, 111, 
2025-12-28 12:48:13.190141|{td-350} 0, -21, 0, 0, 0, 0, 0, 0, 0, 0, 0, 0, 0, 0, 0, 0, 0, 0, 
2025-12-28 12:48:13.195097|{tx-350} :-BBB.............
2025-12-28 12:48:13.366280|{rx-351} 1, 0, 0, 3, 352, 358, 0, 0, 0, 0, 0, 1, 0, 1, 1
2025-12-28 12:48:13.370589|{rssi-351} 111, -66, -127, -127, -127, 111, 111, 111, 111, 111, 111, 111, 111, 111, 111, 111, 111, 111, 
2025-12-28 12:48:13.380380|{td-351} 0, -19, 0, 0, 0, 0, 0, 0, 0, 0, 0, 0, 0, 0, 0, 0, 0, 0, 
2025-12-28 12:48:13.386131|{tx-351} :-BBB.............
2025-12-28 12:48:13.556594|{rx-352} 1, 0, 0, 3, 353, 359, 0, 0, 0, 0, 0, 1, 0, 1, 1
2025-12-28 12:48:13.560393|{rssi-352} 111, -66, -127, -127, -127, 111, 111, 111, 111, 111, 111, 111, 111, 111, 111, 111, 111, 111, 
2025-12-28 12:48:13.569556|{td-352} 0, -19, 0, 0, 0, 0, 0, 0, 0, 0, 0, 0, 0, 0, 0, 0, 0, 0, 
2025-12-28 12:48:13.576070|{tx-352} :-BBB.............
2025-12-28 12:48:13.745840|{rx-353} 1, 0, 0, 3, 354, 360, 0, 0, 0, 0, 0, 1, 0, 1, 1
2025-12-28 12:48:13.750609|{rssi-353} 111, -66, -127, -127, -127, 111, 111, 111, 111, 111, 111, 111, 111, 111, 111, 111, 111, 111, 
2025-12-28 12:48:13.760095|{td-353} 0, -21, 0, 0, 0, 0, 0, 0, 0, 0, 0, 0, 0, 0, 0, 0, 0, 0, 
2025-12-28 12:48:13.772788|{tx-353} :-BBB.............
2025-12-28 12:48:13.935651|{rx-354} 1, 0, 0, 3, 355, 361, 0, 0, 0, 0, 0, 1, 0, 1, 1
2025-12-28 12:48:13.940358|{rssi-354} 111, -66, -127, -127, -127, 111, 111, 111, 111, 111, 111, 111, 111, 111, 111, 111, 111, 111, 
2025-12-28 12:48:13.949276|{td-354} 0, -19, 0, 0, 0, 0, 0, 0, 0, 0, 0, 0, 0, 0, 0, 0, 0, 0, 
2025-12-28 12:48:13.955214|{tx-354} :-BBB.............
2025-12-28 12:48:14.126427|{rx-355} 1, 1, 1, 3, 356, 364, 0, 0, 0, 0, 2, 2, 0, 1, 1
2025-12-28 12:48:14.130468|{rssi-355} 111, -127, -51, -46, -127, -127, -127, 111, 111, 111, 111, 111, 111, 111, 111, 111, 111, 111, 
2025-12-28 12:48:14.140278|{td-355} 0, -3012848, -21, -21, 0, 0, 0, 0, 0, 0, 0, 0, 0, 0, 0, 0, 0, 0, 
2025-12-28 12:48:14.147375|{tx-355} :AC-BBB...........
2025-12-28 12:48:14.315707|{rx-356} 1, 0, 0, 3, 357, 365, 0, 0, 0, 0, 0, 1, 0, 1, 1
2025-12-28 12:48:14.320358|{rssi-356} 111, -66, -127, -127, -127, 111, 111, 111, 111, 111, 111, 111, 111, 111, 111, 111, 111, 111, 
2025-12-28 12:48:14.330129|{td-356} 0, -21, 0, 0, 0, 0, 0, 0, 0, 0, 0, 0, 0, 0, 0, 0, 0, 0, 
2025-12-28 12:48:14.335278|{tx-356} :-BBB.............
2025-12-28 12:48:14.505301|{rx-357} 1, 0, 0, 3, 358, 366, 0, 0, 0, 0, 0, 1, 0, 1, 1
2025-12-28 12:48:14.510596|{rssi-357} 111, -66, -127, -127, -127, 111, 111, 111, 111, 111, 111, 111, 111, 111, 111, 111, 111, 111, 
2025-12-28 12:48:14.520394|{td-357} 0, -19, 0, 0, 0, 0, 0, 0, 0, 0, 0, 0, 0, 0, 0, 0, 0, 0, 
2025-12-28 12:48:14.525646|{tx-357} :-BBB.............
2025-12-28 12:48:14.695869|{rx-358} 1, 0, 0, 3, 359, 367, 0, 0, 0, 0, 0, 1, 0, 1, 1
2025-12-28 12:48:14.700534|{rssi-358} 111, -66, -127, -127, -127, 111, 111, 111, 111, 111, 111, 111, 111, 111, 111, 111, 111, 111, 
2025-12-28 12:48:14.709459|{td-358} 0, -19, 0, 0, 0, 0, 0, 0, 0, 0, 0, 0, 0, 0, 0, 0, 0, 0, 
2025-12-28 12:48:14.715319|{tx-358} :-BBB.............
2025-12-28 12:48:14.885358|{rx-359} 1, 0, 0, 3, 360, 368, 0, 0, 0, 0, 0, 1, 0, 1, 1
2025-12-28 12:48:14.890210|{rssi-359} 111, -66, -127, -127, -127, 111, 111, 111, 111, 111, 111, 111, 111, 111, 111, 111, 111, 111, 
2025-12-28 12:48:14.899209|{td-359} 0, -21, 0, 0, 0, 0, 0, 0, 0, 0, 0, 0, 0, 0, 0, 0, 0, 0, 
2025-12-28 12:48:14.905700|{tx-359} :-BBB.............
2025-12-28 12:48:15.075336|{rx-360} 1, 0, 0, 3, 361, 369, 0, 0, 0, 0, 0, 1, 0, 1, 1
2025-12-28 12:48:15.080386|{rssi-360} 111, -66, -127, -127, -127, 111, 111, 111, 111, 111, 111, 111, 111, 111, 111, 111, 111, 111, 
2025-12-28 12:48:15.089281|{td-360} 0, -19, 0, 0, 0, 0, 0, 0, 0, 0, 0, 0, 0, 0, 0, 0, 0, 0, 
2025-12-28 12:48:15.095775|{tx-360} :-BBB.............
2025-12-28 12:48:15.265520|{rx-361} 1, 0, 0, 3, 362, 370, 0, 0, 0, 0, 0, 1, 0, 1, 1
2025-12-28 12:48:15.270834|{rssi-361} 111, -66, -127, -127, -127, 111, 111, 111, 111, 111, 111, 111, 111, 111, 111, 111, 111, 111, 
2025-12-28 12:48:15.279862|{td-361} 0, -21, 0, 0, 0, 0, 0, 0, 0, 0, 0, 0, 0, 0, 0, 0, 0, 0, 
2025-12-28 12:48:15.285953|{tx-361} :-BBB.............
2025-12-28 12:48:15.455239|{rx-362} 1, 0, 0, 3, 363, 371, 0, 0, 0, 0, 0, 1, 0, 1, 1
2025-12-28 12:48:15.460107|{rssi-362} 111, -66, -127, -127, -127, 111, 111, 111, 111, 111, 111, 111, 111, 111, 111, 111, 111, 111, 
2025-12-28 12:48:15.469699|{td-362} 0, -19, 0, 0, 0, 0, 0, 0, 0, 0, 0, 0, 0, 0, 0, 0, 0, 0, 
2025-12-28 12:48:15.475492|{tx-362} :-BBB.............
2025-12-28 12:48:15.645602|{rx-363} 1, 0, 0, 3, 364, 372, 0, 0, 0, 0, 0, 1, 0, 1, 1
2025-12-28 12:48:15.650607|{rssi-363} 111, -66, -127, -127, -127, 111, 111, 111, 111, 111, 111, 111, 111, 111, 111, 111, 111, 111, 
2025-12-28 12:48:15.659753|{td-363} 0, -21, 0, 0, 0, 0, 0, 0, 0, 0, 0, 0, 0, 0, 0, 0, 0, 0, 
2025-12-28 12:48:15.665356|{tx-363} :-BBB.............
2025-12-28 12:48:15.835772|{rx-364} 1, 0, 0, 3, 365, 373, 0, 0, 0, 0, 0, 1, 0, 1, 1
2025-12-28 12:48:15.840986|{rssi-364} 111, -68, -127, -127, -127, 111, 111, 111, 111, 111, 111, 111, 111, 111, 111, 111, 111, 111, 
2025-12-28 12:48:15.850050|{td-364} 0, -19, 0, 0, 0, 0, 0, 0, 0, 0, 0, 0, 0, 0, 0, 0, 0, 0, 
2025-12-28 12:48:15.855718|{tx-364} :-BBB.............
2025-12-28 12:48:16.025515|{rx-365} 1, 0, 0, 3, 366, 374, 0, 0, 0, 0, 0, 1, 0, 1, 1
2025-12-28 12:48:16.030176|{rssi-365} 111, -66, -127, -127, -127, 111, 111, 111, 111, 111, 111, 111, 111, 111, 111, 111, 111, 111, 
2025-12-28 12:48:16.039420|{td-365} 0, -21, 0, 0, 0, 0, 0, 0, 0, 0, 0, 0, 0, 0, 0, 0, 0, 0, 
2025-12-28 12:48:16.044262|{tx-365} :-BBB.............
2025-12-28 12:48:16.217076|{rx-366} 1, 0, 0, 3, 367, 375, 0, 0, 0, 0, 0, 1, 0, 1, 1
2025-12-28 12:48:16.220777|{rssi-366} 111, -66, -127, -127, -127, 111, 111, 111, 111, 111, 111, 111, 111, 111, 111, 111, 111, 111, 
2025-12-28 12:48:16.229737|{td-366} 0, -19, 0, 0, 0, 0, 0, 0, 0, 0, 0, 0, 0, 0, 0, 0, 0, 0, 
2025-12-28 12:48:16.234761|{tx-366} :-BBB.............
2025-12-28 12:48:16.405748|{rx-367} 1, 0, 0, 3, 368, 376, 0, 0, 0, 0, 0, 1, 0, 1, 1
2025-12-28 12:48:16.410759|{rssi-367} 111, -66, -127, -127, -127, 111, 111, 111, 111, 111, 111, 111, 111, 111, 111, 111, 111, 111, 
2025-12-28 12:48:16.419949|{td-367} 0, -21, 0, 0, 0, 0, 0, 0, 0, 0, 0, 0, 0, 0, 0, 0, 0, 0, 
2025-12-28 12:48:16.424433|{tx-367} :-BBB.............
2025-12-28 12:48:16.595299|{rx-368} 1, 0, 0, 3, 369, 377, 0, 0, 0, 0, 0, 1, 0, 1, 1
2025-12-28 12:48:16.599909|{rssi-368} 111, -68, -127, -127, -127, 111, 111, 111, 111, 111, 111, 111, 111, 111, 111, 111, 111, 111, 
2025-12-28 12:48:16.609607|{td-368} 0, -19, 0, 0, 0, 0, 0, 0, 0, 0, 0, 0, 0, 0, 0, 0, 0, 0, 
2025-12-28 12:48:16.614044|{tx-368} :-BBB.............
2025-12-28 12:48:16.785630|{rx-369} 1, 0, 0, 3, 370, 378, 0, 0, 0, 0, 0, 1, 0, 1, 1
2025-12-28 12:48:16.790211|{rssi-369} 111, -66, -127, -127, -127, 111, 111, 111, 111, 111, 111, 111, 111, 111, 111, 111, 111, 111, 
2025-12-28 12:48:16.799468|{td-369} 0, -21, 0, 0, 0, 0, 0, 0, 0, 0, 0, 0, 0, 0, 0, 0, 0, 0, 
2025-12-28 12:48:16.805338|{tx-369} :-BBB.............
2025-12-28 12:48:16.974229|{rx-370} 1, 0, 0, 3, 371, 379, 0, 0, 0, 0, 0, 1, 0, 1, 1
2025-12-28 12:48:16.979912|{rssi-370} 111, -66, -127, -127, -127, 111, 111, 111, 111, 111, 111, 111, 111, 111, 111, 111, 111, 111, 
2025-12-28 12:48:16.988492|{td-370} 0, -19, 0, 0, 0, 0, 0, 0, 0, 0, 0, 0, 0, 0, 0, 0, 0, 0, 
2025-12-28 12:48:16.994194|{tx-370} :-BBB.............
2025-12-28 12:48:17.164600|{rx-371} 1, 0, 0, 3, 372, 380, 0, 0, 0, 0, 0, 1, 0, 1, 1
2025-12-28 12:48:17.169428|{rssi-371} 111, -66, -127, -127, -127, 111, 111, 111, 111, 111, 111, 111, 111, 111, 111, 111, 111, 111, 
2025-12-28 12:48:17.178155|{td-371} 0, -21, 0, 0, 0, 0, 0, 0, 0, 0, 0, 0, 0, 0, 0, 0, 0, 0, 
2025-12-28 12:48:17.185320|{tx-371} :-BBB.............
2025-12-28 12:48:17.354203|{rx-372} 1, 0, 0, 3, 373, 381, 0, 0, 0, 0, 0, 1, 0, 1, 1
2025-12-28 12:48:17.359809|{rssi-372} 111, -66, -127, -127, -127, 111, 111, 111, 111, 111, 111, 111, 111, 111, 111, 111, 111, 111, 
2025-12-28 12:48:17.368826|{td-372} 0, -19, 0, 0, 0, 0, 0, 0, 0, 0, 0, 0, 0, 0, 0, 0, 0, 0, 
2025-12-28 12:48:17.373969|{tx-372} :-BBB.............
2025-12-28 12:48:17.545106|{rx-373} 1, 0, 0, 3, 374, 382, 0, 0, 0, 0, 0, 1, 0, 1, 1
2025-12-28 12:48:17.550008|{rssi-373} 111, -66, -127, -127, -127, 111, 111, 111, 111, 111, 111, 111, 111, 111, 111, 111, 111, 111, 
2025-12-28 12:48:17.578104|{td-373} 0, -21, 0, 0, 0, 0, 0, 0, 0, 0, 0, 0, 0, 0, 0, 0, 0, 0, 
2025-12-28 12:48:17.579907|{tx-373} :-BBB.............
2025-12-28 12:48:17.734788|{rx-374} 1, 0, 0, 3, 375, 383, 0, 0, 0, 0, 0, 1, 0, 1, 1
2025-12-28 12:48:17.743683|{rssi-374} 111, -66, -127, -127, -127, 111, 111, 111, 111, 111, 111, 111, 111, 111, 111, 111, 111, 111, 
2025-12-28 12:48:17.749392|{td-374} 0, -19, 0, 0, 0, 0, 0, 0, 0, 0, 0, 0, 0, 0, 0, 0, 0, 0, 
2025-12-28 12:48:17.754847|{tx-374} :-BBB.............
2025-12-28 12:48:17.925133|{rx-375} 1, 0, 0, 3, 376, 384, 0, 0, 0, 0, 0, 1, 0, 1, 1
2025-12-28 12:48:17.930079|{rssi-375} 111, -66, -127, -127, -127, 111, 111, 111, 111, 111, 111, 111, 111, 111, 111, 111, 111, 111, 
2025-12-28 12:48:17.937844|{td-375} 0, -21, 0, 0, 0, 0, 0, 0, 0, 0, 0, 0, 0, 0, 0, 0, 0, 0, 
2025-12-28 12:48:17.944978|{tx-375} :-BBB.............
2025-12-28 12:48:18.114764|{rx-376} 1, 0, 0, 3, 377, 385, 0, 0, 0, 0, 0, 1, 0, 1, 1
2025-12-28 12:48:18.118942|{rssi-376} 111, -68, -127, -127, -127, 111, 111, 111, 111, 111, 111, 111, 111, 111, 111, 111, 111, 111, 
2025-12-28 12:48:18.128748|{td-376} 0, -19, 0, 0, 0, 0, 0, 0, 0, 0, 0, 0, 0, 0, 0, 0, 0, 0, 
2025-12-28 12:48:18.134515|{tx-376} :-BBB.............
2025-12-28 12:48:18.304575|{rx-377} 1, 0, 0, 3, 378, 386, 0, 0, 0, 0, 0, 1, 0, 1, 1
2025-12-28 12:48:18.309806|{rssi-377} 111, -66, -127, -127, -127, 111, 111, 111, 111, 111, 111, 111, 111, 111, 111, 111, 111, 111, 
2025-12-28 12:48:18.319933|{td-377} 0, -21, 0, 0, 0, 0, 0, 0, 0, 0, 0, 0, 0, 0, 0, 0, 0, 0, 
2025-12-28 12:48:18.324516|{tx-377} :-BBB.............
2025-12-28 12:48:18.496253|{rx-378} 1, 0, 0, 3, 379, 387, 0, 0, 0, 0, 0, 1, 0, 1, 1
2025-12-28 12:48:18.499717|{rssi-378} 111, -66, -127, -127, -127, 111, 111, 111, 111, 111, 111, 111, 111, 111, 111, 111, 111, 111, 
2025-12-28 12:48:18.509313|{td-378} 0, -19, 0, 0, 0, 0, 0, 0, 0, 0, 0, 0, 0, 0, 0, 0, 0, 0, 
2025-12-28 12:48:18.514477|{tx-378} :-BBB.............
2025-12-28 12:48:18.684724|{rx-379} 1, 0, 0, 3, 380, 388, 0, 0, 0, 0, 0, 1, 0, 1, 1
2025-12-28 12:48:18.690154|{rssi-379} 111, -66, -127, -127, -127, 111, 111, 111, 111, 111, 111, 111, 111, 111, 111, 111, 111, 111, 
2025-12-28 12:48:18.699447|{td-379} 0, -21, 0, 0, 0, 0, 0, 0, 0, 0, 0, 0, 0, 0, 0, 0, 0, 0, 
2025-12-28 12:48:18.704940|{tx-379} :-BBB.............
2025-12-28 12:48:18.874781|{rx-380} 1, 0, 0, 3, 381, 389, 0, 0, 0, 0, 0, 1, 0, 1, 1
2025-12-28 12:48:18.879810|{rssi-380} 111, -66, -127, -127, -127, 111, 111, 111, 111, 111, 111, 111, 111, 111, 111, 111, 111, 111, 
2025-12-28 12:48:18.888619|{td-380} 0, -19, 0, 0, 0, 0, 0, 0, 0, 0, 0, 0, 0, 0, 0, 0, 0, 0, 
2025-12-28 12:48:18.893550|{tx-380} :-BBB.............
2025-12-28 12:48:19.064785|{rx-381} 1, 0, 0, 3, 382, 390, 0, 0, 0, 0, 0, 1, 0, 1, 1
2025-12-28 12:48:19.070545|{rssi-381} 111, -66, -127, -127, -127, 111, 111, 111, 111, 111, 111, 111, 111, 111, 111, 111, 111, 111, 
2025-12-28 12:48:19.078658|{td-381} 0, -21, 0, 0, 0, 0, 0, 0, 0, 0, 0, 0, 0, 0, 0, 0, 0, 0, 
2025-12-28 12:48:19.083658|{tx-381} :-BBB.............
2025-12-28 12:48:19.254582|{rx-382} 1, 0, 0, 3, 383, 391, 0, 0, 0, 0, 0, 1, 0, 1, 1
2025-12-28 12:48:19.259054|{rssi-382} 111, -66, -127, -127, -127, 111, 111, 111, 111, 111, 111, 111, 111, 111, 111, 111, 111, 111, 
2025-12-28 12:48:19.268896|{td-382} 0, -19, 0, 0, 0, 0, 0, 0, 0, 0, 0, 0, 0, 0, 0, 0, 0, 0, 
2025-12-28 12:48:19.273926|{tx-382} :-BBB.............
2025-12-28 12:48:19.444877|{rx-383} 1, 0, 0, 3, 384, 392, 0, 0, 0, 0, 0, 1, 0, 1, 1
2025-12-28 12:48:19.449707|{rssi-383} 111, -66, -127, -127, -127, 111, 111, 111, 111, 111, 111, 111, 111, 111, 111, 111, 111, 111, 
2025-12-28 12:48:19.458919|{td-383} 0, -19, 0, 0, 0, 0, 0, 0, 0, 0, 0, 0, 0, 0, 0, 0, 0, 0, 
2025-12-28 12:48:19.465020|{tx-383} :-BBB.............
2025-12-28 12:48:19.634673|{rx-384} 1, 0, 0, 3, 385, 393, 0, 0, 0, 0, 0, 1, 0, 1, 1
2025-12-28 12:48:19.638778|{rssi-384} 111, -66, -127, -127, -127, 111, 111, 111, 111, 111, 111, 111, 111, 111, 111, 111, 111, 111, 
2025-12-28 12:48:19.649468|{td-384} 0, -21, 0, 0, 0, 0, 0, 0, 0, 0, 0, 0, 0, 0, 0, 0, 0, 0, 
2025-12-28 12:48:19.653451|{tx-384} :-BBB.............
2025-12-28 12:48:19.824616|{rx-385} 1, 0, 0, 3, 386, 394, 0, 0, 0, 0, 0, 1, 0, 1, 1
2025-12-28 12:48:19.829624|{rssi-385} 111, -66, -127, -127, -127, 111, 111, 111, 111, 111, 111, 111, 111, 111, 111, 111, 111, 111, 
2025-12-28 12:48:19.838453|{td-385} 0, -21, 0, 0, 0, 0, 0, 0, 0, 0, 0, 0, 0, 0, 0, 0, 0, 0, 
2025-12-28 12:48:19.843244|{tx-385} :-BBB.............
2025-12-28 12:48:20.015067|{rx-386} 1, 0, 0, 3, 387, 395, 0, 0, 0, 0, 0, 1, 0, 1, 1
2025-12-28 12:48:20.018818|{rssi-386} 111, -67, -127, -127, -127, 111, 111, 111, 111, 111, 111, 111, 111, 111, 111, 111, 111, 111, 
2025-12-28 12:48:20.028603|{td-386} 0, -19, 0, 0, 0, 0, 0, 0, 0, 0, 0, 0, 0, 0, 0, 0, 0, 0, 
2025-12-28 12:48:20.034622|{tx-386} :-BBB.............
2025-12-28 12:48:20.204803|{rx-387} 1, 0, 0, 3, 388, 396, 0, 0, 0, 0, 0, 1, 0, 1, 1
2025-12-28 12:48:20.210078|{rssi-387} 111, -68, -127, -127, -127, 111, 111, 111, 111, 111, 111, 111, 111, 111, 111, 111, 111, 111, 
2025-12-28 12:48:20.218365|{td-387} 0, -19, 0, 0, 0, 0, 0, 0, 0, 0, 0, 0, 0, 0, 0, 0, 0, 0, 
2025-12-28 12:48:20.223993|{tx-387} :-BBB.............
2025-12-28 12:48:20.395244|{rx-388} 1, 0, 0, 3, 389, 397, 0, 0, 0, 0, 0, 1, 0, 1, 1
2025-12-28 12:48:20.400218|{rssi-388} 111, -66, -127, -127, -127, 111, 111, 111, 111, 111, 111, 111, 111, 111, 111, 111, 111, 111, 
2025-12-28 12:48:20.409645|{td-388} 0, -21, 0, 0, 0, 0, 0, 0, 0, 0, 0, 0, 0, 0, 0, 0, 0, 0, 
2025-12-28 12:48:20.414348|{tx-388} :-BBB.............
2025-12-28 12:48:20.584906|{rx-389} 1, 0, 0, 3, 390, 398, 0, 0, 0, 0, 0, 1, 0, 1, 1
2025-12-28 12:48:20.589152|{rssi-389} 111, -66, -127, -127, -127, 111, 111, 111, 111, 111, 111, 111, 111, 111, 111, 111, 111, 111, 
2025-12-28 12:48:20.598351|{td-389} 0, -19, 0, 0, 0, 0, 0, 0, 0, 0, 0, 0, 0, 0, 0, 0, 0, 0, 
2025-12-28 12:48:20.603792|{tx-389} :-BBB.............
2025-12-28 12:48:20.774567|{rx-390} 1, 0, 0, 3, 391, 399, 0, 0, 0, 0, 0, 1, 0, 1, 1
2025-12-28 12:48:20.778615|{rssi-390} 111, -66, -127, -127, -127, 111, 111, 111, 111, 111, 111, 111, 111, 111, 111, 111, 111, 111, 
2025-12-28 12:48:20.788492|{td-390} 0, -21, 0, 0, 0, 0, 0, 0, 0, 0, 0, 0, 0, 0, 0, 0, 0, 0, 
2025-12-28 12:48:20.793943|{tx-390} :-BBB.............
2025-12-28 12:48:20.964611|{rx-391} 1, 0, 0, 3, 392, 400, 0, 0, 0, 0, 0, 1, 0, 1, 1
2025-12-28 12:48:20.969818|{rssi-391} 111, -66, -127, -127, -127, 111, 111, 111, 111, 111, 111, 111, 111, 111, 111, 111, 111, 111, 
2025-12-28 12:48:20.979329|{td-391} 0, -19, 0, 0, 0, 0, 0, 0, 0, 0, 0, 0, 0, 0, 0, 0, 0, 0, 
2025-12-28 12:48:20.983309|{tx-391} :-BBB.............
2025-12-28 12:48:21.154821|{rx-392} 1, 0, 0, 3, 393, 401, 0, 0, 0, 0, 0, 1, 0, 1, 1
2025-12-28 12:48:21.159426|{rssi-392} 111, -69, -127, -127, -127, 111, 111, 111, 111, 111, 111, 111, 111, 111, 111, 111, 111, 111, 
2025-12-28 12:48:21.168463|{td-392} 0, -21, 0, 0, 0, 0, 0, 0, 0, 0, 0, 0, 0, 0, 0, 0, 0, 0, 
2025-12-28 12:48:21.173553|{tx-392} :-BBB.............
2025-12-28 12:48:21.344249|{rx-393} 1, 0, 0, 3, 394, 402, 0, 0, 0, 0, 0, 1, 0, 1, 1
2025-12-28 12:48:21.348520|{rssi-393} 111, -66, -127, -127, -127, 111, 111, 111, 111, 111, 111, 111, 111, 111, 111, 111, 111, 111, 
2025-12-28 12:48:21.358740|{td-393} 0, -19, 0, 0, 0, 0, 0, 0, 0, 0, 0, 0, 0, 0, 0, 0, 0, 0, 
2025-12-28 12:48:21.364482|{tx-393} :-BBB.............
2025-12-28 12:48:21.535091|{rx-394} 1, 0, 0, 3, 395, 403, 0, 0, 0, 0, 0, 1, 0, 1, 1
2025-12-28 12:48:21.540147|{rssi-394} 111, -66, -127, -127, -127, 111, 111, 111, 111, 111, 111, 111, 111, 111, 111, 111, 111, 111, 
2025-12-28 12:48:21.549422|{td-394} 0, -21, 0, 0, 0, 0, 0, 0, 0, 0, 0, 0, 0, 0, 0, 0, 0, 0, 
2025-12-28 12:48:21.554459|{tx-394} :-BBB.............
2025-12-28 12:48:21.725082|{rx-395} 1, 0, 0, 3, 396, 404, 0, 0, 0, 0, 0, 1, 0, 1, 1
2025-12-28 12:48:21.729247|{rssi-395} 111, -66, -127, -127, -127, 111, 111, 111, 111, 111, 111, 111, 111, 111, 111, 111, 111, 111, 
2025-12-28 12:48:21.738583|{td-395} 0, -19, 0, 0, 0, 0, 0, 0, 0, 0, 0, 0, 0, 0, 0, 0, 0, 0, 
2025-12-28 12:48:21.743354|{tx-395} :-BBB.............
2025-12-28 12:48:21.913888|{rx-396} 1, 0, 0, 3, 397, 405, 0, 0, 0, 0, 0, 1, 0, 1, 1
2025-12-28 12:48:21.918800|{rssi-396} 111, -69, -127, -127, -127, 111, 111, 111, 111, 111, 111, 111, 111, 111, 111, 111, 111, 111, 
2025-12-28 12:48:21.928360|{td-396} 0, -21, 0, 0, 0, 0, 0, 0, 0, 0, 0, 0, 0, 0, 0, 0, 0, 0, 
2025-12-28 12:48:21.934884|{tx-396} :-BBB.............
2025-12-28 12:48:22.104931|{rx-397} 1, 0, 0, 3, 398, 406, 0, 0, 0, 0, 0, 1, 0, 1, 1
2025-12-28 12:48:22.109678|{rssi-397} 111, -66, -127, -127, -127, 111, 111, 111, 111, 111, 111, 111, 111, 111, 111, 111, 111, 111, 
2025-12-28 12:48:22.118412|{td-397} 0, -21, 0, 0, 0, 0, 0, 0, 0, 0, 0, 0, 0, 0, 0, 0, 0, 0, 
2025-12-28 12:48:22.123926|{tx-397} :-BBB.............
2025-12-28 12:48:22.293586|{rx-398} 1, 0, 0, 3, 399, 407, 0, 0, 0, 0, 0, 1, 0, 1, 1
2025-12-28 12:48:22.299170|{rssi-398} 111, -66, -127, -127, -127, 111, 111, 111, 111, 111, 111, 111, 111, 111, 111, 111, 111, 111, 
2025-12-28 12:48:22.308379|{td-398} 0, -19, 0, 0, 0, 0, 0, 0, 0, 0, 0, 0, 0, 0, 0, 0, 0, 0, 
2025-12-28 12:48:22.314166|{tx-398} :-BBB.............
2025-12-28 12:48:22.483731|{rx-399} 1, 0, 0, 3, 400, 408, 0, 0, 0, 0, 0, 1, 0, 1, 1
2025-12-28 12:48:22.489055|{rssi-399} 111, -66, -127, -127, -127, 111, 111, 111, 111, 111, 111, 111, 111, 111, 111, 111, 111, 111, 
2025-12-28 12:48:22.498196|{td-399} 0, -21, 0, 0, 0, 0, 0, 0, 0, 0, 0, 0, 0, 0, 0, 0, 0, 0, 
2025-12-28 12:48:22.502978|{tx-399} :-BBB.............
2025-12-28 12:48:22.673231|{rx-400} 1, 0, 0, 3, 401, 409, 0, 0, 0, 0, 0, 1, 0, 1, 1
2025-12-28 12:48:22.679322|{rssi-400} 111, -66, -127, -127, -127, 111, 111, 111, 111, 111, 111, 111, 111, 111, 111, 111, 111, 111, 
2025-12-28 12:48:22.688288|{td-400} 0, -19, 0, 0, 0, 0, 0, 0, 0, 0, 0, 0, 0, 0, 0, 0, 0, 0, 
2025-12-28 12:48:22.694180|{tx-400} :-BBB.............
2025-12-28 12:48:22.864082|{rx-401} 1, 0, 0, 3, 402, 410, 0, 0, 0, 0, 0, 1, 0, 1, 1
2025-12-28 12:48:22.872911|{rssi-401} 111, -66, -127, -127, -127, 111, 111, 111, 111, 111, 111, 111, 111, 111, 111, 111, 111, 111, 
2025-12-28 12:48:22.877986|{td-401} 0, -19, 0, 0, 0, 0, 0, 0, 0, 0, 0, 0, 0, 0, 0, 0, 0, 0, 
2025-12-28 12:48:22.883471|{tx-401} :-BBB.............
2025-12-28 12:48:23.054179|{rx-402} 1, 0, 0, 3, 403, 411, 0, 0, 0, 0, 0, 1, 0, 1, 1
2025-12-28 12:48:23.058959|{rssi-402} 111, -66, -127, -127, -127, 111, 111, 111, 111, 111, 111, 111, 111, 111, 111, 111, 111, 111, 
2025-12-28 12:48:23.067895|{td-402} 0, -21, 0, 0, 0, 0, 0, 0, 0, 0, 0, 0, 0, 0, 0, 0, 0, 0, 
2025-12-28 12:48:23.074106|{tx-402} :-BBB.............
2025-12-28 12:48:23.243392|{rx-403} 1, 0, 0, 3, 404, 412, 0, 0, 0, 0, 0, 1, 0, 1, 1
2025-12-28 12:48:23.248265|{rssi-403} 111, -66, -127, -127, -127, 111, 111, 111, 111, 111, 111, 111, 111, 111, 111, 111, 111, 111, 
2025-12-28 12:48:23.258598|{td-403} 0, -19, 0, 0, 0, 0, 0, 0, 0, 0, 0, 0, 0, 0, 0, 0, 0, 0, 
2025-12-28 12:48:23.263722|{tx-403} :-BBB.............
2025-12-28 12:48:23.434030|{rx-404} 1, 0, 0, 3, 405, 413, 0, 0, 0, 0, 0, 1, 0, 1, 1
2025-12-28 12:48:23.439131|{rssi-404} 111, -66, -127, -127, -127, 111, 111, 111, 111, 111, 111, 111, 111, 111, 111, 111, 111, 111, 
2025-12-28 12:48:23.448424|{td-404} 0, -21, 0, 0, 0, 0, 0, 0, 0, 0, 0, 0, 0, 0, 0, 0, 0, 0, 
2025-12-28 12:48:23.453723|{tx-404} :-BBB.............
2025-12-28 12:48:23.623336|{rx-405} 1, 0, 0, 3, 406, 414, 0, 0, 0, 0, 0, 1, 0, 1, 1
2025-12-28 12:48:23.628747|{rssi-405} 111, -68, -127, -127, -127, 111, 111, 111, 111, 111, 111, 111, 111, 111, 111, 111, 111, 111, 
2025-12-28 12:48:23.638601|{td-405} 0, -19, 0, 0, 0, 0, 0, 0, 0, 0, 0, 0, 0, 0, 0, 0, 0, 0, 
2025-12-28 12:48:23.643630|{tx-405} :-BBB.............
2025-12-28 12:48:23.814758|{rx-406} 1, 0, 0, 3, 407, 415, 0, 0, 0, 0, 0, 1, 0, 1, 1
2025-12-28 12:48:23.818843|{rssi-406} 111, -66, -127, -127, -127, 111, 111, 111, 111, 111, 111, 111, 111, 111, 111, 111, 111, 111, 
2025-12-28 12:48:23.828164|{td-406} 0, -21, 0, 0, 0, 0, 0, 0, 0, 0, 0, 0, 0, 0, 0, 0, 0, 0, 
2025-12-28 12:48:23.833617|{tx-406} :-BBB.............
2025-12-28 12:48:24.004127|{rx-407} 1, 0, 0, 3, 408, 416, 0, 0, 0, 0, 0, 1, 0, 1, 1
2025-12-28 12:48:24.009031|{rssi-407} 111, -66, -127, -127, -127, 111, 111, 111, 111, 111, 111, 111, 111, 111, 111, 111, 111, 111, 
2025-12-28 12:48:24.018979|{td-407} 0, -19, 0, 0, 0, 0, 0, 0, 0, 0, 0, 0, 0, 0, 0, 0, 0, 0, 
2025-12-28 12:48:24.023190|{tx-407} :-BBB.............
2025-12-28 12:48:24.195100|{rx-408} 1, 0, 0, 3, 409, 417, 0, 0, 0, 0, 0, 1, 0, 1, 1
2025-12-28 12:48:24.198591|{rssi-408} 111, -66, -127, -127, -127, 111, 111, 111, 111, 111, 111, 111, 111, 111, 111, 111, 111, 111, 
2025-12-28 12:48:24.208042|{td-408} 0, -21, 0, 0, 0, 0, 0, 0, 0, 0, 0, 0, 0, 0, 0, 0, 0, 0, 
2025-12-28 12:48:24.213077|{tx-408} :-BBB.............
2025-12-28 12:48:24.384838|{rx-409} 1, 0, 0, 3, 410, 418, 0, 0, 0, 0, 0, 1, 0, 1, 1
2025-12-28 12:48:24.388374|{rssi-409} 111, -68, -127, -127, -127, 111, 111, 111, 111, 111, 111, 111, 111, 111, 111, 111, 111, 111, 
2025-12-28 12:48:24.398285|{td-409} 0, -19, 0, 0, 0, 0, 0, 0, 0, 0, 0, 0, 0, 0, 0, 0, 0, 0, 
2025-12-28 12:48:24.403669|{tx-409} :-BBB.............
2025-12-28 12:48:24.573829|{rx-410} 1, 0, 0, 3, 411, 419, 0, 0, 0, 0, 0, 1, 0, 1, 1
2025-12-28 12:48:24.578657|{rssi-410} 111, -66, -127, -127, -127, 111, 111, 111, 111, 111, 111, 111, 111, 111, 111, 111, 111, 111, 
2025-12-28 12:48:24.588120|{td-410} 0, -21, 0, 0, 0, 0, 0, 0, 0, 0, 0, 0, 0, 0, 0, 0, 0, 0, 
2025-12-28 12:48:24.593487|{tx-410} :-BBB.............
2025-12-28 12:48:24.763277|{rx-411} 1, 0, 0, 3, 412, 420, 0, 0, 0, 0, 0, 1, 0, 1, 1
2025-12-28 12:48:24.768897|{rssi-411} 111, -68, -127, -127, -127, 111, 111, 111, 111, 111, 111, 111, 111, 111, 111, 111, 111, 111, 
2025-12-28 12:48:24.778347|{td-411} 0, -19, 0, 0, 0, 0, 0, 0, 0, 0, 0, 0, 0, 0, 0, 0, 0, 0, 
2025-12-28 12:48:24.783443|{tx-411} :-BBB.............
2025-12-28 12:48:24.952908|{rx-412} 1, 0, 0, 3, 413, 421, 0, 0, 0, 0, 0, 1, 0, 1, 1
2025-12-28 12:48:24.958660|{rssi-412} 111, -66, -127, -127, -127, 111, 111, 111, 111, 111, 111, 111, 111, 111, 111, 111, 111, 111, 
2025-12-28 12:48:24.968472|{td-412} 0, -21, 0, 0, 0, 0, 0, 0, 0, 0, 0, 0, 0, 0, 0, 0, 0, 0, 
2025-12-28 12:48:24.972820|{tx-412} :-BBB.............
2025-12-28 12:48:25.143384|{rx-413} 1, 0, 0, 3, 414, 422, 0, 0, 0, 0, 0, 1, 0, 1, 1
2025-12-28 12:48:25.148406|{rssi-413} 111, -66, -127, -127, -127, 111, 111, 111, 111, 111, 111, 111, 111, 111, 111, 111, 111, 111, 
2025-12-28 12:48:25.157990|{td-413} 0, -19, 0, 0, 0, 0, 0, 0, 0, 0, 0, 0, 0, 0, 0, 0, 0, 0, 
2025-12-28 12:48:25.162288|{tx-413} :-BBB.............
2025-12-28 12:48:25.334089|{rx-414} 1, 0, 0, 3, 415, 423, 0, 0, 0, 0, 0, 1, 0, 1, 1
2025-12-28 12:48:25.338310|{rssi-414} 111, -66, -127, -127, -127, 111, 111, 111, 111, 111, 111, 111, 111, 111, 111, 111, 111, 111, 
2025-12-28 12:48:25.347932|{td-414} 0, -21, 0, 0, 0, 0, 0, 0, 0, 0, 0, 0, 0, 0, 0, 0, 0, 0, 
2025-12-28 12:48:25.352845|{tx-414} :-BBB.............
2025-12-28 12:48:25.523780|{rx-415} 1, 0, 0, 3, 416, 424, 0, 0, 0, 0, 0, 1, 0, 1, 1
2025-12-28 12:48:25.528592|{rssi-415} 111, -68, -127, -127, -127, 111, 111, 111, 111, 111, 111, 111, 111, 111, 111, 111, 111, 111, 
2025-12-28 12:48:25.538196|{td-415} 0, -19, 0, 0, 0, 0, 0, 0, 0, 0, 0, 0, 0, 0, 0, 0, 0, 0, 
2025-12-28 12:48:25.543470|{tx-415} :-BBB.............
2025-12-28 12:48:25.713528|{rx-416} 1, 0, 0, 3, 417, 425, 0, 0, 0, 0, 0, 1, 0, 1, 1
2025-12-28 12:48:25.718027|{rssi-416} 111, -66, -127, -127, -127, 111, 111, 111, 111, 111, 111, 111, 111, 111, 111, 111, 111, 111, 
2025-12-28 12:48:25.727518|{td-416} 0, -19, 0, 0, 0, 0, 0, 0, 0, 0, 0, 0, 0, 0, 0, 0, 0, 0, 
2025-12-28 12:48:25.732745|{tx-416} :-BBB.............
2025-12-28 12:48:25.904030|{rx-417} 1, 0, 0, 3, 418, 426, 0, 0, 0, 0, 0, 1, 0, 1, 1
2025-12-28 12:48:25.908837|{rssi-417} 111, -66, -127, -127, -127, 111, 111, 111, 111, 111, 111, 111, 111, 111, 111, 111, 111, 111, 
2025-12-28 12:48:25.917146|{td-417} 0, -21, 0, 0, 0, 0, 0, 0, 0, 0, 0, 0, 0, 0, 0, 0, 0, 0, 
2025-12-28 12:48:25.923396|{tx-417} :-BBB.............
2025-12-28 12:48:26.093664|{rx-418} 1, 0, 0, 3, 419, 427, 0, 0, 0, 0, 0, 1, 0, 1, 1
2025-12-28 12:48:26.098283|{rssi-418} 111, -66, -127, -127, -127, 111, 111, 111, 111, 111, 111, 111, 111, 111, 111, 111, 111, 111, 
2025-12-28 12:48:26.107937|{td-418} 0, -21, 0, 0, 0, 0, 0, 0, 0, 0, 0, 0, 0, 0, 0, 0, 0, 0, 
2025-12-28 12:48:26.113636|{tx-418} :-BBB.............
2025-12-28 12:48:26.283993|{rx-419} 1, 0, 0, 3, 420, 428, 0, 0, 0, 0, 0, 1, 0, 1, 1
2025-12-28 12:48:26.288089|{rssi-419} 111, -66, -127, -127, -127, 111, 111, 111, 111, 111, 111, 111, 111, 111, 111, 111, 111, 111, 
2025-12-28 12:48:26.296652|{td-419} 0, -19, 0, 0, 0, 0, 0, 0, 0, 0, 0, 0, 0, 0, 0, 0, 0, 0, 
2025-12-28 12:48:26.303417|{tx-419} :-BBB.............
2025-12-28 12:48:26.473809|{rx-420} 1, 0, 0, 3, 421, 429, 0, 0, 0, 0, 0, 1, 0, 1, 1
2025-12-28 12:48:26.477849|{rssi-420} 111, -68, -127, -127, -127, 111, 111, 111, 111, 111, 111, 111, 111, 111, 111, 111, 111, 111, 
2025-12-28 12:48:26.488326|{td-420} 0, -21, 0, 0, 0, 0, 0, 0, 0, 0, 0, 0, 0, 0, 0, 0, 0, 0, 
2025-12-28 12:48:26.493804|{tx-420} :-BBB.............
2025-12-28 12:48:26.664864|{rx-421} 1, 0, 0, 3, 422, 430, 0, 0, 0, 0, 0, 1, 0, 1, 1
2025-12-28 12:48:26.668556|{rssi-421} 111, -66, -127, -127, -127, 111, 111, 111, 111, 111, 111, 111, 111, 111, 111, 111, 111, 111, 
2025-12-28 12:48:26.677369|{td-421} 0, -19, 0, 0, 0, 0, 0, 0, 0, 0, 0, 0, 0, 0, 0, 0, 0, 0, 
2025-12-28 12:48:26.683995|{tx-421} :-BBB.............
2025-12-28 12:48:26.853730|{rx-422} 1, 0, 0, 3, 423, 431, 0, 0, 0, 0, 0, 1, 0, 1, 1
2025-12-28 12:48:26.858006|{rssi-422} 111, -66, -127, -127, -127, 111, 111, 111, 111, 111, 111, 111, 111, 111, 111, 111, 111, 111, 
2025-12-28 12:48:26.868265|{td-422} 0, -21, 0, 0, 0, 0, 0, 0, 0, 0, 0, 0, 0, 0, 0, 0, 0, 0, 
2025-12-28 12:48:26.873396|{tx-422} :-BBB.............
2025-12-28 12:48:27.044263|{rx-423} 1, 0, 0, 3, 424, 432, 0, 0, 0, 0, 0, 1, 0, 1, 1
2025-12-28 12:48:27.048176|{rssi-423} 111, -68, -127, -127, -127, 111, 111, 111, 111, 111, 111, 111, 111, 111, 111, 111, 111, 111, 
2025-12-28 12:48:27.058068|{td-423} 0, -19, 0, 0, 0, 0, 0, 0, 0, 0, 0, 0, 0, 0, 0, 0, 0, 0, 
2025-12-28 12:48:27.063707|{tx-423} :-BBB.............
2025-12-28 12:48:27.233572|{rx-424} 1, 0, 1, 3, 425, 434, 0, 0, 0, 0, 1, 2, 0, 1, 1
2025-12-28 12:48:27.239263|{rssi-424} 111, -127, -42, -127, -127, -127, 111, 111, 111, 111, 111, 111, 111, 111, 111, 111, 111, 111, 
2025-12-28 12:48:27.247726|{td-424} 0, -3012848, -21, 0, 0, 0, 0, 0, 0, 0, 0, 0, 0, 0, 0, 0, 0, 0, 
2025-12-28 12:48:27.254397|{tx-424} :A-BBB............
2025-12-28 12:48:27.422275|{rx-425} 1, 0, 0, 3, 426, 435, 0, 0, 0, 0, 0, 1, 0, 1, 1
2025-12-28 12:48:27.428125|{rssi-425} 111, -66, -127, -127, -127, 111, 111, 111, 111, 111, 111, 111, 111, 111, 111, 111, 111, 111, 
2025-12-28 12:48:27.436555|{td-425} 0, -19, 0, 0, 0, 0, 0, 0, 0, 0, 0, 0, 0, 0, 0, 0, 0, 0, 
2025-12-28 12:48:27.443240|{tx-425} :-BBB.............
2025-12-28 12:48:27.612759|{rx-426} 1, 0, 0, 3, 427, 436, 0, 0, 0, 0, 0, 1, 0, 1, 1
2025-12-28 12:48:27.617899|{rssi-426} 111, -66, -127, -127, -127, 111, 111, 111, 111, 111, 111, 111, 111, 111, 111, 111, 111, 111, 
2025-12-28 12:48:27.626478|{td-426} 0, -21, 0, 0, 0, 0, 0, 0, 0, 0, 0, 0, 0, 0, 0, 0, 0, 0, 
2025-12-28 12:48:27.632352|{tx-426} :-BBB.............
2025-12-28 12:48:27.803088|{rx-427} 1, 0, 0, 3, 428, 437, 0, 0, 0, 0, 0, 1, 0, 1, 1
2025-12-28 12:48:27.808948|{rssi-427} 111, -66, -127, -127, -127, 111, 111, 111, 111, 111, 111, 111, 111, 111, 111, 111, 111, 111, 
2025-12-28 12:48:27.818051|{td-427} 0, -19, 0, 0, 0, 0, 0, 0, 0, 0, 0, 0, 0, 0, 0, 0, 0, 0, 
2025-12-28 12:48:27.823398|{tx-427} :-BBB.............
2025-12-28 12:48:27.992736|{rx-428} 1, 0, 0, 3, 429, 438, 0, 0, 0, 0, 0, 1, 0, 1, 1
2025-12-28 12:48:27.999768|{rssi-428} 111, -66, -127, -127, -127, 111, 111, 111, 111, 111, 111, 111, 111, 111, 111, 111, 111, 111, 
2025-12-28 12:48:28.007073|{td-428} 0, -21, 0, 0, 0, 0, 0, 0, 0, 0, 0, 0, 0, 0, 0, 0, 0, 0, 
2025-12-28 12:48:28.013374|{tx-428} :-BBB.............
2025-12-28 12:48:28.183349|{rx-429} 1, 0, 0, 3, 430, 439, 0, 0, 0, 0, 0, 1, 0, 1, 1
2025-12-28 12:48:28.187819|{rssi-429} 111, -66, -127, -127, -127, 111, 111, 111, 111, 111, 111, 111, 111, 111, 111, 111, 111, 111, 
2025-12-28 12:48:28.197820|{td-429} 0, -19, 0, 0, 0, 0, 0, 0, 0, 0, 0, 0, 0, 0, 0, 0, 0, 0, 
2025-12-28 12:48:28.202242|{tx-429} :-BBB.............
2025-12-28 12:48:28.373998|{rx-430} 1, 0, 0, 3, 431, 440, 0, 0, 0, 0, 0, 1, 0, 1, 1
2025-12-28 12:48:28.378907|{rssi-430} 111, -66, -127, -127, -127, 111, 111, 111, 111, 111, 111, 111, 111, 111, 111, 111, 111, 111, 
2025-12-28 12:48:28.387661|{td-430} 0, -21, 0, 0, 0, 0, 0, 0, 0, 0, 0, 0, 0, 0, 0, 0, 0, 0, 
2025-12-28 12:48:28.393236|{tx-430} :-BBB.............
2025-12-28 12:48:28.562607|{rx-431} 1, 0, 0, 3, 432, 441, 0, 0, 0, 0, 0, 1, 0, 1, 1
2025-12-28 12:48:28.567981|{rssi-431} 111, -68, -127, -127, -127, 111, 111, 111, 111, 111, 111, 111, 111, 111, 111, 111, 111, 111, 
2025-12-28 12:48:28.577647|{td-431} 0, -19, 0, 0, 0, 0, 0, 0, 0, 0, 0, 0, 0, 0, 0, 0, 0, 0, 
2025-12-28 12:48:28.582751|{tx-431} :-BBB.............
2025-12-28 12:48:28.753177|{rx-432} 1, 0, 0, 3, 433, 442, 0, 0, 0, 0, 0, 1, 0, 1, 1
2025-12-28 12:48:28.757711|{rssi-432} 111, -69, -127, -127, -127, 111, 111, 111, 111, 111, 111, 111, 111, 111, 111, 111, 111, 111, 
2025-12-28 12:48:28.767394|{td-432} 0, -19, 0, 0, 0, 0, 0, 0, 0, 0, 0, 0, 0, 0, 0, 0, 0, 0, 
2025-12-28 12:48:28.771896|{tx-432} :-BBB.............
2025-12-28 12:48:28.942735|{rx-433} 1, 0, 0, 3, 434, 443, 0, 0, 0, 0, 0, 1, 0, 1, 1
2025-12-28 12:48:28.948418|{rssi-433} 111, -66, -127, -127, -127, 111, 111, 111, 111, 111, 111, 111, 111, 111, 111, 111, 111, 111, 
2025-12-28 12:48:28.956756|{td-433} 0, -21, 0, 0, 0, 0, 0, 0, 0, 0, 0, 0, 0, 0, 0, 0, 0, 0, 
2025-12-28 12:48:28.961804|{tx-433} :-BBB.............
2025-12-28 12:48:29.133432|{rx-434} 1, 0, 0, 3, 435, 444, 0, 0, 0, 0, 0, 1, 0, 1, 1
2025-12-28 12:48:29.137635|{rssi-434} 111, -66, -127, -127, -127, 111, 111, 111, 111, 111, 111, 111, 111, 111, 111, 111, 111, 111, 
2025-12-28 12:48:29.147755|{td-434} 0, -21, 0, 0, 0, 0, 0, 0, 0, 0, 0, 0, 0, 0, 0, 0, 0, 0, 
2025-12-28 12:48:29.153325|{tx-434} :-BBB.............
2025-12-28 12:48:29.322457|{rx-435} 1, 0, 0, 3, 436, 445, 0, 0, 0, 0, 0, 1, 0, 1, 1
2025-12-28 12:48:29.328346|{rssi-435} 111, -66, -127, -127, -127, 111, 111, 111, 111, 111, 111, 111, 111, 111, 111, 111, 111, 111, 
2025-12-28 12:48:29.337550|{td-435} 0, -19, 0, 0, 0, 0, 0, 0, 0, 0, 0, 0, 0, 0, 0, 0, 0, 0, 
2025-12-28 12:48:29.342816|{tx-435} :-BBB.............
2025-12-28 12:48:29.513217|{rx-436} 1, 0, 0, 3, 437, 446, 0, 0, 0, 0, 0, 1, 0, 1, 1
2025-12-28 12:48:29.516518|{rssi-436} 111, -67, -127, -127, -127, 111, 111, 111, 111, 111, 111, 111, 111, 111, 111, 111, 111, 111, 
2025-12-28 12:48:29.527597|{td-436} 0, -21, 0, 0, 0, 0, 0, 0, 0, 0, 0, 0, 0, 0, 0, 0, 0, 0, 
2025-12-28 12:48:29.531752|{tx-436} :-BBB.............
2025-12-28 12:48:29.703356|{rx-437} 1, 0, 0, 3, 438, 447, 0, 0, 0, 0, 0, 1, 0, 1, 1
2025-12-28 12:48:29.707864|{rssi-437} 111, -67, -127, -127, -127, 111, 111, 111, 111, 111, 111, 111, 111, 111, 111, 111, 111, 111, 
2025-12-28 12:48:29.717543|{td-437} 0, -19, 0, 0, 0, 0, 0, 0, 0, 0, 0, 0, 0, 0, 0, 0, 0, 0, 
2025-12-28 12:48:29.721760|{tx-437} :-BBB.............
2025-12-28 12:48:29.892600|{rx-438} 1, 0, 0, 3, 439, 448, 0, 0, 0, 0, 0, 1, 0, 1, 1
2025-12-28 12:48:29.898361|{rssi-438} 111, -66, -127, -127, -127, 111, 111, 111, 111, 111, 111, 111, 111, 111, 111, 111, 111, 111, 
2025-12-28 12:48:29.907081|{td-438} 0, -19, 0, 0, 0, 0, 0, 0, 0, 0, 0, 0, 0, 0, 0, 0, 0, 0, 
2025-12-28 12:48:29.912099|{tx-438} :-BBB.............
2025-12-28 12:48:30.082141|{rx-439} 1, 0, 0, 3, 440, 449, 0, 0, 0, 0, 0, 1, 0, 1, 1
2025-12-28 12:48:30.088003|{rssi-439} 111, -66, -127, -127, -127, 111, 111, 111, 111, 111, 111, 111, 111, 111, 111, 111, 111, 111, 
2025-12-28 12:48:30.096473|{td-439} 0, -21, 0, 0, 0, 0, 0, 0, 0, 0, 0, 0, 0, 0, 0, 0, 0, 0, 
2025-12-28 12:48:30.102975|{tx-439} :-BBB.............
2025-12-28 12:48:30.273306|{rx-440} 1, 0, 0, 3, 441, 450, 0, 0, 0, 0, 0, 1, 0, 1, 1
2025-12-28 12:48:30.278540|{rssi-440} 111, -66, -127, -127, -127, 111, 111, 111, 111, 111, 111, 111, 111, 111, 111, 111, 111, 111, 
2025-12-28 12:48:30.285776|{td-440} 0, -19, 0, 0, 0, 0, 0, 0, 0, 0, 0, 0, 0, 0, 0, 0, 0, 0, 
2025-12-28 12:48:30.292254|{tx-440} :-BBB.............
2025-12-28 12:48:30.462906|{rx-441} 1, 0, 0, 3, 442, 451, 0, 0, 0, 0, 0, 1, 0, 1, 1
2025-12-28 12:48:30.467967|{rssi-441} 111, -66, -127, -127, -127, 111, 111, 111, 111, 111, 111, 111, 111, 111, 111, 111, 111, 111, 
2025-12-28 12:48:30.476583|{td-441} 0, -21, 0, 0, 0, 0, 0, 0, 0, 0, 0, 0, 0, 0, 0, 0, 0, 0, 
2025-12-28 12:48:30.482936|{tx-441} :-BBB.............
2025-12-28 12:48:30.652691|{rx-442} 1, 0, 0, 3, 443, 452, 0, 0, 0, 0, 0, 1, 0, 1, 1
2025-12-28 12:48:30.657592|{rssi-442} 111, -68, -127, -127, -127, 111, 111, 111, 111, 111, 111, 111, 111, 111, 111, 111, 111, 111, 
2025-12-28 12:48:30.668169|{td-442} 0, -21, 0, 0, 0, 0, 0, 0, 0, 0, 0, 0, 0, 0, 0, 0, 0, 0, 
2025-12-28 12:48:30.672114|{tx-442} :-BBB.............
2025-12-28 12:48:30.843974|{rx-443} 1, 0, 0, 3, 444, 453, 0, 0, 0, 0, 0, 1, 0, 1, 1
2025-12-28 12:48:30.847360|{rssi-443} 111, -66, -127, -127, -127, 111, 111, 111, 111, 111, 111, 111, 111, 111, 111, 111, 111, 111, 
2025-12-28 12:48:30.856754|{td-443} 0, -19, 0, 0, 0, 0, 0, 0, 0, 0, 0, 0, 0, 0, 0, 0, 0, 0, 
2025-12-28 12:48:30.862816|{tx-443} :-BBB.............
2025-12-28 12:48:31.032868|{rx-444} 1, 0, 0, 3, 445, 454, 0, 0, 0, 0, 0, 1, 0, 1, 1
2025-12-28 12:48:31.036590|{rssi-444} 111, -66, -127, -127, -127, 111, 111, 111, 111, 111, 111, 111, 111, 111, 111, 111, 111, 111, 
2025-12-28 12:48:31.047317|{td-444} 0, -19, 0, 0, 0, 0, 0, 0, 0, 0, 0, 0, 0, 0, 0, 0, 0, 0, 
2025-12-28 12:48:31.052313|{tx-444} :-BBB.............
2025-12-28 12:48:31.222922|{rx-445} 1, 0, 0, 3, 446, 455, 0, 0, 0, 0, 0, 1, 0, 1, 1
2025-12-28 12:48:31.226592|{rssi-445} 111, -66, -127, -127, -127, 111, 111, 111, 111, 111, 111, 111, 111, 111, 111, 111, 111, 111, 
2025-12-28 12:48:31.237336|{td-445} 0, -21, 0, 0, 0, 0, 0, 0, 0, 0, 0, 0, 0, 0, 0, 0, 0, 0, 
2025-12-28 12:48:31.241813|{tx-445} :-BBB.............
2025-12-28 12:48:31.412309|{rx-446} 1, 0, 0, 3, 447, 456, 0, 0, 0, 0, 0, 1, 0, 1, 1
2025-12-28 12:48:31.417846|{rssi-446} 111, -66, -127, -127, -127, 111, 111, 111, 111, 111, 111, 111, 111, 111, 111, 111, 111, 111, 
2025-12-28 12:48:31.425956|{td-446} 0, -19, 0, 0, 0, 0, 0, 0, 0, 0, 0, 0, 0, 0, 0, 0, 0, 0, 
2025-12-28 12:48:31.431999|{tx-446} :-BBB.............
2025-12-28 12:48:31.603255|{rx-447} 1, 0, 0, 3, 448, 457, 0, 0, 0, 0, 0, 1, 0, 1, 1
2025-12-28 12:48:31.607804|{rssi-447} 111, -66, -127, -127, -127, 111, 111, 111, 111, 111, 111, 111, 111, 111, 111, 111, 111, 111, 
2025-12-28 12:48:31.617352|{td-447} 0, -21, 0, 0, 0, 0, 0, 0, 0, 0, 0, 0, 0, 0, 0, 0, 0, 0, 
2025-12-28 12:48:31.622775|{tx-447} :-BBB.............
2025-12-28 12:48:31.792241|{rx-448} 1, 0, 0, 3, 449, 458, 0, 0, 0, 0, 0, 1, 0, 1, 1
2025-12-28 12:48:31.796446|{rssi-448} 111, -68, -127, -127, -127, 111, 111, 111, 111, 111, 111, 111, 111, 111, 111, 111, 111, 111, 
2025-12-28 12:48:31.806682|{td-448} 0, -19, 0, 0, 0, 0, 0, 0, 0, 0, 0, 0, 0, 0, 0, 0, 0, 0, 
2025-12-28 12:48:31.812399|{tx-448} :-BBB.............
2025-12-28 12:48:31.982643|{rx-449} 1, 0, 0, 3, 450, 459, 0, 0, 0, 0, 0, 1, 0, 1, 1
2025-12-28 12:48:31.987680|{rssi-449} 111, -66, -127, -127, -127, 111, 111, 111, 111, 111, 111, 111, 111, 111, 111, 111, 111, 111, 
2025-12-28 12:48:31.996385|{td-449} 0, -21, 0, 0, 0, 0, 0, 0, 0, 0, 0, 0, 0, 0, 0, 0, 0, 0, 
2025-12-28 12:48:32.002579|{tx-449} :-BBB.............
2025-12-28 12:48:32.171647|{rx-450} 1, 0, 0, 3, 451, 460, 0, 0, 0, 0, 0, 1, 0, 1, 1
2025-12-28 12:48:32.177431|{rssi-450} 111, -66, -127, -127, -127, 111, 111, 111, 111, 111, 111, 111, 111, 111, 111, 111, 111, 111, 
2025-12-28 12:48:32.186650|{td-450} 0, -19, 0, 0, 0, 0, 0, 0, 0, 0, 0, 0, 0, 0, 0, 0, 0, 0, 
2025-12-28 12:48:32.192799|{tx-450} :-BBB.............
2025-12-28 12:48:32.361995|{rx-451} 1, 0, 0, 3, 452, 461, 0, 0, 0, 0, 0, 1, 0, 1, 1
2025-12-28 12:48:32.368129|{rssi-451} 111, -66, -127, -127, -127, 111, 111, 111, 111, 111, 111, 111, 111, 111, 111, 111, 111, 111, 
2025-12-28 12:48:32.376520|{td-451} 0, -21, 0, 0, 0, 0, 0, 0, 0, 0, 0, 0, 0, 0, 0, 0, 0, 0, 
2025-12-28 12:48:32.381324|{tx-451} :-BBB.............
2025-12-28 12:48:32.551984|{rx-452} 1, 0, 0, 3, 453, 462, 0, 0, 0, 0, 0, 1, 0, 1, 1
2025-12-28 12:48:32.557054|{rssi-452} 111, -66, -127, -127, -127, 111, 111, 111, 111, 111, 111, 111, 111, 111, 111, 111, 111, 111, 
2025-12-28 12:48:32.565957|{td-452} 0, -19, 0, 0, 0, 0, 0, 0, 0, 0, 0, 0, 0, 0, 0, 0, 0, 0, 
2025-12-28 12:48:32.572175|{tx-452} :-BBB.............
2025-12-28 12:48:32.741675|{rx-453} 1, 0, 0, 3, 454, 463, 0, 0, 0, 0, 0, 1, 0, 1, 1
2025-12-28 12:48:32.747535|{rssi-453} 111, -66, -127, -127, -127, 111, 111, 111, 111, 111, 111, 111, 111, 111, 111, 111, 111, 111, 
2025-12-28 12:48:32.756357|{td-453} 0, -21, 0, 0, 0, 0, 0, 0, 0, 0, 0, 0, 0, 0, 0, 0, 0, 0, 
2025-12-28 12:48:32.761386|{tx-453} :-BBB.............
2025-12-28 12:48:32.932399|{rx-454} 1, 0, 0, 3, 455, 464, 0, 0, 0, 0, 0, 1, 0, 1, 1
2025-12-28 12:48:32.937681|{rssi-454} 111, -66, -127, -127, -127, 111, 111, 111, 111, 111, 111, 111, 111, 111, 111, 111, 111, 111, 
2025-12-28 12:48:32.946150|{td-454} 0, -19, 0, 0, 0, 0, 0, 0, 0, 0, 0, 0, 0, 0, 0, 0, 0, 0, 
2025-12-28 12:48:32.952191|{tx-454} :-BBB.............
2025-12-28 12:48:33.120830|{rx-455} 1, 0, 0, 3, 456, 465, 0, 0, 0, 0, 0, 1, 0, 1, 1
2025-12-28 12:48:33.126727|{rssi-455} 111, -66, -127, -127, -127, 111, 111, 111, 111, 111, 111, 111, 111, 111, 111, 111, 111, 111, 
2025-12-28 12:48:33.135709|{td-455} 0, -21, 0, 0, 0, 0, 0, 0, 0, 0, 0, 0, 0, 0, 0, 0, 0, 0, 
2025-12-28 12:48:33.141078|{tx-455} :-BBB.............
2025-12-28 12:48:33.310862|{rx-456} 1, 0, 0, 3, 457, 466, 0, 0, 0, 0, 0, 1, 0, 1, 1
2025-12-28 12:48:33.316549|{rssi-456} 111, -66, -127, -127, -127, 111, 111, 111, 111, 111, 111, 111, 111, 111, 111, 111, 111, 111, 
2025-12-28 12:48:33.325119|{td-456} 0, -19, 0, 0, 0, 0, 0, 0, 0, 0, 0, 0, 0, 0, 0, 0, 0, 0, 
2025-12-28 12:48:33.331406|{tx-456} :-BBB.............
2025-12-28 12:48:33.500433|{rx-457} 1, 0, 0, 3, 458, 467, 0, 0, 0, 0, 0, 1, 0, 1, 1
2025-12-28 12:48:33.509696|{rssi-457} 111, -66, -127, -127, -127, 111, 111, 111, 111, 111, 111, 111, 111, 111, 111, 111, 111, 111, 
2025-12-28 12:48:33.515957|{td-457} 0, -21, 0, 0, 0, 0, 0, 0, 0, 0, 0, 0, 0, 0, 0, 0, 0, 0, 
2025-12-28 12:48:33.522074|{tx-457} :-BBB.............
2025-12-28 12:48:33.690891|{rx-458} 1, 0, 0, 3, 459, 468, 0, 0, 0, 0, 0, 1, 0, 1, 1
2025-12-28 12:48:33.696355|{rssi-458} 111, -66, -127, -127, -127, 111, 111, 111, 111, 111, 111, 111, 111, 111, 111, 111, 111, 111, 
2025-12-28 12:48:33.705200|{td-458} 0, -19, 0, 0, 0, 0, 0, 0, 0, 0, 0, 0, 0, 0, 0, 0, 0, 0, 
2025-12-28 12:48:33.711133|{tx-458} :-BBB.............
2025-12-28 12:48:33.881116|{rx-459} 1, 0, 0, 3, 460, 469, 0, 0, 0, 0, 0, 1, 0, 1, 1
2025-12-28 12:48:33.886564|{rssi-459} 111, -66, -127, -127, -127, 111, 111, 111, 111, 111, 111, 111, 111, 111, 111, 111, 111, 111, 
2025-12-28 12:48:33.896074|{td-459} 0, -21, 0, 0, 0, 0, 0, 0, 0, 0, 0, 0, 0, 0, 0, 0, 0, 0, 
2025-12-28 12:48:33.901393|{tx-459} :-BBB.............
2025-12-28 12:48:34.070975|{rx-460} 1, 0, 0, 3, 461, 470, 0, 0, 0, 0, 0, 1, 0, 1, 1
2025-12-28 12:48:34.076699|{rssi-460} 111, -66, -127, -127, -127, 111, 111, 111, 111, 111, 111, 111, 111, 111, 111, 111, 111, 111, 
2025-12-28 12:48:34.086226|{td-460} 0, -19, 0, 0, 0, 0, 0, 0, 0, 0, 0, 0, 0, 0, 0, 0, 0, 0, 
2025-12-28 12:48:34.091027|{tx-460} :-BBB.............
2025-12-28 12:48:34.261670|{rx-461} 1, 0, 0, 3, 462, 471, 0, 0, 0, 0, 0, 1, 0, 1, 1
2025-12-28 12:48:34.265977|{rssi-461} 111, -66, -127, -127, -127, 111, 111, 111, 111, 111, 111, 111, 111, 111, 111, 111, 111, 111, 
2025-12-28 12:48:34.275700|{td-461} 0, -21, 0, 0, 0, 0, 0, 0, 0, 0, 0, 0, 0, 0, 0, 0, 0, 0, 
2025-12-28 12:48:34.281519|{tx-461} :-BBB.............
2025-12-28 12:48:34.451200|{rx-462} 1, 0, 0, 3, 463, 472, 0, 0, 0, 0, 0, 1, 0, 1, 1
2025-12-28 12:48:34.456531|{rssi-462} 111, -66, -127, -127, -127, 111, 111, 111, 111, 111, 111, 111, 111, 111, 111, 111, 111, 111, 
2025-12-28 12:48:34.465928|{td-462} 0, -19, 0, 0, 0, 0, 0, 0, 0, 0, 0, 0, 0, 0, 0, 0, 0, 0, 
2025-12-28 12:48:34.470965|{tx-462} :-BBB.............
2025-12-28 12:48:34.641505|{rx-463} 1, 0, 0, 3, 464, 473, 0, 0, 0, 0, 0, 1, 0, 1, 1
2025-12-28 12:48:34.646624|{rssi-463} 111, -68, -127, -127, -127, 111, 111, 111, 111, 111, 111, 111, 111, 111, 111, 111, 111, 111, 
2025-12-28 12:48:34.655523|{td-463} 0, -21, 0, 0, 0, 0, 0, 0, 0, 0, 0, 0, 0, 0, 0, 0, 0, 0, 
2025-12-28 12:48:34.661148|{tx-463} :-BBB.............
2025-12-28 12:48:34.831637|{rx-464} 1, 0, 0, 3, 465, 474, 0, 0, 0, 0, 0, 1, 0, 1, 1
2025-12-28 12:48:34.836635|{rssi-464} 111, -68, -127, -127, -127, 111, 111, 111, 111, 111, 111, 111, 111, 111, 111, 111, 111, 111, 
2025-12-28 12:48:34.845913|{td-464} 0, -19, 0, 0, 0, 0, 0, 0, 0, 0, 0, 0, 0, 0, 0, 0, 0, 0, 
2025-12-28 12:48:34.851286|{tx-464} :-BBB.............
2025-12-28 12:48:35.021600|{rx-465} 1, 0, 0, 3, 466, 475, 0, 0, 0, 0, 0, 1, 0, 1, 1
2025-12-28 12:48:35.026491|{rssi-465} 111, -66, -127, -127, -127, 111, 111, 111, 111, 111, 111, 111, 111, 111, 111, 111, 111, 111, 
2025-12-28 12:48:35.035698|{td-465} 0, -19, 0, 0, 0, 0, 0, 0, 0, 0, 0, 0, 0, 0, 0, 0, 0, 0, 
2025-12-28 12:48:35.040959|{tx-465} :-BBB.............
2025-12-28 12:48:35.211486|{rx-466} 1, 0, 0, 3, 467, 476, 0, 0, 0, 0, 0, 1, 0, 1, 1
2025-12-28 12:48:35.216012|{rssi-466} 111, -66, -127, -127, -127, 111, 111, 111, 111, 111, 111, 111, 111, 111, 111, 111, 111, 111, 
2025-12-28 12:48:35.225938|{td-466} 0, -21, 0, 0, 0, 0, 0, 0, 0, 0, 0, 0, 0, 0, 0, 0, 0, 0, 
2025-12-28 12:48:35.231953|{tx-466} :-BBB.............
2025-12-28 12:48:35.401687|{rx-467} 1, 0, 0, 3, 468, 477, 0, 0, 0, 0, 0, 1, 0, 1, 1
2025-12-28 12:48:35.406644|{rssi-467} 111, -66, -127, -127, -127, 111, 111, 111, 111, 111, 111, 111, 111, 111, 111, 111, 111, 111, 
2025-12-28 12:48:35.415762|{td-467} 0, -21, 0, 0, 0, 0, 0, 0, 0, 0, 0, 0, 0, 0, 0, 0, 0, 0, 
2025-12-28 12:48:35.421535|{tx-467} :-BBB.............
2025-12-28 12:48:35.592187|{rx-468} 1, 0, 0, 3, 469, 478, 0, 0, 0, 0, 0, 1, 0, 1, 1
2025-12-28 12:48:35.596469|{rssi-468} 111, -66, -127, -127, -127, 111, 111, 111, 111, 111, 111, 111, 111, 111, 111, 111, 111, 111, 
2025-12-28 12:48:35.605251|{td-468} 0, -19, 0, 0, 0, 0, 0, 0, 0, 0, 0, 0, 0, 0, 0, 0, 0, 0, 
2025-12-28 12:48:35.610372|{tx-468} :-BBB.............
2025-12-28 12:48:35.782076|{rx-469} 1, 0, 0, 3, 470, 479, 0, 0, 0, 0, 0, 1, 0, 1, 1
2025-12-28 12:48:35.786285|{rssi-469} 111, -66, -127, -127, -127, 111, 111, 111, 111, 111, 111, 111, 111, 111, 111, 111, 111, 111, 
2025-12-28 12:48:35.795455|{td-469} 0, -19, 0, 0, 0, 0, 0, 0, 0, 0, 0, 0, 0, 0, 0, 0, 0, 0, 
2025-12-28 12:48:35.802202|{tx-469} :-BBB.............
2025-12-28 12:48:35.971402|{rx-470} 1, 0, 0, 3, 471, 480, 0, 0, 0, 0, 0, 1, 0, 1, 1
2025-12-28 12:48:35.977357|{rssi-470} 111, -66, -127, -127, -127, 111, 111, 111, 111, 111, 111, 111, 111, 111, 111, 111, 111, 111, 
2025-12-28 12:48:35.985934|{td-470} 0, -21, 0, 0, 0, 0, 0, 0, 0, 0, 0, 0, 0, 0, 0, 0, 0, 0, 
2025-12-28 12:48:35.990851|{tx-470} :-BBB.............
2025-12-28 12:48:36.161781|{rx-471} 1, 0, 0, 3, 472, 481, 0, 0, 0, 0, 0, 1, 0, 1, 1
2025-12-28 12:48:36.166540|{rssi-471} 111, -66, -127, -127, -127, 111, 111, 111, 111, 111, 111, 111, 111, 111, 111, 111, 111, 111, 
2025-12-28 12:48:36.175837|{td-471} 0, -21, 0, 0, 0, 0, 0, 0, 0, 0, 0, 0, 0, 0, 0, 0, 0, 0, 
2025-12-28 12:48:36.180744|{tx-471} :-BBB.............
2025-12-28 12:48:36.351388|{rx-472} 1, 0, 0, 3, 473, 482, 0, 0, 0, 0, 0, 1, 0, 1, 1
2025-12-28 12:48:36.356224|{rssi-472} 111, -66, -127, -127, -127, 111, 111, 111, 111, 111, 111, 111, 111, 111, 111, 111, 111, 111, 
2025-12-28 12:48:36.365823|{td-472} 0, -19, 0, 0, 0, 0, 0, 0, 0, 0, 0, 0, 0, 0, 0, 0, 0, 0, 
2025-12-28 12:48:36.372130|{tx-472} :-BBB.............
2025-12-28 12:48:36.541378|{rx-473} 1, 0, 0, 3, 474, 483, 0, 0, 0, 0, 0, 1, 0, 1, 1
2025-12-28 12:48:36.547226|{rssi-473} 111, -66, -127, -127, -127, 111, 111, 111, 111, 111, 111, 111, 111, 111, 111, 111, 111, 111, 
2025-12-28 12:48:36.554967|{td-473} 0, -19, 0, 0, 0, 0, 0, 0, 0, 0, 0, 0, 0, 0, 0, 0, 0, 0, 
2025-12-28 12:48:36.560534|{tx-473} :-BBB.............
2025-12-28 12:48:36.732482|{rx-474} 1, 0, 0, 3, 475, 484, 0, 0, 0, 0, 0, 1, 0, 1, 1
2025-12-28 12:48:36.736235|{rssi-474} 111, -68, -127, -127, -127, 111, 111, 111, 111, 111, 111, 111, 111, 111, 111, 111, 111, 111, 
2025-12-28 12:48:36.745528|{td-474} 0, -21, 0, 0, 0, 0, 0, 0, 0, 0, 0, 0, 0, 0, 0, 0, 0, 0, 
2025-12-28 12:48:36.750622|{tx-474} :-BBB.............
2025-12-28 12:48:36.921509|{rx-475} 1, 0, 0, 3, 476, 485, 0, 0, 0, 0, 0, 1, 0, 1, 1
2025-12-28 12:48:36.925181|{rssi-475} 111, -66, -127, -127, -127, 111, 111, 111, 111, 111, 111, 111, 111, 111, 111, 111, 111, 111, 
2025-12-28 12:48:36.936122|{td-475} 0, -19, 0, 0, 0, 0, 0, 0, 0, 0, 0, 0, 0, 0, 0, 0, 0, 0, 
2025-12-28 12:48:36.940428|{tx-475} :-BBB.............
2025-12-28 12:48:37.111309|{rx-476} 1, 0, 0, 3, 477, 486, 0, 0, 0, 0, 0, 1, 0, 1, 1
2025-12-28 12:48:37.116691|{rssi-476} 111, -66, -127, -127, -127, 111, 111, 111, 111, 111, 111, 111, 111, 111, 111, 111, 111, 111, 
2025-12-28 12:48:37.124873|{td-476} 0, -21, 0, 0, 0, 0, 0, 0, 0, 0, 0, 0, 0, 0, 0, 0, 0, 0, 
2025-12-28 12:48:37.131679|{tx-476} :-BBB.............
2025-12-28 12:48:37.300860|{rx-477} 1, 0, 0, 3, 478, 487, 0, 0, 0, 0, 0, 1, 0, 1, 1
2025-12-28 12:48:37.306355|{rssi-477} 111, -66, -127, -127, -127, 111, 111, 111, 111, 111, 111, 111, 111, 111, 111, 111, 111, 111, 
2025-12-28 12:48:37.315001|{td-477} 0, -19, 0, 0, 0, 0, 0, 0, 0, 0, 0, 0, 0, 0, 0, 0, 0, 0, 
2025-12-28 12:48:37.321205|{tx-477} :-BBB.............
2025-12-28 12:48:37.490167|{rx-478} 1, 0, 0, 3, 479, 488, 0, 0, 0, 0, 0, 1, 0, 1, 1
2025-12-28 12:48:37.496625|{rssi-478} 111, -66, -127, -127, -127, 111, 111, 111, 111, 111, 111, 111, 111, 111, 111, 111, 111, 111, 
2025-12-28 12:48:37.505466|{td-478} 0, -21, 0, 0, 0, 0, 0, 0, 0, 0, 0, 0, 0, 0, 0, 0, 0, 0, 
2025-12-28 12:48:37.510979|{tx-478} :-BBB.............
2025-12-28 12:48:37.680573|{rx-479} 1, 0, 0, 3, 480, 489, 0, 0, 0, 0, 0, 1, 0, 1, 1
2025-12-28 12:48:37.685823|{rssi-479} 111, -66, -127, -127, -127, 111, 111, 111, 111, 111, 111, 111, 111, 111, 111, 111, 111, 111, 
2025-12-28 12:48:37.695586|{td-479} 0, -19, 0, 0, 0, 0, 0, 0, 0, 0, 0, 0, 0, 0, 0, 0, 0, 0, 
2025-12-28 12:48:37.700055|{tx-479} :-BBB.............
2025-12-28 12:48:37.870895|{rx-480} 1, 0, 0, 3, 481, 490, 0, 0, 0, 0, 0, 1, 0, 1, 1
2025-12-28 12:48:37.876150|{rssi-480} 111, -66, -127, -127, -127, 111, 111, 111, 111, 111, 111, 111, 111, 111, 111, 111, 111, 111, 
2025-12-28 12:48:37.885421|{td-480} 0, -21, 0, 0, 0, 0, 0, 0, 0, 0, 0, 0, 0, 0, 0, 0, 0, 0, 
2025-12-28 12:48:37.890452|{tx-480} :-BBB.............
2025-12-28 12:48:38.060799|{rx-481} 1, 0, 0, 3, 482, 491, 0, 0, 0, 0, 0, 1, 0, 1, 1
2025-12-28 12:48:38.065578|{rssi-481} 111, -66, -127, -127, -127, 111, 111, 111, 111, 111, 111, 111, 111, 111, 111, 111, 111, 111, 
2025-12-28 12:48:38.076173|{td-481} 0, -19, 0, 0, 0, 0, 0, 0, 0, 0, 0, 0, 0, 0, 0, 0, 0, 0, 
2025-12-28 12:48:38.081929|{tx-481} :-BBB.............
2025-12-28 12:48:38.251447|{rx-482} 1, 0, 0, 3, 483, 492, 0, 0, 0, 0, 0, 1, 0, 1, 1
2025-12-28 12:48:38.257911|{rssi-482} 111, -66, -127, -127, -127, 111, 111, 111, 111, 111, 111, 111, 111, 111, 111, 111, 111, 111, 
2025-12-28 12:48:38.265826|{td-482} 0, -21, 0, 0, 0, 0, 0, 0, 0, 0, 0, 0, 0, 0, 0, 0, 0, 0, 
2025-12-28 12:48:38.270955|{tx-482} :-BBB.............
2025-12-28 12:48:38.441491|{rx-483} 1, 0, 0, 3, 484, 493, 0, 0, 0, 0, 0, 1, 0, 1, 1
2025-12-28 12:48:38.445213|{rssi-483} 111, -66, -127, -127, -127, 111, 111, 111, 111, 111, 111, 111, 111, 111, 111, 111, 111, 111, 
2025-12-28 12:48:38.455270|{td-483} 0, -19, 0, 0, 0, 0, 0, 0, 0, 0, 0, 0, 0, 0, 0, 0, 0, 0, 
2025-12-28 12:48:38.460024|{tx-483} :-BBB.............
2025-12-28 12:48:38.631023|{rx-484} 1, 0, 0, 3, 485, 494, 0, 0, 0, 0, 0, 1, 0, 1, 1
2025-12-28 12:48:38.635864|{rssi-484} 111, -66, -127, -127, -127, 111, 111, 111, 111, 111, 111, 111, 111, 111, 111, 111, 111, 111, 
2025-12-28 12:48:38.645292|{td-484} 0, -21, 0, 0, 0, 0, 0, 0, 0, 0, 0, 0, 0, 0, 0, 0, 0, 0, 
2025-12-28 12:48:38.651642|{tx-484} :-BBB.............
2025-12-28 12:48:38.820820|{rx-485} 1, 0, 0, 3, 486, 495, 0, 0, 0, 0, 0, 1, 0, 1, 1
2025-12-28 12:48:38.826010|{rssi-485} 111, -66, -127, -127, -127, 111, 111, 111, 111, 111, 111, 111, 111, 111, 111, 111, 111, 111, 
2025-12-28 12:48:38.835395|{td-485} 0, -19, 0, 0, 0, 0, 0, 0, 0, 0, 0, 0, 0, 0, 0, 0, 0, 0, 
2025-12-28 12:48:38.840976|{tx-485} :-BBB.............
2025-12-28 12:48:39.010804|{rx-486} 1, 0, 0, 3, 487, 496, 0, 0, 0, 0, 0, 1, 0, 1, 1
2025-12-28 12:48:39.015802|{rssi-486} 111, -66, -127, -127, -127, 111, 111, 111, 111, 111, 111, 111, 111, 111, 111, 111, 111, 111, 
2025-12-28 12:48:39.024368|{td-486} 0, -19, 0, 0, 0, 0, 0, 0, 0, 0, 0, 0, 0, 0, 0, 0, 0, 0, 
2025-12-28 12:48:39.031069|{tx-486} :-BBB.............
2025-12-28 12:48:39.201117|{rx-487} 1, 0, 0, 3, 488, 497, 0, 0, 0, 0, 0, 1, 0, 1, 1
2025-12-28 12:48:39.206306|{rssi-487} 111, -66, -127, -127, -127, 111, 111, 111, 111, 111, 111, 111, 111, 111, 111, 111, 111, 111, 
2025-12-28 12:48:39.215342|{td-487} 0, -21, 0, 0, 0, 0, 0, 0, 0, 0, 0, 0, 0, 0, 0, 0, 0, 0, 
2025-12-28 12:48:39.220140|{tx-487} :-BBB.............
2025-12-28 12:48:39.390548|{rx-488} 1, 0, 0, 3, 489, 498, 0, 0, 0, 0, 0, 1, 0, 1, 1
2025-12-28 12:48:39.394927|{rssi-488} 111, -66, -127, -127, -127, 111, 111, 111, 111, 111, 111, 111, 111, 111, 111, 111, 111, 111, 
2025-12-28 12:48:39.405139|{td-488} 0, -21, 0, 0, 0, 0, 0, 0, 0, 0, 0, 0, 0, 0, 0, 0, 0, 0, 
2025-12-28 12:48:39.410608|{tx-488} :-BBB.............
2025-12-28 12:48:39.581243|{rx-489} 1, 0, 0, 3, 490, 499, 0, 0, 0, 0, 0, 1, 0, 1, 1
2025-12-28 12:48:39.585888|{rssi-489} 111, -66, -127, -127, -127, 111, 111, 111, 111, 111, 111, 111, 111, 111, 111, 111, 111, 111, 
2025-12-28 12:48:39.594654|{td-489} 0, -19, 0, 0, 0, 0, 0, 0, 0, 0, 0, 0, 0, 0, 0, 0, 0, 0, 
2025-12-28 12:48:39.599913|{tx-489} :-BBB.............
2025-12-28 12:48:39.770763|{rx-490} 1, 0, 0, 3, 491, 500, 0, 0, 0, 0, 0, 1, 0, 1, 1
2025-12-28 12:48:39.775256|{rssi-490} 111, -66, -127, -127, -127, 111, 111, 111, 111, 111, 111, 111, 111, 111, 111, 111, 111, 111, 
2025-12-28 12:48:39.785170|{td-490} 0, -21, 0, 0, 0, 0, 0, 0, 0, 0, 0, 0, 0, 0, 0, 0, 0, 0, 
2025-12-28 12:48:39.789801|{tx-490} :-BBB.............
2025-12-28 12:48:39.961441|{rx-491} 1, 0, 0, 3, 492, 501, 0, 0, 0, 0, 0, 1, 0, 1, 1
2025-12-28 12:48:39.965694|{rssi-491} 111, -66, -127, -127, -127, 111, 111, 111, 111, 111, 111, 111, 111, 111, 111, 111, 111, 111, 
2025-12-28 12:48:39.974456|{td-491} 0, -19, 0, 0, 0, 0, 0, 0, 0, 0, 0, 0, 0, 0, 0, 0, 0, 0, 
2025-12-28 12:48:39.980987|{tx-491} :-BBB.............
2025-12-28 12:48:40.150981|{rx-492} 1, 0, 0, 3, 493, 502, 0, 0, 0, 0, 0, 1, 0, 1, 1
2025-12-28 12:48:40.155594|{rssi-492} 111, -66, -127, -127, -127, 111, 111, 111, 111, 111, 111, 111, 111, 111, 111, 111, 111, 111, 
2025-12-28 12:48:40.166102|{td-492} 0, -21, 0, 0, 0, 0, 0, 0, 0, 0, 0, 0, 0, 0, 0, 0, 0, 0, 
2025-12-28 12:48:40.171049|{tx-492} :-BBB.............
2025-12-28 12:48:40.340946|{rx-493} 1, 0, 0, 3, 494, 503, 0, 0, 0, 0, 0, 1, 0, 1, 1
2025-12-28 12:48:40.345441|{rssi-493} 111, -66, -127, -127, -127, 111, 111, 111, 111, 111, 111, 111, 111, 111, 111, 111, 111, 111, 
2025-12-28 12:48:40.354870|{td-493} 0, -19, 0, 0, 0, 0, 0, 0, 0, 0, 0, 0, 0, 0, 0, 0, 0, 0, 
2025-12-28 12:48:40.360389|{tx-493} :-BBB.............
2025-12-28 12:48:40.531413|{rx-494} 1, 0, 0, 3, 495, 504, 0, 0, 0, 0, 0, 1, 0, 1, 1
2025-12-28 12:48:40.535890|{rssi-494} 111, -66, -127, -127, -127, 111, 111, 111, 111, 111, 111, 111, 111, 111, 111, 111, 111, 111, 
2025-12-28 12:48:40.543826|{td-494} 0, -19, 0, 0, 0, 0, 0, 0, 0, 0, 0, 0, 0, 0, 0, 0, 0, 0, 
2025-12-28 12:48:40.551162|{tx-494} :-BBB.............
2025-12-28 12:48:40.721287|{rx-495} 1, 0, 0, 3, 496, 505, 0, 0, 0, 0, 0, 1, 0, 1, 1
2025-12-28 12:48:40.725457|{rssi-495} 111, -66, -127, -127, -127, 111, 111, 111, 111, 111, 111, 111, 111, 111, 111, 111, 111, 111, 
2025-12-28 12:48:40.733757|{td-495} 0, -21, 0, 0, 0, 0, 0, 0, 0, 0, 0, 0, 0, 0, 0, 0, 0, 0, 
2025-12-28 12:48:40.739927|{tx-495} :-BBB.............
2025-12-28 12:48:40.910451|{rx-496} 1, 0, 0, 3, 497, 506, 0, 0, 0, 0, 0, 1, 0, 1, 1
2025-12-28 12:48:40.915445|{rssi-496} 111, -66, -127, -127, -127, 111, 111, 111, 111, 111, 111, 111, 111, 111, 111, 111, 111, 111, 
2025-12-28 12:48:40.924757|{td-496} 0, -19, 0, 0, 0, 0, 0, 0, 0, 0, 0, 0, 0, 0, 0, 0, 0, 0, 
2025-12-28 12:48:40.930887|{tx-496} :-BBB.............
2025-12-28 12:48:41.100702|{rx-497} 1, 0, 0, 3, 498, 507, 0, 0, 0, 0, 0, 1, 0, 1, 1
2025-12-28 12:48:41.105170|{rssi-497} 111, -66, -127, -127, -127, 111, 111, 111, 111, 111, 111, 111, 111, 111, 111, 111, 111, 111, 
2025-12-28 12:48:41.114973|{td-497} 0, -21, 0, 0, 0, 0, 0, 0, 0, 0, 0, 0, 0, 0, 0, 0, 0, 0, 
2025-12-28 12:48:41.120434|{tx-497} :-BBB.............
2025-12-28 12:48:41.289974|{rx-498} 1, 0, 0, 3, 499, 508, 0, 0, 0, 0, 0, 1, 0, 1, 1
2025-12-28 12:48:41.295446|{rssi-498} 111, -66, -127, -127, -127, 111, 111, 111, 111, 111, 111, 111, 111, 111, 111, 111, 111, 111, 
2025-12-28 12:48:41.304365|{td-498} 0, -19, 0, 0, 0, 0, 0, 0, 0, 0, 0, 0, 0, 0, 0, 0, 0, 0, 
2025-12-28 12:48:41.310812|{tx-498} :-BBB.............
2025-12-28 12:48:41.481476|{rx-499} 1, 0, 0, 3, 500, 509, 0, 0, 0, 0, 0, 1, 0, 1, 1
2025-12-28 12:48:41.485449|{rssi-499} 111, -66, -127, -127, -127, 111, 111, 111, 111, 111, 111, 111, 111, 111, 111, 111, 111, 111, 
2025-12-28 12:48:41.493967|{td-499} 0, -21, 0, 0, 0, 0, 0, 0, 0, 0, 0, 0, 0, 0, 0, 0, 0, 0, 
2025-12-28 12:48:41.500577|{tx-499} :-BBB.............
2025-12-28 12:48:41.670151|{rx-500} 1, 0, 0, 3, 501, 510, 0, 0, 0, 0, 0, 1, 0, 1, 1
2025-12-28 12:48:41.674749|{rssi-500} 111, -66, -127, -127, -127, 111, 111, 111, 111, 111, 111, 111, 111, 111, 111, 111, 111, 111, 
2025-12-28 12:48:41.683724|{td-500} 0, -19, 0, 0, 0, 0, 0, 0, 0, 0, 0, 0, 0, 0, 0, 0, 0, 0, 
2025-12-28 12:48:41.690775|{tx-500} :-BBB.............
2025-12-28 12:48:41.860960|{rx-501} 1, 0, 0, 3, 502, 511, 0, 0, 0, 0, 0, 1, 0, 1, 1
2025-12-28 12:48:41.865485|{rssi-501} 111, -66, -127, -127, -127, 111, 111, 111, 111, 111, 111, 111, 111, 111, 111, 111, 111, 111, 
2025-12-28 12:48:41.876590|{td-501} 0, -21, 0, 0, 0, 0, 0, 0, 0, 0, 0, 0, 0, 0, 0, 0, 0, 0, 
2025-12-28 12:48:41.880430|{tx-501} :-BBB.............
2025-12-28 12:48:42.050657|{rx-502} 1, 0, 0, 3, 503, 512, 0, 0, 0, 0, 0, 1, 0, 1, 1
2025-12-28 12:48:42.055605|{rssi-502} 111, -66, -127, -127, -127, 111, 111, 111, 111, 111, 111, 111, 111, 111, 111, 111, 111, 111, 
2025-12-28 12:48:42.064887|{td-502} 0, -19, 0, 0, 0, 0, 0, 0, 0, 0, 0, 0, 0, 0, 0, 0, 0, 0, 
2025-12-28 12:48:42.070807|{tx-502} :-BBB.............
2025-12-28 12:48:42.241035|{rx-503} 1, 0, 0, 3, 504, 513, 0, 0, 0, 0, 0, 1, 0, 1, 1
2025-12-28 12:48:42.245083|{rssi-503} 111, -66, -127, -127, -127, 111, 111, 111, 111, 111, 111, 111, 111, 111, 111, 111, 111, 111, 
2025-12-28 12:48:42.254910|{td-503} 0, -21, 0, 0, 0, 0, 0, 0, 0, 0, 0, 0, 0, 0, 0, 0, 0, 0, 
2025-12-28 12:48:42.260552|{tx-503} :-BBB.............
2025-12-28 12:48:42.430381|{rx-504} 1, 0, 0, 3, 505, 514, 0, 0, 0, 0, 0, 1, 0, 1, 1
2025-12-28 12:48:42.435870|{rssi-504} 111, -66, -127, -127, -127, 111, 111, 111, 111, 111, 111, 111, 111, 111, 111, 111, 111, 111, 
2025-12-28 12:48:42.444684|{td-504} 0, -19, 0, 0, 0, 0, 0, 0, 0, 0, 0, 0, 0, 0, 0, 0, 0, 0, 
2025-12-28 12:48:42.450874|{tx-504} :-BBB.............
2025-12-28 12:48:42.620393|{rx-505} 1, 0, 0, 3, 506, 515, 0, 0, 0, 0, 0, 1, 0, 1, 1
2025-12-28 12:48:42.624348|{rssi-505} 111, -66, -127, -127, -127, 111, 111, 111, 111, 111, 111, 111, 111, 111, 111, 111, 111, 111, 
2025-12-28 12:48:42.634744|{td-505} 0, -21, 0, 0, 0, 0, 0, 0, 0, 0, 0, 0, 0, 0, 0, 0, 0, 0, 
2025-12-28 12:48:42.639293|{tx-505} :-BBB.............
2025-12-28 12:48:42.809879|{rx-506} 1, 0, 0, 3, 507, 516, 0, 0, 0, 0, 0, 1, 0, 1, 1
2025-12-28 12:48:42.815342|{rssi-506} 111, -66, -127, -127, -127, 111, 111, 111, 111, 111, 111, 111, 111, 111, 111, 111, 111, 111, 
2025-12-28 12:48:42.824851|{td-506} 0, -19, 0, 0, 0, 0, 0, 0, 0, 0, 0, 0, 0, 0, 0, 0, 0, 0, 
2025-12-28 12:48:42.830852|{tx-506} :-BBB.............
2025-12-28 12:48:42.999964|{rx-507} 1, 0, 0, 3, 508, 517, 0, 0, 0, 0, 0, 1, 0, 1, 1
2025-12-28 12:48:43.005230|{rssi-507} 111, -66, -127, -127, -127, 111, 111, 111, 111, 111, 111, 111, 111, 111, 111, 111, 111, 111, 
2025-12-28 12:48:43.013808|{td-507} 0, -21, 0, 0, 0, 0, 0, 0, 0, 0, 0, 0, 0, 0, 0, 0, 0, 0, 
2025-12-28 12:48:43.020628|{tx-507} :-BBB.............
2025-12-28 12:48:43.190133|{rx-508} 1, 0, 0, 3, 509, 518, 0, 0, 0, 0, 0, 1, 0, 1, 1
2025-12-28 12:48:43.194955|{rssi-508} 111, -66, -127, -127, -127, 111, 111, 111, 111, 111, 111, 111, 111, 111, 111, 111, 111, 111, 
2025-12-28 12:48:43.204544|{td-508} 0, -19, 0, 0, 0, 0, 0, 0, 0, 0, 0, 0, 0, 0, 0, 0, 0, 0, 
2025-12-28 12:48:43.211415|{tx-508} :-BBB.............
2025-12-28 12:48:43.379399|{rx-509} 1, 0, 0, 3, 510, 519, 0, 0, 0, 0, 0, 1, 0, 1, 1
2025-12-28 12:48:43.388960|{rssi-509} 111, -66, -127, -127, -127, 111, 111, 111, 111, 111, 111, 111, 111, 111, 111, 111, 111, 111, 
2025-12-28 12:48:43.394463|{td-509} 0, -21, 0, 0, 0, 0, 0, 0, 0, 0, 0, 0, 0, 0, 0, 0, 0, 0, 
2025-12-28 12:48:43.400420|{tx-509} :-BBB.............
2025-12-28 12:48:43.569742|{rx-510} 1, 0, 0, 3, 511, 520, 0, 0, 0, 0, 0, 1, 0, 1, 1
2025-12-28 12:48:43.574976|{rssi-510} 111, -66, -127, -127, -127, 111, 111, 111, 111, 111, 111, 111, 111, 111, 111, 111, 111, 111, 
2025-12-28 12:48:43.583323|{td-510} 0, -19, 0, 0, 0, 0, 0, 0, 0, 0, 0, 0, 0, 0, 0, 0, 0, 0, 
2025-12-28 12:48:43.589492|{tx-510} :-BBB.............
2025-12-28 12:48:43.759741|{rx-511} 1, 0, 0, 3, 512, 521, 0, 0, 0, 0, 0, 1, 0, 1, 1
2025-12-28 12:48:43.775897|{rssi-511} 111, -66, -127, -127, -127, 111, 111, 111, 111, 111, 111, 111, 111, 111, 111, 111, 111, 111, 
2025-12-28 12:48:43.781127|{td-511} 0, -21, 0, 0, 0, 0, 0, 0, 0, 0, 0, 0, 0, 0, 0, 0, 0, 0, 
2025-12-28 12:48:43.783319|{tx-511} :-BBB.............
2025-12-28 12:48:43.949241|{rx-512} 1, 0, 0, 3, 513, 522, 0, 0, 0, 0, 0, 1, 0, 1, 1
2025-12-28 12:48:43.955249|{rssi-512} 111, -66, -127, -127, -127, 111, 111, 111, 111, 111, 111, 111, 111, 111, 111, 111, 111, 111, 
2025-12-28 12:48:43.964173|{td-512} 0, -19, 0, 0, 0, 0, 0, 0, 0, 0, 0, 0, 0, 0, 0, 0, 0, 0, 
2025-12-28 12:48:43.978242|{tx-512} :-BBB.............
2025-12-28 12:48:44.139172|{rx-513} 1, 0, 0, 3, 514, 523, 0, 0, 0, 0, 0, 1, 0, 1, 1
2025-12-28 12:48:44.145127|{rssi-513} 111, -68, -127, -127, -127, 111, 111, 111, 111, 111, 111, 111, 111, 111, 111, 111, 111, 111, 
2025-12-28 12:48:44.154168|{td-513} 0, -21, 0, 0, 0, 0, 0, 0, 0, 0, 0, 0, 0, 0, 0, 0, 0, 0, 
2025-12-28 12:48:44.160532|{tx-513} :-BBB.............
2025-12-28 12:48:44.330017|{rx-514} 1, 0, 0, 3, 515, 524, 0, 0, 0, 0, 0, 1, 0, 1, 1
2025-12-28 12:48:44.334265|{rssi-514} 111, -66, -127, -127, -127, 111, 111, 111, 111, 111, 111, 111, 111, 111, 111, 111, 111, 111, 
2025-12-28 12:48:44.344555|{td-514} 0, -19, 0, 0, 0, 0, 0, 0, 0, 0, 0, 0, 0, 0, 0, 0, 0, 0, 
2025-12-28 12:48:44.348892|{tx-514} :-BBB.............
2025-12-28 12:48:44.519828|{rx-515} 1, 0, 0, 3, 516, 525, 0, 0, 0, 0, 0, 1, 0, 1, 1
2025-12-28 12:48:44.524415|{rssi-515} 111, -66, -127, -127, -127, 111, 111, 111, 111, 111, 111, 111, 111, 111, 111, 111, 111, 111, 
2025-12-28 12:48:44.533661|{td-515} 0, -21, 0, 0, 0, 0, 0, 0, 0, 0, 0, 0, 0, 0, 0, 0, 0, 0, 
2025-12-28 12:48:44.538734|{tx-515} :-BBB.............
2025-12-28 12:48:44.709676|{rx-516} 1, 0, 0, 3, 517, 526, 0, 0, 0, 0, 0, 1, 0, 1, 1
2025-12-28 12:48:44.715068|{rssi-516} 111, -66, -127, -127, -127, 111, 111, 111, 111, 111, 111, 111, 111, 111, 111, 111, 111, 111, 
2025-12-28 12:48:44.723951|{td-516} 0, -19, 0, 0, 0, 0, 0, 0, 0, 0, 0, 0, 0, 0, 0, 0, 0, 0, 
2025-12-28 12:48:44.728766|{tx-516} :-BBB.............
2025-12-28 12:48:44.902919|{rx-517} 1, 0, 0, 3, 518, 527, 0, 0, 0, 0, 0, 1, 0, 1, 1
2025-12-28 12:48:44.913509|{rssi-517} 111, -66, -127, -127, -127, 111, 111, 111, 111, 111, 111, 111, 111, 111, 111, 111, 111, 111, 
2025-12-28 12:48:44.917272|{td-517} 0, -21, 0, 0, 0, 0, 0, 0, 0, 0, 0, 0, 0, 0, 0, 0, 0, 0, 
2025-12-28 12:48:44.920222|{tx-517} :-BBB.............
2025-12-28 12:48:45.089790|{rx-518} 1, 0, 0, 3, 519, 528, 0, 0, 0, 0, 0, 1, 0, 1, 1
2025-12-28 12:48:45.094746|{rssi-518} 111, -68, -127, -127, -127, 111, 111, 111, 111, 111, 111, 111, 111, 111, 111, 111, 111, 111, 
2025-12-28 12:48:45.104226|{td-518} 0, -19, 0, 0, 0, 0, 0, 0, 0, 0, 0, 0, 0, 0, 0, 0, 0, 0, 
2025-12-28 12:48:45.108980|{tx-518} :-BBB.............
2025-12-28 12:48:45.279381|{rx-519} 1, 0, 0, 3, 520, 529, 0, 0, 0, 0, 0, 1, 0, 1, 1
2025-12-28 12:48:45.284784|{rssi-519} 111, -66, -127, -127, -127, 111, 111, 111, 111, 111, 111, 111, 111, 111, 111, 111, 111, 111, 
2025-12-28 12:48:45.293701|{td-519} 0, -21, 0, 0, 0, 0, 0, 0, 0, 0, 0, 0, 0, 0, 0, 0, 0, 0, 
2025-12-28 12:48:45.300226|{tx-519} :-BBB.............
2025-12-28 12:48:45.470519|{rx-520} 1, 0, 0, 3, 521, 530, 0, 0, 0, 0, 0, 1, 0, 1, 1
2025-12-28 12:48:45.474789|{rssi-520} 111, -66, -127, -127, -127, 111, 111, 111, 111, 111, 111, 111, 111, 111, 111, 111, 111, 111, 
2025-12-28 12:48:45.484008|{td-520} 0, -19, 0, 0, 0, 0, 0, 0, 0, 0, 0, 0, 0, 0, 0, 0, 0, 0, 
2025-12-28 12:48:45.489006|{tx-520} :-BBB.............
2025-12-28 12:48:45.659947|{rx-521} 1, 0, 0, 3, 522, 531, 0, 0, 0, 0, 0, 1, 0, 1, 1
2025-12-28 12:48:45.665148|{rssi-521} 111, -66, -127, -127, -127, 111, 111, 111, 111, 111, 111, 111, 111, 111, 111, 111, 111, 111, 
2025-12-28 12:48:45.674582|{td-521} 0, -21, 0, 0, 0, 0, 0, 0, 0, 0, 0, 0, 0, 0, 0, 0, 0, 0, 
2025-12-28 12:48:45.680058|{tx-521} :-BBB.............
2025-12-28 12:48:45.849091|{rx-522} 1, 0, 0, 3, 523, 532, 0, 0, 0, 0, 0, 1, 0, 1, 1
2025-12-28 12:48:45.854816|{rssi-522} 111, -67, -127, -127, -127, 111, 111, 111, 111, 111, 111, 111, 111, 111, 111, 111, 111, 111, 
2025-12-28 12:48:45.863883|{td-522} 0, -19, 0, 0, 0, 0, 0, 0, 0, 0, 0, 0, 0, 0, 0, 0, 0, 0, 
2025-12-28 12:48:45.869070|{tx-522} :-BBB.............
2025-12-28 12:48:46.040106|{rx-523} 1, 0, 0, 3, 524, 533, 0, 0, 0, 0, 0, 1, 0, 1, 1
2025-12-28 12:48:46.044604|{rssi-523} 111, -66, -127, -127, -127, 111, 111, 111, 111, 111, 111, 111, 111, 111, 111, 111, 111, 111, 
2025-12-28 12:48:46.053975|{td-523} 0, -21, 0, 0, 0, 0, 0, 0, 0, 0, 0, 0, 0, 0, 0, 0, 0, 0, 
2025-12-28 12:48:46.058856|{tx-523} :-BBB.............
2025-12-28 12:48:46.230314|{rx-524} 1, 0, 0, 3, 525, 534, 0, 0, 0, 0, 0, 1, 0, 1, 1
2025-12-28 12:48:46.234691|{rssi-524} 111, -66, -127, -127, -127, 111, 111, 111, 111, 111, 111, 111, 111, 111, 111, 111, 111, 111, 
2025-12-28 12:48:46.243824|{td-524} 0, -19, 0, 0, 0, 0, 0, 0, 0, 0, 0, 0, 0, 0, 0, 0, 0, 0, 
2025-12-28 12:48:46.249885|{tx-524} :-BBB.............
2025-12-28 12:48:46.420020|{rx-525} 1, 0, 0, 3, 526, 535, 0, 0, 0, 0, 0, 1, 0, 1, 1
2025-12-28 12:48:46.424238|{rssi-525} 111, -68, -127, -127, -127, 111, 111, 111, 111, 111, 111, 111, 111, 111, 111, 111, 111, 111, 
2025-12-28 12:48:46.432828|{td-525} 0, -19, 0, 0, 0, 0, 0, 0, 0, 0, 0, 0, 0, 0, 0, 0, 0, 0, 
2025-12-28 12:48:46.440078|{tx-525} :-BBB.............
2025-12-28 12:48:46.610357|{rx-526} 1, 0, 0, 3, 527, 536, 0, 0, 0, 0, 0, 1, 0, 1, 1
2025-12-28 12:48:46.614394|{rssi-526} 111, -66, -127, -127, -127, 111, 111, 111, 111, 111, 111, 111, 111, 111, 111, 111, 111, 111, 
2025-12-28 12:48:46.623307|{td-526} 0, -21, 0, 0, 0, 0, 0, 0, 0, 0, 0, 0, 0, 0, 0, 0, 0, 0, 
2025-12-28 12:48:46.629165|{tx-526} :-BBB.............
2025-12-28 12:48:46.799610|{rx-527} 1, 0, 0, 3, 528, 537, 0, 0, 0, 0, 0, 1, 0, 1, 1
2025-12-28 12:48:46.804974|{rssi-527} 111, -66, -127, -127, -127, 111, 111, 111, 111, 111, 111, 111, 111, 111, 111, 111, 111, 111, 
2025-12-28 12:48:46.813960|{td-527} 0, -19, 0, 0, 0, 0, 0, 0, 0, 0, 0, 0, 0, 0, 0, 0, 0, 0, 
2025-12-28 12:48:46.819951|{tx-527} :-BBB.............
2025-12-28 12:48:46.990707|{rx-528} 1, 0, 0, 3, 529, 538, 0, 0, 0, 0, 0, 1, 0, 1, 1
2025-12-28 12:48:46.994253|{rssi-528} 111, -66, -127, -127, -127, 111, 111, 111, 111, 111, 111, 111, 111, 111, 111, 111, 111, 111, 
2025-12-28 12:48:47.003875|{td-528} 0, -21, 0, 0, 0, 0, 0, 0, 0, 0, 0, 0, 0, 0, 0, 0, 0, 0, 
2025-12-28 12:48:47.009328|{tx-528} :-BBB.............
2025-12-28 12:48:47.179180|{rx-529} 1, 0, 0, 3, 530, 539, 0, 0, 0, 0, 0, 1, 0, 1, 1
2025-12-28 12:48:47.184756|{rssi-529} 111, -66, -127, -127, -127, 111, 111, 111, 111, 111, 111, 111, 111, 111, 111, 111, 111, 111, 
2025-12-28 12:48:47.192933|{td-529} 0, -19, 0, 0, 0, 0, 0, 0, 0, 0, 0, 0, 0, 0, 0, 0, 0, 0, 
2025-12-28 12:48:47.198659|{tx-529} :-BBB.............
2025-12-28 12:48:47.370949|{rx-530} 1, 0, 0, 3, 531, 540, 0, 0, 0, 0, 0, 1, 0, 1, 1
2025-12-28 12:48:47.373659|{rssi-530} 111, -66, -127, -127, -127, 111, 111, 111, 111, 111, 111, 111, 111, 111, 111, 111, 111, 111, 
2025-12-28 12:48:47.383506|{td-530} 0, -21, 0, 0, 0, 0, 0, 0, 0, 0, 0, 0, 0, 0, 0, 0, 0, 0, 
2025-12-28 12:48:47.388662|{tx-530} :-BBB.............
2025-12-28 12:48:47.582902|{rx-531} 1, 0, 0, 3, 532, 541, 0, 0, 0, 0, 0, 1, 0, 1, 1
2025-12-28 12:48:47.584902|{rssi-531} 111, -66, -127, -127, -127, 111, 111, 111, 111, 111, 111, 111, 111, 111, 111, 111, 111, 111, 
2025-12-28 12:48:47.586747|{td-531} 0, -19, 0, 0, 0, 0, 0, 0, 0, 0, 0, 0, 0, 0, 0, 0, 0, 0, 
2025-12-28 12:48:47.588261|{tx-531} :-BBB.............
2025-12-28 12:48:47.748247|{rx-532} 1, 0, 0, 3, 533, 542, 0, 0, 0, 0, 0, 1, 0, 1, 1
2025-12-28 12:48:47.754041|{rssi-532} 111, -66, -127, -127, -127, 111, 111, 111, 111, 111, 111, 111, 111, 111, 111, 111, 111, 111, 
2025-12-28 12:48:47.763769|{td-532} 0, -21, 0, 0, 0, 0, 0, 0, 0, 0, 0, 0, 0, 0, 0, 0, 0, 0, 
2025-12-28 12:48:47.769626|{tx-532} :-BBB.............
2025-12-28 12:48:47.938866|{rx-533} 1, 0, 0, 3, 534, 543, 0, 0, 0, 0, 0, 1, 0, 1, 1
2025-12-28 12:48:47.944396|{rssi-533} 111, -68, -127, -127, -127, 111, 111, 111, 111, 111, 111, 111, 111, 111, 111, 111, 111, 111, 
2025-12-28 12:48:47.953725|{td-533} 0, -19, 0, 0, 0, 0, 0, 0, 0, 0, 0, 0, 0, 0, 0, 0, 0, 0, 
2025-12-28 12:48:47.959088|{tx-533} :-BBB.............
2025-12-28 12:48:48.128881|{rx-534} 1, 0, 0, 3, 535, 544, 0, 0, 0, 0, 0, 1, 0, 1, 1
2025-12-28 12:48:48.133529|{rssi-534} 111, -66, -127, -127, -127, 111, 111, 111, 111, 111, 111, 111, 111, 111, 111, 111, 111, 111, 
2025-12-28 12:48:48.143898|{td-534} 0, -21, 0, 0, 0, 0, 0, 0, 0, 0, 0, 0, 0, 0, 0, 0, 0, 0, 
2025-12-28 12:48:48.148749|{tx-534} :-BBB.............
2025-12-28 12:48:48.319474|{rx-535} 1, 0, 0, 3, 536, 545, 0, 0, 0, 0, 0, 1, 0, 1, 1
2025-12-28 12:48:48.323566|{rssi-535} 111, -68, -127, -127, -127, 111, 111, 111, 111, 111, 111, 111, 111, 111, 111, 111, 111, 111, 
2025-12-28 12:48:48.333368|{td-535} 0, -19, 0, 0, 0, 0, 0, 0, 0, 0, 0, 0, 0, 0, 0, 0, 0, 0, 
2025-12-28 12:48:48.338878|{tx-535} :-BBB.............
2025-12-28 12:48:48.508029|{rx-536} 1, 0, 0, 3, 537, 546, 0, 0, 0, 0, 0, 1, 0, 1, 1
2025-12-28 12:48:48.514522|{rssi-536} 111, -68, -127, -127, -127, 111, 111, 111, 111, 111, 111, 111, 111, 111, 111, 111, 111, 111, 
2025-12-28 12:48:48.522690|{td-536} 0, -21, 0, 0, 0, 0, 0, 0, 0, 0, 0, 0, 0, 0, 0, 0, 0, 0, 
2025-12-28 12:48:48.528776|{tx-536} :-BBB.............
2025-12-28 12:48:48.698808|{rx-537} 1, 0, 0, 3, 538, 547, 0, 0, 0, 0, 0, 1, 0, 1, 1
2025-12-28 12:48:48.703898|{rssi-537} 111, -66, -127, -127, -127, 111, 111, 111, 111, 111, 111, 111, 111, 111, 111, 111, 111, 111, 
2025-12-28 12:48:48.712743|{td-537} 0, -19, 0, 0, 0, 0, 0, 0, 0, 0, 0, 0, 0, 0, 0, 0, 0, 0, 
2025-12-28 12:48:48.719712|{tx-537} :-BBB.............
2025-12-28 12:48:48.889294|{rx-538} 1, 0, 0, 3, 539, 548, 0, 0, 0, 0, 0, 1, 0, 1, 1
2025-12-28 12:48:48.894184|{rssi-538} 111, -66, -127, -127, -127, 111, 111, 111, 111, 111, 111, 111, 111, 111, 111, 111, 111, 111, 
2025-12-28 12:48:48.903528|{td-538} 0, -21, 0, 0, 0, 0, 0, 0, 0, 0, 0, 0, 0, 0, 0, 0, 0, 0, 
2025-12-28 12:48:48.908300|{tx-538} :-BBB.............
2025-12-28 12:48:49.078829|{rx-539} 1, 0, 0, 3, 540, 549, 0, 0, 0, 0, 0, 1, 0, 1, 1
2025-12-28 12:48:49.083368|{rssi-539} 111, -66, -127, -127, -127, 111, 111, 111, 111, 111, 111, 111, 111, 111, 111, 111, 111, 111, 
2025-12-28 12:48:49.093653|{td-539} 0, -19, 0, 0, 0, 0, 0, 0, 0, 0, 0, 0, 0, 0, 0, 0, 0, 0, 
2025-12-28 12:48:49.098995|{tx-539} :-BBB.............
2025-12-28 12:48:49.269267|{rx-540} 1, 0, 0, 3, 541, 550, 0, 0, 0, 0, 0, 1, 0, 1, 1
2025-12-28 12:48:49.274335|{rssi-540} 111, -68, -127, -127, -127, 111, 111, 111, 111, 111, 111, 111, 111, 111, 111, 111, 111, 111, 
2025-12-28 12:48:49.283458|{td-540} 0, -21, 0, 0, 0, 0, 0, 0, 0, 0, 0, 0, 0, 0, 0, 0, 0, 0, 
2025-12-28 12:48:49.288662|{tx-540} :-BBB.............
2025-12-28 12:48:49.459889|{rx-541} 1, 0, 0, 3, 542, 551, 0, 0, 0, 0, 0, 1, 0, 1, 1
2025-12-28 12:48:49.465314|{rssi-541} 111, -66, -127, -127, -127, 111, 111, 111, 111, 111, 111, 111, 111, 111, 111, 111, 111, 111, 
2025-12-28 12:48:49.473127|{td-541} 0, -19, 0, 0, 0, 0, 0, 0, 0, 0, 0, 0, 0, 0, 0, 0, 0, 0, 
2025-12-28 12:48:49.478645|{tx-541} :-BBB.............
2025-12-28 12:48:49.648845|{rx-542} 1, 0, 0, 3, 543, 552, 0, 0, 0, 0, 0, 1, 0, 1, 1
2025-12-28 12:48:49.653261|{rssi-542} 111, -66, -127, -127, -127, 111, 111, 111, 111, 111, 111, 111, 111, 111, 111, 111, 111, 111, 
2025-12-28 12:48:49.662875|{td-542} 0, -21, 0, 0, 0, 0, 0, 0, 0, 0, 0, 0, 0, 0, 0, 0, 0, 0, 
2025-12-28 12:48:49.669062|{tx-542} :-BBB.............
2025-12-28 12:48:49.839166|{rx-543} 1, 0, 0, 3, 544, 553, 0, 0, 0, 0, 0, 1, 0, 1, 1
2025-12-28 12:48:49.843837|{rssi-543} 111, -66, -127, -127, -127, 111, 111, 111, 111, 111, 111, 111, 111, 111, 111, 111, 111, 111, 
2025-12-28 12:48:49.853468|{td-543} 0, -19, 0, 0, 0, 0, 0, 0, 0, 0, 0, 0, 0, 0, 0, 0, 0, 0, 
2025-12-28 12:48:49.859332|{tx-543} :-BBB.............
2025-12-28 12:48:50.028652|{rx-544} 1, 0, 0, 3, 545, 554, 0, 0, 0, 0, 0, 1, 0, 1, 1
2025-12-28 12:48:50.034088|{rssi-544} 111, -68, -127, -127, -127, 111, 111, 111, 111, 111, 111, 111, 111, 111, 111, 111, 111, 111, 
2025-12-28 12:48:50.043363|{td-544} 0, -21, 0, 0, 0, 0, 0, 0, 0, 0, 0, 0, 0, 0, 0, 0, 0, 0, 
2025-12-28 12:48:50.048333|{tx-544} :-BBB.............
2025-12-28 12:48:50.219509|{rx-545} 1, 0, 0, 3, 546, 555, 0, 0, 0, 0, 0, 1, 0, 1, 1
2025-12-28 12:48:50.223634|{rssi-545} 111, -68, -127, -127, -127, 111, 111, 111, 111, 111, 111, 111, 111, 111, 111, 111, 111, 111, 
2025-12-28 12:48:50.233245|{td-545} 0, -19, 0, 0, 0, 0, 0, 0, 0, 0, 0, 0, 0, 0, 0, 0, 0, 0, 
2025-12-28 12:48:50.238618|{tx-545} :-BBB.............
2025-12-28 12:48:50.409827|{rx-546} 1, 0, 0, 3, 547, 556, 0, 0, 0, 0, 0, 1, 0, 1, 1
2025-12-28 12:48:50.414472|{rssi-546} 111, -66, -127, -127, -127, 111, 111, 111, 111, 111, 111, 111, 111, 111, 111, 111, 111, 111, 
2025-12-28 12:48:50.423672|{td-546} 0, -21, 0, 0, 0, 0, 0, 0, 0, 0, 0, 0, 0, 0, 0, 0, 0, 0, 
2025-12-28 12:48:50.429367|{tx-546} :-BBB.............
2025-12-28 12:48:50.598731|{rx-547} 1, 0, 0, 3, 548, 557, 0, 0, 0, 0, 0, 1, 0, 1, 1
2025-12-28 12:48:50.604044|{rssi-547} 111, -66, -127, -127, -127, 111, 111, 111, 111, 111, 111, 111, 111, 111, 111, 111, 111, 111, 
2025-12-28 12:48:50.612956|{td-547} 0, -19, 0, 0, 0, 0, 0, 0, 0, 0, 0, 0, 0, 0, 0, 0, 0, 0, 
2025-12-28 12:48:50.618365|{tx-547} :-BBB.............
2025-12-28 12:48:50.788232|{rx-548} 1, 0, 0, 3, 549, 558, 0, 0, 0, 0, 0, 1, 0, 1, 1
2025-12-28 12:48:50.792776|{rssi-548} 111, -67, -127, -127, -127, 111, 111, 111, 111, 111, 111, 111, 111, 111, 111, 111, 111, 111, 
2025-12-28 12:48:50.804243|{td-548} 0, -21, 0, 0, 0, 0, 0, 0, 0, 0, 0, 0, 0, 0, 0, 0, 0, 0, 
2025-12-28 12:48:50.808584|{tx-548} :-BBB.............
2025-12-28 12:48:50.979327|{rx-549} 1, 0, 0, 3, 550, 559, 0, 0, 0, 0, 0, 1, 0, 1, 1
2025-12-28 12:48:50.982896|{rssi-549} 111, -66, -127, -127, -127, 111, 111, 111, 111, 111, 111, 111, 111, 111, 111, 111, 111, 111, 
2025-12-28 12:48:50.992654|{td-549} 0, -19, 0, 0, 0, 0, 0, 0, 0, 0, 0, 0, 0, 0, 0, 0, 0, 0, 
2025-12-28 12:48:50.998364|{tx-549} :-BBB.............
2025-12-28 12:48:51.168451|{rx-550} 1, 0, 0, 3, 551, 560, 0, 0, 0, 0, 0, 1, 0, 1, 1
2025-12-28 12:48:51.173688|{rssi-550} 111, -66, -127, -127, -127, 111, 111, 111, 111, 111, 111, 111, 111, 111, 111, 111, 111, 111, 
2025-12-28 12:48:51.183077|{td-550} 0, -19, 0, 0, 0, 0, 0, 0, 0, 0, 0, 0, 0, 0, 0, 0, 0, 0, 
2025-12-28 12:48:51.188675|{tx-550} :-BBB.............
2025-12-28 12:48:51.358496|{rx-551} 1, 0, 0, 3, 552, 561, 0, 0, 0, 0, 0, 1, 0, 1, 1
2025-12-28 12:48:51.362657|{rssi-551} 111, -66, -127, -127, -127, 111, 111, 111, 111, 111, 111, 111, 111, 111, 111, 111, 111, 111, 
2025-12-28 12:48:51.373084|{td-551} 0, -21, 0, 0, 0, 0, 0, 0, 0, 0, 0, 0, 0, 0, 0, 0, 0, 0, 
2025-12-28 12:48:51.377876|{tx-551} :-BBB.............
2025-12-28 12:48:51.549457|{rx-552} 1, 0, 0, 3, 553, 562, 0, 0, 0, 0, 0, 1, 0, 1, 1
2025-12-28 12:48:51.552668|{rssi-552} 111, -66, -127, -127, -127, 111, 111, 111, 111, 111, 111, 111, 111, 111, 111, 111, 111, 111, 
2025-12-28 12:48:51.563059|{td-552} 0, -21, 0, 0, 0, 0, 0, 0, 0, 0, 0, 0, 0, 0, 0, 0, 0, 0, 
2025-12-28 12:48:51.569081|{tx-552} :-BBB.............
2025-12-28 12:48:51.738994|{rx-553} 1, 0, 0, 3, 554, 563, 0, 0, 0, 0, 0, 1, 0, 1, 1
2025-12-28 12:48:51.743195|{rssi-553} 111, -66, -127, -127, -127, 111, 111, 111, 111, 111, 111, 111, 111, 111, 111, 111, 111, 111, 
2025-12-28 12:48:51.752604|{td-553} 0, -19, 0, 0, 0, 0, 0, 0, 0, 0, 0, 0, 0, 0, 0, 0, 0, 0, 
2025-12-28 12:48:51.758308|{tx-553} :-BBB.............
2025-12-28 12:48:51.928748|{rx-554} 1, 0, 0, 3, 555, 564, 0, 0, 0, 0, 0, 1, 0, 1, 1
2025-12-28 12:48:51.933303|{rssi-554} 111, -68, -127, -127, -127, 111, 111, 111, 111, 111, 111, 111, 111, 111, 111, 111, 111, 111, 
2025-12-28 12:48:51.942202|{td-554} 0, -19, 0, 0, 0, 0, 0, 0, 0, 0, 0, 0, 0, 0, 0, 0, 0, 0, 
2025-12-28 12:48:51.947421|{tx-554} :-BBB.............
2025-12-28 12:48:52.118442|{rx-555} 1, 0, 0, 3, 556, 565, 0, 0, 0, 0, 0, 1, 0, 1, 1
2025-12-28 12:48:52.123047|{rssi-555} 111, -66, -127, -127, -127, 111, 111, 111, 111, 111, 111, 111, 111, 111, 111, 111, 111, 111, 
2025-12-28 12:48:52.132550|{td-555} 0, -21, 0, 0, 0, 0, 0, 0, 0, 0, 0, 0, 0, 0, 0, 0, 0, 0, 
2025-12-28 12:48:52.137710|{tx-555} :-BBB.............
2025-12-28 12:48:52.309327|{rx-556} 1, 0, 0, 3, 557, 566, 0, 0, 0, 0, 0, 1, 0, 1, 1
2025-12-28 12:48:52.312183|{rssi-556} 111, -67, -127, -127, -127, 111, 111, 111, 111, 111, 111, 111, 111, 111, 111, 111, 111, 111, 
2025-12-28 12:48:52.322136|{td-556} 0, -21, 0, 0, 0, 0, 0, 0, 0, 0, 0, 0, 0, 0, 0, 0, 0, 0, 
2025-12-28 12:48:52.328733|{tx-556} :-BBB.............
2025-12-28 12:48:52.499980|{rx-557} 1, 0, 0, 3, 558, 567, 0, 0, 0, 0, 0, 1, 0, 1, 1
2025-12-28 12:48:52.503878|{rssi-557} 111, -69, -127, -127, -127, 111, 111, 111, 111, 111, 111, 111, 111, 111, 111, 111, 111, 111, 
2025-12-28 12:48:52.512908|{td-557} 0, -19, 0, 0, 0, 0, 0, 0, 0, 0, 0, 0, 0, 0, 0, 0, 0, 0, 
2025-12-28 12:48:52.519409|{tx-557} :-BBB.............
2025-12-28 12:48:52.688230|{rx-558} 1, 0, 0, 3, 559, 568, 0, 0, 0, 0, 0, 1, 0, 1, 1
2025-12-28 12:48:52.693854|{rssi-558} 111, -66, -127, -127, -127, 111, 111, 111, 111, 111, 111, 111, 111, 111, 111, 111, 111, 111, 
2025-12-28 12:48:52.701986|{td-558} 0, -21, 0, 0, 0, 0, 0, 0, 0, 0, 0, 0, 0, 0, 0, 0, 0, 0, 
2025-12-28 12:48:52.708120|{tx-558} :-BBB.............
2025-12-28 12:48:52.878654|{rx-559} 1, 0, 0, 3, 560, 569, 0, 0, 0, 0, 0, 1, 0, 1, 1
2025-12-28 12:48:52.883082|{rssi-559} 111, -66, -127, -127, -127, 111, 111, 111, 111, 111, 111, 111, 111, 111, 111, 111, 111, 111, 
2025-12-28 12:48:52.892738|{td-559} 0, -19, 0, 0, 0, 0, 0, 0, 0, 0, 0, 0, 0, 0, 0, 0, 0, 0, 
2025-12-28 12:48:52.897838|{tx-559} :-BBB.............
2025-12-28 12:48:53.068292|{rx-560} 1, 0, 0, 3, 561, 570, 0, 0, 0, 0, 0, 1, 0, 1, 1
2025-12-28 12:48:53.073270|{rssi-560} 111, -66, -127, -127, -127, 111, 111, 111, 111, 111, 111, 111, 111, 111, 111, 111, 111, 111, 
2025-12-28 12:48:53.081913|{td-560} 0, -19, 0, 0, 0, 0, 0, 0, 0, 0, 0, 0, 0, 0, 0, 0, 0, 0, 
2025-12-28 12:48:53.089308|{tx-560} :-BBB.............
2025-12-28 12:48:53.258364|{rx-561} 1, 0, 0, 3, 562, 571, 0, 0, 0, 0, 0, 1, 0, 1, 1
2025-12-28 12:48:53.262677|{rssi-561} 111, -66, -127, -127, -127, 111, 111, 111, 111, 111, 111, 111, 111, 111, 111, 111, 111, 111, 
2025-12-28 12:48:53.271783|{td-561} 0, -21, 0, 0, 0, 0, 0, 0, 0, 0, 0, 0, 0, 0, 0, 0, 0, 0, 
2025-12-28 12:48:53.278824|{tx-561} :-BBB.............
2025-12-28 12:48:53.448387|{rx-562} 1, 0, 0, 3, 563, 572, 0, 0, 0, 0, 0, 1, 0, 1, 1
2025-12-28 12:48:53.454281|{rssi-562} 111, -66, -127, -127, -127, 111, 111, 111, 111, 111, 111, 111, 111, 111, 111, 111, 111, 111, 
2025-12-28 12:48:53.462443|{td-562} 0, -19, 0, 0, 0, 0, 0, 0, 0, 0, 0, 0, 0, 0, 0, 0, 0, 0, 
2025-12-28 12:48:53.468439|{tx-562} :-BBB.............
2025-12-28 12:48:53.638695|{rx-563} 1, 0, 0, 3, 564, 573, 0, 0, 0, 0, 0, 1, 0, 1, 1
2025-12-28 12:48:53.645903|{rssi-563} 111, -66, -127, -127, -127, 111, 111, 111, 111, 111, 111, 111, 111, 111, 111, 111, 111, 111, 
2025-12-28 12:48:53.652643|{td-563} 0, -21, 0, 0, 0, 0, 0, 0, 0, 0, 0, 0, 0, 0, 0, 0, 0, 0, 
2025-12-28 12:48:53.657847|{tx-563} :-BBB.............
2025-12-28 12:48:53.828648|{rx-564} 1, 0, 0, 3, 565, 574, 0, 0, 0, 0, 0, 1, 0, 1, 1
2025-12-28 12:48:53.834348|{rssi-564} 111, -66, -127, -127, -127, 111, 111, 111, 111, 111, 111, 111, 111, 111, 111, 111, 111, 111, 
2025-12-28 12:48:53.843237|{td-564} 0, -19, 0, 0, 0, 0, 0, 0, 0, 0, 0, 0, 0, 0, 0, 0, 0, 0, 
2025-12-28 12:48:53.848256|{tx-564} :-BBB.............
2025-12-28 12:48:54.017785|{rx-565} 1, 0, 0, 3, 566, 575, 0, 0, 0, 0, 0, 1, 0, 1, 1
2025-12-28 12:48:54.023339|{rssi-565} 111, -66, -127, -127, -127, 111, 111, 111, 111, 111, 111, 111, 111, 111, 111, 111, 111, 111, 
2025-12-28 12:48:54.031672|{td-565} 0, -21, 0, 0, 0, 0, 0, 0, 0, 0, 0, 0, 0, 0, 0, 0, 0, 0, 
2025-12-28 12:48:54.038322|{tx-565} :-BBB.............
2025-12-28 12:48:54.208217|{rx-566} 1, 0, 0, 3, 567, 576, 0, 0, 0, 0, 0, 1, 0, 1, 1
2025-12-28 12:48:54.212336|{rssi-566} 111, -69, -127, -127, -127, 111, 111, 111, 111, 111, 111, 111, 111, 111, 111, 111, 111, 111, 
2025-12-28 12:48:54.222548|{td-566} 0, -21, 0, 0, 0, 0, 0, 0, 0, 0, 0, 0, 0, 0, 0, 0, 0, 0, 
2025-12-28 12:48:54.228594|{tx-566} :-BBB.............
2025-12-28 12:48:54.399718|{rx-567} 1, 0, 0, 3, 568, 577, 0, 0, 0, 0, 0, 1, 0, 1, 1
2025-12-28 12:48:54.404361|{rssi-567} 111, -66, -127, -127, -127, 111, 111, 111, 111, 111, 111, 111, 111, 111, 111, 111, 111, 111, 
2025-12-28 12:48:54.412743|{td-567} 0, -19, 0, 0, 0, 0, 0, 0, 0, 0, 0, 0, 0, 0, 0, 0, 0, 0, 
2025-12-28 12:48:54.419121|{tx-567} :-BBB.............
2025-12-28 12:48:54.588620|{rx-568} 1, 0, 0, 3, 569, 578, 0, 0, 0, 0, 0, 1, 0, 1, 1
2025-12-28 12:48:54.593091|{rssi-568} 111, -66, -127, -127, -127, 111, 111, 111, 111, 111, 111, 111, 111, 111, 111, 111, 111, 111, 
2025-12-28 12:48:54.602447|{td-568} 0, -19, 0, 0, 0, 0, 0, 0, 0, 0, 0, 0, 0, 0, 0, 0, 0, 0, 
2025-12-28 12:48:54.607992|{tx-568} :-BBB.............
2025-12-28 12:48:54.779562|{rx-569} 1, 3, 1, 3, 570, 583, 0, 0, 0, 0, 4, 3, 0, 1, 1
2025-12-28 12:48:54.785316|{rssi-569} 111, -66, -47, -47, -38, -50, -127, -127, -127, 111, 111, 111, 111, 111, 111, 111, 111, 111, 
2025-12-28 12:48:54.794728|{td-569} 0, -21, -23, -8943, -23, -21, 0, 0, 0, 0, 0, 0, 0, 0, 0, 0, 0, 0, 
2025-12-28 12:48:54.801335|{tx-569} :CCAC-BBB.........
2025-12-28 12:48:54.968621|{rx-570} 1, 0, 0, 3, 571, 584, 0, 0, 0, 0, 0, 1, 0, 1, 1
2025-12-28 12:48:54.972351|{rssi-570} 111, -68, -127, -127, -127, 111, 111, 111, 111, 111, 111, 111, 111, 111, 111, 111, 111, 111, 
2025-12-28 12:48:54.982160|{td-570} 0, -19, 0, 0, 0, 0, 0, 0, 0, 0, 0, 0, 0, 0, 0, 0, 0, 0, 
2025-12-28 12:48:54.988065|{tx-570} :-BBB.............
2025-12-28 12:48:55.158371|{rx-571} 1, 0, 0, 3, 572, 585, 0, 0, 0, 0, 0, 1, 0, 1, 1
2025-12-28 12:48:55.163401|{rssi-571} 111, -68, -127, -127, -127, 111, 111, 111, 111, 111, 111, 111, 111, 111, 111, 111, 111, 111, 
2025-12-28 12:48:55.171455|{td-571} 0, -21, 0, 0, 0, 0, 0, 0, 0, 0, 0, 0, 0, 0, 0, 0, 0, 0, 
2025-12-28 12:48:55.176377|{tx-571} :-BBB.............
2025-12-28 12:48:55.347200|{rx-572} 1, 0, 0, 3, 573, 586, 0, 0, 0, 0, 0, 1, 0, 1, 1
2025-12-28 12:48:55.351451|{rssi-572} 111, -66, -127, -127, -127, 111, 111, 111, 111, 111, 111, 111, 111, 111, 111, 111, 111, 111, 
2025-12-28 12:48:55.362466|{td-572} 0, -19, 0, 0, 0, 0, 0, 0, 0, 0, 0, 0, 0, 0, 0, 0, 0, 0, 
2025-12-28 12:48:55.366728|{tx-572} :-BBB.............
2025-12-28 12:48:55.538669|{rx-573} 1, 0, 0, 3, 574, 587, 0, 0, 0, 0, 0, 1, 0, 1, 1
2025-12-28 12:48:55.543456|{rssi-573} 111, -66, -127, -127, -127, 111, 111, 111, 111, 111, 111, 111, 111, 111, 111, 111, 111, 111, 
2025-12-28 12:48:55.552470|{td-573} 0, -21, 0, 0, 0, 0, 0, 0, 0, 0, 0, 0, 0, 0, 0, 0, 0, 0, 
2025-12-28 12:48:55.557691|{tx-573} :-BBB.............
2025-12-28 12:48:55.727621|{rx-574} 1, 0, 0, 3, 575, 588, 0, 0, 0, 0, 0, 1, 0, 1, 1
2025-12-28 12:48:55.732985|{rssi-574} 111, -66, -127, -127, -127, 111, 111, 111, 111, 111, 111, 111, 111, 111, 111, 111, 111, 111, 
2025-12-28 12:48:55.742403|{td-574} 0, -19, 0, 0, 0, 0, 0, 0, 0, 0, 0, 0, 0, 0, 0, 0, 0, 0, 
2025-12-28 12:48:55.748168|{tx-574} :-BBB.............
2025-12-28 12:48:55.918326|{rx-575} 1, 0, 0, 3, 576, 589, 0, 0, 0, 0, 0, 1, 0, 1, 1
2025-12-28 12:48:55.922814|{rssi-575} 111, -68, -127, -127, -127, 111, 111, 111, 111, 111, 111, 111, 111, 111, 111, 111, 111, 111, 
2025-12-28 12:48:55.932248|{td-575} 0, -21, 0, 0, 0, 0, 0, 0, 0, 0, 0, 0, 0, 0, 0, 0, 0, 0, 
2025-12-28 12:48:55.938529|{tx-575} :-BBB.............
2025-12-28 12:48:56.107842|{rx-576} 1, 0, 0, 3, 577, 590, 0, 0, 0, 0, 0, 1, 0, 1, 1
2025-12-28 12:48:56.112689|{rssi-576} 111, -71, -127, -127, -127, 111, 111, 111, 111, 111, 111, 111, 111, 111, 111, 111, 111, 111, 
2025-12-28 12:48:56.121443|{td-576} 0, -19, 0, 0, 0, 0, 0, 0, 0, 0, 0, 0, 0, 0, 0, 0, 0, 0, 
2025-12-28 12:48:56.126703|{tx-576} :-BBB.............
2025-12-28 12:48:56.297865|{rx-577} 1, 0, 0, 3, 578, 591, 0, 0, 0, 0, 0, 1, 0, 1, 1
2025-12-28 12:48:56.301829|{rssi-577} 111, -68, -127, -127, -127, 111, 111, 111, 111, 111, 111, 111, 111, 111, 111, 111, 111, 111, 
2025-12-28 12:48:56.312443|{td-577} 0, -21, 0, 0, 0, 0, 0, 0, 0, 0, 0, 0, 0, 0, 0, 0, 0, 0, 
2025-12-28 12:48:56.317253|{tx-577} :-BBB.............
2025-12-28 12:48:56.488063|{rx-578} 1, 0, 0, 3, 579, 592, 0, 0, 0, 0, 0, 1, 0, 1, 1
2025-12-28 12:48:56.492546|{rssi-578} 111, -68, -127, -127, -127, 111, 111, 111, 111, 111, 111, 111, 111, 111, 111, 111, 111, 111, 
2025-12-28 12:48:56.502139|{td-578} 0, -19, 0, 0, 0, 0, 0, 0, 0, 0, 0, 0, 0, 0, 0, 0, 0, 0, 
2025-12-28 12:48:56.508429|{tx-578} :-BBB.............
2025-12-28 12:48:56.678579|{rx-579} 1, 0, 0, 3, 580, 593, 0, 0, 0, 0, 0, 1, 0, 1, 1
2025-12-28 12:48:56.682616|{rssi-579} 111, -68, -127, -127, -127, 111, 111, 111, 111, 111, 111, 111, 111, 111, 111, 111, 111, 111, 
2025-12-28 12:48:56.692375|{td-579} 0, -19, 0, 0, 0, 0, 0, 0, 0, 0, 0, 0, 0, 0, 0, 0, 0, 0, 
2025-12-28 12:48:56.697284|{tx-579} :-BBB.............
2025-12-28 12:48:56.868365|{rx-580} 1, 0, 0, 3, 581, 594, 0, 0, 0, 0, 0, 1, 0, 1, 1
2025-12-28 12:48:56.872677|{rssi-580} 111, -66, -127, -127, -127, 111, 111, 111, 111, 111, 111, 111, 111, 111, 111, 111, 111, 111, 
2025-12-28 12:48:56.881617|{td-580} 0, -21, 0, 0, 0, 0, 0, 0, 0, 0, 0, 0, 0, 0, 0, 0, 0, 0, 
2025-12-28 12:48:56.887877|{tx-580} :-BBB.............
2025-12-28 12:48:57.058641|{rx-581} 1, 0, 0, 3, 582, 595, 0, 0, 0, 0, 0, 1, 0, 1, 1
2025-12-28 12:48:57.062650|{rssi-581} 111, -67, -127, -127, -127, 111, 111, 111, 111, 111, 111, 111, 111, 111, 111, 111, 111, 111, 
2025-12-28 12:48:57.071238|{td-581} 0, -21, 0, 0, 0, 0, 0, 0, 0, 0, 0, 0, 0, 0, 0, 0, 0, 0, 
2025-12-28 12:48:57.077850|{tx-581} :-BBB.............
2025-12-28 12:48:57.248389|{rx-582} 1, 0, 0, 3, 583, 596, 0, 0, 0, 0, 0, 1, 0, 1, 1
2025-12-28 12:48:57.252405|{rssi-582} 111, -66, -127, -127, -127, 111, 111, 111, 111, 111, 111, 111, 111, 111, 111, 111, 111, 111, 
2025-12-28 12:48:57.261583|{td-582} 0, -19, 0, 0, 0, 0, 0, 0, 0, 0, 0, 0, 0, 0, 0, 0, 0, 0, 
2025-12-28 12:48:57.268247|{tx-582} :-BBB.............
2025-12-28 12:48:57.438473|{rx-583} 1, 0, 0, 3, 584, 597, 0, 0, 0, 0, 0, 1, 0, 1, 1
2025-12-28 12:48:57.442505|{rssi-583} 111, -66, -127, -127, -127, 111, 111, 111, 111, 111, 111, 111, 111, 111, 111, 111, 111, 111, 
2025-12-28 12:48:57.451971|{td-583} 0, -21, 0, 0, 0, 0, 0, 0, 0, 0, 0, 0, 0, 0, 0, 0, 0, 0, 
2025-12-28 12:48:57.457444|{tx-583} :-BBB.............
2025-12-28 12:48:57.628376|{rx-584} 1, 0, 0, 3, 585, 598, 0, 0, 0, 0, 0, 1, 0, 1, 1
2025-12-28 12:48:57.632086|{rssi-584} 111, -68, -127, -127, -127, 111, 111, 111, 111, 111, 111, 111, 111, 111, 111, 111, 111, 111, 
2025-12-28 12:48:57.640976|{td-584} 0, -19, 0, 0, 0, 0, 0, 0, 0, 0, 0, 0, 0, 0, 0, 0, 0, 0, 
2025-12-28 12:48:57.645985|{tx-584} :-BBB.............
2025-12-28 12:48:57.816349|{rx-585} 1, 0, 0, 3, 586, 599, 0, 0, 0, 0, 0, 1, 0, 1, 1
2025-12-28 12:48:57.821701|{rssi-585} 111, -66, -127, -127, -127, 111, 111, 111, 111, 111, 111, 111, 111, 111, 111, 111, 111, 111, 
2025-12-28 12:48:57.832068|{td-585} 0, -21, 0, 0, 0, 0, 0, 0, 0, 0, 0, 0, 0, 0, 0, 0, 0, 0, 
2025-12-28 12:48:57.837201|{tx-585} :-BBB.............
2025-12-28 12:48:58.007675|{rx-586} 1, 0, 0, 3, 587, 600, 0, 0, 0, 0, 0, 1, 0, 1, 1
2025-12-28 12:48:58.012076|{rssi-586} 111, -68, -127, -127, -127, 111, 111, 111, 111, 111, 111, 111, 111, 111, 111, 111, 111, 111, 
2025-12-28 12:48:58.021987|{td-586} 0, -19, 0, 0, 0, 0, 0, 0, 0, 0, 0, 0, 0, 0, 0, 0, 0, 0, 
2025-12-28 12:48:58.026528|{tx-586} :-BBB.............
2025-12-28 12:48:58.197224|{rx-587} 1, 0, 0, 3, 588, 601, 0, 0, 0, 0, 0, 1, 0, 1, 1
2025-12-28 12:48:58.202688|{rssi-587} 111, -67, -127, -127, -127, 111, 111, 111, 111, 111, 111, 111, 111, 111, 111, 111, 111, 111, 
2025-12-28 12:48:58.212214|{td-587} 0, -21, 0, 0, 0, 0, 0, 0, 0, 0, 0, 0, 0, 0, 0, 0, 0, 0, 
2025-12-28 12:48:58.218073|{tx-587} :-BBB.............
2025-12-28 12:48:58.386469|{rx-588} 1, 0, 0, 3, 589, 602, 0, 0, 0, 0, 0, 1, 0, 1, 1
2025-12-28 12:48:58.392604|{rssi-588} 111, -66, -127, -127, -127, 111, 111, 111, 111, 111, 111, 111, 111, 111, 111, 111, 111, 111, 
2025-12-28 12:48:58.402192|{td-588} 0, -19, 0, 0, 0, 0, 0, 0, 0, 0, 0, 0, 0, 0, 0, 0, 0, 0, 
2025-12-28 12:48:58.408390|{tx-588} :-BBB.............
2025-12-28 12:48:58.577835|{rx-589} 1, 0, 0, 3, 590, 603, 0, 0, 0, 0, 0, 1, 0, 1, 1
2025-12-28 12:48:58.581626|{rssi-589} 111, -66, -127, -127, -127, 111, 111, 111, 111, 111, 111, 111, 111, 111, 111, 111, 111, 111, 
2025-12-28 12:48:58.591603|{td-589} 0, -21, 0, 0, 0, 0, 0, 0, 0, 0, 0, 0, 0, 0, 0, 0, 0, 0, 
2025-12-28 12:48:58.597117|{tx-589} :-BBB.............
2025-12-28 12:48:58.767922|{rx-590} 1, 0, 0, 3, 591, 604, 0, 0, 0, 0, 0, 1, 0, 1, 1
2025-12-28 12:48:58.776099|{rssi-590} 111, -66, -127, -127, -127, 111, 111, 111, 111, 111, 111, 111, 111, 111, 111, 111, 111, 111, 
2025-12-28 12:48:58.781656|{td-590} 0, -19, 0, 0, 0, 0, 0, 0, 0, 0, 0, 0, 0, 0, 0, 0, 0, 0, 
2025-12-28 12:48:58.787673|{tx-590} :-BBB.............
2025-12-28 12:48:58.958167|{rx-591} 1, 0, 0, 3, 592, 605, 0, 0, 0, 0, 0, 1, 0, 1, 1
2025-12-28 12:48:58.962535|{rssi-591} 111, -66, -127, -127, -127, 111, 111, 111, 111, 111, 111, 111, 111, 111, 111, 111, 111, 111, 
2025-12-28 12:48:58.972076|{td-591} 0, -19, 0, 0, 0, 0, 0, 0, 0, 0, 0, 0, 0, 0, 0, 0, 0, 0, 
2025-12-28 12:48:58.977535|{tx-591} :-BBB.............
2025-12-28 12:48:59.146316|{rx-592} 1, 0, 0, 3, 593, 606, 0, 0, 0, 0, 0, 1, 0, 1, 1
2025-12-28 12:48:59.151846|{rssi-592} 111, -66, -127, -127, -127, 111, 111, 111, 111, 111, 111, 111, 111, 111, 111, 111, 111, 111, 
2025-12-28 12:48:59.161552|{td-592} 0, -21, 0, 0, 0, 0, 0, 0, 0, 0, 0, 0, 0, 0, 0, 0, 0, 0, 
2025-12-28 12:48:59.166124|{tx-592} :-BBB.............
2025-12-28 12:48:59.337727|{rx-593} 1, 0, 0, 3, 594, 607, 0, 0, 0, 0, 0, 1, 0, 1, 1
2025-12-28 12:48:59.342072|{rssi-593} 111, -66, -127, -127, -127, 111, 111, 111, 111, 111, 111, 111, 111, 111, 111, 111, 111, 111, 
2025-12-28 12:48:59.351316|{td-593} 0, -21, 0, 0, 0, 0, 0, 0, 0, 0, 0, 0, 0, 0, 0, 0, 0, 0, 
2025-12-28 12:48:59.356166|{tx-593} :-BBB.............
2025-12-28 12:48:59.527706|{rx-594} 1, 0, 0, 3, 595, 608, 0, 0, 0, 0, 0, 1, 0, 1, 1
2025-12-28 12:48:59.532460|{rssi-594} 111, -66, -127, -127, -127, 111, 111, 111, 111, 111, 111, 111, 111, 111, 111, 111, 111, 111, 
2025-12-28 12:48:59.541724|{td-594} 0, -19, 0, 0, 0, 0, 0, 0, 0, 0, 0, 0, 0, 0, 0, 0, 0, 0, 
2025-12-28 12:48:59.546750|{tx-594} :-BBB.............
2025-12-28 12:48:59.717862|{rx-595} 1, 0, 0, 3, 596, 609, 0, 0, 0, 0, 0, 1, 0, 1, 1
2025-12-28 12:48:59.722413|{rssi-595} 111, -66, -127, -127, -127, 111, 111, 111, 111, 111, 111, 111, 111, 111, 111, 111, 111, 111, 
2025-12-28 12:48:59.731061|{td-595} 0, -19, 0, 0, 0, 0, 0, 0, 0, 0, 0, 0, 0, 0, 0, 0, 0, 0, 
2025-12-28 12:48:59.738064|{tx-595} :-BBB.............
2025-12-28 12:48:59.907317|{rx-596} 1, 0, 0, 3, 597, 610, 0, 0, 0, 0, 0, 1, 0, 1, 1
2025-12-28 12:48:59.912056|{rssi-596} 111, -68, -127, -127, -127, 111, 111, 111, 111, 111, 111, 111, 111, 111, 111, 111, 111, 111, 
2025-12-28 12:48:59.921444|{td-596} 0, -21, 0, 0, 0, 0, 0, 0, 0, 0, 0, 0, 0, 0, 0, 0, 0, 0, 
2025-12-28 12:48:59.926217|{tx-596} :-BBB.............
2025-12-28 12:49:00.096634|{rx-597} 1, 0, 0, 3, 598, 611, 0, 0, 0, 0, 0, 1, 0, 1, 1
2025-12-28 12:49:00.101933|{rssi-597} 111, -68, -127, -127, -127, 111, 111, 111, 111, 111, 111, 111, 111, 111, 111, 111, 111, 111, 
2025-12-28 12:49:00.110914|{td-597} 0, -21, 0, 0, 0, 0, 0, 0, 0, 0, 0, 0, 0, 0, 0, 0, 0, 0, 
2025-12-28 12:49:00.116147|{tx-597} :-BBB.............
2025-12-28 12:49:00.287087|{rx-598} 1, 0, 0, 3, 599, 612, 0, 0, 0, 0, 0, 1, 0, 1, 1
2025-12-28 12:49:00.292070|{rssi-598} 111, -66, -127, -127, -127, 111, 111, 111, 111, 111, 111, 111, 111, 111, 111, 111, 111, 111, 
2025-12-28 12:49:00.300975|{td-598} 0, -19, 0, 0, 0, 0, 0, 0, 0, 0, 0, 0, 0, 0, 0, 0, 0, 0, 
2025-12-28 12:49:00.306786|{tx-598} :-BBB.............
2025-12-28 12:49:00.477859|{rx-599} 1, 0, 0, 3, 600, 613, 0, 0, 0, 0, 0, 1, 0, 1, 1
2025-12-28 12:49:00.481949|{rssi-599} 111, -69, -127, -127, -127, 111, 111, 111, 111, 111, 111, 111, 111, 111, 111, 111, 111, 111, 
2025-12-28 12:49:00.491051|{td-599} 0, -19, 0, 0, 0, 0, 0, 0, 0, 0, 0, 0, 0, 0, 0, 0, 0, 0, 
2025-12-28 12:49:00.497286|{tx-599} :-BBB.............
2025-12-28 12:49:00.667880|{rx-600} 1, 0, 0, 3, 601, 614, 0, 0, 0, 0, 0, 1, 0, 1, 1
2025-12-28 12:49:00.671720|{rssi-600} 111, -66, -127, -127, -127, 111, 111, 111, 111, 111, 111, 111, 111, 111, 111, 111, 111, 111, 
2025-12-28 12:49:00.680780|{td-600} 0, -21, 0, 0, 0, 0, 0, 0, 0, 0, 0, 0, 0, 0, 0, 0, 0, 0, 
2025-12-28 12:49:00.686588|{tx-600} :-BBB.............
2025-12-28 12:49:00.858732|{rx-601} 1, 0, 0, 3, 602, 615, 0, 0, 0, 0, 0, 1, 0, 1, 1
2025-12-28 12:49:00.861713|{rssi-601} 111, -66, -127, -127, -127, 111, 111, 111, 111, 111, 111, 111, 111, 111, 111, 111, 111, 111, 
2025-12-28 12:49:00.870963|{td-601} 0, -19, 0, 0, 0, 0, 0, 0, 0, 0, 0, 0, 0, 0, 0, 0, 0, 0, 
2025-12-28 12:49:00.876723|{tx-601} :-BBB.............
2025-12-28 12:49:01.048652|{rx-602} 1, 0, 0, 3, 603, 616, 0, 0, 0, 0, 0, 1, 0, 1, 1
2025-12-28 12:49:01.051387|{rssi-602} 111, -66, -127, -127, -127, 111, 111, 111, 111, 111, 111, 111, 111, 111, 111, 111, 111, 111, 
2025-12-28 12:49:01.061177|{td-602} 0, -21, 0, 0, 0, 0, 0, 0, 0, 0, 0, 0, 0, 0, 0, 0, 0, 0, 
2025-12-28 12:49:01.068049|{tx-602} :-BBB.............
2025-12-28 12:49:01.236799|{rx-603} 1, 0, 0, 3, 604, 617, 0, 0, 0, 0, 0, 1, 0, 1, 1
2025-12-28 12:49:01.241922|{rssi-603} 111, -67, -127, -127, -127, 111, 111, 111, 111, 111, 111, 111, 111, 111, 111, 111, 111, 111, 
2025-12-28 12:49:01.251478|{td-603} 0, -19, 0, 0, 0, 0, 0, 0, 0, 0, 0, 0, 0, 0, 0, 0, 0, 0, 
2025-12-28 12:49:01.257498|{tx-603} :-BBB.............
2025-12-28 12:49:01.428077|{rx-604} 1, 0, 0, 3, 605, 618, 0, 0, 0, 0, 0, 1, 0, 1, 1
2025-12-28 12:49:01.431451|{rssi-604} 111, -68, -127, -127, -127, 111, 111, 111, 111, 111, 111, 111, 111, 111, 111, 111, 111, 111, 
2025-12-28 12:49:01.440748|{td-604} 0, -21, 0, 0, 0, 0, 0, 0, 0, 0, 0, 0, 0, 0, 0, 0, 0, 0, 
2025-12-28 12:49:01.448826|{tx-604} :-BBB.............
2025-12-28 12:49:01.616999|{rx-605} 1, 0, 0, 3, 606, 619, 0, 0, 0, 0, 0, 1, 0, 1, 1
2025-12-28 12:49:01.621673|{rssi-605} 111, -67, -127, -127, -127, 111, 111, 111, 111, 111, 111, 111, 111, 111, 111, 111, 111, 111, 
2025-12-28 12:49:01.631116|{td-605} 0, -19, 0, 0, 0, 0, 0, 0, 0, 0, 0, 0, 0, 0, 0, 0, 0, 0, 
2025-12-28 12:49:01.637530|{tx-605} :-BBB.............
2025-12-28 12:49:01.806493|{rx-606} 1, 0, 0, 3, 607, 620, 0, 0, 0, 0, 0, 1, 0, 1, 1
2025-12-28 12:49:01.812030|{rssi-606} 111, -66, -127, -127, -127, 111, 111, 111, 111, 111, 111, 111, 111, 111, 111, 111, 111, 111, 
2025-12-28 12:49:01.821246|{td-606} 0, -21, 0, 0, 0, 0, 0, 0, 0, 0, 0, 0, 0, 0, 0, 0, 0, 0, 
2025-12-28 12:49:01.826047|{tx-606} :-BBB.............
2025-12-28 12:49:01.997669|{rx-607} 1, 0, 0, 3, 608, 621, 0, 0, 0, 0, 0, 1, 0, 1, 1
2025-12-28 12:49:02.001836|{rssi-607} 111, -66, -127, -127, -127, 111, 111, 111, 111, 111, 111, 111, 111, 111, 111, 111, 111, 111, 
2025-12-28 12:49:02.011544|{td-607} 0, -19, 0, 0, 0, 0, 0, 0, 0, 0, 0, 0, 0, 0, 0, 0, 0, 0, 
2025-12-28 12:49:02.017496|{tx-607} :-BBB.............
2025-12-28 12:49:02.187520|{rx-608} 1, 0, 0, 3, 609, 622, 0, 0, 0, 0, 0, 1, 0, 1, 1
2025-12-28 12:49:02.191617|{rssi-608} 111, -68, -127, -127, -127, 111, 111, 111, 111, 111, 111, 111, 111, 111, 111, 111, 111, 111, 
2025-12-28 12:49:02.200478|{td-608} 0, -21, 0, 0, 0, 0, 0, 0, 0, 0, 0, 0, 0, 0, 0, 0, 0, 0, 
2025-12-28 12:49:02.205811|{tx-608} :-BBB.............
2025-12-28 12:49:02.378185|{rx-609} 1, 0, 0, 3, 610, 623, 0, 0, 0, 0, 0, 1, 0, 1, 1
2025-12-28 12:49:02.381496|{rssi-609} 111, -66, -127, -127, -127, 111, 111, 111, 111, 111, 111, 111, 111, 111, 111, 111, 111, 111, 
2025-12-28 12:49:02.391211|{td-609} 0, -19, 0, 0, 0, 0, 0, 0, 0, 0, 0, 0, 0, 0, 0, 0, 0, 0, 
2025-12-28 12:49:02.395653|{tx-609} :-BBB.............
2025-12-28 12:49:02.567110|{rx-610} 1, 0, 0, 3, 611, 624, 0, 0, 0, 0, 0, 1, 0, 1, 1
2025-12-28 12:49:02.571862|{rssi-610} 111, -66, -127, -127, -127, 111, 111, 111, 111, 111, 111, 111, 111, 111, 111, 111, 111, 111, 
2025-12-28 12:49:02.580868|{td-610} 0, -21, 0, 0, 0, 0, 0, 0, 0, 0, 0, 0, 0, 0, 0, 0, 0, 0, 
2025-12-28 12:49:02.585832|{tx-610} :-BBB.............
2025-12-28 12:49:02.755748|{rx-611} 1, 0, 0, 3, 612, 625, 0, 0, 0, 0, 0, 1, 0, 1, 1
2025-12-28 12:49:02.761623|{rssi-611} 111, -66, -127, -127, -127, 111, 111, 111, 111, 111, 111, 111, 111, 111, 111, 111, 111, 111, 
2025-12-28 12:49:02.770655|{td-611} 0, -19, 0, 0, 0, 0, 0, 0, 0, 0, 0, 0, 0, 0, 0, 0, 0, 0, 
2025-12-28 12:49:02.777271|{tx-611} :-BBB.............
2025-12-28 12:49:02.946073|{rx-612} 1, 0, 0, 3, 613, 626, 0, 0, 0, 0, 0, 1, 0, 1, 1
2025-12-28 12:49:02.951903|{rssi-612} 111, -66, -127, -127, -127, 111, 111, 111, 111, 111, 111, 111, 111, 111, 111, 111, 111, 111, 
2025-12-28 12:49:02.959757|{td-612} 0, -21, 0, 0, 0, 0, 0, 0, 0, 0, 0, 0, 0, 0, 0, 0, 0, 0, 
2025-12-28 12:49:02.965403|{tx-612} :-BBB.............
2025-12-28 12:49:03.137353|{rx-613} 1, 0, 0, 3, 614, 627, 0, 0, 0, 0, 0, 1, 0, 1, 1
2025-12-28 12:49:03.141066|{rssi-613} 111, -68, -127, -127, -127, 111, 111, 111, 111, 111, 111, 111, 111, 111, 111, 111, 111, 111, 
2025-12-28 12:49:03.150941|{td-613} 0, -19, 0, 0, 0, 0, 0, 0, 0, 0, 0, 0, 0, 0, 0, 0, 0, 0, 
2025-12-28 12:49:03.155452|{tx-613} :-BBB.............
2025-12-28 12:49:03.326647|{rx-614} 1, 0, 0, 3, 615, 628, 0, 0, 0, 0, 0, 1, 0, 1, 1
2025-12-28 12:49:03.331711|{rssi-614} 111, -66, -127, -127, -127, 111, 111, 111, 111, 111, 111, 111, 111, 111, 111, 111, 111, 111, 
2025-12-28 12:49:03.341538|{td-614} 0, -21, 0, 0, 0, 0, 0, 0, 0, 0, 0, 0, 0, 0, 0, 0, 0, 0, 
2025-12-28 12:49:03.345998|{tx-614} :-BBB.............
2025-12-28 12:49:03.516075|{rx-615} 1, 0, 0, 3, 616, 629, 0, 0, 0, 0, 0, 1, 0, 1, 1
2025-12-28 12:49:03.521008|{rssi-615} 111, -66, -127, -127, -127, 111, 111, 111, 111, 111, 111, 111, 111, 111, 111, 111, 111, 111, 
2025-12-28 12:49:03.530228|{td-615} 0, -19, 0, 0, 0, 0, 0, 0, 0, 0, 0, 0, 0, 0, 0, 0, 0, 0, 
2025-12-28 12:49:03.535387|{tx-615} :-BBB.............
2025-12-28 12:49:03.706515|{rx-616} 1, 0, 0, 3, 617, 630, 0, 0, 0, 0, 0, 1, 0, 1, 1
2025-12-28 12:49:03.712315|{rssi-616} 111, -66, -127, -127, -127, 111, 111, 111, 111, 111, 111, 111, 111, 111, 111, 111, 111, 111, 
2025-12-28 12:49:03.720536|{td-616} 0, -21, 0, 0, 0, 0, 0, 0, 0, 0, 0, 0, 0, 0, 0, 0, 0, 0, 
2025-12-28 12:49:03.725737|{tx-616} :-BBB.............
2025-12-28 12:49:03.896329|{rx-617} 1, 0, 0, 3, 618, 631, 0, 0, 0, 0, 0, 1, 0, 1, 1
2025-12-28 12:49:03.906637|{rssi-617} 111, -68, -127, -127, -127, 111, 111, 111, 111, 111, 111, 111, 111, 111, 111, 111, 111, 111, 
2025-12-28 12:49:03.911294|{td-617} 0, -19, 0, 0, 0, 0, 0, 0, 0, 0, 0, 0, 0, 0, 0, 0, 0, 0, 
2025-12-28 12:49:03.917546|{tx-617} :-BBB.............
2025-12-28 12:49:04.086208|{rx-618} 1, 0, 0, 3, 619, 632, 0, 0, 0, 0, 0, 1, 0, 1, 1
2025-12-28 12:49:04.092289|{rssi-618} 111, -66, -127, -127, -127, 111, 111, 111, 111, 111, 111, 111, 111, 111, 111, 111, 111, 111, 
2025-12-28 12:49:04.100410|{td-618} 0, -21, 0, 0, 0, 0, 0, 0, 0, 0, 0, 0, 0, 0, 0, 0, 0, 0, 
2025-12-28 12:49:04.107444|{tx-618} :-BBB.............
2025-12-28 12:49:04.276497|{rx-619} 1, 0, 0, 3, 620, 633, 0, 0, 0, 0, 0, 1, 0, 1, 1
2025-12-28 12:49:04.280702|{rssi-619} 111, -66, -127, -127, -127, 111, 111, 111, 111, 111, 111, 111, 111, 111, 111, 111, 111, 111, 
2025-12-28 12:49:04.290318|{td-619} 0, -19, 0, 0, 0, 0, 0, 0, 0, 0, 0, 0, 0, 0, 0, 0, 0, 0, 
2025-12-28 12:49:04.296334|{tx-619} :-BBB.............
2025-12-28 12:49:04.466409|{rx-620} 1, 0, 0, 3, 621, 634, 0, 0, 0, 0, 0, 1, 0, 1, 1
2025-12-28 12:49:04.470986|{rssi-620} 111, -68, -127, -127, -127, 111, 111, 111, 111, 111, 111, 111, 111, 111, 111, 111, 111, 111, 
2025-12-28 12:49:04.480566|{td-620} 0, -19, 0, 0, 0, 0, 0, 0, 0, 0, 0, 0, 0, 0, 0, 0, 0, 0, 
2025-12-28 12:49:04.485446|{tx-620} :-BBB.............
2025-12-28 12:49:04.656391|{rx-621} 1, 0, 0, 3, 622, 635, 0, 0, 0, 0, 0, 1, 0, 1, 1
2025-12-28 12:49:04.660950|{rssi-621} 111, -66, -127, -127, -127, 111, 111, 111, 111, 111, 111, 111, 111, 111, 111, 111, 111, 111, 
2025-12-28 12:49:04.670788|{td-621} 0, -21, 0, 0, 0, 0, 0, 0, 0, 0, 0, 0, 0, 0, 0, 0, 0, 0, 
2025-12-28 12:49:04.676139|{tx-621} :-BBB.............
2025-12-28 12:49:04.846624|{rx-622} 1, 0, 0, 3, 623, 636, 0, 0, 0, 0, 0, 1, 0, 1, 1
2025-12-28 12:49:04.851193|{rssi-622} 111, -66, -127, -127, -127, 111, 111, 111, 111, 111, 111, 111, 111, 111, 111, 111, 111, 111, 
2025-12-28 12:49:04.860921|{td-622} 0, -19, 0, 0, 0, 0, 0, 0, 0, 0, 0, 0, 0, 0, 0, 0, 0, 0, 
2025-12-28 12:49:04.866166|{tx-622} :-BBB.............
2025-12-28 12:49:05.036551|{rx-623} 1, 0, 0, 3, 624, 637, 0, 0, 0, 0, 0, 1, 0, 1, 1
2025-12-28 12:49:05.041753|{rssi-623} 111, -66, -127, -127, -127, 111, 111, 111, 111, 111, 111, 111, 111, 111, 111, 111, 111, 111, 
2025-12-28 12:49:05.050697|{td-623} 0, -21, 0, 0, 0, 0, 0, 0, 0, 0, 0, 0, 0, 0, 0, 0, 0, 0, 
2025-12-28 12:49:05.055320|{tx-623} :-BBB.............
2025-12-28 12:49:05.227693|{rx-624} 1, 0, 0, 3, 625, 638, 0, 0, 0, 0, 0, 1, 0, 1, 1
2025-12-28 12:49:05.231353|{rssi-624} 111, -66, -127, -127, -127, 111, 111, 111, 111, 111, 111, 111, 111, 111, 111, 111, 111, 111, 
2025-12-28 12:49:05.241296|{td-624} 0, -21, 0, 0, 0, 0, 0, 0, 0, 0, 0, 0, 0, 0, 0, 0, 0, 0, 
2025-12-28 12:49:05.246421|{tx-624} :-BBB.............
2025-12-28 12:49:05.416698|{rx-625} 1, 0, 0, 3, 626, 639, 0, 0, 0, 0, 0, 1, 0, 1, 1
2025-12-28 12:49:05.420234|{rssi-625} 111, -66, -127, -127, -127, 111, 111, 111, 111, 111, 111, 111, 111, 111, 111, 111, 111, 111, 
2025-12-28 12:49:05.429622|{td-625} 0, -19, 0, 0, 0, 0, 0, 0, 0, 0, 0, 0, 0, 0, 0, 0, 0, 0, 
2025-12-28 12:49:05.435596|{tx-625} :-BBB.............
2025-12-28 12:49:05.606457|{rx-626} 1, 0, 0, 3, 627, 640, 0, 0, 0, 0, 0, 1, 0, 1, 1
2025-12-28 12:49:05.611653|{rssi-626} 111, -66, -127, -127, -127, 111, 111, 111, 111, 111, 111, 111, 111, 111, 111, 111, 111, 111, 
2025-12-28 12:49:05.620251|{td-626} 0, -19, 0, 0, 0, 0, 0, 0, 0, 0, 0, 0, 0, 0, 0, 0, 0, 0, 
2025-12-28 12:49:05.626055|{tx-626} :-BBB.............
2025-12-28 12:49:05.696029| 