2025-12-28 12:47:06.020344|Testing
2025-12-28 12:47:06.020709|Node 0x167c7c75
2025-12-28 12:47:06.687986|{rx-0} 1, 0, 0, 3, 1, 1, 0, 0, 0, 0, 0, 1, 0, 0, 0
2025-12-28 12:47:06.691051|{rssi-0} 0, -53, -127, -127, -127, 0, 0, 0, 0, 0, 0, 0, 0, 0, 0, 0, 0, 0, 
2025-12-28 12:47:06.698537|{td-0} 0, 5115520, 0, 0, 0, 0, 0, 0, 0, 0, 0, 0, 0, 0, 0, 0, 0, 0, 
2025-12-28 12:47:06.703433|{tx-0} :-BBB
2025-12-28 12:47:06.705240|#R 0, ID: 0x167c7c75 8, master: 0xf2de209e, tx power: 0 dBm, channel 37 = 2405 MHz (std), msg: 39 bytes, mode: Ble_1Mbit, CE: 0, @ Dec 28 2025 11:43:06
2025-12-28 12:47:06.876753|{rx-1} 1, 0, 0, 3, 2, 2, 0, 0, 0, 0, 0, 1, 0, 1, 1
2025-12-28 12:47:06.880815|{rssi-1} 111, -53, -127, -127, -127, 111, 111, 111, 111, 111, 111, 111, 111, 111, 111, 111, 111, 111, 
2025-12-28 12:47:06.890997|{td-1} 0, -13, 0, 0, 0, 0, 0, 0, 0, 0, 0, 0, 0, 0, 0, 0, 0, 0, 
2025-12-28 12:47:06.896416|{tx-1} :-BBB.............
2025-12-28 12:47:07.067351|{rx-2} 1, 0, 0, 3, 3, 3, 0, 0, 0, 0, 0, 1, 0, 1, 1
2025-12-28 12:47:07.071706|{rssi-2} 111, -53, -127, -127, -127, 111, 111, 111, 111, 111, 111, 111, 111, 111, 111, 111, 111, 111, 
2025-12-28 12:47:07.080928|{td-2} 0, -15, 0, 0, 0, 0, 0, 0, 0, 0, 0, 0, 0, 0, 0, 0, 0, 0, 
2025-12-28 12:47:07.085469|{tx-2} :-BBB.............
2025-12-28 12:47:07.257932|{rx-3} 1, 0, 0, 3, 4, 4, 0, 0, 0, 0, 0, 1, 0, 1, 1
2025-12-28 12:47:07.261545|{rssi-3} 111, -53, -127, -127, -127, 111, 111, 111, 111, 111, 111, 111, 111, 111, 111, 111, 111, 111, 
2025-12-28 12:47:07.270905|{td-3} 0, -13, 0, 0, 0, 0, 0, 0, 0, 0, 0, 0, 0, 0, 0, 0, 0, 0, 
2025-12-28 12:47:07.275563|{tx-3} :-BBB.............
2025-12-28 12:47:07.446646|{rx-4} 1, 0, 0, 3, 5, 5, 0, 0, 0, 0, 0, 1, 0, 1, 1
2025-12-28 12:47:07.450959|{rssi-4} 111, -53, -127, -127, -127, 111, 111, 111, 111, 111, 111, 111, 111, 111, 111, 111, 111, 111, 
2025-12-28 12:47:07.460608|{td-4} 0, -15, 0, 0, 0, 0, 0, 0, 0, 0, 0, 0, 0, 0, 0, 0, 0, 0, 
2025-12-28 12:47:07.465539|{tx-4} :-BBB.............
2025-12-28 12:47:07.637887|{rx-5} 1, 0, 0, 3, 6, 6, 0, 0, 0, 0, 0, 1, 0, 1, 1
2025-12-28 12:47:07.641738|{rssi-5} 111, -53, -127, -127, -127, 111, 111, 111, 111, 111, 111, 111, 111, 111, 111, 111, 111, 111, 
2025-12-28 12:47:07.650482|{td-5} 0, -15, 0, 0, 0, 0, 0, 0, 0, 0, 0, 0, 0, 0, 0, 0, 0, 0, 
2025-12-28 12:47:07.655296|{tx-5} :-BBB.............
2025-12-28 12:47:07.827436|{rx-6} 1, 0, 0, 3, 7, 7, 0, 0, 0, 0, 0, 1, 0, 1, 1
2025-12-28 12:47:07.831243|{rssi-6} 111, -53, -127, -127, -127, 111, 111, 111, 111, 111, 111, 111, 111, 111, 111, 111, 111, 111, 
2025-12-28 12:47:07.840099|{td-6} 0, -13, 0, 0, 0, 0, 0, 0, 0, 0, 0, 0, 0, 0, 0, 0, 0, 0, 
2025-12-28 12:47:07.846364|{tx-6} :-BBB.............
2025-12-28 12:47:08.017391|{rx-7} 1, 0, 0, 3, 8, 8, 0, 0, 0, 0, 0, 1, 0, 1, 1
2025-12-28 12:47:08.021349|{rssi-7} 111, -53, -127, -127, -127, 111, 111, 111, 111, 111, 111, 111, 111, 111, 111, 111, 111, 111, 
2025-12-28 12:47:08.030852|{td-7} 0, -15, 0, 0, 0, 0, 0, 0, 0, 0, 0, 0, 0, 0, 0, 0, 0, 0, 
2025-12-28 12:47:08.035169|{tx-7} :-BBB.............
2025-12-28 12:47:08.207205|{rx-8} 1, 0, 0, 3, 9, 9, 0, 0, 0, 0, 0, 1, 0, 1, 1
2025-12-28 12:47:08.211169|{rssi-8} 111, -53, -127, -127, -127, 111, 111, 111, 111, 111, 111, 111, 111, 111, 111, 111, 111, 111, 
2025-12-28 12:47:08.220602|{td-8} 0, -13, 0, 0, 0, 0, 0, 0, 0, 0, 0, 0, 0, 0, 0, 0, 0, 0, 
2025-12-28 12:47:08.225334|{tx-8} :-BBB.............
2025-12-28 12:47:08.396638|{rx-9} 1, 0, 0, 3, 10, 10, 0, 0, 0, 0, 0, 1, 0, 1, 1
2025-12-28 12:47:08.401526|{rssi-9} 111, -53, -127, -127, -127, 111, 111, 111, 111, 111, 111, 111, 111, 111, 111, 111, 111, 111, 
2025-12-28 12:47:08.411513|{td-9} 0, -15, 0, 0, 0, 0, 0, 0, 0, 0, 0, 0, 0, 0, 0, 0, 0, 0, 
2025-12-28 12:47:08.417316|{tx-9} :-BBB.............
2025-12-28 12:47:08.587873|{rx-10} 1, 0, 0, 3, 11, 11, 0, 0, 0, 0, 0, 1, 0, 1, 1
2025-12-28 12:47:08.592137|{rssi-10} 111, -53, -127, -127, -127, 111, 111, 111, 111, 111, 111, 111, 111, 111, 111, 111, 111, 111, 
2025-12-28 12:47:08.601437|{td-10} 0, -13, 0, 0, 0, 0, 0, 0, 0, 0, 0, 0, 0, 0, 0, 0, 0, 0, 
2025-12-28 12:47:08.606247|{tx-10} :-BBB.............
2025-12-28 12:47:08.776780|{rx-11} 1, 0, 0, 3, 12, 12, 0, 0, 0, 0, 0, 1, 0, 1, 1
2025-12-28 12:47:08.782021|{rssi-11} 111, -53, -127, -127, -127, 111, 111, 111, 111, 111, 111, 111, 111, 111, 111, 111, 111, 111, 
2025-12-28 12:47:08.791099|{td-11} 0, -15, 0, 0, 0, 0, 0, 0, 0, 0, 0, 0, 0, 0, 0, 0, 0, 0, 
2025-12-28 12:47:08.796565|{tx-11} :-BBB.............
2025-12-28 12:47:08.967119|{rx-12} 1, 0, 0, 3, 13, 13, 0, 0, 0, 0, 0, 1, 0, 1, 1
2025-12-28 12:47:08.970989|{rssi-12} 111, -53, -127, -127, -127, 111, 111, 111, 111, 111, 111, 111, 111, 111, 111, 111, 111, 111, 
2025-12-28 12:47:08.981968|{td-12} 0, -13, 0, 0, 0, 0, 0, 0, 0, 0, 0, 0, 0, 0, 0, 0, 0, 0, 
2025-12-28 12:47:08.985482|{tx-12} :-BBB.............
2025-12-28 12:47:09.156694|{rx-13} 1, 0, 0, 3, 14, 14, 0, 0, 0, 0, 0, 1, 0, 1, 1
2025-12-28 12:47:09.162070|{rssi-13} 111, -53, -127, -127, -127, 111, 111, 111, 111, 111, 111, 111, 111, 111, 111, 111, 111, 111, 
2025-12-28 12:47:09.170990|{td-13} 0, -15, 0, 0, 0, 0, 0, 0, 0, 0, 0, 0, 0, 0, 0, 0, 0, 0, 
2025-12-28 12:47:09.176219|{tx-13} :-BBB.............
2025-12-28 12:47:09.347311|{rx-14} 1, 0, 0, 3, 15, 15, 0, 0, 0, 0, 0, 1, 0, 1, 1
2025-12-28 12:47:09.352040|{rssi-14} 111, -53, -127, -127, -127, 111, 111, 111, 111, 111, 111, 111, 111, 111, 111, 111, 111, 111, 
2025-12-28 12:47:09.361668|{td-14} 0, -13, 0, 0, 0, 0, 0, 0, 0, 0, 0, 0, 0, 0, 0, 0, 0, 0, 
2025-12-28 12:47:09.365326|{tx-14} :-BBB.............
2025-12-28 12:47:09.536578|{rx-15} 1, 0, 0, 3, 16, 16, 0, 0, 0, 0, 0, 1, 0, 1, 1
2025-12-28 12:47:09.541489|{rssi-15} 111, -53, -127, -127, -127, 111, 111, 111, 111, 111, 111, 111, 111, 111, 111, 111, 111, 111, 
2025-12-28 12:47:09.551782|{td-15} 0, -15, 0, 0, 0, 0, 0, 0, 0, 0, 0, 0, 0, 0, 0, 0, 0, 0, 
2025-12-28 12:47:09.555598|{tx-15} :-BBB.............
2025-12-28 12:47:09.726030|{rx-16} 1, 0, 0, 3, 17, 17, 0, 0, 0, 0, 0, 1, 0, 1, 1
2025-12-28 12:47:09.731582|{rssi-16} 111, -53, -127, -127, -127, 111, 111, 111, 111, 111, 111, 111, 111, 111, 111, 111, 111, 111, 
2025-12-28 12:47:09.740609|{td-16} 0, -13, 0, 0, 0, 0, 0, 0, 0, 0, 0, 0, 0, 0, 0, 0, 0, 0, 
2025-12-28 12:47:09.746422|{tx-16} :-BBB.............
2025-12-28 12:47:09.916789|{rx-17} 1, 0, 0, 3, 18, 18, 0, 0, 0, 0, 0, 1, 0, 1, 1
2025-12-28 12:47:09.921351|{rssi-17} 111, -53, -127, -127, -127, 111, 111, 111, 111, 111, 111, 111, 111, 111, 111, 111, 111, 111, 
2025-12-28 12:47:09.931841|{td-17} 0, -15, 0, 0, 0, 0, 0, 0, 0, 0, 0, 0, 0, 0, 0, 0, 0, 0, 
2025-12-28 12:47:09.936680|{tx-17} :-BBB.............
2025-12-28 12:47:10.105920|{rx-18} 1, 0, 0, 3, 19, 19, 0, 0, 0, 0, 0, 1, 0, 1, 1
2025-12-28 12:47:10.111612|{rssi-18} 111, -53, -127, -127, -127, 111, 111, 111, 111, 111, 111, 111, 111, 111, 111, 111, 111, 111, 
2025-12-28 12:47:10.120894|{td-18} 0, -13, 0, 0, 0, 0, 0, 0, 0, 0, 0, 0, 0, 0, 0, 0, 0, 0, 
2025-12-28 12:47:10.125979|{tx-18} :-BBB.............
2025-12-28 12:47:10.296643|{rx-19} 1, 0, 0, 3, 20, 20, 0, 0, 0, 0, 0, 1, 0, 1, 1
2025-12-28 12:47:10.301461|{rssi-19} 111, -53, -127, -127, -127, 111, 111, 111, 111, 111, 111, 111, 111, 111, 111, 111, 111, 111, 
2025-12-28 12:47:10.311409|{td-19} 0, -15, 0, 0, 0, 0, 0, 0, 0, 0, 0, 0, 0, 0, 0, 0, 0, 0, 
2025-12-28 12:47:10.315599|{tx-19} :-BBB.............
2025-12-28 12:47:10.487230|{rx-20} 1, 0, 0, 3, 21, 21, 0, 0, 0, 0, 0, 1, 0, 1, 1
2025-12-28 12:47:10.491900|{rssi-20} 111, -53, -127, -127, -127, 111, 111, 111, 111, 111, 111, 111, 111, 111, 111, 111, 111, 111, 
2025-12-28 12:47:10.501415|{td-20} 0, -15, 0, 0, 0, 0, 0, 0, 0, 0, 0, 0, 0, 0, 0, 0, 0, 0, 
2025-12-28 12:47:10.505950|{tx-20} :-BBB.............
2025-12-28 12:47:10.677458|{rx-21} 1, 0, 0, 3, 22, 22, 0, 0, 0, 0, 0, 1, 0, 1, 1
2025-12-28 12:47:10.681604|{rssi-21} 111, -53, -127, -127, -127, 111, 111, 111, 111, 111, 111, 111, 111, 111, 111, 111, 111, 111, 
2025-12-28 12:47:10.691313|{td-21} 0, -13, 0, 0, 0, 0, 0, 0, 0, 0, 0, 0, 0, 0, 0, 0, 0, 0, 
2025-12-28 12:47:10.697177|{tx-21} :-BBB.............
2025-12-28 12:47:10.866725|{rx-22} 1, 0, 0, 3, 23, 23, 0, 0, 0, 0, 0, 1, 0, 1, 1
2025-12-28 12:47:10.871792|{rssi-22} 111, -53, -127, -127, -127, 111, 111, 111, 111, 111, 111, 111, 111, 111, 111, 111, 111, 111, 
2025-12-28 12:47:10.881258|{td-22} 0, -15, 0, 0, 0, 0, 0, 0, 0, 0, 0, 0, 0, 0, 0, 0, 0, 0, 
2025-12-28 12:47:10.886455|{tx-22} :-BBB.............
2025-12-28 12:47:11.057837|{rx-23} 1, 0, 0, 3, 24, 24, 0, 0, 0, 0, 0, 1, 0, 1, 1
2025-12-28 12:47:11.063763|{rssi-23} 111, -53, -127, -127, -127, 111, 111, 111, 111, 111, 111, 111, 111, 111, 111, 111, 111, 111, 
2025-12-28 12:47:11.071440|{td-23} 0, -13, 0, 0, 0, 0, 0, 0, 0, 0, 0, 0, 0, 0, 0, 0, 0, 0, 
2025-12-28 12:47:11.077003|{tx-23} :-BBB.............
2025-12-28 12:47:11.247482|{rx-24} 1, 0, 0, 3, 25, 25, 0, 0, 0, 0, 0, 1, 0, 1, 1
2025-12-28 12:47:11.252079|{rssi-24} 111, -53, -127, -127, -127, 111, 111, 111, 111, 111, 111, 111, 111, 111, 111, 111, 111, 111, 
2025-12-28 12:47:11.261674|{td-24} 0, -13, 0, 0, 0, 0, 0, 0, 0, 0, 0, 0, 0, 0, 0, 0, 0, 0, 
2025-12-28 12:47:11.267182|{tx-24} :-BBB.............
2025-12-28 12:47:11.437799|{rx-25} 1, 0, 0, 3, 26, 26, 0, 0, 0, 0, 0, 1, 0, 1, 1
2025-12-28 12:47:11.441138|{rssi-25} 111, -53, -127, -127, -127, 111, 111, 111, 111, 111, 111, 111, 111, 111, 111, 111, 111, 111, 
2025-12-28 12:47:11.450767|{td-25} 0, -17, 0, 0, 0, 0, 0, 0, 0, 0, 0, 0, 0, 0, 0, 0, 0, 0, 
2025-12-28 12:47:11.456243|{tx-25} :-BBB.............
2025-12-28 12:47:11.628334|{rx-26} 1, 0, 0, 3, 27, 27, 0, 0, 0, 0, 0, 1, 0, 1, 1
2025-12-28 12:47:11.631068|{rssi-26} 111, -53, -127, -127, -127, 111, 111, 111, 111, 111, 111, 111, 111, 111, 111, 111, 111, 111, 
2025-12-28 12:47:11.641010|{td-26} 0, -13, 0, 0, 0, 0, 0, 0, 0, 0, 0, 0, 0, 0, 0, 0, 0, 0, 
2025-12-28 12:47:11.646570|{tx-26} :-BBB.............
2025-12-28 12:47:11.817159|{rx-27} 1, 0, 0, 3, 28, 28, 0, 0, 0, 0, 0, 1, 0, 1, 1
2025-12-28 12:47:11.821926|{rssi-27} 111, -53, -127, -127, -127, 111, 111, 111, 111, 111, 111, 111, 111, 111, 111, 111, 111, 111, 
2025-12-28 12:47:11.830061|{td-27} 0, -15, 0, 0, 0, 0, 0, 0, 0, 0, 0, 0, 0, 0, 0, 0, 0, 0, 
2025-12-28 12:47:11.836913|{tx-27} :-BBB.............
2025-12-28 12:47:12.008013|{rx-28} 1, 0, 0, 3, 29, 29, 0, 0, 0, 0, 0, 1, 0, 1, 1
2025-12-28 12:47:12.011685|{rssi-28} 111, -53, -127, -127, -127, 111, 111, 111, 111, 111, 111, 111, 111, 111, 111, 111, 111, 111, 
2025-12-28 12:47:12.020765|{td-28} 0, -13, 0, 0, 0, 0, 0, 0, 0, 0, 0, 0, 0, 0, 0, 0, 0, 0, 
2025-12-28 12:47:12.026781|{tx-28} :-BBB.............
2025-12-28 12:47:12.196729|{rx-29} 1, 0, 0, 3, 30, 30, 0, 0, 0, 0, 0, 1, 0, 1, 1
2025-12-28 12:47:12.201630|{rssi-29} 111, -53, -127, -127, -127, 111, 111, 111, 111, 111, 111, 111, 111, 111, 111, 111, 111, 111, 
2025-12-28 12:47:12.210835|{td-29} 0, -13, 0, 0, 0, 0, 0, 0, 0, 0, 0, 0, 0, 0, 0, 0, 0, 0, 
2025-12-28 12:47:12.216036|{tx-29} :-BBB.............
2025-12-28 12:47:12.387496|{rx-30} 1, 0, 0, 3, 31, 31, 0, 0, 0, 0, 0, 1, 0, 1, 1
2025-12-28 12:47:12.391087|{rssi-30} 111, -53, -127, -127, -127, 111, 111, 111, 111, 111, 111, 111, 111, 111, 111, 111, 111, 111, 
2025-12-28 12:47:12.401130|{td-30} 0, -15, 0, 0, 0, 0, 0, 0, 0, 0, 0, 0, 0, 0, 0, 0, 0, 0, 
2025-12-28 12:47:12.406238|{tx-30} :-BBB.............
2025-12-28 12:47:12.576900|{rx-31} 1, 0, 0, 3, 32, 32, 0, 0, 0, 0, 0, 1, 0, 1, 1
2025-12-28 12:47:12.582283|{rssi-31} 111, -53, -127, -127, -127, 111, 111, 111, 111, 111, 111, 111, 111, 111, 111, 111, 111, 111, 
2025-12-28 12:47:12.591186|{td-31} 0, -15, 0, 0, 0, 0, 0, 0, 0, 0, 0, 0, 0, 0, 0, 0, 0, 0, 
2025-12-28 12:47:12.597188|{tx-31} :-BBB.............
2025-12-28 12:47:12.767008|{rx-32} 1, 0, 0, 3, 33, 33, 0, 0, 0, 0, 0, 1, 0, 1, 1
2025-12-28 12:47:12.771664|{rssi-32} 111, -53, -127, -127, -127, 111, 111, 111, 111, 111, 111, 111, 111, 111, 111, 111, 111, 111, 
2025-12-28 12:47:12.781035|{td-32} 0, -13, 0, 0, 0, 0, 0, 0, 0, 0, 0, 0, 0, 0, 0, 0, 0, 0, 
2025-12-28 12:47:12.786647|{tx-32} :-BBB.............
2025-12-28 12:47:12.956728|{rx-33} 1, 0, 0, 3, 34, 34, 0, 0, 0, 0, 0, 1, 0, 1, 1
2025-12-28 12:47:12.960957|{rssi-33} 111, -53, -127, -127, -127, 111, 111, 111, 111, 111, 111, 111, 111, 111, 111, 111, 111, 111, 
2025-12-28 12:47:12.970977|{td-33} 0, -13, 0, 0, 0, 0, 0, 0, 0, 0, 0, 0, 0, 0, 0, 0, 0, 0, 
2025-12-28 12:47:12.976051|{tx-33} :-BBB.............
2025-12-28 12:47:13.147185|{rx-34} 1, 0, 0, 3, 35, 35, 0, 0, 0, 0, 0, 1, 0, 1, 1
2025-12-28 12:47:13.151469|{rssi-34} 111, -53, -127, -127, -127, 111, 111, 111, 111, 111, 111, 111, 111, 111, 111, 111, 111, 111, 
2025-12-28 12:47:13.160961|{td-34} 0, -15, 0, 0, 0, 0, 0, 0, 0, 0, 0, 0, 0, 0, 0, 0, 0, 0, 
2025-12-28 12:47:13.166120|{tx-34} :-BBB.............
2025-12-28 12:47:13.336663|{rx-35} 1, 0, 0, 3, 36, 36, 0, 0, 0, 0, 0, 1, 0, 1, 1
2025-12-28 12:47:13.341275|{rssi-35} 111, -53, -127, -127, -127, 111, 111, 111, 111, 111, 111, 111, 111, 111, 111, 111, 111, 111, 
2025-12-28 12:47:13.351038|{td-35} 0, -15, 0, 0, 0, 0, 0, 0, 0, 0, 0, 0, 0, 0, 0, 0, 0, 0, 
2025-12-28 12:47:13.355088|{tx-35} :-BBB.............
2025-12-28 12:47:13.526636|{rx-36} 1, 0, 0, 3, 37, 37, 0, 0, 0, 0, 0, 1, 0, 1, 1
2025-12-28 12:47:13.531473|{rssi-36} 111, -53, -127, -127, -127, 111, 111, 111, 111, 111, 111, 111, 111, 111, 111, 111, 111, 111, 
2025-12-28 12:47:13.540726|{td-36} 0, -13, 0, 0, 0, 0, 0, 0, 0, 0, 0, 0, 0, 0, 0, 0, 0, 0, 
2025-12-28 12:47:13.546404|{tx-36} :-BBB.............
2025-12-28 12:47:13.717424|{rx-37} 1, 0, 0, 3, 38, 38, 0, 0, 0, 0, 0, 1, 0, 1, 1
2025-12-28 12:47:13.721329|{rssi-37} 111, -53, -127, -127, -127, 111, 111, 111, 111, 111, 111, 111, 111, 111, 111, 111, 111, 111, 
2025-12-28 12:47:13.730718|{td-37} 0, -13, 0, 0, 0, 0, 0, 0, 0, 0, 0, 0, 0, 0, 0, 0, 0, 0, 
2025-12-28 12:47:13.735839|{tx-37} :-BBB.............
2025-12-28 12:47:13.906251|{rx-38} 1, 0, 0, 3, 39, 39, 0, 0, 0, 0, 0, 1, 0, 1, 1
2025-12-28 12:47:13.911711|{rssi-38} 111, -53, -127, -127, -127, 111, 111, 111, 111, 111, 111, 111, 111, 111, 111, 111, 111, 111, 
2025-12-28 12:47:13.920676|{td-38} 0, -15, 0, 0, 0, 0, 0, 0, 0, 0, 0, 0, 0, 0, 0, 0, 0, 0, 
2025-12-28 12:47:13.925817|{tx-38} :-BBB.............
2025-12-28 12:47:14.096053|{rx-39} 1, 0, 0, 3, 40, 40, 0, 0, 0, 0, 0, 1, 0, 1, 1
2025-12-28 12:47:14.103335|{rssi-39} 111, -53, -127, -127, -127, 111, 111, 111, 111, 111, 111, 111, 111, 111, 111, 111, 111, 111, 
2025-12-28 12:47:14.110746|{td-39} 0, -15, 0, 0, 0, 0, 0, 0, 0, 0, 0, 0, 0, 0, 0, 0, 0, 0, 
2025-12-28 12:47:14.115137|{tx-39} :-BBB.............
2025-12-28 12:47:14.286118|{rx-40} 1, 0, 0, 3, 41, 41, 0, 0, 0, 0, 0, 1, 0, 1, 1
2025-12-28 12:47:14.291475|{rssi-40} 111, -53, -127, -127, -127, 111, 111, 111, 111, 111, 111, 111, 111, 111, 111, 111, 111, 111, 
2025-12-28 12:47:14.300650|{td-40} 0, -13, 0, 0, 0, 0, 0, 0, 0, 0, 0, 0, 0, 0, 0, 0, 0, 0, 
2025-12-28 12:47:14.305407|{tx-40} :-BBB.............
2025-12-28 12:47:14.475124|{rx-41} 1, 0, 0, 3, 42, 42, 0, 0, 0, 0, 0, 1, 0, 1, 1
2025-12-28 12:47:14.481013|{rssi-41} 111, -53, -127, -127, -127, 111, 111, 111, 111, 111, 111, 111, 111, 111, 111, 111, 111, 111, 
2025-12-28 12:47:14.490773|{td-41} 0, -15, 0, 0, 0, 0, 0, 0, 0, 0, 0, 0, 0, 0, 0, 0, 0, 0, 
2025-12-28 12:47:14.495304|{tx-41} :-BBB.............
2025-12-28 12:47:14.666090|{rx-42} 1, 0, 0, 3, 43, 43, 0, 0, 0, 0, 0, 1, 0, 1, 1
2025-12-28 12:47:14.670257|{rssi-42} 111, -53, -127, -127, -127, 111, 111, 111, 111, 111, 111, 111, 111, 111, 111, 111, 111, 111, 
2025-12-28 12:47:14.679963|{td-42} 0, -13, 0, 0, 0, 0, 0, 0, 0, 0, 0, 0, 0, 0, 0, 0, 0, 0, 
2025-12-28 12:47:14.684560|{tx-42} :-BBB.............
2025-12-28 12:47:14.856177|{rx-43} 1, 0, 0, 3, 44, 44, 0, 0, 0, 0, 0, 1, 0, 1, 1
2025-12-28 12:47:14.860422|{rssi-43} 111, -53, -127, -127, -127, 111, 111, 111, 111, 111, 111, 111, 111, 111, 111, 111, 111, 111, 
2025-12-28 12:47:14.869942|{td-43} 0, -15, 0, 0, 0, 0, 0, 0, 0, 0, 0, 0, 0, 0, 0, 0, 0, 0, 
2025-12-28 12:47:14.875802|{tx-43} :-BBB.............
2025-12-28 12:47:15.045905|{rx-44} 1, 0, 0, 3, 45, 45, 0, 0, 0, 0, 0, 1, 0, 1, 1
2025-12-28 12:47:15.051454|{rssi-44} 111, -53, -127, -127, -127, 111, 111, 111, 111, 111, 111, 111, 111, 111, 111, 111, 111, 111, 
2025-12-28 12:47:15.061267|{td-44} 0, -13, 0, 0, 0, 0, 0, 0, 0, 0, 0, 0, 0, 0, 0, 0, 0, 0, 
2025-12-28 12:47:15.064438|{tx-44} :-BBB.............
2025-12-28 12:47:15.235032|{rx-45} 1, 0, 0, 3, 46, 46, 0, 0, 0, 0, 0, 1, 0, 1, 1
2025-12-28 12:47:15.242234|{rssi-45} 111, -53, -127, -127, -127, 111, 111, 111, 111, 111, 111, 111, 111, 111, 111, 111, 111, 111, 
2025-12-28 12:47:15.250385|{td-45} 0, -15, 0, 0, 0, 0, 0, 0, 0, 0, 0, 0, 0, 0, 0, 0, 0, 0, 
2025-12-28 12:47:15.255268|{tx-45} :-BBB.............
2025-12-28 12:47:15.426220|{rx-46} 1, 0, 0, 3, 47, 47, 0, 0, 0, 0, 0, 1, 0, 1, 1
2025-12-28 12:47:15.431447|{rssi-46} 111, -53, -127, -127, -127, 111, 111, 111, 111, 111, 111, 111, 111, 111, 111, 111, 111, 111, 
2025-12-28 12:47:15.440267|{td-46} 0, -13, 0, 0, 0, 0, 0, 0, 0, 0, 0, 0, 0, 0, 0, 0, 0, 0, 
2025-12-28 12:47:15.444834|{tx-46} :-BBB.............
2025-12-28 12:47:15.616209|{rx-47} 1, 0, 0, 3, 48, 48, 0, 0, 0, 0, 0, 1, 0, 1, 1
2025-12-28 12:47:15.621741|{rssi-47} 111, -53, -127, -127, -127, 111, 111, 111, 111, 111, 111, 111, 111, 111, 111, 111, 111, 111, 
2025-12-28 12:47:15.630672|{td-47} 0, -15, 0, 0, 0, 0, 0, 0, 0, 0, 0, 0, 0, 0, 0, 0, 0, 0, 
2025-12-28 12:47:15.635671|{tx-47} :-BBB.............
2025-12-28 12:47:15.806648|{rx-48} 1, 0, 0, 3, 49, 49, 0, 0, 0, 0, 0, 1, 0, 1, 1
2025-12-28 12:47:15.810633|{rssi-48} 111, -53, -127, -127, -127, 111, 111, 111, 111, 111, 111, 111, 111, 111, 111, 111, 111, 111, 
2025-12-28 12:47:15.820354|{td-48} 0, -13, 0, 0, 0, 0, 0, 0, 0, 0, 0, 0, 0, 0, 0, 0, 0, 0, 
2025-12-28 12:47:15.825961|{tx-48} :-BBB.............
2025-12-28 12:47:15.996579|{rx-49} 1, 0, 0, 3, 50, 50, 0, 0, 0, 0, 0, 1, 0, 1, 1
2025-12-28 12:47:16.000975|{rssi-49} 111, -53, -127, -127, -127, 111, 111, 111, 111, 111, 111, 111, 111, 111, 111, 111, 111, 111, 
2025-12-28 12:47:16.009447|{td-49} 0, -15, 0, 0, 0, 0, 0, 0, 0, 0, 0, 0, 0, 0, 0, 0, 0, 0, 
2025-12-28 12:47:16.015959|{tx-49} :-BBB.............
2025-12-28 12:47:16.186610|{rx-50} 1, 0, 0, 3, 51, 51, 0, 0, 0, 0, 0, 1, 0, 1, 1
2025-12-28 12:47:16.193072|{rssi-50} 111, -53, -127, -127, -127, 111, 111, 111, 111, 111, 111, 111, 111, 111, 111, 111, 111, 111, 
2025-12-28 12:47:16.199734|{td-50} 0, -13, 0, 0, 0, 0, 0, 0, 0, 0, 0, 0, 0, 0, 0, 0, 0, 0, 
2025-12-28 12:47:16.205896|{tx-50} :-BBB.............
2025-12-28 12:47:16.375769|{rx-51} 1, 0, 0, 3, 52, 52, 0, 0, 0, 0, 0, 1, 0, 1, 1
2025-12-28 12:47:16.381028|{rssi-51} 111, -53, -127, -127, -127, 111, 111, 111, 111, 111, 111, 111, 111, 111, 111, 111, 111, 111, 
2025-12-28 12:47:16.390703|{td-51} 0, -15, 0, 0, 0, 0, 0, 0, 0, 0, 0, 0, 0, 0, 0, 0, 0, 0, 
2025-12-28 12:47:16.395513|{tx-51} :-BBB.............
2025-12-28 12:47:16.566352|{rx-52} 1, 0, 0, 3, 53, 53, 0, 0, 0, 0, 0, 1, 0, 1, 1
2025-12-28 12:47:16.570476|{rssi-52} 111, -53, -127, -127, -127, 111, 111, 111, 111, 111, 111, 111, 111, 111, 111, 111, 111, 111, 
2025-12-28 12:47:16.579336|{td-52} 0, -15, 0, 0, 0, 0, 0, 0, 0, 0, 0, 0, 0, 0, 0, 0, 0, 0, 
2025-12-28 12:47:16.586251|{tx-52} :-BBB.............
2025-12-28 12:47:16.756073|{rx-53} 1, 0, 0, 3, 54, 54, 0, 0, 0, 0, 0, 1, 0, 1, 1
2025-12-28 12:47:16.760867|{rssi-53} 111, -53, -127, -127, -127, 111, 111, 111, 111, 111, 111, 111, 111, 111, 111, 111, 111, 111, 
2025-12-28 12:47:16.770519|{td-53} 0, -13, 0, 0, 0, 0, 0, 0, 0, 0, 0, 0, 0, 0, 0, 0, 0, 0, 
2025-12-28 12:47:16.775475|{tx-53} :-BBB.............
2025-12-28 12:47:16.946235|{rx-54} 1, 0, 0, 3, 55, 55, 0, 0, 0, 0, 0, 1, 0, 1, 1
2025-12-28 12:47:16.951013|{rssi-54} 111, -53, -127, -127, -127, 111, 111, 111, 111, 111, 111, 111, 111, 111, 111, 111, 111, 111, 
2025-12-28 12:47:16.959969|{td-54} 0, -15, 0, 0, 0, 0, 0, 0, 0, 0, 0, 0, 0, 0, 0, 0, 0, 0, 
2025-12-28 12:47:16.966009|{tx-54} :-BBB.............
2025-12-28 12:47:17.136197|{rx-55} 1, 0, 0, 3, 56, 56, 0, 0, 0, 0, 0, 1, 0, 1, 1
2025-12-28 12:47:17.140675|{rssi-55} 111, -53, -127, -127, -127, 111, 111, 111, 111, 111, 111, 111, 111, 111, 111, 111, 111, 111, 
2025-12-28 12:47:17.150229|{td-55} 0, -13, 0, 0, 0, 0, 0, 0, 0, 0, 0, 0, 0, 0, 0, 0, 0, 0, 
2025-12-28 12:47:17.154835|{tx-55} :-BBB.............
2025-12-28 12:47:17.326215|{rx-56} 1, 0, 0, 3, 57, 57, 0, 0, 0, 0, 0, 1, 0, 1, 1
2025-12-28 12:47:17.330764|{rssi-56} 111, -53, -127, -127, -127, 111, 111, 111, 111, 111, 111, 111, 111, 111, 111, 111, 111, 111, 
2025-12-28 12:47:17.340136|{td-56} 0, -15, 0, 0, 0, 0, 0, 0, 0, 0, 0, 0, 0, 0, 0, 0, 0, 0, 
2025-12-28 12:47:17.346010|{tx-56} :-BBB.............
2025-12-28 12:47:17.516031|{rx-57} 1, 0, 0, 3, 58, 58, 0, 0, 0, 0, 0, 1, 0, 1, 1
2025-12-28 12:47:17.520866|{rssi-57} 111, -53, -127, -127, -127, 111, 111, 111, 111, 111, 111, 111, 111, 111, 111, 111, 111, 111, 
2025-12-28 12:47:17.529820|{td-57} 0, -13, 0, 0, 0, 0, 0, 0, 0, 0, 0, 0, 0, 0, 0, 0, 0, 0, 
2025-12-28 12:47:17.534869|{tx-57} :-BBB.............
2025-12-28 12:47:17.706600|{rx-58} 1, 0, 0, 3, 59, 59, 0, 0, 0, 0, 0, 1, 0, 1, 1
2025-12-28 12:47:17.710691|{rssi-58} 111, -53, -127, -127, -127, 111, 111, 111, 111, 111, 111, 111, 111, 111, 111, 111, 111, 111, 
2025-12-28 12:47:17.720166|{td-58} 0, -15, 0, 0, 0, 0, 0, 0, 0, 0, 0, 0, 0, 0, 0, 0, 0, 0, 
2025-12-28 12:47:17.725654|{tx-58} :-BBB.............
2025-12-28 12:47:17.896778|{rx-59} 1, 0, 0, 3, 60, 60, 0, 0, 0, 0, 0, 1, 0, 1, 1
2025-12-28 12:47:17.900824|{rssi-59} 111, -53, -127, -127, -127, 111, 111, 111, 111, 111, 111, 111, 111, 111, 111, 111, 111, 111, 
2025-12-28 12:47:17.909452|{td-59} 0, -13, 0, 0, 0, 0, 0, 0, 0, 0, 0, 0, 0, 0, 0, 0, 0, 0, 
2025-12-28 12:47:17.915525|{tx-59} :-BBB.............
2025-12-28 12:47:18.086419|{rx-60} 1, 0, 0, 3, 61, 61, 0, 0, 0, 0, 0, 1, 0, 1, 1
2025-12-28 12:47:18.090766|{rssi-60} 111, -53, -127, -127, -127, 111, 111, 111, 111, 111, 111, 111, 111, 111, 111, 111, 111, 111, 
2025-12-28 12:47:18.100251|{td-60} 0, -15, 0, 0, 0, 0, 0, 0, 0, 0, 0, 0, 0, 0, 0, 0, 0, 0, 
2025-12-28 12:47:18.105640|{tx-60} :-BBB.............
2025-12-28 12:47:18.276276|{rx-61} 1, 0, 0, 3, 62, 62, 0, 0, 0, 0, 0, 1, 0, 1, 1
2025-12-28 12:47:18.280508|{rssi-61} 111, -53, -127, -127, -127, 111, 111, 111, 111, 111, 111, 111, 111, 111, 111, 111, 111, 111, 
2025-12-28 12:47:18.289506|{td-61} 0, -13, 0, 0, 0, 0, 0, 0, 0, 0, 0, 0, 0, 0, 0, 0, 0, 0, 
2025-12-28 12:47:18.295821|{tx-61} :-BBB.............
2025-12-28 12:47:18.466657|{rx-62} 1, 0, 0, 3, 63, 63, 0, 0, 0, 0, 0, 1, 0, 1, 1
2025-12-28 12:47:18.470086|{rssi-62} 111, -53, -127, -127, -127, 111, 111, 111, 111, 111, 111, 111, 111, 111, 111, 111, 111, 111, 
2025-12-28 12:47:18.479966|{td-62} 0, -15, 0, 0, 0, 0, 0, 0, 0, 0, 0, 0, 0, 0, 0, 0, 0, 0, 
2025-12-28 12:47:18.485195|{tx-62} :-BBB.............
2025-12-28 12:47:18.655501|{rx-63} 1, 0, 0, 3, 64, 64, 0, 0, 0, 0, 0, 1, 0, 1, 1
2025-12-28 12:47:18.660742|{rssi-63} 111, -53, -127, -127, -127, 111, 111, 111, 111, 111, 111, 111, 111, 111, 111, 111, 111, 111, 
2025-12-28 12:47:18.669830|{td-63} 0, -13, 0, 0, 0, 0, 0, 0, 0, 0, 0, 0, 0, 0, 0, 0, 0, 0, 
2025-12-28 12:47:18.674201|{tx-63} :-BBB.............
2025-12-28 12:47:18.846447|{rx-64} 1, 0, 0, 3, 65, 65, 0, 0, 0, 0, 0, 1, 0, 1, 1
2025-12-28 12:47:18.851245|{rssi-64} 111, -53, -127, -127, -127, 111, 111, 111, 111, 111, 111, 111, 111, 111, 111, 111, 111, 111, 
2025-12-28 12:47:18.859148|{td-64} 0, -15, 0, 0, 0, 0, 0, 0, 0, 0, 0, 0, 0, 0, 0, 0, 0, 0, 
2025-12-28 12:47:18.864902|{tx-64} :-BBB.............
2025-12-28 12:47:19.034729|{rx-65} 1, 0, 0, 3, 66, 66, 0, 0, 0, 0, 0, 1, 0, 1, 1
2025-12-28 12:47:19.040276|{rssi-65} 111, -53, -127, -127, -127, 111, 111, 111, 111, 111, 111, 111, 111, 111, 111, 111, 111, 111, 
2025-12-28 12:47:19.049952|{td-65} 0, -15, 0, 0, 0, 0, 0, 0, 0, 0, 0, 0, 0, 0, 0, 0, 0, 0, 
2025-12-28 12:47:19.054573|{tx-65} :-BBB.............
2025-12-28 12:47:19.225076|{rx-66} 1, 0, 0, 3, 67, 67, 0, 0, 0, 0, 0, 1, 0, 1, 1
2025-12-28 12:47:19.230072|{rssi-66} 111, -53, -127, -127, -127, 111, 111, 111, 111, 111, 111, 111, 111, 111, 111, 111, 111, 111, 
2025-12-28 12:47:19.239665|{td-66} 0, -13, 0, 0, 0, 0, 0, 0, 0, 0, 0, 0, 0, 0, 0, 0, 0, 0, 
2025-12-28 12:47:19.244121|{tx-66} :-BBB.............
2025-12-28 12:47:19.415172|{rx-67} 1, 0, 0, 3, 68, 68, 0, 0, 0, 0, 0, 1, 0, 1, 1
2025-12-28 12:47:19.420346|{rssi-67} 111, -53, -127, -127, -127, 111, 111, 111, 111, 111, 111, 111, 111, 111, 111, 111, 111, 111, 
2025-12-28 12:47:19.429316|{td-67} 0, -15, 0, 0, 0, 0, 0, 0, 0, 0, 0, 0, 0, 0, 0, 0, 0, 0, 
2025-12-28 12:47:19.434821|{tx-67} :-BBB.............
2025-12-28 12:47:19.604788|{rx-68} 1, 0, 0, 3, 69, 69, 0, 0, 0, 0, 0, 1, 0, 1, 1
2025-12-28 12:47:19.609865|{rssi-68} 111, -53, -127, -127, -127, 111, 111, 111, 111, 111, 111, 111, 111, 111, 111, 111, 111, 111, 
2025-12-28 12:47:19.619814|{td-68} 0, -13, 0, 0, 0, 0, 0, 0, 0, 0, 0, 0, 0, 0, 0, 0, 0, 0, 
2025-12-28 12:47:19.624895|{tx-68} :-BBB.............
2025-12-28 12:47:19.795221|{rx-69} 1, 0, 0, 3, 70, 70, 0, 0, 0, 0, 0, 1, 0, 1, 1
2025-12-28 12:47:19.800527|{rssi-69} 111, -53, -127, -127, -127, 111, 111, 111, 111, 111, 111, 111, 111, 111, 111, 111, 111, 111, 
2025-12-28 12:47:19.808991|{td-69} 0, -13, 0, 0, 0, 0, 0, 0, 0, 0, 0, 0, 0, 0, 0, 0, 0, 0, 
2025-12-28 12:47:19.815228|{tx-69} :-BBB.............
2025-12-28 12:47:19.985347|{rx-70} 1, 0, 0, 3, 71, 71, 0, 0, 0, 0, 0, 1, 0, 1, 1
2025-12-28 12:47:19.989487|{rssi-70} 111, -53, -127, -127, -127, 111, 111, 111, 111, 111, 111, 111, 111, 111, 111, 111, 111, 111, 
2025-12-28 12:47:19.999411|{td-70} 0, -15, 0, 0, 0, 0, 0, 0, 0, 0, 0, 0, 0, 0, 0, 0, 0, 0, 
2025-12-28 12:47:20.004779|{tx-70} :-BBB.............
2025-12-28 12:47:20.175537|{rx-71} 1, 0, 0, 3, 72, 72, 0, 0, 0, 0, 0, 1, 0, 1, 1
2025-12-28 12:47:20.181173|{rssi-71} 111, -53, -127, -127, -127, 111, 111, 111, 111, 111, 111, 111, 111, 111, 111, 111, 111, 111, 
2025-12-28 12:47:20.189762|{td-71} 0, -15, 0, 0, 0, 0, 0, 0, 0, 0, 0, 0, 0, 0, 0, 0, 0, 0, 
2025-12-28 12:47:20.194331|{tx-71} :-BBB.............
2025-12-28 12:47:20.365259|{rx-72} 1, 0, 0, 3, 73, 73, 0, 0, 0, 0, 0, 1, 0, 1, 1
2025-12-28 12:47:20.369638|{rssi-72} 111, -53, -127, -127, -127, 111, 111, 111, 111, 111, 111, 111, 111, 111, 111, 111, 111, 111, 
2025-12-28 12:47:20.379710|{td-72} 0, -13, 0, 0, 0, 0, 0, 0, 0, 0, 0, 0, 0, 0, 0, 0, 0, 0, 
2025-12-28 12:47:20.384012|{tx-72} :-BBB.............
2025-12-28 12:47:20.555760|{rx-73} 1, 0, 0, 3, 74, 74, 0, 0, 0, 0, 0, 1, 0, 1, 1
2025-12-28 12:47:20.559989|{rssi-73} 111, -53, -127, -127, -127, 111, 111, 111, 111, 111, 111, 111, 111, 111, 111, 111, 111, 111, 
2025-12-28 12:47:20.569564|{td-73} 0, -15, 0, 0, 0, 0, 0, 0, 0, 0, 0, 0, 0, 0, 0, 0, 0, 0, 
2025-12-28 12:47:20.575482|{tx-73} :-BBB.............
2025-12-28 12:47:20.745132|{rx-74} 1, 0, 0, 3, 75, 75, 0, 0, 0, 0, 0, 1, 0, 1, 1
2025-12-28 12:47:20.750952|{rssi-74} 111, -53, -127, -127, -127, 111, 111, 111, 111, 111, 111, 111, 111, 111, 111, 111, 111, 111, 
2025-12-28 12:47:20.759025|{td-74} 0, -13, 0, 0, 0, 0, 0, 0, 0, 0, 0, 0, 0, 0, 0, 0, 0, 0, 
2025-12-28 12:47:20.765574|{tx-74} :-BBB.............
2025-12-28 12:47:20.935465|{rx-75} 1, 0, 0, 3, 76, 76, 0, 0, 0, 0, 0, 1, 0, 1, 1
2025-12-28 12:47:20.939959|{rssi-75} 111, -53, -127, -127, -127, 111, 111, 111, 111, 111, 111, 111, 111, 111, 111, 111, 111, 111, 
2025-12-28 12:47:20.949302|{td-75} 0, -15, 0, 0, 0, 0, 0, 0, 0, 0, 0, 0, 0, 0, 0, 0, 0, 0, 
2025-12-28 12:47:20.954771|{tx-75} :-BBB.............
2025-12-28 12:47:21.125538|{rx-76} 1, 0, 0, 3, 77, 77, 0, 0, 0, 0, 0, 1, 0, 1, 1
2025-12-28 12:47:21.130568|{rssi-76} 111, -53, -127, -127, -127, 111, 111, 111, 111, 111, 111, 111, 111, 111, 111, 111, 111, 111, 
2025-12-28 12:47:21.140452|{td-76} 0, -13, 0, 0, 0, 0, 0, 0, 0, 0, 0, 0, 0, 0, 0, 0, 0, 0, 
2025-12-28 12:47:21.144769|{tx-76} :-BBB.............
2025-12-28 12:47:21.316159|{rx-77} 1, 0, 0, 3, 78, 78, 0, 0, 0, 0, 0, 1, 0, 1, 1
2025-12-28 12:47:21.323373|{rssi-77} 111, -53, -127, -127, -127, 111, 111, 111, 111, 111, 111, 111, 111, 111, 111, 111, 111, 111, 
2025-12-28 12:47:21.328478|{td-77} 0, -15, 0, 0, 0, 0, 0, 0, 0, 0, 0, 0, 0, 0, 0, 0, 0, 0, 
2025-12-28 12:47:21.334612|{tx-77} :-BBB.............
2025-12-28 12:47:21.505166|{rx-78} 1, 0, 0, 3, 79, 79, 0, 0, 0, 0, 0, 1, 0, 1, 1
2025-12-28 12:47:21.510269|{rssi-78} 111, -53, -127, -127, -127, 111, 111, 111, 111, 111, 111, 111, 111, 111, 111, 111, 111, 111, 
2025-12-28 12:47:21.518879|{td-78} 0, -13, 0, 0, 0, 0, 0, 0, 0, 0, 0, 0, 0, 0, 0, 0, 0, 0, 
2025-12-28 12:47:21.525077|{tx-78} :-BBB.............
2025-12-28 12:47:21.696078|{rx-79} 1, 0, 0, 3, 80, 80, 0, 0, 0, 0, 0, 1, 0, 1, 1
2025-12-28 12:47:21.698797|{rssi-79} 111, -53, -127, -127, -127, 111, 111, 111, 111, 111, 111, 111, 111, 111, 111, 111, 111, 111, 
2025-12-28 12:47:21.709275|{td-79} 0, -15, 0, 0, 0, 0, 0, 0, 0, 0, 0, 0, 0, 0, 0, 0, 0, 0, 
2025-12-28 12:47:21.714854|{tx-79} :-BBB.............
2025-12-28 12:47:21.885614|{rx-80} 1, 0, 0, 3, 81, 81, 0, 0, 0, 0, 0, 1, 0, 1, 1
2025-12-28 12:47:21.890655|{rssi-80} 111, -53, -127, -127, -127, 111, 111, 111, 111, 111, 111, 111, 111, 111, 111, 111, 111, 111, 
2025-12-28 12:47:21.899098|{td-80} 0, -13, 0, 0, 0, 0, 0, 0, 0, 0, 0, 0, 0, 0, 0, 0, 0, 0, 
2025-12-28 12:47:21.904813|{tx-80} :-BBB.............
2025-12-28 12:47:22.075664|{rx-81} 1, 0, 0, 3, 82, 82, 0, 0, 0, 0, 0, 1, 0, 1, 1
2025-12-28 12:47:22.079729|{rssi-81} 111, -53, -127, -127, -127, 111, 111, 111, 111, 111, 111, 111, 111, 111, 111, 111, 111, 111, 
2025-12-28 12:47:22.089506|{td-81} 0, -15, 0, 0, 0, 0, 0, 0, 0, 0, 0, 0, 0, 0, 0, 0, 0, 0, 
2025-12-28 12:47:22.093941|{tx-81} :-BBB.............
2025-12-28 12:47:22.265625|{rx-82} 1, 0, 0, 3, 83, 83, 0, 0, 0, 0, 0, 1, 0, 1, 1
2025-12-28 12:47:22.269759|{rssi-82} 111, -53, -127, -127, -127, 111, 111, 111, 111, 111, 111, 111, 111, 111, 111, 111, 111, 111, 
2025-12-28 12:47:22.278915|{td-82} 0, -13, 0, 0, 0, 0, 0, 0, 0, 0, 0, 0, 0, 0, 0, 0, 0, 0, 
2025-12-28 12:47:22.284649|{tx-82} :-BBB.............
2025-12-28 12:47:22.454858|{rx-83} 1, 0, 0, 3, 84, 84, 0, 0, 0, 0, 0, 1, 0, 1, 1
2025-12-28 12:47:22.460012|{rssi-83} 111, -53, -127, -127, -127, 111, 111, 111, 111, 111, 111, 111, 111, 111, 111, 111, 111, 111, 
2025-12-28 12:47:22.469032|{td-83} 0, -15, 0, 0, 0, 0, 0, 0, 0, 0, 0, 0, 0, 0, 0, 0, 0, 0, 
2025-12-28 12:47:22.474917|{tx-83} :-BBB.............
2025-12-28 12:47:22.645545|{rx-84} 1, 0, 0, 3, 85, 85, 0, 0, 0, 0, 0, 1, 0, 1, 1
2025-12-28 12:47:22.650435|{rssi-84} 111, -53, -127, -127, -127, 111, 111, 111, 111, 111, 111, 111, 111, 111, 111, 111, 111, 111, 
2025-12-28 12:47:22.659661|{td-84} 0, -15, 0, 0, 0, 0, 0, 0, 0, 0, 0, 0, 0, 0, 0, 0, 0, 0, 
2025-12-28 12:47:22.664110|{tx-84} :-BBB.............
2025-12-28 12:47:22.835006|{rx-85} 1, 0, 0, 3, 86, 86, 0, 0, 0, 0, 0, 1, 0, 1, 1
2025-12-28 12:47:22.839590|{rssi-85} 111, -53, -127, -127, -127, 111, 111, 111, 111, 111, 111, 111, 111, 111, 111, 111, 111, 111, 
2025-12-28 12:47:22.849121|{td-85} 0, -13, 0, 0, 0, 0, 0, 0, 0, 0, 0, 0, 0, 0, 0, 0, 0, 0, 
2025-12-28 12:47:22.853881|{tx-85} :-BBB.............
2025-12-28 12:47:23.025883|{rx-86} 1, 0, 0, 3, 87, 87, 0, 0, 0, 0, 0, 1, 0, 1, 1
2025-12-28 12:47:23.029880|{rssi-86} 111, -53, -127, -127, -127, 111, 111, 111, 111, 111, 111, 111, 111, 111, 111, 111, 111, 111, 
2025-12-28 12:47:23.038775|{td-86} 0, -13, 0, 0, 0, 0, 0, 0, 0, 0, 0, 0, 0, 0, 0, 0, 0, 0, 
2025-12-28 12:47:23.044744|{tx-86} :-BBB.............
2025-12-28 12:47:23.215733|{rx-87} 1, 0, 0, 3, 88, 88, 0, 0, 0, 0, 0, 1, 0, 1, 1
2025-12-28 12:47:23.220346|{rssi-87} 111, -53, -127, -127, -127, 111, 111, 111, 111, 111, 111, 111, 111, 111, 111, 111, 111, 111, 
2025-12-28 12:47:23.229370|{td-87} 0, -15, 0, 0, 0, 0, 0, 0, 0, 0, 0, 0, 0, 0, 0, 0, 0, 0, 
2025-12-28 12:47:23.234298|{tx-87} :-BBB.............
2025-12-28 12:47:23.405718|{rx-88} 1, 0, 0, 3, 89, 89, 0, 0, 0, 0, 0, 1, 0, 1, 1
2025-12-28 12:47:23.409758|{rssi-88} 111, -53, -127, -127, -127, 111, 111, 111, 111, 111, 111, 111, 111, 111, 111, 111, 111, 111, 
2025-12-28 12:47:23.418781|{td-88} 0, -15, 0, 0, 0, 0, 0, 0, 0, 0, 0, 0, 0, 0, 0, 0, 0, 0, 
2025-12-28 12:47:23.424556|{tx-88} :-BBB.............
2025-12-28 12:47:23.595438|{rx-89} 1, 0, 0, 3, 90, 90, 0, 0, 0, 0, 0, 1, 0, 1, 1
2025-12-28 12:47:23.600027|{rssi-89} 111, -53, -127, -127, -127, 111, 111, 111, 111, 111, 111, 111, 111, 111, 111, 111, 111, 111, 
2025-12-28 12:47:23.609046|{td-89} 0, -13, 0, 0, 0, 0, 0, 0, 0, 0, 0, 0, 0, 0, 0, 0, 0, 0, 
2025-12-28 12:47:23.613871|{tx-89} :-BBB.............
2025-12-28 12:47:23.785646|{rx-90} 1, 0, 0, 3, 91, 91, 0, 0, 0, 0, 0, 1, 0, 1, 1
2025-12-28 12:47:23.789820|{rssi-90} 111, -53, -127, -127, -127, 111, 111, 111, 111, 111, 111, 111, 111, 111, 111, 111, 111, 111, 
2025-12-28 12:47:23.798649|{td-90} 0, -13, 0, 0, 0, 0, 0, 0, 0, 0, 0, 0, 0, 0, 0, 0, 0, 0, 
2025-12-28 12:47:23.803839|{tx-90} :-BBB.............
2025-12-28 12:47:23.992795|{rx-91} 1, 0, 0, 3, 92, 92, 0, 0, 0, 0, 0, 1, 0, 1, 1
2025-12-28 12:47:23.996578|{rssi-91} 111, -53, -127, -127, -127, 111, 111, 111, 111, 111, 111, 111, 111, 111, 111, 111, 111, 111, 
2025-12-28 12:47:23.998653|{td-91} 0, -15, 0, 0, 0, 0, 0, 0, 0, 0, 0, 0, 0, 0, 0, 0, 0, 0, 
2025-12-28 12:47:23.000302|{tx-91} :-BBB.............
2025-12-28 12:47:24.164411|{rx-92} 1, 0, 0, 3, 93, 93, 0, 0, 0, 0, 0, 1, 0, 1, 1
2025-12-28 12:47:24.169302|{rssi-92} 111, -53, -127, -127, -127, 111, 111, 111, 111, 111, 111, 111, 111, 111, 111, 111, 111, 111, 
2025-12-28 12:47:24.178597|{td-92} 0, -15, 0, 0, 0, 0, 0, 0, 0, 0, 0, 0, 0, 0, 0, 0, 0, 0, 
2025-12-28 12:47:24.183655|{tx-92} :-BBB.............
2025-12-28 12:47:24.353861|{rx-93} 1, 0, 0, 3, 94, 94, 0, 0, 0, 0, 0, 1, 0, 1, 1
2025-12-28 12:47:24.358479|{rssi-93} 111, -53, -127, -127, -127, 111, 111, 111, 111, 111, 111, 111, 111, 111, 111, 111, 111, 111, 
2025-12-28 12:47:24.367403|{td-93} 0, -13, 0, 0, 0, 0, 0, 0, 0, 0, 0, 0, 0, 0, 0, 0, 0, 0, 
2025-12-28 12:47:24.373962|{tx-93} :-BBB.............
2025-12-28 12:47:24.543566|{rx-94} 1, 0, 0, 3, 95, 95, 0, 0, 0, 0, 0, 1, 0, 1, 1
2025-12-28 12:47:24.548933|{rssi-94} 111, -53, -127, -127, -127, 111, 111, 111, 111, 111, 111, 111, 111, 111, 111, 111, 111, 111, 
2025-12-28 12:47:24.558656|{td-94} 0, -13, 0, 0, 0, 0, 0, 0, 0, 0, 0, 0, 0, 0, 0, 0, 0, 0, 
2025-12-28 12:47:24.563734|{tx-94} :-BBB.............
2025-12-28 12:47:24.734073|{rx-95} 1, 0, 0, 3, 96, 96, 0, 0, 0, 0, 0, 1, 0, 1, 1
2025-12-28 12:47:24.738370|{rssi-95} 111, -53, -127, -127, -127, 111, 111, 111, 111, 111, 111, 111, 111, 111, 111, 111, 111, 111, 
2025-12-28 12:47:24.748185|{td-95} 0, -15, 0, 0, 0, 0, 0, 0, 0, 0, 0, 0, 0, 0, 0, 0, 0, 0, 
2025-12-28 12:47:24.753787|{tx-95} :-BBB.............
2025-12-28 12:47:24.923621|{rx-96} 1, 0, 0, 3, 97, 97, 0, 0, 0, 0, 0, 1, 0, 1, 1
2025-12-28 12:47:24.928705|{rssi-96} 111, -53, -127, -127, -127, 111, 111, 111, 111, 111, 111, 111, 111, 111, 111, 111, 111, 111, 
2025-12-28 12:47:24.938895|{td-96} 0, -15, 0, 0, 0, 0, 0, 0, 0, 0, 0, 0, 0, 0, 0, 0, 0, 0, 
2025-12-28 12:47:24.943692|{tx-96} :-BBB.............
2025-12-28 12:47:25.114088|{rx-97} 1, 0, 0, 3, 98, 98, 0, 0, 0, 0, 0, 1, 0, 1, 1
2025-12-28 12:47:25.118898|{rssi-97} 111, -53, -127, -127, -127, 111, 111, 111, 111, 111, 111, 111, 111, 111, 111, 111, 111, 111, 
2025-12-28 12:47:25.128597|{td-97} 0, -13, 0, 0, 0, 0, 0, 0, 0, 0, 0, 0, 0, 0, 0, 0, 0, 0, 
2025-12-28 12:47:25.133899|{tx-97} :-BBB.............
2025-12-28 12:47:25.304094|{rx-98} 1, 0, 0, 3, 99, 99, 0, 0, 0, 0, 0, 1, 0, 1, 1
2025-12-28 12:47:25.310086|{rssi-98} 111, -53, -127, -127, -127, 111, 111, 111, 111, 111, 111, 111, 111, 111, 111, 111, 111, 111, 
2025-12-28 12:47:25.318687|{td-98} 0, -15, 0, 0, 0, 0, 0, 0, 0, 0, 0, 0, 0, 0, 0, 0, 0, 0, 
2025-12-28 12:47:25.324626|{tx-98} :-BBB.............
2025-12-28 12:47:25.493719|{rx-99} 1, 0, 0, 3, 100, 100, 0, 0, 0, 0, 0, 1, 0, 1, 1
2025-12-28 12:47:25.499519|{rssi-99} 111, -53, -127, -127, -127, 111, 111, 111, 111, 111, 111, 111, 111, 111, 111, 111, 111, 111, 
2025-12-28 12:47:25.509273|{td-99} 0, -13, 0, 0, 0, 0, 0, 0, 0, 0, 0, 0, 0, 0, 0, 0, 0, 0, 
2025-12-28 12:47:25.514305|{tx-99} :-BBB.............
2025-12-28 12:47:25.685056|{rx-100} 1, 0, 0, 3, 101, 101, 0, 0, 0, 0, 0, 1, 0, 1, 1
2025-12-28 12:47:25.689573|{rssi-100} 111, -53, -127, -127, -127, 111, 111, 111, 111, 111, 111, 111, 111, 111, 111, 111, 111, 111, 
2025-12-28 12:47:25.699149|{td-100} 0, -15, 0, 0, 0, 0, 0, 0, 0, 0, 0, 0, 0, 0, 0, 0, 0, 0, 
2025-12-28 12:47:25.705079|{tx-100} :-BBB.............
2025-12-28 12:47:25.874986|{rx-101} 1, 0, 0, 3, 102, 102, 0, 0, 0, 0, 0, 1, 0, 1, 1
2025-12-28 12:47:25.878921|{rssi-101} 111, -53, -127, -127, -127, 111, 111, 111, 111, 111, 111, 111, 111, 111, 111, 111, 111, 111, 
2025-12-28 12:47:25.889093|{td-101} 0, -13, 0, 0, 0, 0, 0, 0, 0, 0, 0, 0, 0, 0, 0, 0, 0, 0, 
2025-12-28 12:47:25.893592|{tx-101} :-BBB.............
2025-12-28 12:47:26.064579|{rx-102} 1, 0, 0, 3, 103, 103, 0, 0, 0, 0, 0, 1, 0, 1, 1
2025-12-28 12:47:26.069223|{rssi-102} 111, -53, -127, -127, -127, 111, 111, 111, 111, 111, 111, 111, 111, 111, 111, 111, 111, 111, 
2025-12-28 12:47:26.078820|{td-102} 0, -15, 0, 0, 0, 0, 0, 0, 0, 0, 0, 0, 0, 0, 0, 0, 0, 0, 
2025-12-28 12:47:26.083416|{tx-102} :-BBB.............
2025-12-28 12:47:26.254375|{rx-103} 1, 0, 0, 3, 104, 104, 0, 0, 0, 0, 0, 1, 0, 1, 1
2025-12-28 12:47:26.259618|{rssi-103} 111, -53, -127, -127, -127, 111, 111, 111, 111, 111, 111, 111, 111, 111, 111, 111, 111, 111, 
2025-12-28 12:47:26.268895|{td-103} 0, -13, 0, 0, 0, 0, 0, 0, 0, 0, 0, 0, 0, 0, 0, 0, 0, 0, 
2025-12-28 12:47:26.274354|{tx-103} :-BBB.............
2025-12-28 12:47:26.446148|{rx-104} 1, 0, 0, 3, 105, 105, 0, 0, 0, 0, 0, 1, 0, 1, 1
2025-12-28 12:47:26.456043|{rssi-104} 111, -53, -127, -127, -127, 111, 111, 111, 111, 111, 111, 111, 111, 111, 111, 111, 111, 111, 
2025-12-28 12:47:26.460988|{td-104} 0, -15, 0, 0, 0, 0, 0, 0, 0, 0, 0, 0, 0, 0, 0, 0, 0, 0, 
2025-12-28 12:47:26.463442|{tx-104} :-BBB.............
2025-12-28 12:47:26.634354|{rx-105} 1, 0, 0, 3, 106, 106, 0, 0, 0, 0, 0, 1, 0, 1, 1
2025-12-28 12:47:26.639232|{rssi-105} 111, -53, -127, -127, -127, 111, 111, 111, 111, 111, 111, 111, 111, 111, 111, 111, 111, 111, 
2025-12-28 12:47:26.648703|{td-105} 0, -13, 0, 0, 0, 0, 0, 0, 0, 0, 0, 0, 0, 0, 0, 0, 0, 0, 
2025-12-28 12:47:26.653757|{tx-105} :-BBB.............
2025-12-28 12:47:26.823790|{rx-106} 1, 0, 0, 3, 107, 107, 0, 0, 0, 0, 0, 1, 0, 1, 1
2025-12-28 12:47:26.829092|{rssi-106} 111, -53, -127, -127, -127, 111, 111, 111, 111, 111, 111, 111, 111, 111, 111, 111, 111, 111, 
2025-12-28 12:47:26.837766|{td-106} 0, -15, 0, 0, 0, 0, 0, 0, 0, 0, 0, 0, 0, 0, 0, 0, 0, 0, 
2025-12-28 12:47:26.844260|{tx-106} :-BBB.............
2025-12-28 12:47:27.014251|{rx-107} 1, 0, 0, 3, 108, 108, 0, 0, 0, 0, 0, 1, 0, 1, 1
2025-12-28 12:47:27.019442|{rssi-107} 111, -53, -127, -127, -127, 111, 111, 111, 111, 111, 111, 111, 111, 111, 111, 111, 111, 111, 
2025-12-28 12:47:27.029207|{td-107} 0, -13, 0, 0, 0, 0, 0, 0, 0, 0, 0, 0, 0, 0, 0, 0, 0, 0, 
2025-12-28 12:47:27.033183|{tx-107} :-BBB.............
2025-12-28 12:47:27.205043|{rx-108} 1, 0, 0, 3, 109, 109, 0, 0, 0, 0, 0, 1, 0, 1, 1
2025-12-28 12:47:27.208521|{rssi-108} 111, -53, -127, -127, -127, 111, 111, 111, 111, 111, 111, 111, 111, 111, 111, 111, 111, 111, 
2025-12-28 12:47:27.219048|{td-108} 0, -15, 0, 0, 0, 0, 0, 0, 0, 0, 0, 0, 0, 0, 0, 0, 0, 0, 
2025-12-28 12:47:27.223568|{tx-108} :-BBB.............
2025-12-28 12:47:27.393858|{rx-109} 1, 0, 0, 3, 110, 110, 0, 0, 0, 0, 0, 1, 0, 1, 1
2025-12-28 12:47:27.399966|{rssi-109} 111, -53, -127, -127, -127, 111, 111, 111, 111, 111, 111, 111, 111, 111, 111, 111, 111, 111, 
2025-12-28 12:47:27.409030|{td-109} 0, -13, 0, 0, 0, 0, 0, 0, 0, 0, 0, 0, 0, 0, 0, 0, 0, 0, 
2025-12-28 12:47:27.412999|{tx-109} :-BBB.............
2025-12-28 12:47:27.584472|{rx-110} 1, 0, 0, 3, 111, 111, 0, 0, 0, 0, 0, 1, 0, 1, 1
2025-12-28 12:47:27.589053|{rssi-110} 111, -53, -127, -127, -127, 111, 111, 111, 111, 111, 111, 111, 111, 111, 111, 111, 111, 111, 
2025-12-28 12:47:27.599288|{td-110} 0, -15, 0, 0, 0, 0, 0, 0, 0, 0, 0, 0, 0, 0, 0, 0, 0, 0, 
2025-12-28 12:47:27.603248|{tx-110} :-BBB.............
2025-12-28 12:47:27.774461|{rx-111} 1, 0, 0, 3, 112, 112, 0, 0, 0, 0, 0, 1, 0, 1, 1
2025-12-28 12:47:27.778569|{rssi-111} 111, -53, -127, -127, -127, 111, 111, 111, 111, 111, 111, 111, 111, 111, 111, 111, 111, 111, 
2025-12-28 12:47:27.788888|{td-111} 0, -13, 0, 0, 0, 0, 0, 0, 0, 0, 0, 0, 0, 0, 0, 0, 0, 0, 
2025-12-28 12:47:27.794525|{tx-111} :-BBB.............
2025-12-28 12:47:27.964348|{rx-112} 1, 0, 0, 3, 113, 113, 0, 0, 0, 0, 0, 1, 0, 1, 1
2025-12-28 12:47:27.969418|{rssi-112} 111, -53, -127, -127, -127, 111, 111, 111, 111, 111, 111, 111, 111, 111, 111, 111, 111, 111, 
2025-12-28 12:47:27.978795|{td-112} 0, -15, 0, 0, 0, 0, 0, 0, 0, 0, 0, 0, 0, 0, 0, 0, 0, 0, 
2025-12-28 12:47:27.983420|{tx-112} :-BBB.............
2025-12-28 12:47:28.154465|{rx-113} 1, 0, 0, 3, 114, 114, 0, 0, 0, 0, 0, 1, 0, 1, 1
2025-12-28 12:47:28.159107|{rssi-113} 111, -53, -127, -127, -127, 111, 111, 111, 111, 111, 111, 111, 111, 111, 111, 111, 111, 111, 
2025-12-28 12:47:28.169084|{td-113} 0, -13, 0, 0, 0, 0, 0, 0, 0, 0, 0, 0, 0, 0, 0, 0, 0, 0, 
2025-12-28 12:47:28.174249|{tx-113} :-BBB.............
2025-12-28 12:47:28.344755|{rx-114} 1, 0, 0, 3, 115, 115, 0, 0, 0, 0, 0, 1, 0, 1, 1
2025-12-28 12:47:28.348951|{rssi-114} 111, -53, -127, -127, -127, 111, 111, 111, 111, 111, 111, 111, 111, 111, 111, 111, 111, 111, 
2025-12-28 12:47:28.358765|{td-114} 0, -15, 0, 0, 0, 0, 0, 0, 0, 0, 0, 0, 0, 0, 0, 0, 0, 0, 
2025-12-28 12:47:28.364162|{tx-114} :-BBB.............
2025-12-28 12:47:28.534155|{rx-115} 1, 0, 0, 3, 116, 116, 0, 0, 0, 0, 0, 1, 0, 1, 1
2025-12-28 12:47:28.538867|{rssi-115} 111, -53, -127, -127, -127, 111, 111, 111, 111, 111, 111, 111, 111, 111, 111, 111, 111, 111, 
2025-12-28 12:47:28.548818|{td-115} 0, -13, 0, 0, 0, 0, 0, 0, 0, 0, 0, 0, 0, 0, 0, 0, 0, 0, 
2025-12-28 12:47:28.553114|{tx-115} :-BBB.............
2025-12-28 12:47:28.724619|{rx-116} 1, 0, 0, 3, 117, 117, 0, 0, 0, 0, 0, 1, 0, 1, 1
2025-12-28 12:47:28.730259|{rssi-116} 111, -53, -127, -127, -127, 111, 111, 111, 111, 111, 111, 111, 111, 111, 111, 111, 111, 111, 
2025-12-28 12:47:28.738503|{td-116} 0, -15, 0, 0, 0, 0, 0, 0, 0, 0, 0, 0, 0, 0, 0, 0, 0, 0, 
2025-12-28 12:47:28.743152|{tx-116} :-BBB.............
2025-12-28 12:47:28.914309|{rx-117} 1, 0, 0, 3, 118, 118, 0, 0, 0, 0, 0, 1, 0, 1, 1
2025-12-28 12:47:28.919041|{rssi-117} 111, -53, -127, -127, -127, 111, 111, 111, 111, 111, 111, 111, 111, 111, 111, 111, 111, 111, 
2025-12-28 12:47:28.928473|{td-117} 0, -15, 0, 0, 0, 0, 0, 0, 0, 0, 0, 0, 0, 0, 0, 0, 0, 0, 
2025-12-28 12:47:28.933025|{tx-117} :-BBB.............
2025-12-28 12:47:29.103684|{rx-118} 1, 0, 0, 3, 119, 119, 0, 0, 0, 0, 0, 1, 0, 1, 1
2025-12-28 12:47:29.109042|{rssi-118} 111, -53, -127, -127, -127, 111, 111, 111, 111, 111, 111, 111, 111, 111, 111, 111, 111, 111, 
2025-12-28 12:47:29.117877|{td-118} 0, -13, 0, 0, 0, 0, 0, 0, 0, 0, 0, 0, 0, 0, 0, 0, 0, 0, 
2025-12-28 12:47:29.124312|{tx-118} :-BBB.............
2025-12-28 12:47:29.292682|{rx-119} 1, 0, 0, 3, 120, 120, 0, 0, 0, 0, 0, 1, 0, 1, 1
2025-12-28 12:47:29.298761|{rssi-119} 111, -53, -127, -127, -127, 111, 111, 111, 111, 111, 111, 111, 111, 111, 111, 111, 111, 111, 
2025-12-28 12:47:29.308646|{td-119} 0, -15, 0, 0, 0, 0, 0, 0, 0, 0, 0, 0, 0, 0, 0, 0, 0, 0, 
2025-12-28 12:47:29.313995|{tx-119} :-BBB.............
2025-12-28 12:47:29.483733|{rx-120} 1, 0, 0, 3, 121, 121, 0, 0, 0, 0, 0, 1, 0, 1, 1
2025-12-28 12:47:29.488869|{rssi-120} 111, -53, -127, -127, -127, 111, 111, 111, 111, 111, 111, 111, 111, 111, 111, 111, 111, 111, 
2025-12-28 12:47:29.498716|{td-120} 0, -13, 0, 0, 0, 0, 0, 0, 0, 0, 0, 0, 0, 0, 0, 0, 0, 0, 
2025-12-28 12:47:29.503758|{tx-120} :-BBB.............
2025-12-28 12:47:29.673182|{rx-121} 1, 0, 0, 3, 122, 122, 0, 0, 0, 0, 0, 1, 0, 1, 1
2025-12-28 12:47:29.679058|{rssi-121} 111, -53, -127, -127, -127, 111, 111, 111, 111, 111, 111, 111, 111, 111, 111, 111, 111, 111, 
2025-12-28 12:47:29.688535|{td-121} 0, -15, 0, 0, 0, 0, 0, 0, 0, 0, 0, 0, 0, 0, 0, 0, 0, 0, 
2025-12-28 12:47:29.692580|{tx-121} :-BBB.............
2025-12-28 12:47:29.863549|{rx-122} 1, 0, 0, 3, 123, 123, 0, 0, 0, 0, 0, 1, 0, 1, 1
2025-12-28 12:47:29.868274|{rssi-122} 111, -53, -127, -127, -127, 111, 111, 111, 111, 111, 111, 111, 111, 111, 111, 111, 111, 111, 
2025-12-28 12:47:29.877112|{td-122} 0, -13, 0, 0, 0, 0, 0, 0, 0, 0, 0, 0, 0, 0, 0, 0, 0, 0, 
2025-12-28 12:47:29.882991|{tx-122} :-BBB.............
2025-12-28 12:47:30.053323|{rx-123} 1, 0, 0, 3, 124, 124, 0, 0, 0, 0, 0, 1, 0, 1, 1
2025-12-28 12:47:30.059125|{rssi-123} 111, -53, -127, -127, -127, 111, 111, 111, 111, 111, 111, 111, 111, 111, 111, 111, 111, 111, 
2025-12-28 12:47:30.067122|{td-123} 0, -15, 0, 0, 0, 0, 0, 0, 0, 0, 0, 0, 0, 0, 0, 0, 0, 0, 
2025-12-28 12:47:30.074009|{tx-123} :-BBB.............
2025-12-28 12:47:30.243743|{rx-124} 1, 0, 0, 3, 125, 125, 0, 0, 0, 0, 0, 1, 0, 1, 1
2025-12-28 12:47:30.248801|{rssi-124} 111, -53, -127, -127, -127, 111, 111, 111, 111, 111, 111, 111, 111, 111, 111, 111, 111, 111, 
2025-12-28 12:47:30.258797|{td-124} 0, -13, 0, 0, 0, 0, 0, 0, 0, 0, 0, 0, 0, 0, 0, 0, 0, 0, 
2025-12-28 12:47:30.262867|{tx-124} :-BBB.............
2025-12-28 12:47:30.433166|{rx-125} 1, 0, 0, 3, 126, 126, 0, 0, 0, 0, 0, 1, 0, 1, 1
2025-12-28 12:47:30.439480|{rssi-125} 111, -53, -127, -127, -127, 111, 111, 111, 111, 111, 111, 111, 111, 111, 111, 111, 111, 111, 
2025-12-28 12:47:30.449099|{td-125} 0, -15, 0, 0, 0, 0, 0, 0, 0, 0, 0, 0, 0, 0, 0, 0, 0, 0, 
2025-12-28 12:47:30.454276|{tx-125} :-BBB.............
2025-12-28 12:47:30.623480|{rx-126} 1, 0, 0, 3, 127, 127, 0, 0, 0, 0, 0, 1, 0, 1, 1
2025-12-28 12:47:30.628651|{rssi-126} 111, -53, -127, -127, -127, 111, 111, 111, 111, 111, 111, 111, 111, 111, 111, 111, 111, 111, 
2025-12-28 12:47:30.638333|{td-126} 0, -13, 0, 0, 0, 0, 0, 0, 0, 0, 0, 0, 0, 0, 0, 0, 0, 0, 
2025-12-28 12:47:30.642897|{tx-126} :-BBB.............
2025-12-28 12:47:30.813261|{rx-127} 1, 0, 0, 3, 128, 128, 0, 0, 0, 0, 0, 1, 0, 1, 1
2025-12-28 12:47:30.818932|{rssi-127} 111, -53, -127, -127, -127, 111, 111, 111, 111, 111, 111, 111, 111, 111, 111, 111, 111, 111, 
2025-12-28 12:47:30.828583|{td-127} 0, -13, 0, 0, 0, 0, 0, 0, 0, 0, 0, 0, 0, 0, 0, 0, 0, 0, 
2025-12-28 12:47:30.833081|{tx-127} :-BBB.............
2025-12-28 12:47:31.003689|{rx-128} 1, 0, 0, 3, 129, 129, 0, 0, 0, 0, 0, 1, 0, 1, 1
2025-12-28 12:47:31.009196|{rssi-128} 111, -53, -127, -127, -127, 111, 111, 111, 111, 111, 111, 111, 111, 111, 111, 111, 111, 111, 
2025-12-28 12:47:31.018758|{td-128} 0, -15, 0, 0, 0, 0, 0, 0, 0, 0, 0, 0, 0, 0, 0, 0, 0, 0, 
2025-12-28 12:47:31.023744|{tx-128} :-BBB.............
2025-12-28 12:47:31.193303|{rx-129} 1, 0, 0, 3, 130, 130, 0, 0, 0, 0, 0, 1, 0, 1, 1
2025-12-28 12:47:31.197983|{rssi-129} 111, -53, -127, -127, -127, 111, 111, 111, 111, 111, 111, 111, 111, 111, 111, 111, 111, 111, 
2025-12-28 12:47:31.208474|{td-129} 0, -15, 0, 0, 0, 0, 0, 0, 0, 0, 0, 0, 0, 0, 0, 0, 0, 0, 
2025-12-28 12:47:31.213672|{tx-129} :-BBB.............
2025-12-28 12:47:31.383887|{rx-130} 1, 0, 0, 3, 131, 131, 0, 0, 0, 0, 0, 1, 0, 1, 1
2025-12-28 12:47:31.388929|{rssi-130} 111, -53, -127, -127, -127, 111, 111, 111, 111, 111, 111, 111, 111, 111, 111, 111, 111, 111, 
2025-12-28 12:47:31.397460|{td-130} 0, -13, 0, 0, 0, 0, 0, 0, 0, 0, 0, 0, 0, 0, 0, 0, 0, 0, 
2025-12-28 12:47:31.402849|{tx-130} :-BBB.............
2025-12-28 12:47:31.573830|{rx-131} 1, 0, 0, 3, 132, 132, 0, 0, 0, 0, 0, 1, 0, 1, 1
2025-12-28 12:47:31.581538|{rssi-131} 111, -53, -127, -127, -127, 111, 111, 111, 111, 111, 111, 111, 111, 111, 111, 111, 111, 111, 
2025-12-28 12:47:31.587486|{td-131} 0, -15, 0, 0, 0, 0, 0, 0, 0, 0, 0, 0, 0, 0, 0, 0, 0, 0, 
2025-12-28 12:47:31.592980|{tx-131} :-BBB.............
2025-12-28 12:47:31.764001|{rx-132} 1, 0, 0, 3, 133, 133, 0, 0, 0, 0, 0, 1, 0, 1, 1
2025-12-28 12:47:31.768936|{rssi-132} 111, -53, -127, -127, -127, 111, 111, 111, 111, 111, 111, 111, 111, 111, 111, 111, 111, 111, 
2025-12-28 12:47:31.777940|{td-132} 0, -13, 0, 0, 0, 0, 0, 0, 0, 0, 0, 0, 0, 0, 0, 0, 0, 0, 
2025-12-28 12:47:31.782845|{tx-132} :-BBB.............
2025-12-28 12:47:31.953820|{rx-133} 1, 0, 0, 3, 134, 134, 0, 0, 0, 0, 0, 1, 0, 1, 1
2025-12-28 12:47:31.958677|{rssi-133} 111, -53, -127, -127, -127, 111, 111, 111, 111, 111, 111, 111, 111, 111, 111, 111, 111, 111, 
2025-12-28 12:47:31.968037|{td-133} 0, -15, 0, 0, 0, 0, 0, 0, 0, 0, 0, 0, 0, 0, 0, 0, 0, 0, 
2025-12-28 12:47:31.972892|{tx-133} :-BBB.............
2025-12-28 12:47:32.143757|{rx-134} 1, 0, 0, 3, 135, 135, 0, 0, 0, 0, 0, 1, 0, 1, 1
2025-12-28 12:47:32.149009|{rssi-134} 111, -53, -127, -127, -127, 111, 111, 111, 111, 111, 111, 111, 111, 111, 111, 111, 111, 111, 
2025-12-28 12:47:32.158138|{td-134} 0, -13, 0, 0, 0, 0, 0, 0, 0, 0, 0, 0, 0, 0, 0, 0, 0, 0, 
2025-12-28 12:47:32.162199|{tx-134} :-BBB.............
2025-12-28 12:47:32.333050|{rx-135} 1, 0, 0, 3, 136, 136, 0, 0, 0, 0, 0, 1, 0, 1, 1
2025-12-28 12:47:32.338736|{rssi-135} 111, -53, -127, -127, -127, 111, 111, 111, 111, 111, 111, 111, 111, 111, 111, 111, 111, 111, 
2025-12-28 12:47:32.348954|{td-135} 0, -15, 0, 0, 0, 0, 0, 0, 0, 0, 0, 0, 0, 0, 0, 0, 0, 0, 
2025-12-28 12:47:32.353316|{tx-135} :-BBB.............
2025-12-28 12:47:32.523770|{rx-136} 1, 0, 0, 3, 137, 137, 0, 0, 0, 0, 0, 1, 0, 1, 1
2025-12-28 12:47:32.528923|{rssi-136} 111, -53, -127, -127, -127, 111, 111, 111, 111, 111, 111, 111, 111, 111, 111, 111, 111, 111, 
2025-12-28 12:47:32.537242|{td-136} 0, -13, 0, 0, 0, 0, 0, 0, 0, 0, 0, 0, 0, 0, 0, 0, 0, 0, 
2025-12-28 12:47:32.542447|{tx-136} :-BBB.............
2025-12-28 12:47:32.713799|{rx-137} 1, 0, 0, 3, 138, 138, 0, 0, 0, 0, 0, 1, 0, 1, 1
2025-12-28 12:47:32.718633|{rssi-137} 111, -53, -127, -127, -127, 111, 111, 111, 111, 111, 111, 111, 111, 111, 111, 111, 111, 111, 
2025-12-28 12:47:32.728445|{td-137} 0, -15, 0, 0, 0, 0, 0, 0, 0, 0, 0, 0, 0, 0, 0, 0, 0, 0, 
2025-12-28 12:47:32.733162|{tx-137} :-BBB.............
2025-12-28 12:47:32.903738|{rx-138} 1, 0, 0, 3, 139, 139, 0, 0, 0, 0, 0, 1, 0, 1, 1
2025-12-28 12:47:32.908464|{rssi-138} 111, -53, -127, -127, -127, 111, 111, 111, 111, 111, 111, 111, 111, 111, 111, 111, 111, 111, 
2025-12-28 12:47:32.917509|{td-138} 0, -13, 0, 0, 0, 0, 0, 0, 0, 0, 0, 0, 0, 0, 0, 0, 0, 0, 
2025-12-28 12:47:32.922510|{tx-138} :-BBB.............
2025-12-28 12:47:33.093533|{rx-139} 1, 0, 0, 3, 140, 140, 0, 0, 0, 0, 0, 1, 0, 1, 1
2025-12-28 12:47:33.098349|{rssi-139} 111, -53, -127, -127, -127, 111, 111, 111, 111, 111, 111, 111, 111, 111, 111, 111, 111, 111, 
2025-12-28 12:47:33.108004|{td-139} 0, -15, 0, 0, 0, 0, 0, 0, 0, 0, 0, 0, 0, 0, 0, 0, 0, 0, 
2025-12-28 12:47:33.113473|{tx-139} :-BBB.............
2025-12-28 12:47:33.283459|{rx-140} 1, 0, 0, 3, 141, 141, 0, 0, 0, 0, 0, 1, 0, 1, 1
2025-12-28 12:47:33.288847|{rssi-140} 111, -53, -127, -127, -127, 111, 111, 111, 111, 111, 111, 111, 111, 111, 111, 111, 111, 111, 
2025-12-28 12:47:33.297288|{td-140} 0, -15, 0, 0, 0, 0, 0, 0, 0, 0, 0, 0, 0, 0, 0, 0, 0, 0, 
2025-12-28 12:47:33.303498|{tx-140} :-BBB.............
2025-12-28 12:47:33.473420|{rx-141} 1, 0, 0, 3, 142, 142, 0, 0, 0, 0, 0, 1, 0, 1, 1
2025-12-28 12:47:33.478231|{rssi-141} 111, -53, -127, -127, -127, 111, 111, 111, 111, 111, 111, 111, 111, 111, 111, 111, 111, 111, 
2025-12-28 12:47:33.486913|{td-141} 0, -13, 0, 0, 0, 0, 0, 0, 0, 0, 0, 0, 0, 0, 0, 0, 0, 0, 
2025-12-28 12:47:33.492094|{tx-141} :-BBB.............
2025-12-28 12:47:33.663230|{rx-142} 1, 0, 0, 3, 143, 143, 0, 0, 0, 0, 0, 1, 0, 1, 1
2025-12-28 12:47:33.668267|{rssi-142} 111, -53, -127, -127, -127, 111, 111, 111, 111, 111, 111, 111, 111, 111, 111, 111, 111, 111, 
2025-12-28 12:47:33.676478|{td-142} 0, -13, 0, 0, 0, 0, 0, 0, 0, 0, 0, 0, 0, 0, 0, 0, 0, 0, 
2025-12-28 12:47:33.682751|{tx-142} :-BBB.............
2025-12-28 12:47:33.854049|{rx-143} 1, 0, 0, 3, 144, 144, 0, 0, 0, 0, 0, 1, 0, 1, 1
2025-12-28 12:47:33.858272|{rssi-143} 111, -53, -127, -127, -127, 111, 111, 111, 111, 111, 111, 111, 111, 111, 111, 111, 111, 111, 
2025-12-28 12:47:33.866905|{td-143} 0, -15, 0, 0, 0, 0, 0, 0, 0, 0, 0, 0, 0, 0, 0, 0, 0, 0, 
2025-12-28 12:47:33.872941|{tx-143} :-BBB.............
2025-12-28 12:47:34.043875|{rx-144} 1, 0, 0, 3, 145, 145, 0, 0, 0, 0, 0, 1, 0, 1, 1
2025-12-28 12:47:34.048943|{rssi-144} 111, -53, -127, -127, -127, 111, 111, 111, 111, 111, 111, 111, 111, 111, 111, 111, 111, 111, 
2025-12-28 12:47:34.057363|{td-144} 0, -13, 0, 0, 0, 0, 0, 0, 0, 0, 0, 0, 0, 0, 0, 0, 0, 0, 
2025-12-28 12:47:34.063163|{tx-144} :-BBB.............
2025-12-28 12:47:34.233554|{rx-145} 1, 0, 0, 3, 146, 146, 0, 0, 0, 0, 0, 1, 0, 1, 1
2025-12-28 12:47:34.238076|{rssi-145} 111, -53, -127, -127, -127, 111, 111, 111, 111, 111, 111, 111, 111, 111, 111, 111, 111, 111, 
2025-12-28 12:47:34.247471|{td-145} 0, -15, 0, 0, 0, 0, 0, 0, 0, 0, 0, 0, 0, 0, 0, 0, 0, 0, 
2025-12-28 12:47:34.252214|{tx-145} :-BBB.............
2025-12-28 12:47:34.422434|{rx-146} 1, 0, 0, 3, 147, 147, 0, 0, 0, 0, 0, 1, 0, 1, 1
2025-12-28 12:47:34.427832|{rssi-146} 111, -53, -127, -127, -127, 111, 111, 111, 111, 111, 111, 111, 111, 111, 111, 111, 111, 111, 
2025-12-28 12:47:34.437309|{td-146} 0, -15, 0, 0, 0, 0, 0, 0, 0, 0, 0, 0, 0, 0, 0, 0, 0, 0, 
2025-12-28 12:47:34.442619|{tx-146} :-BBB.............
2025-12-28 12:47:34.612402|{rx-147} 1, 0, 0, 3, 148, 148, 0, 0, 0, 0, 0, 1, 0, 1, 1
2025-12-28 12:47:34.617104|{rssi-147} 111, -53, -127, -127, -127, 111, 111, 111, 111, 111, 111, 111, 111, 111, 111, 111, 111, 111, 
2025-12-28 12:47:34.626262|{td-147} 0, -13, 0, 0, 0, 0, 0, 0, 0, 0, 0, 0, 0, 0, 0, 0, 0, 0, 
2025-12-28 12:47:34.632461|{tx-147} :-BBB.............
2025-12-28 12:47:34.801399|{rx-148} 1, 0, 0, 3, 149, 149, 0, 0, 0, 0, 0, 1, 0, 1, 1
2025-12-28 12:47:34.806248|{rssi-148} 111, -53, -127, -127, -127, 111, 111, 111, 111, 111, 111, 111, 111, 111, 111, 111, 111, 111, 
2025-12-28 12:47:34.815383|{td-148} 0, -13, 0, 0, 0, 0, 0, 0, 0, 0, 0, 0, 0, 0, 0, 0, 0, 0, 
2025-12-28 12:47:34.822388|{tx-148} :-BBB.............
2025-12-28 12:47:34.992124|{rx-149} 1, 0, 0, 3, 150, 150, 0, 0, 0, 0, 0, 1, 0, 1, 1
2025-12-28 12:47:34.997510|{rssi-149} 111, -53, -127, -127, -127, 111, 111, 111, 111, 111, 111, 111, 111, 111, 111, 111, 111, 111, 
2025-12-28 12:47:35.006417|{td-149} 0, -15, 0, 0, 0, 0, 0, 0, 0, 0, 0, 0, 0, 0, 0, 0, 0, 0, 
2025-12-28 12:47:35.011338|{tx-149} :-BBB.............
2025-12-28 12:47:35.181881|{rx-150} 1, 0, 0, 3, 151, 151, 0, 0, 0, 0, 0, 1, 0, 1, 1
2025-12-28 12:47:35.186464|{rssi-150} 111, -53, -127, -127, -127, 111, 111, 111, 111, 111, 111, 111, 111, 111, 111, 111, 111, 111, 
2025-12-28 12:47:35.195520|{td-150} 0, -15, 0, 0, 0, 0, 0, 0, 0, 0, 0, 0, 0, 0, 0, 0, 0, 0, 
2025-12-28 12:47:35.202592|{tx-150} :-BBB.............
2025-12-28 12:47:35.371820|{rx-151} 1, 0, 0, 3, 152, 152, 0, 0, 0, 0, 0, 1, 0, 1, 1
2025-12-28 12:47:35.377147|{rssi-151} 111, -53, -127, -127, -127, 111, 111, 111, 111, 111, 111, 111, 111, 111, 111, 111, 111, 111, 
2025-12-28 12:47:35.386633|{td-151} 0, -13, 0, 0, 0, 0, 0, 0, 0, 0, 0, 0, 0, 0, 0, 0, 0, 0, 
2025-12-28 12:47:35.391356|{tx-151} :-BBB.............
2025-12-28 12:47:35.561268|{rx-152} 1, 0, 0, 3, 153, 153, 0, 0, 0, 0, 0, 1, 0, 1, 1
2025-12-28 12:47:35.568795|{rssi-152} 111, -53, -127, -127, -127, 111, 111, 111, 111, 111, 111, 111, 111, 111, 111, 111, 111, 111, 
2025-12-28 12:47:35.576704|{td-152} 0, -13, 0, 0, 0, 0, 0, 0, 0, 0, 0, 0, 0, 0, 0, 0, 0, 0, 
2025-12-28 12:47:35.581449|{tx-152} :-BBB.............
2025-12-28 12:47:35.751718|{rx-153} 1, 0, 0, 3, 154, 154, 0, 0, 0, 0, 0, 1, 0, 1, 1
2025-12-28 12:47:35.757030|{rssi-153} 111, -53, -127, -127, -127, 111, 111, 111, 111, 111, 111, 111, 111, 111, 111, 111, 111, 111, 
2025-12-28 12:47:35.766408|{td-153} 0, -15, 0, 0, 0, 0, 0, 0, 0, 0, 0, 0, 0, 0, 0, 0, 0, 0, 
2025-12-28 12:47:35.772689|{tx-153} :-BBB.............
2025-12-28 12:47:35.941616|{rx-154} 1, 0, 0, 3, 155, 155, 0, 0, 0, 0, 0, 1, 0, 1, 1
2025-12-28 12:47:35.947883|{rssi-154} 111, -53, -127, -127, -127, 111, 111, 111, 111, 111, 111, 111, 111, 111, 111, 111, 111, 111, 
2025-12-28 12:47:35.956995|{td-154} 0, -15, 0, 0, 0, 0, 0, 0, 0, 0, 0, 0, 0, 0, 0, 0, 0, 0, 
2025-12-28 12:47:35.962071|{tx-154} :-BBB.............
2025-12-28 12:47:36.132002|{rx-155} 1, 0, 0, 3, 156, 156, 0, 0, 0, 0, 0, 1, 0, 1, 1
2025-12-28 12:47:36.136614|{rssi-155} 111, -53, -127, -127, -127, 111, 111, 111, 111, 111, 111, 111, 111, 111, 111, 111, 111, 111, 
2025-12-28 12:47:36.146319|{td-155} 0, -13, 0, 0, 0, 0, 0, 0, 0, 0, 0, 0, 0, 0, 0, 0, 0, 0, 
2025-12-28 12:47:36.153257|{tx-155} :-BBB.............
2025-12-28 12:47:36.322525|{rx-156} 1, 0, 0, 3, 157, 157, 0, 0, 0, 0, 0, 1, 0, 1, 1
2025-12-28 12:47:36.327391|{rssi-156} 111, -53, -127, -127, -127, 111, 111, 111, 111, 111, 111, 111, 111, 111, 111, 111, 111, 111, 
2025-12-28 12:47:36.336593|{td-156} 0, -15, 0, 0, 0, 0, 0, 0, 0, 0, 0, 0, 0, 0, 0, 0, 0, 0, 
2025-12-28 12:47:36.341091|{tx-156} :-BBB.............
2025-12-28 12:47:36.511406|{rx-157} 1, 0, 0, 3, 158, 158, 0, 0, 0, 0, 0, 1, 0, 1, 1
2025-12-28 12:47:36.517624|{rssi-157} 111, -53, -127, -127, -127, 111, 111, 111, 111, 111, 111, 111, 111, 111, 111, 111, 111, 111, 
2025-12-28 12:47:36.530509|{td-157} 0, -13, 0, 0, 0, 0, 0, 0, 0, 0, 0, 0, 0, 0, 0, 0, 0, 0, 
2025-12-28 12:47:36.533569|{tx-157} :-BBB.............
2025-12-28 12:47:36.702247|{rx-158} 1, 0, 0, 3, 159, 159, 0, 0, 0, 0, 0, 1, 0, 1, 1
2025-12-28 12:47:36.710524|{rssi-158} 111, -53, -127, -127, -127, 111, 111, 111, 111, 111, 111, 111, 111, 111, 111, 111, 111, 111, 
2025-12-28 12:47:36.716577|{td-158} 0, -13, 0, 0, 0, 0, 0, 0, 0, 0, 0, 0, 0, 0, 0, 0, 0, 0, 
2025-12-28 12:47:36.721388|{tx-158} :-BBB.............
2025-12-28 12:47:36.891794|{rx-159} 1, 0, 0, 3, 160, 160, 0, 0, 0, 0, 0, 1, 0, 1, 1
2025-12-28 12:47:36.897851|{rssi-159} 111, -53, -127, -127, -127, 111, 111, 111, 111, 111, 111, 111, 111, 111, 111, 111, 111, 111, 
2025-12-28 12:47:36.906768|{td-159} 0, -15, 0, 0, 0, 0, 0, 0, 0, 0, 0, 0, 0, 0, 0, 0, 0, 0, 
2025-12-28 12:47:36.911982|{tx-159} :-BBB.............
2025-12-28 12:47:37.082572|{rx-160} 1, 0, 0, 3, 161, 161, 0, 0, 0, 0, 0, 1, 0, 1, 1
2025-12-28 12:47:37.086729|{rssi-160} 111, -53, -127, -127, -127, 111, 111, 111, 111, 111, 111, 111, 111, 111, 111, 111, 111, 111, 
2025-12-28 12:47:37.096883|{td-160} 0, -15, 0, 0, 0, 0, 0, 0, 0, 0, 0, 0, 0, 0, 0, 0, 0, 0, 
2025-12-28 12:47:37.101916|{tx-160} :-BBB.............
2025-12-28 12:47:37.272483|{rx-161} 1, 0, 0, 3, 162, 162, 0, 0, 0, 0, 0, 1, 0, 1, 1
2025-12-28 12:47:37.277217|{rssi-161} 111, -53, -127, -127, -127, 111, 111, 111, 111, 111, 111, 111, 111, 111, 111, 111, 111, 111, 
2025-12-28 12:47:37.286940|{td-161} 0, -13, 0, 0, 0, 0, 0, 0, 0, 0, 0, 0, 0, 0, 0, 0, 0, 0, 
2025-12-28 12:47:37.291432|{tx-161} :-BBB.............
2025-12-28 12:47:37.462475|{rx-162} 1, 0, 0, 3, 163, 163, 0, 0, 0, 0, 0, 1, 0, 1, 1
2025-12-28 12:47:37.467041|{rssi-162} 111, -53, -127, -127, -127, 111, 111, 111, 111, 111, 111, 111, 111, 111, 111, 111, 111, 111, 
2025-12-28 12:47:37.476941|{td-162} 0, -15, 0, 0, 0, 0, 0, 0, 0, 0, 0, 0, 0, 0, 0, 0, 0, 0, 
2025-12-28 12:47:37.482626|{tx-162} :-BBB.............
2025-12-28 12:47:37.653055|{rx-163} 1, 0, 0, 3, 164, 164, 0, 0, 0, 0, 0, 1, 0, 1, 1
2025-12-28 12:47:37.656418|{rssi-163} 111, -53, -127, -127, -127, 111, 111, 111, 111, 111, 111, 111, 111, 111, 111, 111, 111, 111, 
2025-12-28 12:47:37.666487|{td-163} 0, -13, 0, 0, 0, 0, 0, 0, 0, 0, 0, 0, 0, 0, 0, 0, 0, 0, 
2025-12-28 12:47:37.671859|{tx-163} :-BBB.............
2025-12-28 12:47:37.843071|{rx-164} 1, 0, 0, 3, 165, 165, 0, 0, 0, 0, 0, 1, 0, 1, 1
2025-12-28 12:47:37.847940|{rssi-164} 111, -53, -127, -127, -127, 111, 111, 111, 111, 111, 111, 111, 111, 111, 111, 111, 111, 111, 
2025-12-28 12:47:37.855820|{td-164} 0, -15, 0, 0, 0, 0, 0, 0, 0, 0, 0, 0, 0, 0, 0, 0, 0, 0, 
2025-12-28 12:47:37.862140|{tx-164} :-BBB.............
2025-12-28 12:47:38.031887|{rx-165} 1, 0, 0, 3, 166, 166, 0, 0, 0, 0, 0, 1, 0, 1, 1
2025-12-28 12:47:38.036470|{rssi-165} 111, -53, -127, -127, -127, 111, 111, 111, 111, 111, 111, 111, 111, 111, 111, 111, 111, 111, 
2025-12-28 12:47:38.046625|{td-165} 0, -13, 0, 0, 0, 0, 0, 0, 0, 0, 0, 0, 0, 0, 0, 0, 0, 0, 
2025-12-28 12:47:38.051042|{tx-165} :-BBB.............
2025-12-28 12:47:38.221779|{rx-166} 1, 0, 0, 3, 167, 167, 0, 0, 0, 0, 0, 1, 0, 1, 1
2025-12-28 12:47:38.225933|{rssi-166} 111, -53, -127, -127, -127, 111, 111, 111, 111, 111, 111, 111, 111, 111, 111, 111, 111, 111, 
2025-12-28 12:47:38.236278|{td-166} 0, -15, 0, 0, 0, 0, 0, 0, 0, 0, 0, 0, 0, 0, 0, 0, 0, 0, 
2025-12-28 12:47:38.241795|{tx-166} :-BBB.............
2025-12-28 12:47:38.413057|{rx-167} 1, 0, 0, 3, 168, 168, 0, 0, 0, 0, 0, 1, 0, 1, 1
2025-12-28 12:47:38.417381|{rssi-167} 111, -53, -127, -127, -127, 111, 111, 111, 111, 111, 111, 111, 111, 111, 111, 111, 111, 111, 
2025-12-28 12:47:38.426846|{td-167} 0, -13, 0, 0, 0, 0, 0, 0, 0, 0, 0, 0, 0, 0, 0, 0, 0, 0, 
2025-12-28 12:47:38.432779|{tx-167} :-BBB.............
2025-12-28 12:47:38.603001|{rx-168} 1, 0, 0, 3, 169, 169, 0, 0, 0, 0, 0, 1, 0, 1, 1
2025-12-28 12:47:38.606199|{rssi-168} 111, -53, -127, -127, -127, 111, 111, 111, 111, 111, 111, 111, 111, 111, 111, 111, 111, 111, 
2025-12-28 12:47:38.616499|{td-168} 0, -15, 0, 0, 0, 0, 0, 0, 0, 0, 0, 0, 0, 0, 0, 0, 0, 0, 
2025-12-28 12:47:38.622220|{tx-168} :-BBB.............
2025-12-28 12:47:38.791920|{rx-169} 1, 0, 0, 3, 170, 170, 0, 0, 0, 0, 0, 1, 0, 1, 1
2025-12-28 12:47:38.796930|{rssi-169} 111, -53, -127, -127, -127, 111, 111, 111, 111, 111, 111, 111, 111, 111, 111, 111, 111, 111, 
2025-12-28 12:47:38.806383|{td-169} 0, -13, 0, 0, 0, 0, 0, 0, 0, 0, 0, 0, 0, 0, 0, 0, 0, 0, 
2025-12-28 12:47:38.811540|{tx-169} :-BBB.............
2025-12-28 12:47:38.983031|{rx-170} 1, 0, 0, 3, 171, 171, 0, 0, 0, 0, 0, 1, 0, 1, 1
2025-12-28 12:47:38.988008|{rssi-170} 111, -53, -127, -127, -127, 111, 111, 111, 111, 111, 111, 111, 111, 111, 111, 111, 111, 111, 
2025-12-28 12:47:38.996429|{td-170} 0, -15, 0, 0, 0, 0, 0, 0, 0, 0, 0, 0, 0, 0, 0, 0, 0, 0, 
2025-12-28 12:47:39.002074|{tx-170} :-BBB.............
2025-12-28 12:47:39.172253|{rx-171} 1, 0, 0, 3, 172, 172, 0, 0, 0, 0, 0, 1, 0, 1, 1
2025-12-28 12:47:39.177843|{rssi-171} 111, -53, -127, -127, -127, 111, 111, 111, 111, 111, 111, 111, 111, 111, 111, 111, 111, 111, 
2025-12-28 12:47:39.186298|{td-171} 0, -13, 0, 0, 0, 0, 0, 0, 0, 0, 0, 0, 0, 0, 0, 0, 0, 0, 
2025-12-28 12:47:39.191000|{tx-171} :-BBB.............
2025-12-28 12:47:39.361353|{rx-172} 1, 0, 0, 3, 173, 173, 0, 0, 0, 0, 0, 1, 0, 1, 1
2025-12-28 12:47:39.366947|{rssi-172} 111, -53, -127, -127, -127, 111, 111, 111, 111, 111, 111, 111, 111, 111, 111, 111, 111, 111, 
2025-12-28 12:47:39.376238|{td-172} 0, -15, 0, 0, 0, 0, 0, 0, 0, 0, 0, 0, 0, 0, 0, 0, 0, 0, 
2025-12-28 12:47:39.381354|{tx-172} :-BBB.............
2025-12-28 12:47:39.551498|{rx-173} 1, 0, 0, 3, 174, 174, 0, 0, 0, 0, 0, 1, 0, 1, 1
2025-12-28 12:47:39.557293|{rssi-173} 111, -53, -127, -127, -127, 111, 111, 111, 111, 111, 111, 111, 111, 111, 111, 111, 111, 111, 
2025-12-28 12:47:39.566367|{td-173} 0, -13, 0, 0, 0, 0, 0, 0, 0, 0, 0, 0, 0, 0, 0, 0, 0, 0, 
2025-12-28 12:47:39.570871|{tx-173} :-BBB.............
2025-12-28 12:47:39.741565|{rx-174} 1, 0, 0, 3, 175, 175, 0, 0, 0, 0, 0, 1, 0, 1, 1
2025-12-28 12:47:39.746685|{rssi-174} 111, -53, -127, -127, -127, 111, 111, 111, 111, 111, 111, 111, 111, 111, 111, 111, 111, 111, 
2025-12-28 12:47:39.756380|{td-174} 0, -15, 0, 0, 0, 0, 0, 0, 0, 0, 0, 0, 0, 0, 0, 0, 0, 0, 
2025-12-28 12:47:39.761561|{tx-174} :-BBB.............
2025-12-28 12:47:39.931046|{rx-175} 1, 0, 0, 3, 176, 176, 0, 0, 0, 0, 0, 1, 0, 1, 1
2025-12-28 12:47:39.936631|{rssi-175} 111, -53, -127, -127, -127, 111, 111, 111, 111, 111, 111, 111, 111, 111, 111, 111, 111, 111, 
2025-12-28 12:47:39.946116|{td-175} 0, -13, 0, 0, 0, 0, 0, 0, 0, 0, 0, 0, 0, 0, 0, 0, 0, 0, 
2025-12-28 12:47:39.952290|{tx-175} :-BBB.............
2025-12-28 12:47:40.122416|{rx-176} 1, 0, 0, 3, 177, 177, 0, 0, 0, 0, 0, 1, 0, 1, 1
2025-12-28 12:47:40.125865|{rssi-176} 111, -53, -127, -127, -127, 111, 111, 111, 111, 111, 111, 111, 111, 111, 111, 111, 111, 111, 
2025-12-28 12:47:40.136382|{td-176} 0, -15, 0, 0, 0, 0, 0, 0, 0, 0, 0, 0, 0, 0, 0, 0, 0, 0, 
2025-12-28 12:47:40.141498|{tx-176} :-BBB.............
2025-12-28 12:47:40.312274|{rx-177} 1, 0, 0, 3, 178, 178, 0, 0, 0, 0, 0, 1, 0, 1, 1
2025-12-28 12:47:40.316894|{rssi-177} 111, -53, -127, -127, -127, 111, 111, 111, 111, 111, 111, 111, 111, 111, 111, 111, 111, 111, 
2025-12-28 12:47:40.326221|{td-177} 0, -13, 0, 0, 0, 0, 0, 0, 0, 0, 0, 0, 0, 0, 0, 0, 0, 0, 
2025-12-28 12:47:40.331192|{tx-177} :-BBB.............
2025-12-28 12:47:40.502098|{rx-178} 1, 0, 0, 3, 179, 179, 0, 0, 0, 0, 0, 1, 0, 1, 1
2025-12-28 12:47:40.506551|{rssi-178} 111, -53, -127, -127, -127, 111, 111, 111, 111, 111, 111, 111, 111, 111, 111, 111, 111, 111, 
2025-12-28 12:47:40.516030|{td-178} 0, -15, 0, 0, 0, 0, 0, 0, 0, 0, 0, 0, 0, 0, 0, 0, 0, 0, 
2025-12-28 12:47:40.521109|{tx-178} :-BBB.............
2025-12-28 12:47:40.691605|{rx-179} 1, 0, 0, 3, 180, 180, 0, 0, 0, 0, 0, 1, 0, 1, 1
2025-12-28 12:47:40.695927|{rssi-179} 111, -53, -127, -127, -127, 111, 111, 111, 111, 111, 111, 111, 111, 111, 111, 111, 111, 111, 
2025-12-28 12:47:40.706143|{td-179} 0, -13, 0, 0, 0, 0, 0, 0, 0, 0, 0, 0, 0, 0, 0, 0, 0, 0, 
2025-12-28 12:47:40.711440|{tx-179} :-BBB.............
2025-12-28 12:47:40.881871|{rx-180} 1, 0, 0, 3, 181, 181, 0, 0, 0, 0, 0, 1, 0, 1, 1
2025-12-28 12:47:40.886821|{rssi-180} 111, -53, -127, -127, -127, 111, 111, 111, 111, 111, 111, 111, 111, 111, 111, 111, 111, 111, 
2025-12-28 12:47:40.896295|{td-180} 0, -15, 0, 0, 0, 0, 0, 0, 0, 0, 0, 0, 0, 0, 0, 0, 0, 0, 
2025-12-28 12:47:40.902177|{tx-180} :-BBB.............
2025-12-28 12:47:41.071647|{rx-181} 1, 0, 0, 3, 182, 182, 0, 0, 0, 0, 0, 1, 0, 1, 1
2025-12-28 12:47:41.076439|{rssi-181} 111, -53, -127, -127, -127, 111, 111, 111, 111, 111, 111, 111, 111, 111, 111, 111, 111, 111, 
2025-12-28 12:47:41.085431|{td-181} 0, -13, 0, 0, 0, 0, 0, 0, 0, 0, 0, 0, 0, 0, 0, 0, 0, 0, 
2025-12-28 12:47:41.090801|{tx-181} :-BBB.............
2025-12-28 12:47:41.261070|{rx-182} 1, 0, 0, 3, 183, 183, 0, 0, 0, 0, 0, 1, 0, 1, 1
2025-12-28 12:47:41.266082|{rssi-182} 111, -53, -127, -127, -127, 111, 111, 111, 111, 111, 111, 111, 111, 111, 111, 111, 111, 111, 
2025-12-28 12:47:41.274987|{td-182} 0, -15, 0, 0, 0, 0, 0, 0, 0, 0, 0, 0, 0, 0, 0, 0, 0, 0, 
2025-12-28 12:47:41.282060|{tx-182} :-BBB.............
2025-12-28 12:47:41.452017|{rx-183} 1, 0, 0, 3, 184, 184, 0, 0, 0, 0, 0, 1, 0, 1, 1
2025-12-28 12:47:41.456842|{rssi-183} 111, -53, -127, -127, -127, 111, 111, 111, 111, 111, 111, 111, 111, 111, 111, 111, 111, 111, 
2025-12-28 12:47:41.466221|{td-183} 0, -13, 0, 0, 0, 0, 0, 0, 0, 0, 0, 0, 0, 0, 0, 0, 0, 0, 
2025-12-28 12:47:41.470358|{tx-183} :-BBB.............
2025-12-28 12:47:41.641873|{rx-184} 1, 0, 0, 3, 185, 185, 0, 0, 0, 0, 0, 1, 0, 1, 1
2025-12-28 12:47:41.646672|{rssi-184} 111, -53, -127, -127, -127, 111, 111, 111, 111, 111, 111, 111, 111, 111, 111, 111, 111, 111, 
2025-12-28 12:47:41.656082|{td-184} 0, -15, 0, 0, 0, 0, 0, 0, 0, 0, 0, 0, 0, 0, 0, 0, 0, 0, 
2025-12-28 12:47:41.662138|{tx-184} :-BBB.............
2025-12-28 12:47:41.831879|{rx-185} 1, 0, 0, 3, 186, 186, 0, 0, 0, 0, 0, 1, 0, 1, 1
2025-12-28 12:47:41.840232|{rssi-185} 111, -53, -127, -127, -127, 111, 111, 111, 111, 111, 111, 111, 111, 111, 111, 111, 111, 111, 
2025-12-28 12:47:41.845859|{td-185} 0, -13, 0, 0, 0, 0, 0, 0, 0, 0, 0, 0, 0, 0, 0, 0, 0, 0, 
2025-12-28 12:47:41.851479|{tx-185} :-BBB.............
2025-12-28 12:47:42.022109|{rx-186} 1, 0, 0, 3, 187, 187, 0, 0, 0, 0, 0, 1, 0, 1, 1
2025-12-28 12:47:42.026795|{rssi-186} 111, -53, -127, -127, -127, 111, 111, 111, 111, 111, 111, 111, 111, 111, 111, 111, 111, 111, 
2025-12-28 12:47:42.036197|{td-186} 0, -15, 0, 0, 0, 0, 0, 0, 0, 0, 0, 0, 0, 0, 0, 0, 0, 0, 
2025-12-28 12:47:42.041177|{tx-186} :-BBB.............
2025-12-28 12:47:42.211885|{rx-187} 1, 0, 0, 3, 188, 188, 0, 0, 0, 0, 0, 1, 0, 1, 1
2025-12-28 12:47:42.216313|{rssi-187} 111, -53, -127, -127, -127, 111, 111, 111, 111, 111, 111, 111, 111, 111, 111, 111, 111, 111, 
2025-12-28 12:47:42.225852|{td-187} 0, -13, 0, 0, 0, 0, 0, 0, 0, 0, 0, 0, 0, 0, 0, 0, 0, 0, 
2025-12-28 12:47:42.230935|{tx-187} :-BBB.............
2025-12-28 12:47:42.401838|{rx-188} 1, 0, 0, 3, 189, 189, 0, 0, 0, 0, 0, 1, 0, 1, 1
2025-12-28 12:47:42.405537|{rssi-188} 111, -53, -127, -127, -127, 111, 111, 111, 111, 111, 111, 111, 111, 111, 111, 111, 111, 111, 
2025-12-28 12:47:42.415599|{td-188} 0, -15, 0, 0, 0, 0, 0, 0, 0, 0, 0, 0, 0, 0, 0, 0, 0, 0, 
2025-12-28 12:47:42.421321|{tx-188} :-BBB.............
2025-12-28 12:47:42.591793|{rx-189} 1, 0, 0, 3, 190, 190, 0, 0, 0, 0, 0, 1, 0, 1, 1
2025-12-28 12:47:42.596307|{rssi-189} 111, -53, -127, -127, -127, 111, 111, 111, 111, 111, 111, 111, 111, 111, 111, 111, 111, 111, 
2025-12-28 12:47:42.605652|{td-189} 0, -13, 0, 0, 0, 0, 0, 0, 0, 0, 0, 0, 0, 0, 0, 0, 0, 0, 
2025-12-28 12:47:42.610579|{tx-189} :-BBB.............
2025-12-28 12:47:42.781558|{rx-190} 1, 0, 0, 3, 191, 191, 0, 0, 0, 0, 0, 1, 0, 1, 1
2025-12-28 12:47:42.786417|{rssi-190} 111, -53, -127, -127, -127, 111, 111, 111, 111, 111, 111, 111, 111, 111, 111, 111, 111, 111, 
2025-12-28 12:47:42.796122|{td-190} 0, -15, 0, 0, 0, 0, 0, 0, 0, 0, 0, 0, 0, 0, 0, 0, 0, 0, 
2025-12-28 12:47:42.802688|{tx-190} :-BBB.............
2025-12-28 12:47:42.971286|{rx-191} 1, 0, 0, 3, 192, 192, 0, 0, 0, 0, 0, 1, 0, 1, 1
2025-12-28 12:47:42.975447|{rssi-191} 111, -53, -127, -127, -127, 111, 111, 111, 111, 111, 111, 111, 111, 111, 111, 111, 111, 111, 
2025-12-28 12:47:42.985190|{td-191} 0, -15, 0, 0, 0, 0, 0, 0, 0, 0, 0, 0, 0, 0, 0, 0, 0, 0, 
2025-12-28 12:47:42.990635|{tx-191} :-BBB.............
2025-12-28 12:47:43.162544|{rx-192} 1, 0, 0, 3, 193, 193, 0, 0, 0, 0, 0, 1, 0, 1, 1
2025-12-28 12:47:43.166724|{rssi-192} 111, -53, -127, -127, -127, 111, 111, 111, 111, 111, 111, 111, 111, 111, 111, 111, 111, 111, 
2025-12-28 12:47:43.175701|{td-192} 0, -13, 0, 0, 0, 0, 0, 0, 0, 0, 0, 0, 0, 0, 0, 0, 0, 0, 
2025-12-28 12:47:43.181582|{tx-192} :-BBB.............
2025-12-28 12:47:43.350904|{rx-193} 1, 0, 0, 3, 194, 194, 0, 0, 0, 0, 0, 1, 0, 1, 1
2025-12-28 12:47:43.355749|{rssi-193} 111, -53, -127, -127, -127, 111, 111, 111, 111, 111, 111, 111, 111, 111, 111, 111, 111, 111, 
2025-12-28 12:47:43.365225|{td-193} 0, -13, 0, 0, 0, 0, 0, 0, 0, 0, 0, 0, 0, 0, 0, 0, 0, 0, 
2025-12-28 12:47:43.370472|{tx-193} :-BBB.............
2025-12-28 12:47:43.541790|{rx-194} 1, 0, 0, 3, 195, 195, 0, 0, 0, 0, 0, 1, 0, 1, 1
2025-12-28 12:47:43.546099|{rssi-194} 111, -53, -127, -127, -127, 111, 111, 111, 111, 111, 111, 111, 111, 111, 111, 111, 111, 111, 
2025-12-28 12:47:43.555500|{td-194} 0, -15, 0, 0, 0, 0, 0, 0, 0, 0, 0, 0, 0, 0, 0, 0, 0, 0, 
2025-12-28 12:47:43.561409|{tx-194} :-BBB.............
2025-12-28 12:47:43.730913|{rx-195} 1, 0, 0, 3, 196, 196, 0, 0, 0, 0, 0, 1, 0, 1, 1
2025-12-28 12:47:43.735746|{rssi-195} 111, -53, -127, -127, -127, 111, 111, 111, 111, 111, 111, 111, 111, 111, 111, 111, 111, 111, 
2025-12-28 12:47:43.744305|{td-195} 0, -15, 0, 0, 0, 0, 0, 0, 0, 0, 0, 0, 0, 0, 0, 0, 0, 0, 
2025-12-28 12:47:43.752236|{tx-195} :-BBB.............
2025-12-28 12:47:43.921054|{rx-196} 1, 0, 0, 3, 197, 197, 0, 0, 0, 0, 0, 1, 0, 1, 1
2025-12-28 12:47:43.926411|{rssi-196} 111, -53, -127, -127, -127, 111, 111, 111, 111, 111, 111, 111, 111, 111, 111, 111, 111, 111, 
2025-12-28 12:47:43.934660|{td-196} 0, -13, 0, 0, 0, 0, 0, 0, 0, 0, 0, 0, 0, 0, 0, 0, 0, 0, 
2025-12-28 12:47:43.941065|{tx-196} :-BBB.............
2025-12-28 12:47:44.111245|{rx-197} 1, 0, 0, 3, 198, 198, 0, 0, 0, 0, 0, 1, 0, 1, 1
2025-12-28 12:47:44.116033|{rssi-197} 111, -53, -127, -127, -127, 111, 111, 111, 111, 111, 111, 111, 111, 111, 111, 111, 111, 111, 
2025-12-28 12:47:44.125712|{td-197} 0, -15, 0, 0, 0, 0, 0, 0, 0, 0, 0, 0, 0, 0, 0, 0, 0, 0, 
2025-12-28 12:47:44.132342|{tx-197} :-BBB.............
2025-12-28 12:47:44.302304|{rx-198} 1, 0, 0, 3, 199, 199, 0, 0, 0, 0, 0, 1, 0, 1, 1
2025-12-28 12:47:44.305992|{rssi-198} 111, -53, -127, -127, -127, 111, 111, 111, 111, 111, 111, 111, 111, 111, 111, 111, 111, 111, 
2025-12-28 12:47:44.315243|{td-198} 0, -13, 0, 0, 0, 0, 0, 0, 0, 0, 0, 0, 0, 0, 0, 0, 0, 0, 
2025-12-28 12:47:44.321211|{tx-198} :-BBB.............
2025-12-28 12:47:44.490426|{rx-199} 1, 0, 0, 3, 200, 200, 0, 0, 0, 0, 0, 1, 0, 1, 1
2025-12-28 12:47:44.495719|{rssi-199} 111, -53, -127, -127, -127, 111, 111, 111, 111, 111, 111, 111, 111, 111, 111, 111, 111, 111, 
2025-12-28 12:47:44.505451|{td-199} 0, -13, 0, 0, 0, 0, 0, 0, 0, 0, 0, 0, 0, 0, 0, 0, 0, 0, 
2025-12-28 12:47:44.510641|{tx-199} :-BBB.............
2025-12-28 12:47:44.680632|{rx-200} 1, 0, 0, 3, 201, 201, 0, 0, 0, 0, 0, 1, 0, 1, 1
2025-12-28 12:47:44.685927|{rssi-200} 111, -53, -127, -127, -127, 111, 111, 111, 111, 111, 111, 111, 111, 111, 111, 111, 111, 111, 
2025-12-28 12:47:44.695913|{td-200} 0, -15, 0, 0, 0, 0, 0, 0, 0, 0, 0, 0, 0, 0, 0, 0, 0, 0, 
2025-12-28 12:47:44.699587|{tx-200} :-BBB.............
2025-12-28 12:47:44.871110|{rx-201} 1, 0, 0, 3, 202, 202, 0, 0, 0, 0, 0, 1, 0, 1, 1
2025-12-28 12:47:44.875022|{rssi-201} 111, -53, -127, -127, -127, 111, 111, 111, 111, 111, 111, 111, 111, 111, 111, 111, 111, 111, 
2025-12-28 12:47:44.884070|{td-201} 0, -15, 0, 0, 0, 0, 0, 0, 0, 0, 0, 0, 0, 0, 0, 0, 0, 0, 
2025-12-28 12:47:44.890466|{tx-201} :-BBB.............
2025-12-28 12:47:45.060544|{rx-202} 1, 0, 0, 3, 203, 203, 0, 0, 0, 0, 0, 1, 0, 1, 1
2025-12-28 12:47:45.065599|{rssi-202} 111, -53, -127, -127, -127, 111, 111, 111, 111, 111, 111, 111, 111, 111, 111, 111, 111, 111, 
2025-12-28 12:47:45.074570|{td-202} 0, -13, 0, 0, 0, 0, 0, 0, 0, 0, 0, 0, 0, 0, 0, 0, 0, 0, 
2025-12-28 12:47:45.080883|{tx-202} :-BBB.............
2025-12-28 12:47:45.250913|{rx-203} 1, 0, 0, 3, 204, 204, 0, 0, 0, 0, 0, 1, 0, 1, 1
2025-12-28 12:47:45.255596|{rssi-203} 111, -53, -127, -127, -127, 111, 111, 111, 111, 111, 111, 111, 111, 111, 111, 111, 111, 111, 
2025-12-28 12:47:45.263473|{td-203} 0, -15, 0, 0, 0, 0, 0, 0, 0, 0, 0, 0, 0, 0, 0, 0, 0, 0, 
2025-12-28 12:47:45.271545|{tx-203} :-BBB.............
2025-12-28 12:47:45.440981|{rx-204} 1, 0, 0, 3, 205, 205, 0, 0, 0, 0, 0, 1, 0, 1, 1
2025-12-28 12:47:45.446224|{rssi-204} 111, -53, -127, -127, -127, 111, 111, 111, 111, 111, 111, 111, 111, 111, 111, 111, 111, 111, 
2025-12-28 12:47:45.455196|{td-204} 0, -13, 0, 0, 0, 0, 0, 0, 0, 0, 0, 0, 0, 0, 0, 0, 0, 0, 
2025-12-28 12:47:45.459935|{tx-204} :-BBB.............
2025-12-28 12:47:45.630244|{rx-205} 1, 0, 0, 3, 206, 206, 0, 0, 0, 0, 0, 1, 0, 1, 1
2025-12-28 12:47:45.635919|{rssi-205} 111, -53, -127, -127, -127, 111, 111, 111, 111, 111, 111, 111, 111, 111, 111, 111, 111, 111, 
2025-12-28 12:47:45.644743|{td-205} 0, -15, 0, 0, 0, 0, 0, 0, 0, 0, 0, 0, 0, 0, 0, 0, 0, 0, 
2025-12-28 12:47:45.649620|{tx-205} :-BBB.............
2025-12-28 12:47:45.820194|{rx-206} 1, 0, 0, 3, 207, 207, 0, 0, 0, 0, 0, 1, 0, 1, 1
2025-12-28 12:47:45.825429|{rssi-206} 111, -53, -127, -127, -127, 111, 111, 111, 111, 111, 111, 111, 111, 111, 111, 111, 111, 111, 
2025-12-28 12:47:45.834297|{td-206} 0, -13, 0, 0, 0, 0, 0, 0, 0, 0, 0, 0, 0, 0, 0, 0, 0, 0, 
2025-12-28 12:47:45.841462|{tx-206} :-BBB.............
2025-12-28 12:47:46.009510|{rx-207} 1, 0, 0, 3, 208, 208, 0, 0, 0, 0, 0, 1, 0, 1, 1
2025-12-28 12:47:46.015030|{rssi-207} 111, -53, -127, -127, -127, 111, 111, 111, 111, 111, 111, 111, 111, 111, 111, 111, 111, 111, 
2025-12-28 12:47:46.024675|{td-207} 0, -15, 0, 0, 0, 0, 0, 0, 0, 0, 0, 0, 0, 0, 0, 0, 0, 0, 
2025-12-28 12:47:46.030218|{tx-207} :-BBB.............
2025-12-28 12:47:46.200010|{rx-208} 1, 0, 0, 3, 209, 209, 0, 0, 0, 0, 0, 1, 0, 1, 1
2025-12-28 12:47:46.204332|{rssi-208} 111, -53, -127, -127, -127, 111, 111, 111, 111, 111, 111, 111, 111, 111, 111, 111, 111, 111, 
2025-12-28 12:47:46.214336|{td-208} 0, -13, 0, 0, 0, 0, 0, 0, 0, 0, 0, 0, 0, 0, 0, 0, 0, 0, 
2025-12-28 12:47:46.221029|{tx-208} :-BBB.............
2025-12-28 12:47:46.389626|{rx-209} 1, 0, 0, 3, 210, 210, 0, 0, 0, 0, 0, 1, 0, 1, 1
2025-12-28 12:47:46.394878|{rssi-209} 111, -53, -127, -127, -127, 111, 111, 111, 111, 111, 111, 111, 111, 111, 111, 111, 111, 111, 
2025-12-28 12:47:46.405255|{td-209} 0, -15, 0, 0, 0, 0, 0, 0, 0, 0, 0, 0, 0, 0, 0, 0, 0, 0, 
2025-12-28 12:47:46.411354|{tx-209} :-BBB.............
2025-12-28 12:47:46.581171|{rx-210} 1, 0, 0, 3, 211, 211, 0, 0, 0, 0, 0, 1, 0, 1, 1
2025-12-28 12:47:46.586069|{rssi-210} 111, -53, -127, -127, -127, 111, 111, 111, 111, 111, 111, 111, 111, 111, 111, 111, 111, 111, 
2025-12-28 12:47:46.594476|{td-210} 0, -13, 0, 0, 0, 0, 0, 0, 0, 0, 0, 0, 0, 0, 0, 0, 0, 0, 
2025-12-28 12:47:46.600004|{tx-210} :-BBB.............
2025-12-28 12:47:46.770774|{rx-211} 1, 0, 0, 3, 212, 212, 0, 0, 0, 0, 0, 1, 0, 1, 1
2025-12-28 12:47:46.775638|{rssi-211} 111, -53, -127, -127, -127, 111, 111, 111, 111, 111, 111, 111, 111, 111, 111, 111, 111, 111, 
2025-12-28 12:47:46.784309|{td-211} 0, -15, 0, 0, 0, 0, 0, 0, 0, 0, 0, 0, 0, 0, 0, 0, 0, 0, 
2025-12-28 12:47:46.790087|{tx-211} :-BBB.............
2025-12-28 12:47:46.960713|{rx-212} 1, 0, 0, 3, 213, 213, 0, 0, 0, 0, 0, 1, 0, 1, 1
2025-12-28 12:47:46.969078|{rssi-212} 111, -53, -127, -127, -127, 111, 111, 111, 111, 111, 111, 111, 111, 111, 111, 111, 111, 111, 
2025-12-28 12:47:46.975250|{td-212} 0, -13, 0, 0, 0, 0, 0, 0, 0, 0, 0, 0, 0, 0, 0, 0, 0, 0, 
2025-12-28 12:47:46.980509|{tx-212} :-BBB.............
2025-12-28 12:47:47.150634|{rx-213} 1, 0, 0, 3, 214, 214, 0, 0, 0, 0, 0, 1, 0, 1, 1
2025-12-28 12:47:47.155575|{rssi-213} 111, -53, -127, -127, -127, 111, 111, 111, 111, 111, 111, 111, 111, 111, 111, 111, 111, 111, 
2025-12-28 12:47:47.164522|{td-213} 0, -15, 0, 0, 0, 0, 0, 0, 0, 0, 0, 0, 0, 0, 0, 0, 0, 0, 
2025-12-28 12:47:47.169546|{tx-213} :-BBB.............
2025-12-28 12:47:47.340541|{rx-214} 1, 0, 0, 3, 215, 215, 0, 0, 0, 0, 0, 1, 0, 1, 1
2025-12-28 12:47:47.345530|{rssi-214} 111, -53, -127, -127, -127, 111, 111, 111, 111, 111, 111, 111, 111, 111, 111, 111, 111, 111, 
2025-12-28 12:47:47.354716|{td-214} 0, -13, 0, 0, 0, 0, 0, 0, 0, 0, 0, 0, 0, 0, 0, 0, 0, 0, 
2025-12-28 12:47:47.359963|{tx-214} :-BBB.............
2025-12-28 12:47:47.530718|{rx-215} 1, 0, 0, 3, 216, 216, 0, 0, 0, 0, 0, 1, 0, 1, 1
2025-12-28 12:47:47.535498|{rssi-215} 111, -53, -127, -127, -127, 111, 111, 111, 111, 111, 111, 111, 111, 111, 111, 111, 111, 111, 
2025-12-28 12:47:47.544169|{td-215} 0, -15, 0, 0, 0, 0, 0, 0, 0, 0, 0, 0, 0, 0, 0, 0, 0, 0, 
2025-12-28 12:47:47.549955|{tx-215} :-BBB.............
2025-12-28 12:47:47.720026|{rx-216} 1, 0, 0, 3, 217, 217, 0, 0, 0, 0, 0, 1, 0, 1, 1
2025-12-28 12:47:47.725436|{rssi-216} 111, -53, -127, -127, -127, 111, 111, 111, 111, 111, 111, 111, 111, 111, 111, 111, 111, 111, 
2025-12-28 12:47:47.734891|{td-216} 0, -13, 0, 0, 0, 0, 0, 0, 0, 0, 0, 0, 0, 0, 0, 0, 0, 0, 
2025-12-28 12:47:47.740839|{tx-216} :-BBB.............
2025-12-28 12:47:47.910782|{rx-217} 1, 0, 0, 3, 218, 218, 0, 0, 0, 0, 0, 1, 0, 1, 1
2025-12-28 12:47:47.915176|{rssi-217} 111, -52, -127, -127, -127, 111, 111, 111, 111, 111, 111, 111, 111, 111, 111, 111, 111, 111, 
2025-12-28 12:47:47.924935|{td-217} 0, -15, 0, 0, 0, 0, 0, 0, 0, 0, 0, 0, 0, 0, 0, 0, 0, 0, 
2025-12-28 12:47:47.931310|{tx-217} :-BBB.............
2025-12-28 12:47:48.100613|{rx-218} 1, 0, 0, 3, 219, 219, 0, 0, 0, 0, 0, 1, 0, 1, 1
2025-12-28 12:47:48.104698|{rssi-218} 111, -53, -127, -127, -127, 111, 111, 111, 111, 111, 111, 111, 111, 111, 111, 111, 111, 111, 
2025-12-28 12:47:48.113642|{td-218} 0, -13, 0, 0, 0, 0, 0, 0, 0, 0, 0, 0, 0, 0, 0, 0, 0, 0, 
2025-12-28 12:47:48.119571|{tx-218} :-BBB.............
2025-12-28 12:47:48.290826|{rx-219} 1, 0, 0, 3, 220, 220, 0, 0, 0, 0, 0, 1, 0, 1, 1
2025-12-28 12:47:48.295565|{rssi-219} 111, -53, -127, -127, -127, 111, 111, 111, 111, 111, 111, 111, 111, 111, 111, 111, 111, 111, 
2025-12-28 12:47:48.304626|{td-219} 0, -15, 0, 0, 0, 0, 0, 0, 0, 0, 0, 0, 0, 0, 0, 0, 0, 0, 
2025-12-28 12:47:48.309917|{tx-219} :-BBB.............
2025-12-28 12:47:48.480524|{rx-220} 1, 0, 0, 3, 221, 221, 0, 0, 0, 0, 0, 1, 0, 1, 1
2025-12-28 12:47:48.485299|{rssi-220} 111, -53, -127, -127, -127, 111, 111, 111, 111, 111, 111, 111, 111, 111, 111, 111, 111, 111, 
2025-12-28 12:47:48.493717|{td-220} 0, -13, 0, 0, 0, 0, 0, 0, 0, 0, 0, 0, 0, 0, 0, 0, 0, 0, 
2025-12-28 12:47:48.500855|{tx-220} :-BBB.............
2025-12-28 12:47:48.670353|{rx-221} 1, 0, 0, 3, 222, 222, 0, 0, 0, 0, 0, 1, 0, 1, 1
2025-12-28 12:47:48.673990|{rssi-221} 111, -53, -127, -127, -127, 111, 111, 111, 111, 111, 111, 111, 111, 111, 111, 111, 111, 111, 
2025-12-28 12:47:48.683778|{td-221} 0, -15, 0, 0, 0, 0, 0, 0, 0, 0, 0, 0, 0, 0, 0, 0, 0, 0, 
2025-12-28 12:47:48.689769|{tx-221} :-BBB.............
2025-12-28 12:47:48.860650|{rx-222} 1, 0, 0, 3, 223, 223, 0, 0, 0, 0, 0, 1, 0, 1, 1
2025-12-28 12:47:48.865179|{rssi-222} 111, -53, -127, -127, -127, 111, 111, 111, 111, 111, 111, 111, 111, 111, 111, 111, 111, 111, 
2025-12-28 12:47:48.874063|{td-222} 0, -13, 0, 0, 0, 0, 0, 0, 0, 0, 0, 0, 0, 0, 0, 0, 0, 0, 
2025-12-28 12:47:48.879167|{tx-222} :-BBB.............
2025-12-28 12:47:49.049579|{rx-223} 1, 0, 0, 3, 224, 224, 0, 0, 0, 0, 0, 1, 0, 1, 1
2025-12-28 12:47:49.054676|{rssi-223} 111, -53, -127, -127, -127, 111, 111, 111, 111, 111, 111, 111, 111, 111, 111, 111, 111, 111, 
2025-12-28 12:47:49.063641|{td-223} 0, -15, 0, 0, 0, 0, 0, 0, 0, 0, 0, 0, 0, 0, 0, 0, 0, 0, 
2025-12-28 12:47:49.069535|{tx-223} :-BBB.............
2025-12-28 12:47:49.240409|{rx-224} 1, 0, 0, 3, 225, 225, 0, 0, 0, 0, 0, 1, 0, 1, 1
2025-12-28 12:47:49.244278|{rssi-224} 111, -53, -127, -127, -127, 111, 111, 111, 111, 111, 111, 111, 111, 111, 111, 111, 111, 111, 
2025-12-28 12:47:49.254384|{td-224} 0, -13, 0, 0, 0, 0, 0, 0, 0, 0, 0, 0, 0, 0, 0, 0, 0, 0, 
2025-12-28 12:47:49.260047|{tx-224} :-BBB.............
2025-12-28 12:47:49.431056|{rx-225} 1, 0, 0, 3, 226, 226, 0, 0, 0, 0, 0, 1, 0, 1, 1
2025-12-28 12:47:49.434257|{rssi-225} 111, -53, -127, -127, -127, 111, 111, 111, 111, 111, 111, 111, 111, 111, 111, 111, 111, 111, 
2025-12-28 12:47:49.444162|{td-225} 0, -15, 0, 0, 0, 0, 0, 0, 0, 0, 0, 0, 0, 0, 0, 0, 0, 0, 
2025-12-28 12:47:49.449028|{tx-225} :-BBB.............
2025-12-28 12:47:49.619357|{rx-226} 1, 0, 0, 3, 227, 227, 0, 0, 0, 0, 0, 1, 0, 1, 1
2025-12-28 12:47:49.625507|{rssi-226} 111, -53, -127, -127, -127, 111, 111, 111, 111, 111, 111, 111, 111, 111, 111, 111, 111, 111, 
2025-12-28 12:47:49.634326|{td-226} 0, -13, 0, 0, 0, 0, 0, 0, 0, 0, 0, 0, 0, 0, 0, 0, 0, 0, 
2025-12-28 12:47:49.639385|{tx-226} :-BBB.............
2025-12-28 12:47:49.810346|{rx-227} 1, 0, 0, 3, 228, 228, 0, 0, 0, 0, 0, 1, 0, 1, 1
2025-12-28 12:47:49.814415|{rssi-227} 111, -53, -127, -127, -127, 111, 111, 111, 111, 111, 111, 111, 111, 111, 111, 111, 111, 111, 
2025-12-28 12:47:49.824546|{td-227} 0, -15, 0, 0, 0, 0, 0, 0, 0, 0, 0, 0, 0, 0, 0, 0, 0, 0, 
2025-12-28 12:47:49.830262|{tx-227} :-BBB.............
2025-12-28 12:47:49.000070|{rx-228} 1, 0, 0, 3, 229, 229, 0, 0, 0, 0, 0, 1, 0, 1, 1
2025-12-28 12:47:50.004719|{rssi-228} 111, -53, -127, -127, -127, 111, 111, 111, 111, 111, 111, 111, 111, 111, 111, 111, 111, 111, 
2025-12-28 12:47:50.013602|{td-228} 0, -15, 0, 0, 0, 0, 0, 0, 0, 0, 0, 0, 0, 0, 0, 0, 0, 0, 
2025-12-28 12:47:50.019167|{tx-228} :-BBB.............
2025-12-28 12:47:50.189788|{rx-229} 1, 0, 0, 3, 230, 230, 0, 0, 0, 0, 0, 1, 0, 1, 1
2025-12-28 12:47:50.194412|{rssi-229} 111, -53, -127, -127, -127, 111, 111, 111, 111, 111, 111, 111, 111, 111, 111, 111, 111, 111, 
2025-12-28 12:47:50.204319|{td-229} 0, -13, 0, 0, 0, 0, 0, 0, 0, 0, 0, 0, 0, 0, 0, 0, 0, 0, 
2025-12-28 12:47:50.210373|{tx-229} :-BBB.............
2025-12-28 12:47:50.380511|{rx-230} 1, 0, 0, 3, 231, 231, 0, 0, 0, 0, 0, 1, 0, 1, 1
2025-12-28 12:47:50.384639|{rssi-230} 111, -53, -127, -127, -127, 111, 111, 111, 111, 111, 111, 111, 111, 111, 111, 111, 111, 111, 
2025-12-28 12:47:50.393924|{td-230} 0, -13, 0, 0, 0, 0, 0, 0, 0, 0, 0, 0, 0, 0, 0, 0, 0, 0, 
2025-12-28 12:47:50.400352|{tx-230} :-BBB.............
2025-12-28 12:47:50.569625|{rx-231} 1, 0, 0, 3, 232, 232, 0, 0, 0, 0, 0, 1, 0, 1, 1
2025-12-28 12:47:50.574918|{rssi-231} 111, -53, -127, -127, -127, 111, 111, 111, 111, 111, 111, 111, 111, 111, 111, 111, 111, 111, 
2025-12-28 12:47:50.583421|{td-231} 0, -15, 0, 0, 0, 0, 0, 0, 0, 0, 0, 0, 0, 0, 0, 0, 0, 0, 
2025-12-28 12:47:50.589788|{tx-231} :-BBB.............
2025-12-28 12:47:50.759409|{rx-232} 1, 0, 0, 3, 233, 233, 0, 0, 0, 0, 0, 1, 0, 1, 1
2025-12-28 12:47:50.765068|{rssi-232} 111, -53, -127, -127, -127, 111, 111, 111, 111, 111, 111, 111, 111, 111, 111, 111, 111, 111, 
2025-12-28 12:47:50.773415|{td-232} 0, -13, 0, 0, 0, 0, 0, 0, 0, 0, 0, 0, 0, 0, 0, 0, 0, 0, 
2025-12-28 12:47:50.779752|{tx-232} :-BBB.............
2025-12-28 12:47:50.949409|{rx-233} 1, 0, 0, 3, 234, 234, 0, 0, 0, 0, 0, 1, 0, 1, 1
2025-12-28 12:47:50.955715|{rssi-233} 111, -53, -127, -127, -127, 111, 111, 111, 111, 111, 111, 111, 111, 111, 111, 111, 111, 111, 
2025-12-28 12:47:50.963904|{td-233} 0, -15, 0, 0, 0, 0, 0, 0, 0, 0, 0, 0, 0, 0, 0, 0, 0, 0, 
2025-12-28 12:47:50.968946|{tx-233} :-BBB.............
2025-12-28 12:47:51.139145|{rx-234} 1, 0, 0, 3, 235, 235, 0, 0, 0, 0, 0, 1, 0, 1, 1
2025-12-28 12:47:51.144800|{rssi-234} 111, -53, -127, -127, -127, 111, 111, 111, 111, 111, 111, 111, 111, 111, 111, 111, 111, 111, 
2025-12-28 12:47:51.154123|{td-234} 0, -15, 0, 0, 0, 0, 0, 0, 0, 0, 0, 0, 0, 0, 0, 0, 0, 0, 
2025-12-28 12:47:51.159028|{tx-234} :-BBB.............
2025-12-28 12:47:51.329398|{rx-235} 1, 0, 0, 3, 236, 236, 0, 0, 0, 0, 0, 1, 0, 1, 1
2025-12-28 12:47:51.334449|{rssi-235} 111, -53, -127, -127, -127, 111, 111, 111, 111, 111, 111, 111, 111, 111, 111, 111, 111, 111, 
2025-12-28 12:47:51.343764|{td-235} 0, -13, 0, 0, 0, 0, 0, 0, 0, 0, 0, 0, 0, 0, 0, 0, 0, 0, 
2025-12-28 12:47:51.348953|{tx-235} :-BBB.............
2025-12-28 12:47:51.520297|{rx-236} 1, 0, 0, 3, 237, 237, 0, 0, 0, 0, 0, 1, 0, 1, 1
2025-12-28 12:47:51.524272|{rssi-236} 111, -53, -127, -127, -127, 111, 111, 111, 111, 111, 111, 111, 111, 111, 111, 111, 111, 111, 
2025-12-28 12:47:51.534650|{td-236} 0, -13, 0, 0, 0, 0, 0, 0, 0, 0, 0, 0, 0, 0, 0, 0, 0, 0, 
2025-12-28 12:47:51.539712|{tx-236} :-BBB.............
2025-12-28 12:47:51.709280|{rx-237} 1, 0, 0, 3, 238, 238, 0, 0, 0, 0, 0, 1, 0, 1, 1
2025-12-28 12:47:51.714943|{rssi-237} 111, -53, -127, -127, -127, 111, 111, 111, 111, 111, 111, 111, 111, 111, 111, 111, 111, 111, 
2025-12-28 12:47:51.724247|{td-237} 0, -15, 0, 0, 0, 0, 0, 0, 0, 0, 0, 0, 0, 0, 0, 0, 0, 0, 
2025-12-28 12:47:51.729186|{tx-237} :-BBB.............
2025-12-28 12:47:51.899664|{rx-238} 1, 0, 0, 3, 239, 239, 0, 0, 0, 0, 0, 1, 0, 1, 1
2025-12-28 12:47:51.904363|{rssi-238} 111, -53, -127, -127, -127, 111, 111, 111, 111, 111, 111, 111, 111, 111, 111, 111, 111, 111, 
2025-12-28 12:47:51.914194|{td-238} 0, -15, 0, 0, 0, 0, 0, 0, 0, 0, 0, 0, 0, 0, 0, 0, 0, 0, 
2025-12-28 12:47:51.919046|{tx-238} :-BBB.............
2025-12-28 12:47:52.089694|{rx-239} 1, 0, 0, 3, 240, 240, 0, 0, 0, 0, 0, 1, 0, 1, 1
2025-12-28 12:47:52.096933|{rssi-239} 111, -53, -127, -127, -127, 111, 111, 111, 111, 111, 111, 111, 111, 111, 111, 111, 111, 111, 
2025-12-28 12:47:52.103677|{td-239} 0, -13, 0, 0, 0, 0, 0, 0, 0, 0, 0, 0, 0, 0, 0, 0, 0, 0, 
2025-12-28 12:47:52.110033|{tx-239} :-BBB.............
2025-12-28 12:47:52.279564|{rx-240} 1, 0, 0, 3, 241, 241, 0, 0, 0, 0, 0, 1, 0, 1, 1
2025-12-28 12:47:52.285209|{rssi-240} 111, -53, -127, -127, -127, 111, 111, 111, 111, 111, 111, 111, 111, 111, 111, 111, 111, 111, 
2025-12-28 12:47:52.293565|{td-240} 0, -13, 0, 0, 0, 0, 0, 0, 0, 0, 0, 0, 0, 0, 0, 0, 0, 0, 
2025-12-28 12:47:52.300556|{tx-240} :-BBB.............
2025-12-28 12:47:52.469504|{rx-241} 1, 0, 0, 3, 242, 242, 0, 0, 0, 0, 0, 1, 0, 1, 1
2025-12-28 12:47:52.474587|{rssi-241} 111, -53, -127, -127, -127, 111, 111, 111, 111, 111, 111, 111, 111, 111, 111, 111, 111, 111, 
2025-12-28 12:47:52.483932|{td-241} 0, -15, 0, 0, 0, 0, 0, 0, 0, 0, 0, 0, 0, 0, 0, 0, 0, 0, 
2025-12-28 12:47:52.489319|{tx-241} :-BBB.............
2025-12-28 12:47:52.659448|{rx-242} 1, 0, 0, 3, 243, 243, 0, 0, 0, 0, 0, 1, 0, 1, 1
2025-12-28 12:47:52.663689|{rssi-242} 111, -53, -127, -127, -127, 111, 111, 111, 111, 111, 111, 111, 111, 111, 111, 111, 111, 111, 
2025-12-28 12:47:52.673642|{td-242} 0, -15, 0, 0, 0, 0, 0, 0, 0, 0, 0, 0, 0, 0, 0, 0, 0, 0, 
2025-12-28 12:47:52.679223|{tx-242} :-BBB.............
2025-12-28 12:47:52.849066|{rx-243} 1, 0, 0, 3, 244, 244, 0, 0, 0, 0, 0, 1, 0, 1, 1
2025-12-28 12:47:52.854288|{rssi-243} 111, -53, -127, -127, -127, 111, 111, 111, 111, 111, 111, 111, 111, 111, 111, 111, 111, 111, 
2025-12-28 12:47:52.863500|{td-243} 0, -13, 0, 0, 0, 0, 0, 0, 0, 0, 0, 0, 0, 0, 0, 0, 0, 0, 
2025-12-28 12:47:52.869240|{tx-243} :-BBB.............
2025-12-28 12:47:53.040682|{rx-244} 1, 0, 0, 3, 245, 245, 0, 0, 0, 0, 0, 1, 0, 1, 1
2025-12-28 12:47:53.044770|{rssi-244} 111, -53, -127, -127, -127, 111, 111, 111, 111, 111, 111, 111, 111, 111, 111, 111, 111, 111, 
2025-12-28 12:47:53.053786|{td-244} 0, -13, 0, 0, 0, 0, 0, 0, 0, 0, 0, 0, 0, 0, 0, 0, 0, 0, 
2025-12-28 12:47:53.059311|{tx-244} :-BBB.............
2025-12-28 12:47:53.229658|{rx-245} 1, 0, 0, 3, 246, 246, 0, 0, 0, 0, 0, 1, 0, 1, 1
2025-12-28 12:47:53.233744|{rssi-245} 111, -53, -127, -127, -127, 111, 111, 111, 111, 111, 111, 111, 111, 111, 111, 111, 111, 111, 
2025-12-28 12:47:53.243928|{td-245} 0, -15, 0, 0, 0, 0, 0, 0, 0, 0, 0, 0, 0, 0, 0, 0, 0, 0, 
2025-12-28 12:47:53.248618|{tx-245} :-BBB.............
2025-12-28 12:47:53.419673|{rx-246} 1, 0, 0, 3, 247, 247, 0, 0, 0, 0, 0, 1, 0, 1, 1
2025-12-28 12:47:53.423496|{rssi-246} 111, -53, -127, -127, -127, 111, 111, 111, 111, 111, 111, 111, 111, 111, 111, 111, 111, 111, 
2025-12-28 12:47:53.433960|{td-246} 0, -15, 0, 0, 0, 0, 0, 0, 0, 0, 0, 0, 0, 0, 0, 0, 0, 0, 
2025-12-28 12:47:53.439957|{tx-246} :-BBB.............
2025-12-28 12:47:53.610108|{rx-247} 1, 0, 0, 3, 248, 248, 0, 0, 0, 0, 0, 1, 0, 1, 1
2025-12-28 12:47:53.614421|{rssi-247} 111, -53, -127, -127, -127, 111, 111, 111, 111, 111, 111, 111, 111, 111, 111, 111, 111, 111, 
2025-12-28 12:47:53.624018|{td-247} 0, -13, 0, 0, 0, 0, 0, 0, 0, 0, 0, 0, 0, 0, 0, 0, 0, 0, 
2025-12-28 12:47:53.629554|{tx-247} :-BBB.............
2025-12-28 12:47:53.799776|{rx-248} 1, 0, 0, 3, 249, 249, 0, 0, 0, 0, 0, 1, 0, 1, 1
2025-12-28 12:47:53.803985|{rssi-248} 111, -53, -127, -127, -127, 111, 111, 111, 111, 111, 111, 111, 111, 111, 111, 111, 111, 111, 
2025-12-28 12:47:53.813897|{td-248} 0, -15, 0, 0, 0, 0, 0, 0, 0, 0, 0, 0, 0, 0, 0, 0, 0, 0, 
2025-12-28 12:47:53.818925|{tx-248} :-BBB.............
2025-12-28 12:47:53.001361|{rx-249} 1, 0, 0, 3, 250, 250, 0, 0, 0, 0, 0, 1, 0, 1, 1
2025-12-28 12:47:54.004702|{rssi-249} 111, -53, -127, -127, -127, 111, 111, 111, 111, 111, 111, 111, 111, 111, 111, 111, 111, 111, 
2025-12-28 12:47:54.008177|{td-249} 0, -13, 0, 0, 0, 0, 0, 0, 0, 0, 0, 0, 0, 0, 0, 0, 0, 0, 
2025-12-28 12:47:54.010053|{tx-249} :-BBB.............
2025-12-28 12:47:54.179711|{rx-250} 1, 0, 0, 3, 251, 251, 0, 0, 0, 0, 0, 1, 0, 1, 1
2025-12-28 12:47:54.184361|{rssi-250} 111, -53, -127, -127, -127, 111, 111, 111, 111, 111, 111, 111, 111, 111, 111, 111, 111, 111, 
2025-12-28 12:47:54.194153|{td-250} 0, -15, 0, 0, 0, 0, 0, 0, 0, 0, 0, 0, 0, 0, 0, 0, 0, 0, 
2025-12-28 12:47:54.199233|{tx-250} :-BBB.............
2025-12-28 12:47:54.369327|{rx-251} 1, 0, 0, 3, 252, 252, 0, 0, 0, 0, 0, 1, 0, 1, 1
2025-12-28 12:47:54.373898|{rssi-251} 111, -53, -127, -127, -127, 111, 111, 111, 111, 111, 111, 111, 111, 111, 111, 111, 111, 111, 
2025-12-28 12:47:54.382673|{td-251} 0, -13, 0, 0, 0, 0, 0, 0, 0, 0, 0, 0, 0, 0, 0, 0, 0, 0, 
2025-12-28 12:47:54.388961|{tx-251} :-BBB.............
2025-12-28 12:47:54.558779|{rx-252} 1, 0, 0, 3, 253, 253, 0, 0, 0, 0, 0, 1, 0, 1, 1
2025-12-28 12:47:54.563757|{rssi-252} 111, -53, -127, -127, -127, 111, 111, 111, 111, 111, 111, 111, 111, 111, 111, 111, 111, 111, 
2025-12-28 12:47:54.573651|{td-252} 0, -15, 0, 0, 0, 0, 0, 0, 0, 0, 0, 0, 0, 0, 0, 0, 0, 0, 
2025-12-28 12:47:54.579122|{tx-252} :-BBB.............
2025-12-28 12:47:54.749291|{rx-253} 1, 0, 0, 3, 254, 254, 0, 0, 0, 0, 0, 1, 0, 1, 1
2025-12-28 12:47:54.753981|{rssi-253} 111, -53, -127, -127, -127, 111, 111, 111, 111, 111, 111, 111, 111, 111, 111, 111, 111, 111, 
2025-12-28 12:47:54.763557|{td-253} 0, -13, 0, 0, 0, 0, 0, 0, 0, 0, 0, 0, 0, 0, 0, 0, 0, 0, 
2025-12-28 12:47:54.768643|{tx-253} :-BBB.............
2025-12-28 12:47:54.938695|{rx-254} 1, 0, 0, 3, 255, 255, 0, 0, 0, 0, 0, 1, 0, 1, 1
2025-12-28 12:47:54.943376|{rssi-254} 111, -53, -127, -127, -127, 111, 111, 111, 111, 111, 111, 111, 111, 111, 111, 111, 111, 111, 
2025-12-28 12:47:54.953030|{td-254} 0, -15, 0, 0, 0, 0, 0, 0, 0, 0, 0, 0, 0, 0, 0, 0, 0, 0, 
2025-12-28 12:47:54.958072|{tx-254} :-BBB.............
2025-12-28 12:47:55.128248|{rx-255} 1, 0, 0, 3, 256, 256, 0, 0, 0, 0, 0, 1, 0, 1, 1
2025-12-28 12:47:55.133203|{rssi-255} 111, -53, -127, -127, -127, 111, 111, 111, 111, 111, 111, 111, 111, 111, 111, 111, 111, 111, 
2025-12-28 12:47:55.143271|{td-255} 0, -13, 0, 0, 0, 0, 0, 0, 0, 0, 0, 0, 0, 0, 0, 0, 0, 0, 
2025-12-28 12:47:55.148284|{tx-255} :-BBB.............
2025-12-28 12:47:55.319389|{rx-256} 1, 0, 0, 3, 257, 257, 0, 0, 0, 0, 0, 1, 0, 1, 1
2025-12-28 12:47:55.323700|{rssi-256} 111, -53, -127, -127, -127, 111, 111, 111, 111, 111, 111, 111, 111, 111, 111, 111, 111, 111, 
2025-12-28 12:47:55.332949|{td-256} 0, -15, 0, 0, 0, 0, 0, 0, 0, 0, 0, 0, 0, 0, 0, 0, 0, 0, 
2025-12-28 12:47:55.338634|{tx-256} :-BBB.............
2025-12-28 12:47:55.508853|{rx-257} 1, 0, 0, 3, 258, 258, 0, 0, 0, 0, 0, 1, 0, 1, 1
2025-12-28 12:47:55.514395|{rssi-257} 111, -53, -127, -127, -127, 111, 111, 111, 111, 111, 111, 111, 111, 111, 111, 111, 111, 111, 
2025-12-28 12:47:55.523401|{td-257} 0, -13, 0, 0, 0, 0, 0, 0, 0, 0, 0, 0, 0, 0, 0, 0, 0, 0, 
2025-12-28 12:47:55.529107|{tx-257} :-BBB.............
2025-12-28 12:47:55.698621|{rx-258} 1, 0, 0, 3, 259, 259, 0, 0, 0, 0, 0, 1, 0, 1, 1
2025-12-28 12:47:55.703693|{rssi-258} 111, -53, -127, -127, -127, 111, 111, 111, 111, 111, 111, 111, 111, 111, 111, 111, 111, 111, 
2025-12-28 12:47:55.712529|{td-258} 0, -15, 0, 0, 0, 0, 0, 0, 0, 0, 0, 0, 0, 0, 0, 0, 0, 0, 
2025-12-28 12:47:55.718623|{tx-258} :-BBB.............
2025-12-28 12:47:55.889115|{rx-259} 1, 0, 0, 3, 260, 260, 0, 0, 0, 0, 0, 1, 0, 1, 1
2025-12-28 12:47:55.894508|{rssi-259} 111, -53, -127, -127, -127, 111, 111, 111, 111, 111, 111, 111, 111, 111, 111, 111, 111, 111, 
2025-12-28 12:47:55.902844|{td-259} 0, -13, 0, 0, 0, 0, 0, 0, 0, 0, 0, 0, 0, 0, 0, 0, 0, 0, 
2025-12-28 12:47:55.909659|{tx-259} :-BBB.............
2025-12-28 12:47:56.078743|{rx-260} 1, 0, 0, 3, 261, 261, 0, 0, 0, 0, 0, 1, 0, 1, 1
2025-12-28 12:47:56.083291|{rssi-260} 111, -53, -127, -127, -127, 111, 111, 111, 111, 111, 111, 111, 111, 111, 111, 111, 111, 111, 
2025-12-28 12:47:56.092150|{td-260} 0, -15, 0, 0, 0, 0, 0, 0, 0, 0, 0, 0, 0, 0, 0, 0, 0, 0, 
2025-12-28 12:47:56.097409|{tx-260} :-BBB.............
2025-12-28 12:47:56.268052|{rx-261} 1, 0, 0, 3, 262, 262, 0, 0, 0, 0, 0, 1, 0, 1, 1
2025-12-28 12:47:56.273429|{rssi-261} 111, -53, -127, -127, -127, 111, 111, 111, 111, 111, 111, 111, 111, 111, 111, 111, 111, 111, 
2025-12-28 12:47:56.282233|{td-261} 0, -13, 0, 0, 0, 0, 0, 0, 0, 0, 0, 0, 0, 0, 0, 0, 0, 0, 
2025-12-28 12:47:56.288780|{tx-261} :-BBB.............
2025-12-28 12:47:56.459099|{rx-262} 1, 0, 0, 3, 263, 263, 0, 0, 0, 0, 0, 1, 0, 1, 1
2025-12-28 12:47:56.463445|{rssi-262} 111, -53, -127, -127, -127, 111, 111, 111, 111, 111, 111, 111, 111, 111, 111, 111, 111, 111, 
2025-12-28 12:47:56.473026|{td-262} 0, -15, 0, 0, 0, 0, 0, 0, 0, 0, 0, 0, 0, 0, 0, 0, 0, 0, 
2025-12-28 12:47:56.478990|{tx-262} :-BBB.............
2025-12-28 12:47:56.649308|{rx-263} 1, 0, 0, 3, 264, 264, 0, 0, 0, 0, 0, 1, 0, 1, 1
2025-12-28 12:47:56.653691|{rssi-263} 111, -53, -127, -127, -127, 111, 111, 111, 111, 111, 111, 111, 111, 111, 111, 111, 111, 111, 
2025-12-28 12:47:56.663122|{td-263} 0, -13, 0, 0, 0, 0, 0, 0, 0, 0, 0, 0, 0, 0, 0, 0, 0, 0, 
2025-12-28 12:47:56.669533|{tx-263} :-BBB.............
2025-12-28 12:47:56.839752|{rx-264} 1, 0, 0, 3, 265, 265, 0, 0, 0, 0, 0, 1, 0, 1, 1
2025-12-28 12:47:56.842838|{rssi-264} 111, -53, -127, -127, -127, 111, 111, 111, 111, 111, 111, 111, 111, 111, 111, 111, 111, 111, 
2025-12-28 12:47:56.852309|{td-264} 0, -15, 0, 0, 0, 0, 0, 0, 0, 0, 0, 0, 0, 0, 0, 0, 0, 0, 
2025-12-28 12:47:56.858711|{tx-264} :-BBB.............
2025-12-28 12:47:57.029550|{rx-265} 1, 0, 0, 3, 266, 266, 0, 0, 0, 0, 0, 1, 0, 1, 1
2025-12-28 12:47:57.033406|{rssi-265} 111, -53, -127, -127, -127, 111, 111, 111, 111, 111, 111, 111, 111, 111, 111, 111, 111, 111, 
2025-12-28 12:47:57.042410|{td-265} 0, -13, 0, 0, 0, 0, 0, 0, 0, 0, 0, 0, 0, 0, 0, 0, 0, 0, 
2025-12-28 12:47:57.048352|{tx-265} :-BBB.............
2025-12-28 12:47:57.218796|{rx-266} 1, 0, 0, 3, 267, 267, 0, 0, 0, 0, 0, 1, 0, 1, 1
2025-12-28 12:47:57.226338|{rssi-266} 111, -53, -127, -127, -127, 111, 111, 111, 111, 111, 111, 111, 111, 111, 111, 111, 111, 111, 
2025-12-28 12:47:57.234059|{td-266} 0, -15, 0, 0, 0, 0, 0, 0, 0, 0, 0, 0, 0, 0, 0, 0, 0, 0, 
2025-12-28 12:47:57.237431|{tx-266} :-BBB.............
2025-12-28 12:47:57.409608|{rx-267} 1, 0, 0, 3, 268, 268, 0, 0, 0, 0, 0, 1, 0, 1, 1
2025-12-28 12:47:57.413965|{rssi-267} 111, -53, -127, -127, -127, 111, 111, 111, 111, 111, 111, 111, 111, 111, 111, 111, 111, 111, 
2025-12-28 12:47:57.423206|{td-267} 0, -13, 0, 0, 0, 0, 0, 0, 0, 0, 0, 0, 0, 0, 0, 0, 0, 0, 
2025-12-28 12:47:57.428795|{tx-267} :-BBB.............
2025-12-28 12:47:57.599345|{rx-268} 1, 0, 0, 3, 269, 269, 0, 0, 0, 0, 0, 1, 0, 1, 1
2025-12-28 12:47:57.603407|{rssi-268} 111, -53, -127, -127, -127, 111, 111, 111, 111, 111, 111, 111, 111, 111, 111, 111, 111, 111, 
2025-12-28 12:47:57.612409|{td-268} 0, -15, 0, 0, 0, 0, 0, 0, 0, 0, 0, 0, 0, 0, 0, 0, 0, 0, 
2025-12-28 12:47:57.618731|{tx-268} :-BBB.............
2025-12-28 12:47:57.788832|{rx-269} 1, 0, 0, 3, 270, 270, 0, 0, 0, 0, 0, 1, 0, 1, 1
2025-12-28 12:47:57.793765|{rssi-269} 111, -53, -127, -127, -127, 111, 111, 111, 111, 111, 111, 111, 111, 111, 111, 111, 111, 111, 
2025-12-28 12:47:57.803049|{td-269} 0, -15, 0, 0, 0, 0, 0, 0, 0, 0, 0, 0, 0, 0, 0, 0, 0, 0, 
2025-12-28 12:47:57.808827|{tx-269} :-BBB.............
2025-12-28 12:47:57.979927|{rx-270} 1, 0, 0, 3, 271, 271, 0, 0, 0, 0, 0, 1, 0, 1, 1
2025-12-28 12:47:57.983516|{rssi-270} 111, -53, -127, -127, -127, 111, 111, 111, 111, 111, 111, 111, 111, 111, 111, 111, 111, 111, 
2025-12-28 12:47:57.992149|{td-270} 0, -13, 0, 0, 0, 0, 0, 0, 0, 0, 0, 0, 0, 0, 0, 0, 0, 0, 
2025-12-28 12:47:57.998499|{tx-270} :-BBB.............
2025-12-28 12:47:58.169045|{rx-271} 1, 0, 0, 3, 272, 272, 0, 0, 0, 0, 0, 1, 0, 1, 1
2025-12-28 12:47:58.173460|{rssi-271} 111, -53, -127, -127, -127, 111, 111, 111, 111, 111, 111, 111, 111, 111, 111, 111, 111, 111, 
2025-12-28 12:47:58.182990|{td-271} 0, -13, 0, 0, 0, 0, 0, 0, 0, 0, 0, 0, 0, 0, 0, 0, 0, 0, 
2025-12-28 12:47:58.188029|{tx-271} :-BBB.............
2025-12-28 12:47:58.359290|{rx-272} 1, 0, 0, 3, 273, 273, 0, 0, 0, 0, 0, 1, 0, 1, 1
2025-12-28 12:47:58.363165|{rssi-272} 111, -53, -127, -127, -127, 111, 111, 111, 111, 111, 111, 111, 111, 111, 111, 111, 111, 111, 
2025-12-28 12:47:58.372985|{td-272} 0, -15, 0, 0, 0, 0, 0, 0, 0, 0, 0, 0, 0, 0, 0, 0, 0, 0, 
2025-12-28 12:47:58.377237|{tx-272} :-BBB.............
2025-12-28 12:47:58.549076|{rx-273} 1, 0, 0, 3, 274, 274, 0, 0, 0, 0, 0, 1, 0, 1, 1
2025-12-28 12:47:58.552863|{rssi-273} 111, -53, -127, -127, -127, 111, 111, 111, 111, 111, 111, 111, 111, 111, 111, 111, 111, 111, 
2025-12-28 12:47:58.562933|{td-273} 0, -13, 0, 0, 0, 0, 0, 0, 0, 0, 0, 0, 0, 0, 0, 0, 0, 0, 
2025-12-28 12:47:58.568517|{tx-273} :-BBB.............
2025-12-28 12:47:58.738480|{rx-274} 1, 0, 0, 3, 275, 275, 0, 0, 0, 0, 0, 1, 0, 1, 1
2025-12-28 12:47:58.743463|{rssi-274} 111, -53, -127, -127, -127, 111, 111, 111, 111, 111, 111, 111, 111, 111, 111, 111, 111, 111, 
2025-12-28 12:47:58.752263|{td-274} 0, -15, 0, 0, 0, 0, 0, 0, 0, 0, 0, 0, 0, 0, 0, 0, 0, 0, 
2025-12-28 12:47:58.759046|{tx-274} :-BBB.............
2025-12-28 12:47:58.929156|{rx-275} 1, 0, 0, 3, 276, 276, 0, 0, 0, 0, 0, 1, 0, 1, 1
2025-12-28 12:47:58.932645|{rssi-275} 111, -53, -127, -127, -127, 111, 111, 111, 111, 111, 111, 111, 111, 111, 111, 111, 111, 111, 
2025-12-28 12:47:58.943014|{td-275} 0, -13, 0, 0, 0, 0, 0, 0, 0, 0, 0, 0, 0, 0, 0, 0, 0, 0, 
2025-12-28 12:47:58.948014|{tx-275} :-BBB.............
2025-12-28 12:47:59.118266|{rx-276} 1, 0, 0, 3, 277, 277, 0, 0, 0, 0, 0, 1, 0, 1, 1
2025-12-28 12:47:59.123421|{rssi-276} 111, -53, -127, -127, -127, 111, 111, 111, 111, 111, 111, 111, 111, 111, 111, 111, 111, 111, 
2025-12-28 12:47:59.132984|{td-276} 0, -15, 0, 0, 0, 0, 0, 0, 0, 0, 0, 0, 0, 0, 0, 0, 0, 0, 
2025-12-28 12:47:59.138873|{tx-276} :-BBB.............
2025-12-28 12:47:59.309707|{rx-277} 1, 0, 0, 3, 278, 278, 0, 0, 0, 0, 0, 1, 0, 1, 1
2025-12-28 12:47:59.314742|{rssi-277} 111, -53, -127, -127, -127, 111, 111, 111, 111, 111, 111, 111, 111, 111, 111, 111, 111, 111, 
2025-12-28 12:47:59.324525|{td-277} 0, -13, 0, 0, 0, 0, 0, 0, 0, 0, 0, 0, 0, 0, 0, 0, 0, 0, 
2025-12-28 12:47:59.329288|{tx-277} :-BBB.............
2025-12-28 12:47:59.499345|{rx-278} 1, 0, 0, 3, 279, 279, 0, 0, 0, 0, 0, 1, 0, 1, 1
2025-12-28 12:47:59.503053|{rssi-278} 111, -53, -127, -127, -127, 111, 111, 111, 111, 111, 111, 111, 111, 111, 111, 111, 111, 111, 
2025-12-28 12:47:59.512975|{td-278} 0, -15, 0, 0, 0, 0, 0, 0, 0, 0, 0, 0, 0, 0, 0, 0, 0, 0, 
2025-12-28 12:47:59.518912|{tx-278} :-BBB.............
2025-12-28 12:47:59.689162|{rx-279} 1, 0, 0, 3, 280, 280, 0, 0, 0, 0, 0, 1, 0, 1, 1
2025-12-28 12:47:59.694007|{rssi-279} 111, -53, -127, -127, -127, 111, 111, 111, 111, 111, 111, 111, 111, 111, 111, 111, 111, 111, 
2025-12-28 12:47:59.702050|{td-279} 0, -13, 0, 0, 0, 0, 0, 0, 0, 0, 0, 0, 0, 0, 0, 0, 0, 0, 
2025-12-28 12:47:59.708587|{tx-279} :-BBB.............
2025-12-28 12:47:59.878479|{rx-280} 1, 0, 0, 3, 281, 281, 0, 0, 0, 0, 0, 1, 0, 1, 1
2025-12-28 12:47:59.882805|{rssi-280} 111, -53, -127, -127, -127, 111, 111, 111, 111, 111, 111, 111, 111, 111, 111, 111, 111, 111, 
2025-12-28 12:47:59.892848|{td-280} 0, -15, 0, 0, 0, 0, 0, 0, 0, 0, 0, 0, 0, 0, 0, 0, 0, 0, 
2025-12-28 12:47:59.898267|{tx-280} :-BBB.............
2025-12-28 12:48:00.068169|{rx-281} 1, 0, 0, 3, 282, 282, 0, 0, 0, 0, 0, 1, 0, 1, 1
2025-12-28 12:48:00.072919|{rssi-281} 111, -53, -127, -127, -127, 111, 111, 111, 111, 111, 111, 111, 111, 111, 111, 111, 111, 111, 
2025-12-28 12:48:00.082510|{td-281} 0, -15, 0, 0, 0, 0, 0, 0, 0, 0, 0, 0, 0, 0, 0, 0, 0, 0, 
2025-12-28 12:48:00.088918|{tx-281} :-BBB.............
2025-12-28 12:48:00.257259|{rx-282} 1, 0, 0, 3, 283, 283, 0, 0, 0, 0, 0, 1, 0, 1, 1
2025-12-28 12:48:00.263081|{rssi-282} 111, -53, -127, -127, -127, 111, 111, 111, 111, 111, 111, 111, 111, 111, 111, 111, 111, 111, 
2025-12-28 12:48:00.272107|{td-282} 0, -13, 0, 0, 0, 0, 0, 0, 0, 0, 0, 0, 0, 0, 0, 0, 0, 0, 
2025-12-28 12:48:00.277508|{tx-282} :-BBB.............
2025-12-28 12:48:00.448528|{rx-283} 1, 0, 0, 3, 284, 284, 0, 0, 0, 0, 0, 1, 0, 1, 1
2025-12-28 12:48:00.452994|{rssi-283} 111, -53, -127, -127, -127, 111, 111, 111, 111, 111, 111, 111, 111, 111, 111, 111, 111, 111, 
2025-12-28 12:48:00.462625|{td-283} 0, -15, 0, 0, 0, 0, 0, 0, 0, 0, 0, 0, 0, 0, 0, 0, 0, 0, 
2025-12-28 12:48:00.468247|{tx-283} :-BBB.............
2025-12-28 12:48:00.637236|{rx-284} 1, 0, 0, 3, 285, 285, 0, 0, 0, 0, 0, 1, 0, 1, 1
2025-12-28 12:48:00.642940|{rssi-284} 111, -53, -127, -127, -127, 111, 111, 111, 111, 111, 111, 111, 111, 111, 111, 111, 111, 111, 
2025-12-28 12:48:00.651525|{td-284} 0, -13, 0, 0, 0, 0, 0, 0, 0, 0, 0, 0, 0, 0, 0, 0, 0, 0, 
2025-12-28 12:48:00.658503|{tx-284} :-BBB.............
2025-12-28 12:48:00.827299|{rx-285} 1, 0, 0, 3, 286, 286, 0, 0, 0, 0, 0, 1, 0, 1, 1
2025-12-28 12:48:00.832442|{rssi-285} 111, -53, -127, -127, -127, 111, 111, 111, 111, 111, 111, 111, 111, 111, 111, 111, 111, 111, 
2025-12-28 12:48:00.842218|{td-285} 0, -15, 0, 0, 0, 0, 0, 0, 0, 0, 0, 0, 0, 0, 0, 0, 0, 0, 
2025-12-28 12:48:00.847057|{tx-285} :-BBB.............
2025-12-28 12:48:01.018375|{rx-286} 1, 0, 0, 3, 287, 287, 0, 0, 0, 0, 0, 1, 0, 1, 1
2025-12-28 12:48:01.023079|{rssi-286} 111, -54, -127, -127, -127, 111, 111, 111, 111, 111, 111, 111, 111, 111, 111, 111, 111, 111, 
2025-12-28 12:48:01.032481|{td-286} 0, -13, 0, 0, 0, 0, 0, 0, 0, 0, 0, 0, 0, 0, 0, 0, 0, 0, 
2025-12-28 12:48:01.037185|{tx-286} :-BBB.............
2025-12-28 12:48:01.207059|{rx-287} 1, 0, 0, 3, 288, 288, 0, 0, 0, 0, 0, 1, 0, 1, 1
2025-12-28 12:48:01.214413|{rssi-287} 111, -53, -127, -127, -127, 111, 111, 111, 111, 111, 111, 111, 111, 111, 111, 111, 111, 111, 
2025-12-28 12:48:01.221470|{td-287} 0, -13, 0, 0, 0, 0, 0, 0, 0, 0, 0, 0, 0, 0, 0, 0, 0, 0, 
2025-12-28 12:48:01.228679|{tx-287} :-BBB.............
2025-12-28 12:48:01.398342|{rx-288} 1, 0, 0, 3, 289, 289, 0, 0, 0, 0, 0, 1, 0, 1, 1
2025-12-28 12:48:01.402849|{rssi-288} 111, -53, -127, -127, -127, 111, 111, 111, 111, 111, 111, 111, 111, 111, 111, 111, 111, 111, 
2025-12-28 12:48:01.412117|{td-288} 0, -15, 0, 0, 0, 0, 0, 0, 0, 0, 0, 0, 0, 0, 0, 0, 0, 0, 
2025-12-28 12:48:01.417372|{tx-288} :-BBB.............
2025-12-28 12:48:01.586777|{rx-289} 1, 0, 0, 3, 290, 290, 0, 0, 0, 0, 0, 1, 0, 1, 1
2025-12-28 12:48:01.592631|{rssi-289} 111, -53, -127, -127, -127, 111, 111, 111, 111, 111, 111, 111, 111, 111, 111, 111, 111, 111, 
2025-12-28 12:48:01.602344|{td-289} 0, -15, 0, 0, 0, 0, 0, 0, 0, 0, 0, 0, 0, 0, 0, 0, 0, 0, 
2025-12-28 12:48:01.607505|{tx-289} :-BBB.............
2025-12-28 12:48:01.778343|{rx-290} 1, 0, 0, 3, 291, 291, 0, 0, 0, 0, 0, 1, 0, 1, 1
2025-12-28 12:48:01.784052|{rssi-290} 111, -53, -127, -127, -127, 111, 111, 111, 111, 111, 111, 111, 111, 111, 111, 111, 111, 111, 
2025-12-28 12:48:01.792226|{td-290} 0, -13, 0, 0, 0, 0, 0, 0, 0, 0, 0, 0, 0, 0, 0, 0, 0, 0, 
2025-12-28 12:48:01.798781|{tx-290} :-BBB.............
2025-12-28 12:48:01.967993|{rx-291} 1, 0, 0, 3, 292, 292, 0, 0, 0, 0, 0, 1, 0, 1, 1
2025-12-28 12:48:01.972744|{rssi-291} 111, -53, -127, -127, -127, 111, 111, 111, 111, 111, 111, 111, 111, 111, 111, 111, 111, 111, 
2025-12-28 12:48:01.981178|{td-291} 0, -15, 0, 0, 0, 0, 0, 0, 0, 0, 0, 0, 0, 0, 0, 0, 0, 0, 
2025-12-28 12:48:01.987053|{tx-291} :-BBB.............
2025-12-28 12:48:02.158066|{rx-292} 1, 0, 0, 3, 293, 293, 0, 0, 0, 0, 0, 1, 0, 1, 1
2025-12-28 12:48:02.162847|{rssi-292} 111, -53, -127, -127, -127, 111, 111, 111, 111, 111, 111, 111, 111, 111, 111, 111, 111, 111, 
2025-12-28 12:48:02.171957|{td-292} 0, -13, 0, 0, 0, 0, 0, 0, 0, 0, 0, 0, 0, 0, 0, 0, 0, 0, 
2025-12-28 12:48:02.176590|{tx-292} :-BBB.............
2025-12-28 12:48:02.348271|{rx-293} 1, 0, 0, 3, 294, 294, 0, 0, 0, 0, 0, 1, 0, 1, 1
2025-12-28 12:48:02.358394|{rssi-293} 111, -53, -127, -127, -127, 111, 111, 111, 111, 111, 111, 111, 111, 111, 111, 111, 111, 111, 
2025-12-28 12:48:02.361873|{td-293} 0, -15, 0, 0, 0, 0, 0, 0, 0, 0, 0, 0, 0, 0, 0, 0, 0, 0, 
2025-12-28 12:48:02.367187|{tx-293} :-BBB.............
2025-12-28 12:48:02.537752|{rx-294} 1, 0, 0, 3, 295, 295, 0, 0, 0, 0, 0, 1, 0, 1, 1
2025-12-28 12:48:02.542427|{rssi-294} 111, -53, -127, -127, -127, 111, 111, 111, 111, 111, 111, 111, 111, 111, 111, 111, 111, 111, 
2025-12-28 12:48:02.552038|{td-294} 0, -13, 0, 0, 0, 0, 0, 0, 0, 0, 0, 0, 0, 0, 0, 0, 0, 0, 
2025-12-28 12:48:02.558035|{tx-294} :-BBB.............
2025-12-28 12:48:02.728676|{rx-295} 1, 0, 0, 3, 296, 296, 0, 0, 0, 0, 0, 1, 0, 1, 1
2025-12-28 12:48:02.732407|{rssi-295} 111, -53, -127, -127, -127, 111, 111, 111, 111, 111, 111, 111, 111, 111, 111, 111, 111, 111, 
2025-12-28 12:48:02.741900|{td-295} 0, -15, 0, 0, 0, 0, 0, 0, 0, 0, 0, 0, 0, 0, 0, 0, 0, 0, 
2025-12-28 12:48:02.747269|{tx-295} :-BBB.............
2025-12-28 12:48:02.918184|{rx-296} 1, 0, 0, 3, 297, 297, 0, 0, 0, 0, 0, 1, 0, 1, 1
2025-12-28 12:48:02.922436|{rssi-296} 111, -53, -127, -127, -127, 111, 111, 111, 111, 111, 111, 111, 111, 111, 111, 111, 111, 111, 
2025-12-28 12:48:02.931222|{td-296} 0, -13, 0, 0, 0, 0, 0, 0, 0, 0, 0, 0, 0, 0, 0, 0, 0, 0, 
2025-12-28 12:48:02.937732|{tx-296} :-BBB.............
2025-12-28 12:48:03.108497|{rx-297} 1, 0, 0, 3, 298, 298, 0, 0, 0, 0, 0, 1, 0, 1, 1
2025-12-28 12:48:03.112925|{rssi-297} 111, -53, -127, -127, -127, 111, 111, 111, 111, 111, 111, 111, 111, 111, 111, 111, 111, 111, 
2025-12-28 12:48:03.122218|{td-297} 0, -15, 0, 0, 0, 0, 0, 0, 0, 0, 0, 0, 0, 0, 0, 0, 0, 0, 
2025-12-28 12:48:03.129172|{tx-297} :-BBB.............
2025-12-28 12:48:03.298303|{rx-298} 1, 0, 0, 3, 299, 299, 0, 0, 0, 0, 0, 1, 0, 1, 1
2025-12-28 12:48:03.303523|{rssi-298} 111, -53, -127, -127, -127, 111, 111, 111, 111, 111, 111, 111, 111, 111, 111, 111, 111, 111, 
2025-12-28 12:48:03.311900|{td-298} 0, -15, 0, 0, 0, 0, 0, 0, 0, 0, 0, 0, 0, 0, 0, 0, 0, 0, 
2025-12-28 12:48:03.316712|{tx-298} :-BBB.............
2025-12-28 12:48:03.488071|{rx-299} 1, 0, 0, 3, 300, 300, 0, 0, 0, 0, 0, 1, 0, 1, 1
2025-12-28 12:48:03.491429|{rssi-299} 111, -53, -127, -127, -127, 111, 111, 111, 111, 111, 111, 111, 111, 111, 111, 111, 111, 111, 
2025-12-28 12:48:03.501018|{td-299} 0, -13, 0, 0, 0, 0, 0, 0, 0, 0, 0, 0, 0, 0, 0, 0, 0, 0, 
2025-12-28 12:48:03.508632|{tx-299} :-BBB.............
2025-12-28 12:48:03.678430|{rx-300} 1, 0, 0, 3, 301, 301, 0, 0, 0, 0, 0, 1, 0, 1, 1
2025-12-28 12:48:03.682348|{rssi-300} 111, -53, -127, -127, -127, 111, 111, 111, 111, 111, 111, 111, 111, 111, 111, 111, 111, 111, 
2025-12-28 12:48:03.691957|{td-300} 0, -15, 0, 0, 0, 0, 0, 0, 0, 0, 0, 0, 0, 0, 0, 0, 0, 0, 
2025-12-28 12:48:03.697732|{tx-300} :-BBB.............
2025-12-28 12:48:03.869302|{rx-301} 1, 0, 0, 3, 302, 302, 0, 0, 0, 0, 0, 1, 0, 1, 1
2025-12-28 12:48:03.872483|{rssi-301} 111, -53, -127, -127, -127, 111, 111, 111, 111, 111, 111, 111, 111, 111, 111, 111, 111, 111, 
2025-12-28 12:48:03.881634|{td-301} 0, -13, 0, 0, 0, 0, 0, 0, 0, 0, 0, 0, 0, 0, 0, 0, 0, 0, 
2025-12-28 12:48:03.886835|{tx-301} :-BBB.............
2025-12-28 12:48:04.058772|{rx-302} 1, 0, 0, 3, 303, 303, 0, 0, 0, 0, 0, 1, 0, 1, 1
2025-12-28 12:48:04.061545|{rssi-302} 111, -53, -127, -127, -127, 111, 111, 111, 111, 111, 111, 111, 111, 111, 111, 111, 111, 111, 
2025-12-28 12:48:04.071700|{td-302} 0, -13, 0, 0, 0, 0, 0, 0, 0, 0, 0, 0, 0, 0, 0, 0, 0, 0, 
2025-12-28 12:48:04.076838|{tx-302} :-BBB.............
2025-12-28 12:48:04.248131|{rx-303} 1, 0, 0, 3, 304, 304, 0, 0, 0, 0, 0, 1, 0, 1, 1
2025-12-28 12:48:04.252738|{rssi-303} 111, -53, -127, -127, -127, 111, 111, 111, 111, 111, 111, 111, 111, 111, 111, 111, 111, 111, 
2025-12-28 12:48:04.261472|{td-303} 0, -15, 0, 0, 0, 0, 0, 0, 0, 0, 0, 0, 0, 0, 0, 0, 0, 0, 
2025-12-28 12:48:04.268136|{tx-303} :-BBB.............
2025-12-28 12:48:04.437090|{rx-304} 1, 0, 0, 3, 305, 305, 0, 0, 0, 0, 0, 1, 0, 1, 1
2025-12-28 12:48:04.441647|{rssi-304} 111, -53, -127, -127, -127, 111, 111, 111, 111, 111, 111, 111, 111, 111, 111, 111, 111, 111, 
2025-12-28 12:48:04.452366|{td-304} 0, -15, 0, 0, 0, 0, 0, 0, 0, 0, 0, 0, 0, 0, 0, 0, 0, 0, 
2025-12-28 12:48:04.456589|{tx-304} :-BBB.............
2025-12-28 12:48:04.626639|{rx-305} 1, 0, 0, 3, 306, 306, 0, 0, 0, 0, 0, 1, 0, 1, 1
2025-12-28 12:48:04.631465|{rssi-305} 111, -53, -127, -127, -127, 111, 111, 111, 111, 111, 111, 111, 111, 111, 111, 111, 111, 111, 
2025-12-28 12:48:04.640148|{td-305} 0, -13, 0, 0, 0, 0, 0, 0, 0, 0, 0, 0, 0, 0, 0, 0, 0, 0, 
2025-12-28 12:48:04.647250|{tx-305} :-BBB.............
2025-12-28 12:48:04.817001|{rx-306} 1, 0, 0, 3, 307, 307, 0, 0, 0, 0, 0, 1, 0, 1, 1
2025-12-28 12:48:04.821518|{rssi-306} 111, -53, -127, -127, -127, 111, 111, 111, 111, 111, 111, 111, 111, 111, 111, 111, 111, 111, 
2025-12-28 12:48:04.830387|{td-306} 0, -15, 0, 0, 0, 0, 0, 0, 0, 0, 0, 0, 0, 0, 0, 0, 0, 0, 
2025-12-28 12:48:04.836949|{tx-306} :-BBB.............
2025-12-28 12:48:05.006248|{rx-307} 1, 0, 0, 3, 308, 308, 0, 0, 0, 0, 0, 1, 0, 1, 1
2025-12-28 12:48:05.011235|{rssi-307} 111, -53, -127, -127, -127, 111, 111, 111, 111, 111, 111, 111, 111, 111, 111, 111, 111, 111, 
2025-12-28 12:48:05.020726|{td-307} 0, -13, 0, 0, 0, 0, 0, 0, 0, 0, 0, 0, 0, 0, 0, 0, 0, 0, 
2025-12-28 12:48:05.026504|{tx-307} :-BBB.............
2025-12-28 12:48:05.195989|{rx-308} 1, 0, 0, 3, 309, 309, 0, 0, 0, 0, 0, 1, 0, 1, 1
2025-12-28 12:48:05.201300|{rssi-308} 111, -53, -127, -127, -127, 111, 111, 111, 111, 111, 111, 111, 111, 111, 111, 111, 111, 111, 
2025-12-28 12:48:05.211038|{td-308} 0, -15, 0, 0, 0, 0, 0, 0, 0, 0, 0, 0, 0, 0, 0, 0, 0, 0, 
2025-12-28 12:48:05.217294|{tx-308} :-BBB.............
2025-12-28 12:48:05.385967|{rx-309} 1, 0, 0, 3, 310, 310, 0, 0, 0, 0, 0, 1, 0, 1, 1
2025-12-28 12:48:05.391783|{rssi-309} 111, -53, -127, -127, -127, 111, 111, 111, 111, 111, 111, 111, 111, 111, 111, 111, 111, 111, 
2025-12-28 12:48:05.400842|{td-309} 0, -13, 0, 0, 0, 0, 0, 0, 0, 0, 0, 0, 0, 0, 0, 0, 0, 0, 
2025-12-28 12:48:05.406638|{tx-309} :-BBB.............
2025-12-28 12:48:05.575958|{rx-310} 1, 0, 0, 3, 311, 311, 0, 0, 0, 0, 0, 1, 0, 1, 1
2025-12-28 12:48:05.581499|{rssi-310} 111, -53, -127, -127, -127, 111, 111, 111, 111, 111, 111, 111, 111, 111, 111, 111, 111, 111, 
2025-12-28 12:48:05.591198|{td-310} 0, -13, 0, 0, 0, 0, 0, 0, 0, 0, 0, 0, 0, 0, 0, 0, 0, 0, 
2025-12-28 12:48:05.595748|{tx-310} :-BBB.............
2025-12-28 12:48:05.765799|{rx-311} 1, 0, 0, 3, 312, 312, 0, 0, 0, 0, 0, 1, 0, 1, 1
2025-12-28 12:48:05.770604|{rssi-311} 111, -53, -127, -127, -127, 111, 111, 111, 111, 111, 111, 111, 111, 111, 111, 111, 111, 111, 
2025-12-28 12:48:05.780785|{td-311} 0, -15, 0, 0, 0, 0, 0, 0, 0, 0, 0, 0, 0, 0, 0, 0, 0, 0, 
2025-12-28 12:48:05.787220|{tx-311} :-BBB.............
2025-12-28 12:48:05.956118|{rx-312} 1, 0, 0, 3, 313, 313, 0, 0, 0, 0, 0, 1, 0, 1, 1
2025-12-28 12:48:05.960888|{rssi-312} 111, -53, -127, -127, -127, 111, 111, 111, 111, 111, 111, 111, 111, 111, 111, 111, 111, 111, 
2025-12-28 12:48:05.969947|{td-312} 0, -15, 0, 0, 0, 0, 0, 0, 0, 0, 0, 0, 0, 0, 0, 0, 0, 0, 
2025-12-28 12:48:05.975876|{tx-312} :-BBB.............
2025-12-28 12:48:06.145598|{rx-313} 1, 0, 0, 3, 314, 314, 0, 0, 0, 0, 0, 1, 0, 1, 1
2025-12-28 12:48:06.151332|{rssi-313} 111, -53, -127, -127, -127, 111, 111, 111, 111, 111, 111, 111, 111, 111, 111, 111, 111, 111, 
2025-12-28 12:48:06.161123|{td-313} 0, -13, 0, 0, 0, 0, 0, 0, 0, 0, 0, 0, 0, 0, 0, 0, 0, 0, 
2025-12-28 12:48:06.166379|{tx-313} :-BBB.............
2025-12-28 12:48:06.336109|{rx-314} 1, 0, 0, 3, 315, 315, 0, 0, 0, 0, 0, 1, 0, 1, 1
2025-12-28 12:48:06.340981|{rssi-314} 111, -53, -127, -127, -127, 111, 111, 111, 111, 111, 111, 111, 111, 111, 111, 111, 111, 111, 
2025-12-28 12:48:06.350890|{td-314} 0, -15, 0, 0, 0, 0, 0, 0, 0, 0, 0, 0, 0, 0, 0, 0, 0, 0, 
2025-12-28 12:48:06.356622|{tx-314} :-BBB.............
2025-12-28 12:48:06.526382|{rx-315} 1, 0, 0, 3, 316, 316, 0, 0, 0, 0, 0, 1, 0, 1, 1
2025-12-28 12:48:06.530983|{rssi-315} 111, -53, -127, -127, -127, 111, 111, 111, 111, 111, 111, 111, 111, 111, 111, 111, 111, 111, 
2025-12-28 12:48:06.540728|{td-315} 0, -13, 0, 0, 0, 0, 0, 0, 0, 0, 0, 0, 0, 0, 0, 0, 0, 0, 
2025-12-28 12:48:06.546953|{tx-315} :-BBB.............
2025-12-28 12:48:06.715937|{rx-316} 1, 0, 0, 3, 317, 317, 0, 0, 0, 0, 0, 1, 0, 1, 1
2025-12-28 12:48:06.721550|{rssi-316} 111, -53, -127, -127, -127, 111, 111, 111, 111, 111, 111, 111, 111, 111, 111, 111, 111, 111, 
2025-12-28 12:48:06.730604|{td-316} 0, -15, 0, 0, 0, 0, 0, 0, 0, 0, 0, 0, 0, 0, 0, 0, 0, 0, 
2025-12-28 12:48:06.736131|{tx-316} :-BBB.............
2025-12-28 12:48:06.906418|{rx-317} 1, 0, 0, 3, 318, 318, 0, 0, 0, 0, 0, 1, 0, 1, 1
2025-12-28 12:48:06.911145|{rssi-317} 111, -53, -127, -127, -127, 111, 111, 111, 111, 111, 111, 111, 111, 111, 111, 111, 111, 111, 
2025-12-28 12:48:06.920794|{td-317} 0, -13, 0, 0, 0, 0, 0, 0, 0, 0, 0, 0, 0, 0, 0, 0, 0, 0, 
2025-12-28 12:48:06.925778|{tx-317} :-BBB.............
2025-12-28 12:48:07.095985|{rx-318} 1, 0, 0, 3, 319, 319, 0, 0, 0, 0, 0, 1, 0, 1, 1
2025-12-28 12:48:07.101179|{rssi-318} 111, -53, -127, -127, -127, 111, 111, 111, 111, 111, 111, 111, 111, 111, 111, 111, 111, 111, 
2025-12-28 12:48:07.110448|{td-318} 0, -15, 0, 0, 0, 0, 0, 0, 0, 0, 0, 0, 0, 0, 0, 0, 0, 0, 
2025-12-28 12:48:07.115443|{tx-318} :-BBB.............
2025-12-28 12:48:07.286573|{rx-319} 1, 0, 0, 3, 320, 320, 0, 0, 0, 0, 0, 1, 0, 1, 1
2025-12-28 12:48:07.291024|{rssi-319} 111, -53, -127, -127, -127, 111, 111, 111, 111, 111, 111, 111, 111, 111, 111, 111, 111, 111, 
2025-12-28 12:48:07.300555|{td-319} 0, -13, 0, 0, 0, 0, 0, 0, 0, 0, 0, 0, 0, 0, 0, 0, 0, 0, 
2025-12-28 12:48:07.306208|{tx-319} :-BBB.............
2025-12-28 12:48:07.476698|{rx-320} 1, 0, 0, 3, 321, 321, 0, 0, 0, 0, 0, 1, 0, 1, 1
2025-12-28 12:48:07.482731|{rssi-320} 111, -53, -127, -127, -127, 111, 111, 111, 111, 111, 111, 111, 111, 111, 111, 111, 111, 111, 
2025-12-28 12:48:07.491058|{td-320} 0, -15, 0, 0, 0, 0, 0, 0, 0, 0, 0, 0, 0, 0, 0, 0, 0, 0, 
2025-12-28 12:48:07.496573|{tx-320} :-BBB.............
2025-12-28 12:48:07.666492|{rx-321} 1, 0, 0, 3, 322, 322, 0, 0, 0, 0, 0, 1, 0, 1, 1
2025-12-28 12:48:07.670895|{rssi-321} 111, -53, -127, -127, -127, 111, 111, 111, 111, 111, 111, 111, 111, 111, 111, 111, 111, 111, 
2025-12-28 12:48:07.680317|{td-321} 0, -13, 0, 0, 0, 0, 0, 0, 0, 0, 0, 0, 0, 0, 0, 0, 0, 0, 
2025-12-28 12:48:07.685418|{tx-321} :-BBB.............
2025-12-28 12:48:07.855746|{rx-322} 1, 0, 0, 3, 323, 323, 0, 0, 0, 0, 0, 1, 0, 1, 1
2025-12-28 12:48:07.860304|{rssi-322} 111, -53, -127, -127, -127, 111, 111, 111, 111, 111, 111, 111, 111, 111, 111, 111, 111, 111, 
2025-12-28 12:48:07.870736|{td-322} 0, -13, 0, 0, 0, 0, 0, 0, 0, 0, 0, 0, 0, 0, 0, 0, 0, 0, 
2025-12-28 12:48:07.875063|{tx-322} :-BBB.............
2025-12-28 12:48:08.046150|{rx-323} 1, 0, 0, 3, 324, 324, 0, 0, 0, 0, 0, 1, 0, 1, 1
2025-12-28 12:48:08.050835|{rssi-323} 111, -53, -127, -127, -127, 111, 111, 111, 111, 111, 111, 111, 111, 111, 111, 111, 111, 111, 
2025-12-28 12:48:08.060611|{td-323} 0, -15, 0, 0, 0, 0, 0, 0, 0, 0, 0, 0, 0, 0, 0, 0, 0, 0, 
2025-12-28 12:48:08.066363|{tx-323} :-BBB.............
2025-12-28 12:48:08.236244|{rx-324} 1, 0, 0, 3, 325, 325, 0, 0, 0, 0, 0, 1, 0, 1, 1
2025-12-28 12:48:08.240935|{rssi-324} 111, -53, -127, -127, -127, 111, 111, 111, 111, 111, 111, 111, 111, 111, 111, 111, 111, 111, 
2025-12-28 12:48:08.250368|{td-324} 0, -15, 0, 0, 0, 0, 0, 0, 0, 0, 0, 0, 0, 0, 0, 0, 0, 0, 
2025-12-28 12:48:08.256020|{tx-324} :-BBB.............
2025-12-28 12:48:08.426404|{rx-325} 1, 0, 0, 3, 326, 326, 0, 0, 0, 0, 0, 1, 0, 1, 1
2025-12-28 12:48:08.431104|{rssi-325} 111, -53, -127, -127, -127, 111, 111, 111, 111, 111, 111, 111, 111, 111, 111, 111, 111, 111, 
2025-12-28 12:48:08.440368|{td-325} 0, -13, 0, 0, 0, 0, 0, 0, 0, 0, 0, 0, 0, 0, 0, 0, 0, 0, 
2025-12-28 12:48:08.445148|{tx-325} :-BBB.............
2025-12-28 12:48:08.616239|{rx-326} 1, 0, 0, 3, 327, 327, 0, 0, 0, 0, 0, 1, 0, 1, 1
2025-12-28 12:48:08.620319|{rssi-326} 111, -53, -127, -127, -127, 111, 111, 111, 111, 111, 111, 111, 111, 111, 111, 111, 111, 111, 
2025-12-28 12:48:08.630514|{td-326} 0, -15, 0, 0, 0, 0, 0, 0, 0, 0, 0, 0, 0, 0, 0, 0, 0, 0, 
2025-12-28 12:48:08.634837|{tx-326} :-BBB.............
2025-12-28 12:48:08.806313|{rx-327} 1, 0, 0, 3, 328, 328, 0, 0, 0, 0, 0, 1, 0, 1, 1
2025-12-28 12:48:08.811318|{rssi-327} 111, -53, -127, -127, -127, 111, 111, 111, 111, 111, 111, 111, 111, 111, 111, 111, 111, 111, 
2025-12-28 12:48:08.820639|{td-327} 0, -13, 0, 0, 0, 0, 0, 0, 0, 0, 0, 0, 0, 0, 0, 0, 0, 0, 
2025-12-28 12:48:08.826094|{tx-327} :-BBB.............
2025-12-28 12:48:08.996389|{rx-328} 1, 0, 0, 3, 329, 329, 0, 0, 0, 0, 0, 1, 0, 1, 1
2025-12-28 12:48:09.001064|{rssi-328} 111, -53, -127, -127, -127, 111, 111, 111, 111, 111, 111, 111, 111, 111, 111, 111, 111, 111, 
2025-12-28 12:48:09.010104|{td-328} 0, -15, 0, 0, 0, 0, 0, 0, 0, 0, 0, 0, 0, 0, 0, 0, 0, 0, 
2025-12-28 12:48:09.014808|{tx-328} :-BBB.............
2025-12-28 12:48:09.185979|{rx-329} 1, 0, 0, 3, 330, 330, 0, 0, 0, 0, 0, 1, 0, 1, 1
2025-12-28 12:48:09.190865|{rssi-329} 111, -53, -127, -127, -127, 111, 111, 111, 111, 111, 111, 111, 111, 111, 111, 111, 111, 111, 
2025-12-28 12:48:09.200323|{td-329} 0, -13, 0, 0, 0, 0, 0, 0, 0, 0, 0, 0, 0, 0, 0, 0, 0, 0, 
2025-12-28 12:48:09.205681|{tx-329} :-BBB.............
2025-12-28 12:48:09.375510|{rx-330} 1, 0, 0, 3, 331, 331, 0, 0, 0, 0, 0, 1, 0, 1, 1
2025-12-28 12:48:09.380987|{rssi-330} 111, -53, -127, -127, -127, 111, 111, 111, 111, 111, 111, 111, 111, 111, 111, 111, 111, 111, 
2025-12-28 12:48:09.390345|{td-330} 0, -15, 0, 0, 0, 0, 0, 0, 0, 0, 0, 0, 0, 0, 0, 0, 0, 0, 
2025-12-28 12:48:09.396283|{tx-330} :-BBB.............
2025-12-28 12:48:09.565424|{rx-331} 1, 0, 0, 3, 332, 332, 0, 0, 0, 0, 0, 1, 0, 1, 1
2025-12-28 12:48:09.570621|{rssi-331} 111, -53, -127, -127, -127, 111, 111, 111, 111, 111, 111, 111, 111, 111, 111, 111, 111, 111, 
2025-12-28 12:48:09.579148|{td-331} 0, -13, 0, 0, 0, 0, 0, 0, 0, 0, 0, 0, 0, 0, 0, 0, 0, 0, 
2025-12-28 12:48:09.585683|{tx-331} :-BBB.............
2025-12-28 12:48:09.755859|{rx-332} 1, 0, 0, 3, 333, 333, 0, 0, 0, 0, 0, 1, 0, 1, 1
2025-12-28 12:48:09.760069|{rssi-332} 111, -53, -127, -127, -127, 111, 111, 111, 111, 111, 111, 111, 111, 111, 111, 111, 111, 111, 
2025-12-28 12:48:09.769852|{td-332} 0, -15, 0, 0, 0, 0, 0, 0, 0, 0, 0, 0, 0, 0, 0, 0, 0, 0, 
2025-12-28 12:48:09.775151|{tx-332} :-BBB.............
2025-12-28 12:48:09.946686|{rx-333} 1, 0, 0, 3, 334, 334, 0, 0, 0, 0, 0, 1, 0, 1, 1
2025-12-28 12:48:09.950576|{rssi-333} 111, -53, -127, -127, -127, 111, 111, 111, 111, 111, 111, 111, 111, 111, 111, 111, 111, 111, 
2025-12-28 12:48:09.960687|{td-333} 0, -13, 0, 0, 0, 0, 0, 0, 0, 0, 0, 0, 0, 0, 0, 0, 0, 0, 
2025-12-28 12:48:09.965797|{tx-333} :-BBB.............
2025-12-28 12:48:10.134324|{rx-334} 1, 0, 0, 3, 335, 335, 0, 0, 0, 0, 0, 1, 0, 1, 1
2025-12-28 12:48:10.140732|{rssi-334} 111, -53, -127, -127, -127, 111, 111, 111, 111, 111, 111, 111, 111, 111, 111, 111, 111, 111, 
2025-12-28 12:48:10.150070|{td-334} 0, -15, 0, 0, 0, 0, 0, 0, 0, 0, 0, 0, 0, 0, 0, 0, 0, 0, 
2025-12-28 12:48:10.154669|{tx-334} :-BBB.............
2025-12-28 12:48:10.324432|{rx-335} 1, 0, 0, 3, 336, 336, 0, 0, 0, 0, 0, 1, 0, 1, 1
2025-12-28 12:48:10.329480|{rssi-335} 111, -53, -127, -127, -127, 111, 111, 111, 111, 111, 111, 111, 111, 111, 111, 111, 111, 111, 
2025-12-28 12:48:10.340219|{td-335} 0, -13, 0, 0, 0, 0, 0, 0, 0, 0, 0, 0, 0, 0, 0, 0, 0, 0, 
2025-12-28 12:48:10.346146|{tx-335} :-BBB.............
2025-12-28 12:48:10.515061|{rx-336} 1, 0, 0, 3, 337, 337, 0, 0, 0, 0, 0, 1, 0, 1, 1
2025-12-28 12:48:10.520315|{rssi-336} 111, -53, -127, -127, -127, 111, 111, 111, 111, 111, 111, 111, 111, 111, 111, 111, 111, 111, 
2025-12-28 12:48:10.529081|{td-336} 0, -15, 0, 0, 0, 0, 0, 0, 0, 0, 0, 0, 0, 0, 0, 0, 0, 0, 
2025-12-28 12:48:10.534737|{tx-336} :-BBB.............
2025-12-28 12:48:10.704476|{rx-337} 1, 0, 0, 3, 338, 338, 0, 0, 0, 0, 0, 1, 0, 1, 1
2025-12-28 12:48:10.710543|{rssi-337} 111, -53, -127, -127, -127, 111, 111, 111, 111, 111, 111, 111, 111, 111, 111, 111, 111, 111, 
2025-12-28 12:48:10.720012|{td-337} 0, -15, 0, 0, 0, 0, 0, 0, 0, 0, 0, 0, 0, 0, 0, 0, 0, 0, 
2025-12-28 12:48:10.725431|{tx-337} :-BBB.............
2025-12-28 12:48:10.895680|{rx-338} 1, 0, 0, 3, 339, 339, 0, 0, 0, 0, 0, 1, 0, 1, 1
2025-12-28 12:48:10.901631|{rssi-338} 111, -53, -127, -127, -127, 111, 111, 111, 111, 111, 111, 111, 111, 111, 111, 111, 111, 111, 
2025-12-28 12:48:10.910226|{td-338} 0, -13, 0, 0, 0, 0, 0, 0, 0, 0, 0, 0, 0, 0, 0, 0, 0, 0, 
2025-12-28 12:48:10.915841|{tx-338} :-BBB.............
2025-12-28 12:48:11.084931|{rx-339} 1, 0, 0, 3, 340, 340, 0, 0, 0, 0, 0, 1, 0, 1, 1
2025-12-28 12:48:11.090509|{rssi-339} 111, -53, -127, -127, -127, 111, 111, 111, 111, 111, 111, 111, 111, 111, 111, 111, 111, 111, 
2025-12-28 12:48:11.099572|{td-339} 0, -15, 0, 0, 0, 0, 0, 0, 0, 0, 0, 0, 0, 0, 0, 0, 0, 0, 
2025-12-28 12:48:11.104753|{tx-339} :-BBB.............
2025-12-28 12:48:11.275208|{rx-340} 1, 0, 0, 3, 341, 341, 0, 0, 0, 0, 0, 1, 0, 1, 1
2025-12-28 12:48:11.280199|{rssi-340} 111, -53, -127, -127, -127, 111, 111, 111, 111, 111, 111, 111, 111, 111, 111, 111, 111, 111, 
2025-12-28 12:48:11.289994|{td-340} 0, -13, 0, 0, 0, 0, 0, 0, 0, 0, 0, 0, 0, 0, 0, 0, 0, 0, 
2025-12-28 12:48:11.295016|{tx-340} :-BBB.............
2025-12-28 12:48:11.465048|{rx-341} 1, 0, 0, 3, 342, 342, 0, 0, 0, 0, 0, 1, 0, 1, 1
2025-12-28 12:48:11.471307|{rssi-341} 111, -53, -127, -127, -127, 111, 111, 111, 111, 111, 111, 111, 111, 111, 111, 111, 111, 111, 
2025-12-28 12:48:11.479929|{td-341} 0, -13, 0, 0, 0, 0, 0, 0, 0, 0, 0, 0, 0, 0, 0, 0, 0, 0, 
2025-12-28 12:48:11.484296|{tx-341} :-BBB.............
2025-12-28 12:48:11.655005|{rx-342} 1, 0, 0, 3, 343, 343, 0, 0, 0, 0, 0, 1, 0, 1, 1
2025-12-28 12:48:11.660463|{rssi-342} 111, -53, -127, -127, -127, 111, 111, 111, 111, 111, 111, 111, 111, 111, 111, 111, 111, 111, 
2025-12-28 12:48:11.669914|{td-342} 0, -15, 0, 0, 0, 0, 0, 0, 0, 0, 0, 0, 0, 0, 0, 0, 0, 0, 
2025-12-28 12:48:11.674373|{tx-342} :-BBB.............
2025-12-28 12:48:11.844917|{rx-343} 1, 0, 0, 3, 344, 344, 0, 0, 0, 0, 0, 1, 0, 1, 1
2025-12-28 12:48:11.850259|{rssi-343} 111, -53, -127, -127, -127, 111, 111, 111, 111, 111, 111, 111, 111, 111, 111, 111, 111, 111, 
2025-12-28 12:48:11.859721|{td-343} 0, -13, 0, 0, 0, 0, 0, 0, 0, 0, 0, 0, 0, 0, 0, 0, 0, 0, 
2025-12-28 12:48:11.865681|{tx-343} :-BBB.............
2025-12-28 12:48:12.035121|{rx-344} 1, 0, 0, 3, 345, 345, 0, 0, 0, 0, 0, 1, 0, 1, 1
2025-12-28 12:48:12.040462|{rssi-344} 111, -53, -127, -127, -127, 111, 111, 111, 111, 111, 111, 111, 111, 111, 111, 111, 111, 111, 
2025-12-28 12:48:12.049076|{td-344} 0, -15, 0, 0, 0, 0, 0, 0, 0, 0, 0, 0, 0, 0, 0, 0, 0, 0, 
2025-12-28 12:48:12.054326|{tx-344} :-BBB.............
2025-12-28 12:48:12.224851|{rx-345} 1, 0, 0, 3, 346, 346, 0, 0, 0, 0, 0, 1, 0, 1, 1
2025-12-28 12:48:12.230122|{rssi-345} 111, -53, -127, -127, -127, 111, 111, 111, 111, 111, 111, 111, 111, 111, 111, 111, 111, 111, 
2025-12-28 12:48:12.240083|{td-345} 0, -13, 0, 0, 0, 0, 0, 0, 0, 0, 0, 0, 0, 0, 0, 0, 0, 0, 
2025-12-28 12:48:12.244209|{tx-345} :-BBB.............
2025-12-28 12:48:12.415413|{rx-346} 1, 0, 0, 3, 347, 347, 0, 0, 0, 0, 0, 1, 0, 1, 1
2025-12-28 12:48:12.419743|{rssi-346} 111, -53, -127, -127, -127, 111, 111, 111, 111, 111, 111, 111, 111, 111, 111, 111, 111, 111, 
2025-12-28 12:48:12.429044|{td-346} 0, -15, 0, 0, 0, 0, 0, 0, 0, 0, 0, 0, 0, 0, 0, 0, 0, 0, 
2025-12-28 12:48:12.434544|{tx-346} :-BBB.............
2025-12-28 12:48:12.604835|{rx-347} 1, 0, 0, 3, 348, 348, 0, 0, 0, 0, 0, 1, 0, 1, 1
2025-12-28 12:48:12.610453|{rssi-347} 111, -53, -127, -127, -127, 111, 111, 111, 111, 111, 111, 111, 111, 111, 111, 111, 111, 111, 
2025-12-28 12:48:12.619825|{td-347} 0, -13, 0, 0, 0, 0, 0, 0, 0, 0, 0, 0, 0, 0, 0, 0, 0, 0, 
2025-12-28 12:48:12.625361|{tx-347} :-BBB.............
2025-12-28 12:48:12.795871|{rx-348} 1, 0, 0, 3, 349, 349, 0, 0, 0, 0, 0, 1, 0, 1, 1
2025-12-28 12:48:12.799395|{rssi-348} 111, -53, -127, -127, -127, 111, 111, 111, 111, 111, 111, 111, 111, 111, 111, 111, 111, 111, 
2025-12-28 12:48:12.809898|{td-348} 0, -15, 0, 0, 0, 0, 0, 0, 0, 0, 0, 0, 0, 0, 0, 0, 0, 0, 
2025-12-28 12:48:12.815066|{tx-348} :-BBB.............
2025-12-28 12:48:12.985455|{rx-349} 1, 0, 0, 3, 350, 350, 0, 0, 0, 0, 0, 1, 0, 1, 1
2025-12-28 12:48:12.990752|{rssi-349} 111, -53, -127, -127, -127, 111, 111, 111, 111, 111, 111, 111, 111, 111, 111, 111, 111, 111, 
2025-12-28 12:48:12.999122|{td-349} 0, -15, 0, 0, 0, 0, 0, 0, 0, 0, 0, 0, 0, 0, 0, 0, 0, 0, 
2025-12-28 12:48:13.004334|{tx-349} :-BBB.............
2025-12-28 12:48:13.175076|{rx-350} 1, 0, 0, 3, 351, 351, 0, 0, 0, 0, 0, 1, 0, 1, 1
2025-12-28 12:48:13.179825|{rssi-350} 111, -53, -127, -127, -127, 111, 111, 111, 111, 111, 111, 111, 111, 111, 111, 111, 111, 111, 
2025-12-28 12:48:13.190536|{td-350} 0, -13, 0, 0, 0, 0, 0, 0, 0, 0, 0, 0, 0, 0, 0, 0, 0, 0, 
2025-12-28 12:48:13.195923|{tx-350} :-BBB.............
2025-12-28 12:48:13.365633|{rx-351} 1, 0, 0, 3, 352, 352, 0, 0, 0, 0, 0, 1, 0, 1, 1
2025-12-28 12:48:13.370924|{rssi-351} 111, -53, -127, -127, -127, 111, 111, 111, 111, 111, 111, 111, 111, 111, 111, 111, 111, 111, 
2025-12-28 12:48:13.380168|{td-351} 0, -13, 0, 0, 0, 0, 0, 0, 0, 0, 0, 0, 0, 0, 0, 0, 0, 0, 
2025-12-28 12:48:13.384494|{tx-351} :-BBB.............
2025-12-28 12:48:13.555405|{rx-352} 1, 0, 0, 3, 353, 353, 0, 0, 0, 0, 0, 1, 0, 1, 1
2025-12-28 12:48:13.561113|{rssi-352} 111, -53, -127, -127, -127, 111, 111, 111, 111, 111, 111, 111, 111, 111, 111, 111, 111, 111, 
2025-12-28 12:48:13.570242|{td-352} 0, -15, 0, 0, 0, 0, 0, 0, 0, 0, 0, 0, 0, 0, 0, 0, 0, 0, 
2025-12-28 12:48:13.575637|{tx-352} :-BBB.............
2025-12-28 12:48:13.745818|{rx-353} 1, 0, 0, 3, 354, 354, 0, 0, 0, 0, 0, 1, 0, 1, 1
2025-12-28 12:48:13.751046|{rssi-353} 111, -53, -127, -127, -127, 111, 111, 111, 111, 111, 111, 111, 111, 111, 111, 111, 111, 111, 
2025-12-28 12:48:13.760452|{td-353} 0, -13, 0, 0, 0, 0, 0, 0, 0, 0, 0, 0, 0, 0, 0, 0, 0, 0, 
2025-12-28 12:48:13.764966|{tx-353} :-BBB.............
2025-12-28 12:48:13.936057|{rx-354} 1, 0, 0, 3, 355, 355, 0, 0, 0, 0, 0, 1, 0, 1, 1
2025-12-28 12:48:13.940533|{rssi-354} 111, -53, -127, -127, -127, 111, 111, 111, 111, 111, 111, 111, 111, 111, 111, 111, 111, 111, 
2025-12-28 12:48:13.949923|{td-354} 0, -15, 0, 0, 0, 0, 0, 0, 0, 0, 0, 0, 0, 0, 0, 0, 0, 0, 
2025-12-28 12:48:13.954376|{tx-354} :-BBB.............
2025-12-28 12:48:14.125549|{rx-355} 1, 0, 0, 3, 356, 356, 0, 0, 0, 0, 0, 1, 0, 1, 1
2025-12-28 12:48:14.132517|{rssi-355} 111, -53, -127, -127, -127, 111, 111, 111, 111, 111, 111, 111, 111, 111, 111, 111, 111, 111, 
2025-12-28 12:48:14.141164|{td-355} 0, -15, 0, 0, 0, 0, 0, 0, 0, 0, 0, 0, 0, 0, 0, 0, 0, 0, 
2025-12-28 12:48:14.148434|{tx-355} :-BBB.............
2025-12-28 12:48:14.315850|{rx-356} 1, 0, 0, 3, 357, 357, 0, 0, 0, 0, 0, 1, 0, 1, 1
2025-12-28 12:48:14.320225|{rssi-356} 111, -53, -127, -127, -127, 111, 111, 111, 111, 111, 111, 111, 111, 111, 111, 111, 111, 111, 
2025-12-28 12:48:14.330397|{td-356} 0, -13, 0, 0, 0, 0, 0, 0, 0, 0, 0, 0, 0, 0, 0, 0, 0, 0, 
2025-12-28 12:48:14.335353|{tx-356} :-BBB.............
2025-12-28 12:48:14.506214|{rx-357} 1, 0, 0, 3, 358, 358, 0, 0, 0, 0, 0, 1, 0, 1, 1
2025-12-28 12:48:14.510287|{rssi-357} 111, -53, -127, -127, -127, 111, 111, 111, 111, 111, 111, 111, 111, 111, 111, 111, 111, 111, 
2025-12-28 12:48:14.519619|{td-357} 0, -13, 0, 0, 0, 0, 0, 0, 0, 0, 0, 0, 0, 0, 0, 0, 0, 0, 
2025-12-28 12:48:14.525359|{tx-357} :-BBB.............
2025-12-28 12:48:14.695348|{rx-358} 1, 0, 0, 3, 359, 359, 0, 0, 0, 0, 0, 1, 0, 1, 1
2025-12-28 12:48:14.700376|{rssi-358} 111, -53, -127, -127, -127, 111, 111, 111, 111, 111, 111, 111, 111, 111, 111, 111, 111, 111, 
2025-12-28 12:48:14.710007|{td-358} 0, -15, 0, 0, 0, 0, 0, 0, 0, 0, 0, 0, 0, 0, 0, 0, 0, 0, 
2025-12-28 12:48:14.714466|{tx-358} :-BBB.............
2025-12-28 12:48:14.886075|{rx-359} 1, 0, 0, 3, 360, 360, 0, 0, 0, 0, 0, 1, 0, 1, 1
2025-12-28 12:48:14.890407|{rssi-359} 111, -53, -127, -127, -127, 111, 111, 111, 111, 111, 111, 111, 111, 111, 111, 111, 111, 111, 
2025-12-28 12:48:14.899849|{td-359} 0, -15, 0, 0, 0, 0, 0, 0, 0, 0, 0, 0, 0, 0, 0, 0, 0, 0, 
2025-12-28 12:48:14.904663|{tx-359} :-BBB.............
2025-12-28 12:48:15.076188|{rx-360} 1, 0, 0, 3, 361, 361, 0, 0, 0, 0, 0, 1, 0, 1, 1
2025-12-28 12:48:15.080065|{rssi-360} 111, -53, -127, -127, -127, 111, 111, 111, 111, 111, 111, 111, 111, 111, 111, 111, 111, 111, 
2025-12-28 12:48:15.089903|{td-360} 0, -13, 0, 0, 0, 0, 0, 0, 0, 0, 0, 0, 0, 0, 0, 0, 0, 0, 
2025-12-28 12:48:15.095534|{tx-360} :-BBB.............
2025-12-28 12:48:15.265333|{rx-361} 1, 0, 0, 3, 362, 362, 0, 0, 0, 0, 0, 1, 0, 1, 1
2025-12-28 12:48:15.270168|{rssi-361} 111, -53, -127, -127, -127, 111, 111, 111, 111, 111, 111, 111, 111, 111, 111, 111, 111, 111, 
2025-12-28 12:48:15.279004|{td-361} 0, -15, 0, 0, 0, 0, 0, 0, 0, 0, 0, 0, 0, 0, 0, 0, 0, 0, 
2025-12-28 12:48:15.284790|{tx-361} :-BBB.............
2025-12-28 12:48:15.455409|{rx-362} 1, 0, 0, 3, 363, 363, 0, 0, 0, 0, 0, 1, 0, 1, 1
2025-12-28 12:48:15.460482|{rssi-362} 111, -53, -127, -127, -127, 111, 111, 111, 111, 111, 111, 111, 111, 111, 111, 111, 111, 111, 
2025-12-28 12:48:15.470157|{td-362} 0, -13, 0, 0, 0, 0, 0, 0, 0, 0, 0, 0, 0, 0, 0, 0, 0, 0, 
2025-12-28 12:48:15.475451|{tx-362} :-BBB.............
2025-12-28 12:48:15.645061|{rx-363} 1, 0, 0, 3, 364, 364, 0, 0, 0, 0, 0, 1, 0, 1, 1
2025-12-28 12:48:15.650789|{rssi-363} 111, -53, -127, -127, -127, 111, 111, 111, 111, 111, 111, 111, 111, 111, 111, 111, 111, 111, 
2025-12-28 12:48:15.660002|{td-363} 0, -15, 0, 0, 0, 0, 0, 0, 0, 0, 0, 0, 0, 0, 0, 0, 0, 0, 
2025-12-28 12:48:15.665843|{tx-363} :-BBB.............
2025-12-28 12:48:15.834346|{rx-364} 1, 0, 0, 3, 365, 365, 0, 0, 0, 0, 0, 1, 0, 1, 1
2025-12-28 12:48:15.839522|{rssi-364} 111, -53, -127, -127, -127, 111, 111, 111, 111, 111, 111, 111, 111, 111, 111, 111, 111, 111, 
2025-12-28 12:48:15.849778|{td-364} 0, -13, 0, 0, 0, 0, 0, 0, 0, 0, 0, 0, 0, 0, 0, 0, 0, 0, 
2025-12-28 12:48:15.854075|{tx-364} :-BBB.............
2025-12-28 12:48:16.025008|{rx-365} 1, 0, 0, 3, 366, 366, 0, 0, 0, 0, 0, 1, 0, 1, 1
2025-12-28 12:48:16.029662|{rssi-365} 111, -53, -127, -127, -127, 111, 111, 111, 111, 111, 111, 111, 111, 111, 111, 111, 111, 111, 
2025-12-28 12:48:16.038786|{td-365} 0, -15, 0, 0, 0, 0, 0, 0, 0, 0, 0, 0, 0, 0, 0, 0, 0, 0, 
2025-12-28 12:48:16.043922|{tx-365} :-BBB.............
2025-12-28 12:48:16.215094|{rx-366} 1, 0, 0, 3, 367, 367, 0, 0, 0, 0, 0, 1, 0, 1, 1
2025-12-28 12:48:16.220607|{rssi-366} 111, -53, -127, -127, -127, 111, 111, 111, 111, 111, 111, 111, 111, 111, 111, 111, 111, 111, 
2025-12-28 12:48:16.229036|{td-366} 0, -13, 0, 0, 0, 0, 0, 0, 0, 0, 0, 0, 0, 0, 0, 0, 0, 0, 
2025-12-28 12:48:16.235268|{tx-366} :-BBB.............
2025-12-28 12:48:16.405323|{rx-367} 1, 0, 0, 3, 368, 368, 0, 0, 0, 0, 0, 1, 0, 1, 1
2025-12-28 12:48:16.409866|{rssi-367} 111, -53, -127, -127, -127, 111, 111, 111, 111, 111, 111, 111, 111, 111, 111, 111, 111, 111, 
2025-12-28 12:48:16.419589|{td-367} 0, -15, 0, 0, 0, 0, 0, 0, 0, 0, 0, 0, 0, 0, 0, 0, 0, 0, 
2025-12-28 12:48:16.424466|{tx-367} :-BBB.............
2025-12-28 12:48:16.595021|{rx-368} 1, 0, 0, 3, 369, 369, 0, 0, 0, 0, 0, 1, 0, 1, 1
2025-12-28 12:48:16.599727|{rssi-368} 111, -53, -127, -127, -127, 111, 111, 111, 111, 111, 111, 111, 111, 111, 111, 111, 111, 111, 
2025-12-28 12:48:16.609212|{td-368} 0, -13, 0, 0, 0, 0, 0, 0, 0, 0, 0, 0, 0, 0, 0, 0, 0, 0, 
2025-12-28 12:48:16.615393|{tx-368} :-BBB.............
2025-12-28 12:48:16.784754|{rx-369} 1, 0, 0, 3, 370, 370, 0, 0, 0, 0, 0, 1, 0, 1, 1
2025-12-28 12:48:16.789943|{rssi-369} 111, -53, -127, -127, -127, 111, 111, 111, 111, 111, 111, 111, 111, 111, 111, 111, 111, 111, 
2025-12-28 12:48:16.798794|{td-369} 0, -15, 0, 0, 0, 0, 0, 0, 0, 0, 0, 0, 0, 0, 0, 0, 0, 0, 
2025-12-28 12:48:16.804333|{tx-369} :-BBB.............
2025-12-28 12:48:16.974544|{rx-370} 1, 0, 0, 3, 371, 371, 0, 0, 0, 0, 0, 1, 0, 1, 1
2025-12-28 12:48:16.980164|{rssi-370} 111, -53, -127, -127, -127, 111, 111, 111, 111, 111, 111, 111, 111, 111, 111, 111, 111, 111, 
2025-12-28 12:48:16.989813|{td-370} 0, -13, 0, 0, 0, 0, 0, 0, 0, 0, 0, 0, 0, 0, 0, 0, 0, 0, 
2025-12-28 12:48:16.995130|{tx-370} :-BBB.............
2025-12-28 12:48:17.164556|{rx-371} 1, 0, 0, 3, 372, 372, 0, 0, 0, 0, 0, 1, 0, 1, 1
2025-12-28 12:48:17.169396|{rssi-371} 111, -53, -127, -127, -127, 111, 111, 111, 111, 111, 111, 111, 111, 111, 111, 111, 111, 111, 
2025-12-28 12:48:17.179389|{td-371} 0, -15, 0, 0, 0, 0, 0, 0, 0, 0, 0, 0, 0, 0, 0, 0, 0, 0, 
2025-12-28 12:48:17.184379|{tx-371} :-BBB.............
2025-12-28 12:48:17.354923|{rx-372} 1, 0, 0, 3, 373, 373, 0, 0, 0, 0, 0, 1, 0, 1, 1
2025-12-28 12:48:17.360300|{rssi-372} 111, -53, -127, -127, -127, 111, 111, 111, 111, 111, 111, 111, 111, 111, 111, 111, 111, 111, 
2025-12-28 12:48:17.369187|{td-372} 0, -13, 0, 0, 0, 0, 0, 0, 0, 0, 0, 0, 0, 0, 0, 0, 0, 0, 
2025-12-28 12:48:17.374420|{tx-372} :-BBB.............
2025-12-28 12:48:17.545329|{rx-373} 1, 0, 0, 3, 374, 374, 0, 0, 0, 0, 0, 1, 0, 1, 1
2025-12-28 12:48:17.550453|{rssi-373} 111, -53, -127, -127, -127, 111, 111, 111, 111, 111, 111, 111, 111, 111, 111, 111, 111, 111, 
2025-12-28 12:48:17.559920|{td-373} 0, -15, 0, 0, 0, 0, 0, 0, 0, 0, 0, 0, 0, 0, 0, 0, 0, 0, 
2025-12-28 12:48:17.564269|{tx-373} :-BBB.............
2025-12-28 12:48:17.735430|{rx-374} 1, 0, 0, 3, 375, 375, 0, 0, 0, 0, 0, 1, 0, 1, 1
2025-12-28 12:48:17.743792|{rssi-374} 111, -53, -127, -127, -127, 111, 111, 111, 111, 111, 111, 111, 111, 111, 111, 111, 111, 111, 
2025-12-28 12:48:17.749130|{td-374} 0, -13, 0, 0, 0, 0, 0, 0, 0, 0, 0, 0, 0, 0, 0, 0, 0, 0, 
2025-12-28 12:48:17.754276|{tx-374} :-BBB.............
2025-12-28 12:48:17.925458|{rx-375} 1, 0, 0, 3, 376, 376, 0, 0, 0, 0, 0, 1, 0, 1, 1
2025-12-28 12:48:17.930289|{rssi-375} 111, -53, -127, -127, -127, 111, 111, 111, 111, 111, 111, 111, 111, 111, 111, 111, 111, 111, 
2025-12-28 12:48:17.938958|{td-375} 0, -15, 0, 0, 0, 0, 0, 0, 0, 0, 0, 0, 0, 0, 0, 0, 0, 0, 
2025-12-28 12:48:17.945004|{tx-375} :-BBB.............
2025-12-28 12:48:18.114700|{rx-376} 1, 0, 0, 3, 377, 377, 0, 0, 0, 0, 0, 1, 0, 1, 1
2025-12-28 12:48:18.120745|{rssi-376} 111, -53, -127, -127, -127, 111, 111, 111, 111, 111, 111, 111, 111, 111, 111, 111, 111, 111, 
2025-12-28 12:48:18.129712|{td-376} 0, -13, 0, 0, 0, 0, 0, 0, 0, 0, 0, 0, 0, 0, 0, 0, 0, 0, 
2025-12-28 12:48:18.134529|{tx-376} :-BBB.............
2025-12-28 12:48:18.304199|{rx-377} 1, 0, 0, 3, 378, 378, 0, 0, 0, 0, 0, 1, 0, 1, 1
2025-12-28 12:48:18.309831|{rssi-377} 111, -53, -127, -127, -127, 111, 111, 111, 111, 111, 111, 111, 111, 111, 111, 111, 111, 111, 
2025-12-28 12:48:18.319157|{td-377} 0, -15, 0, 0, 0, 0, 0, 0, 0, 0, 0, 0, 0, 0, 0, 0, 0, 0, 
2025-12-28 12:48:18.324957|{tx-377} :-BBB.............
2025-12-28 12:48:18.494068|{rx-378} 1, 0, 0, 3, 379, 379, 0, 0, 0, 0, 0, 1, 0, 1, 1
2025-12-28 12:48:18.498732|{rssi-378} 111, -53, -127, -127, -127, 111, 111, 111, 111, 111, 111, 111, 111, 111, 111, 111, 111, 111, 
2025-12-28 12:48:18.509036|{td-378} 0, -13, 0, 0, 0, 0, 0, 0, 0, 0, 0, 0, 0, 0, 0, 0, 0, 0, 
2025-12-28 12:48:18.514401|{tx-378} :-BBB.............
2025-12-28 12:48:18.685252|{rx-379} 1, 0, 0, 3, 380, 380, 0, 0, 0, 0, 0, 1, 0, 1, 1
2025-12-28 12:48:18.689631|{rssi-379} 111, -53, -127, -127, -127, 111, 111, 111, 111, 111, 111, 111, 111, 111, 111, 111, 111, 111, 
2025-12-28 12:48:18.699190|{td-379} 0, -15, 0, 0, 0, 0, 0, 0, 0, 0, 0, 0, 0, 0, 0, 0, 0, 0, 
2025-12-28 12:48:18.705102|{tx-379} :-BBB.............
2025-12-28 12:48:18.875131|{rx-380} 1, 0, 0, 3, 381, 381, 0, 0, 0, 0, 0, 1, 0, 1, 1
2025-12-28 12:48:18.880188|{rssi-380} 111, -53, -127, -127, -127, 111, 111, 111, 111, 111, 111, 111, 111, 111, 111, 111, 111, 111, 
2025-12-28 12:48:18.889081|{td-380} 0, -13, 0, 0, 0, 0, 0, 0, 0, 0, 0, 0, 0, 0, 0, 0, 0, 0, 
2025-12-28 12:48:18.893943|{tx-380} :-BBB.............
2025-12-28 12:48:19.065103|{rx-381} 1, 0, 0, 3, 382, 382, 0, 0, 0, 0, 0, 1, 0, 1, 1
2025-12-28 12:48:19.069474|{rssi-381} 111, -53, -127, -127, -127, 111, 111, 111, 111, 111, 111, 111, 111, 111, 111, 111, 111, 111, 
2025-12-28 12:48:19.079187|{td-381} 0, -15, 0, 0, 0, 0, 0, 0, 0, 0, 0, 0, 0, 0, 0, 0, 0, 0, 
2025-12-28 12:48:19.084315|{tx-381} :-BBB.............
2025-12-28 12:48:19.255099|{rx-382} 1, 0, 0, 3, 383, 383, 0, 0, 0, 0, 0, 1, 0, 1, 1
2025-12-28 12:48:19.259756|{rssi-382} 111, -53, -127, -127, -127, 111, 111, 111, 111, 111, 111, 111, 111, 111, 111, 111, 111, 111, 
2025-12-28 12:48:19.268863|{td-382} 0, -13, 0, 0, 0, 0, 0, 0, 0, 0, 0, 0, 0, 0, 0, 0, 0, 0, 
2025-12-28 12:48:19.273472|{tx-382} :-BBB.............
2025-12-28 12:48:19.444915|{rx-383} 1, 0, 0, 3, 384, 384, 0, 0, 0, 0, 0, 1, 0, 1, 1
2025-12-28 12:48:19.451029|{rssi-383} 111, -53, -127, -127, -127, 111, 111, 111, 111, 111, 111, 111, 111, 111, 111, 111, 111, 111, 
2025-12-28 12:48:19.459457|{td-383} 0, -15, 0, 0, 0, 0, 0, 0, 0, 0, 0, 0, 0, 0, 0, 0, 0, 0, 
2025-12-28 12:48:19.465851|{tx-383} :-BBB.............
2025-12-28 12:48:19.635137|{rx-384} 1, 0, 0, 3, 385, 385, 0, 0, 0, 0, 0, 1, 0, 1, 1
2025-12-28 12:48:19.639687|{rssi-384} 111, -53, -127, -127, -127, 111, 111, 111, 111, 111, 111, 111, 111, 111, 111, 111, 111, 111, 
2025-12-28 12:48:19.649036|{td-384} 0, -13, 0, 0, 0, 0, 0, 0, 0, 0, 0, 0, 0, 0, 0, 0, 0, 0, 
2025-12-28 12:48:19.655140|{tx-384} :-BBB.............
2025-12-28 12:48:19.825255|{rx-385} 1, 0, 0, 3, 386, 386, 0, 0, 0, 0, 0, 1, 0, 1, 1
2025-12-28 12:48:19.829444|{rssi-385} 111, -53, -127, -127, -127, 111, 111, 111, 111, 111, 111, 111, 111, 111, 111, 111, 111, 111, 
2025-12-28 12:48:19.839163|{td-385} 0, -15, 0, 0, 0, 0, 0, 0, 0, 0, 0, 0, 0, 0, 0, 0, 0, 0, 
2025-12-28 12:48:19.844256|{tx-385} :-BBB.............
2025-12-28 12:48:20.016221|{rx-386} 1, 0, 0, 3, 387, 387, 0, 0, 0, 0, 0, 1, 0, 1, 1
2025-12-28 12:48:20.020726|{rssi-386} 111, -53, -127, -127, -127, 111, 111, 111, 111, 111, 111, 111, 111, 111, 111, 111, 111, 111, 
2025-12-28 12:48:20.029261|{td-386} 0, -13, 0, 0, 0, 0, 0, 0, 0, 0, 0, 0, 0, 0, 0, 0, 0, 0, 
2025-12-28 12:48:20.035006|{tx-386} :-BBB.............
2025-12-28 12:48:20.204584|{rx-387} 1, 0, 0, 3, 388, 388, 0, 0, 0, 0, 0, 1, 0, 1, 1
2025-12-28 12:48:20.209378|{rssi-387} 111, -53, -127, -127, -127, 111, 111, 111, 111, 111, 111, 111, 111, 111, 111, 111, 111, 111, 
2025-12-28 12:48:20.219038|{td-387} 0, -15, 0, 0, 0, 0, 0, 0, 0, 0, 0, 0, 0, 0, 0, 0, 0, 0, 
2025-12-28 12:48:20.224751|{tx-387} :-BBB.............
2025-12-28 12:48:20.393471|{rx-388} 1, 0, 0, 3, 389, 389, 0, 0, 0, 0, 0, 1, 0, 1, 1
2025-12-28 12:48:20.401002|{rssi-388} 111, -53, -127, -127, -127, 111, 111, 111, 111, 111, 111, 111, 111, 111, 111, 111, 111, 111, 
2025-12-28 12:48:20.408887|{td-388} 0, -13, 0, 0, 0, 0, 0, 0, 0, 0, 0, 0, 0, 0, 0, 0, 0, 0, 
2025-12-28 12:48:20.414682|{tx-388} :-BBB.............
2025-12-28 12:48:20.584558|{rx-389} 1, 0, 0, 3, 390, 390, 0, 0, 0, 0, 0, 1, 0, 1, 1
2025-12-28 12:48:20.589205|{rssi-389} 111, -53, -127, -127, -127, 111, 111, 111, 111, 111, 111, 111, 111, 111, 111, 111, 111, 111, 
2025-12-28 12:48:20.598995|{td-389} 0, -15, 0, 0, 0, 0, 0, 0, 0, 0, 0, 0, 0, 0, 0, 0, 0, 0, 
2025-12-28 12:48:20.604787|{tx-389} :-BBB.............
2025-12-28 12:48:20.774011|{rx-390} 1, 0, 0, 3, 391, 391, 0, 0, 0, 0, 0, 1, 0, 1, 1
2025-12-28 12:48:20.779171|{rssi-390} 111, -53, -127, -127, -127, 111, 111, 111, 111, 111, 111, 111, 111, 111, 111, 111, 111, 111, 
2025-12-28 12:48:20.788863|{td-390} 0, -13, 0, 0, 0, 0, 0, 0, 0, 0, 0, 0, 0, 0, 0, 0, 0, 0, 
2025-12-28 12:48:20.793149|{tx-390} :-BBB.............
2025-12-28 12:48:20.963911|{rx-391} 1, 0, 0, 3, 392, 392, 0, 0, 0, 0, 0, 1, 0, 1, 1
2025-12-28 12:48:20.968942|{rssi-391} 111, -53, -127, -127, -127, 111, 111, 111, 111, 111, 111, 111, 111, 111, 111, 111, 111, 111, 
2025-12-28 12:48:20.978984|{td-391} 0, -15, 0, 0, 0, 0, 0, 0, 0, 0, 0, 0, 0, 0, 0, 0, 0, 0, 
2025-12-28 12:48:20.983316|{tx-391} :-BBB.............
2025-12-28 12:48:21.153475|{rx-392} 1, 0, 0, 3, 393, 393, 0, 0, 0, 0, 0, 1, 0, 1, 1
2025-12-28 12:48:21.159616|{rssi-392} 111, -53, -127, -127, -127, 111, 111, 111, 111, 111, 111, 111, 111, 111, 111, 111, 111, 111, 
2025-12-28 12:48:21.168072|{td-392} 0, -13, 0, 0, 0, 0, 0, 0, 0, 0, 0, 0, 0, 0, 0, 0, 0, 0, 
2025-12-28 12:48:21.174393|{tx-392} :-BBB.............
2025-12-28 12:48:21.344986|{rx-393} 1, 0, 0, 3, 394, 394, 0, 0, 0, 0, 0, 1, 0, 1, 1
2025-12-28 12:48:21.349025|{rssi-393} 111, -53, -127, -127, -127, 111, 111, 111, 111, 111, 111, 111, 111, 111, 111, 111, 111, 111, 
2025-12-28 12:48:21.359129|{td-393} 0, -15, 0, 0, 0, 0, 0, 0, 0, 0, 0, 0, 0, 0, 0, 0, 0, 0, 
2025-12-28 12:48:21.364024|{tx-393} :-BBB.............
2025-12-28 12:48:21.534495|{rx-394} 1, 0, 0, 3, 395, 395, 0, 0, 0, 0, 0, 1, 0, 1, 1
2025-12-28 12:48:21.540556|{rssi-394} 111, -53, -127, -127, -127, 111, 111, 111, 111, 111, 111, 111, 111, 111, 111, 111, 111, 111, 
2025-12-28 12:48:21.549062|{td-394} 0, -13, 0, 0, 0, 0, 0, 0, 0, 0, 0, 0, 0, 0, 0, 0, 0, 0, 
2025-12-28 12:48:21.553428|{tx-394} :-BBB.............
2025-12-28 12:48:21.723497|{rx-395} 1, 0, 0, 3, 396, 396, 0, 0, 0, 0, 0, 1, 0, 1, 1
2025-12-28 12:48:21.729118|{rssi-395} 111, -53, -127, -127, -127, 111, 111, 111, 111, 111, 111, 111, 111, 111, 111, 111, 111, 111, 
2025-12-28 12:48:21.737460|{td-395} 0, -15, 0, 0, 0, 0, 0, 0, 0, 0, 0, 0, 0, 0, 0, 0, 0, 0, 
2025-12-28 12:48:21.744686|{tx-395} :-BBB.............
2025-12-28 12:48:21.913771|{rx-396} 1, 0, 0, 3, 397, 397, 0, 0, 0, 0, 0, 1, 0, 1, 1
2025-12-28 12:48:21.918891|{rssi-396} 111, -53, -127, -127, -127, 111, 111, 111, 111, 111, 111, 111, 111, 111, 111, 111, 111, 111, 
2025-12-28 12:48:21.929152|{td-396} 0, -13, 0, 0, 0, 0, 0, 0, 0, 0, 0, 0, 0, 0, 0, 0, 0, 0, 
2025-12-28 12:48:21.934865|{tx-396} :-BBB.............
2025-12-28 12:48:22.103874|{rx-397} 1, 0, 0, 3, 398, 398, 0, 0, 0, 0, 0, 1, 0, 1, 1
2025-12-28 12:48:22.108866|{rssi-397} 111, -53, -127, -127, -127, 111, 111, 111, 111, 111, 111, 111, 111, 111, 111, 111, 111, 111, 
2025-12-28 12:48:22.118448|{td-397} 0, -15, 0, 0, 0, 0, 0, 0, 0, 0, 0, 0, 0, 0, 0, 0, 0, 0, 
2025-12-28 12:48:22.124112|{tx-397} :-BBB.............
2025-12-28 12:48:22.293450|{rx-398} 1, 0, 0, 3, 399, 399, 0, 0, 0, 0, 0, 1, 0, 1, 1
2025-12-28 12:48:22.299681|{rssi-398} 111, -53, -127, -127, -127, 111, 111, 111, 111, 111, 111, 111, 111, 111, 111, 111, 111, 111, 
2025-12-28 12:48:22.308673|{td-398} 0, -13, 0, 0, 0, 0, 0, 0, 0, 0, 0, 0, 0, 0, 0, 0, 0, 0, 
2025-12-28 12:48:22.312949|{tx-398} :-BBB.............
2025-12-28 12:48:22.483863|{rx-399} 1, 0, 0, 3, 400, 400, 0, 0, 0, 0, 0, 1, 0, 1, 1
2025-12-28 12:48:22.489367|{rssi-399} 111, -53, -127, -127, -127, 111, 111, 111, 111, 111, 111, 111, 111, 111, 111, 111, 111, 111, 
2025-12-28 12:48:22.498982|{td-399} 0, -15, 0, 0, 0, 0, 0, 0, 0, 0, 0, 0, 0, 0, 0, 0, 0, 0, 
2025-12-28 12:48:22.503695|{tx-399} :-BBB.............
2025-12-28 12:48:22.673674|{rx-400} 1, 0, 0, 3, 401, 401, 0, 0, 0, 0, 0, 1, 0, 1, 1
2025-12-28 12:48:22.678358|{rssi-400} 111, -53, -127, -127, -127, 111, 111, 111, 111, 111, 111, 111, 111, 111, 111, 111, 111, 111, 
2025-12-28 12:48:22.688673|{td-400} 0, -13, 0, 0, 0, 0, 0, 0, 0, 0, 0, 0, 0, 0, 0, 0, 0, 0, 
2025-12-28 12:48:22.693641|{tx-400} :-BBB.............
2025-12-28 12:48:22.864044|{rx-401} 1, 0, 0, 3, 402, 402, 0, 0, 0, 0, 0, 1, 0, 1, 1
2025-12-28 12:48:22.871970|{rssi-401} 111, -53, -127, -127, -127, 111, 111, 111, 111, 111, 111, 111, 111, 111, 111, 111, 111, 111, 
2025-12-28 12:48:22.879107|{td-401} 0, -15, 0, 0, 0, 0, 0, 0, 0, 0, 0, 0, 0, 0, 0, 0, 0, 0, 
2025-12-28 12:48:22.883016|{tx-401} :-BBB.............
2025-12-28 12:48:23.054241|{rx-402} 1, 0, 0, 3, 403, 403, 0, 0, 0, 0, 0, 1, 0, 1, 1
2025-12-28 12:48:23.059014|{rssi-402} 111, -53, -127, -127, -127, 111, 111, 111, 111, 111, 111, 111, 111, 111, 111, 111, 111, 111, 
2025-12-28 12:48:23.068553|{td-402} 0, -13, 0, 0, 0, 0, 0, 0, 0, 0, 0, 0, 0, 0, 0, 0, 0, 0, 
2025-12-28 12:48:23.073048|{tx-402} :-BBB.............
2025-12-28 12:48:23.243755|{rx-403} 1, 0, 0, 3, 404, 404, 0, 0, 0, 0, 0, 1, 0, 1, 1
2025-12-28 12:48:23.249209|{rssi-403} 111, -53, -127, -127, -127, 111, 111, 111, 111, 111, 111, 111, 111, 111, 111, 111, 111, 111, 
2025-12-28 12:48:23.259204|{td-403} 0, -15, 0, 0, 0, 0, 0, 0, 0, 0, 0, 0, 0, 0, 0, 0, 0, 0, 
2025-12-28 12:48:23.264389|{tx-403} :-BBB.............
2025-12-28 12:48:23.434524|{rx-404} 1, 0, 0, 3, 405, 405, 0, 0, 0, 0, 0, 1, 0, 1, 1
2025-12-28 12:48:23.438874|{rssi-404} 111, -53, -127, -127, -127, 111, 111, 111, 111, 111, 111, 111, 111, 111, 111, 111, 111, 111, 
2025-12-28 12:48:23.448357|{td-404} 0, -13, 0, 0, 0, 0, 0, 0, 0, 0, 0, 0, 0, 0, 0, 0, 0, 0, 
2025-12-28 12:48:23.452942|{tx-404} :-BBB.............
2025-12-28 12:48:23.624112|{rx-405} 1, 0, 0, 3, 406, 406, 0, 0, 0, 0, 0, 1, 0, 1, 1
2025-12-28 12:48:23.629084|{rssi-405} 111, -53, -127, -127, -127, 111, 111, 111, 111, 111, 111, 111, 111, 111, 111, 111, 111, 111, 
2025-12-28 12:48:23.637195|{td-405} 0, -15, 0, 0, 0, 0, 0, 0, 0, 0, 0, 0, 0, 0, 0, 0, 0, 0, 
2025-12-28 12:48:23.643229|{tx-405} :-BBB.............
2025-12-28 12:48:23.814895|{rx-406} 1, 0, 0, 3, 407, 407, 0, 0, 0, 0, 0, 1, 0, 1, 1
2025-12-28 12:48:23.819310|{rssi-406} 111, -53, -127, -127, -127, 111, 111, 111, 111, 111, 111, 111, 111, 111, 111, 111, 111, 111, 
2025-12-28 12:48:23.832074|{td-406} 0, -15, 0, 0, 0, 0, 0, 0, 0, 0, 0, 0, 0, 0, 0, 0, 0, 0, 
2025-12-28 12:48:23.835433|{tx-406} :-BBB.............
2025-12-28 12:48:24.003441|{rx-407} 1, 0, 0, 3, 408, 408, 0, 0, 0, 0, 0, 1, 0, 1, 1
2025-12-28 12:48:24.008793|{rssi-407} 111, -53, -127, -127, -127, 111, 111, 111, 111, 111, 111, 111, 111, 111, 111, 111, 111, 111, 
2025-12-28 12:48:24.018192|{td-407} 0, -13, 0, 0, 0, 0, 0, 0, 0, 0, 0, 0, 0, 0, 0, 0, 0, 0, 
2025-12-28 12:48:24.023581|{tx-407} :-BBB.............
2025-12-28 12:48:24.194680|{rx-408} 1, 0, 0, 3, 409, 409, 0, 0, 0, 0, 0, 1, 0, 1, 1
2025-12-28 12:48:24.199206|{rssi-408} 111, -53, -127, -127, -127, 111, 111, 111, 111, 111, 111, 111, 111, 111, 111, 111, 111, 111, 
2025-12-28 12:48:24.208416|{td-408} 0, -13, 0, 0, 0, 0, 0, 0, 0, 0, 0, 0, 0, 0, 0, 0, 0, 0, 
2025-12-28 12:48:24.212676|{tx-408} :-BBB.............
2025-12-28 12:48:24.383887|{rx-409} 1, 0, 0, 3, 410, 410, 0, 0, 0, 0, 0, 1, 0, 1, 1
2025-12-28 12:48:24.390373|{rssi-409} 111, -53, -127, -127, -127, 111, 111, 111, 111, 111, 111, 111, 111, 111, 111, 111, 111, 111, 
2025-12-28 12:48:24.399227|{td-409} 0, -15, 0, 0, 0, 0, 0, 0, 0, 0, 0, 0, 0, 0, 0, 0, 0, 0, 
2025-12-28 12:48:24.404253|{tx-409} :-BBB.............
2025-12-28 12:48:24.574010|{rx-410} 1, 0, 0, 3, 411, 411, 0, 0, 0, 0, 0, 1, 0, 1, 1
2025-12-28 12:48:24.577485|{rssi-410} 111, -53, -127, -127, -127, 111, 111, 111, 111, 111, 111, 111, 111, 111, 111, 111, 111, 111, 
2025-12-28 12:48:24.588156|{td-410} 0, -13, 0, 0, 0, 0, 0, 0, 0, 0, 0, 0, 0, 0, 0, 0, 0, 0, 
2025-12-28 12:48:24.593606|{tx-410} :-BBB.............
2025-12-28 12:48:24.763243|{rx-411} 1, 0, 0, 3, 412, 412, 0, 0, 0, 0, 0, 1, 0, 1, 1
2025-12-28 12:48:24.768719|{rssi-411} 111, -53, -127, -127, -127, 111, 111, 111, 111, 111, 111, 111, 111, 111, 111, 111, 111, 111, 
2025-12-28 12:48:24.778274|{td-411} 0, -15, 0, 0, 0, 0, 0, 0, 0, 0, 0, 0, 0, 0, 0, 0, 0, 0, 
2025-12-28 12:48:24.782549|{tx-411} :-BBB.............
2025-12-28 12:48:24.953997|{rx-412} 1, 0, 0, 3, 413, 413, 0, 0, 0, 0, 0, 1, 0, 1, 1
2025-12-28 12:48:24.958648|{rssi-412} 111, -53, -127, -127, -127, 111, 111, 111, 111, 111, 111, 111, 111, 111, 111, 111, 111, 111, 
2025-12-28 12:48:24.967930|{td-412} 0, -13, 0, 0, 0, 0, 0, 0, 0, 0, 0, 0, 0, 0, 0, 0, 0, 0, 
2025-12-28 12:48:24.974046|{tx-412} :-BBB.............
2025-12-28 12:48:25.143650|{rx-413} 1, 0, 0, 3, 414, 414, 0, 0, 0, 0, 0, 1, 0, 1, 1
2025-12-28 12:48:25.150229|{rssi-413} 111, -53, -127, -127, -127, 111, 111, 111, 111, 111, 111, 111, 111, 111, 111, 111, 111, 111, 
2025-12-28 12:48:25.158184|{td-413} 0, -15, 0, 0, 0, 0, 0, 0, 0, 0, 0, 0, 0, 0, 0, 0, 0, 0, 
2025-12-28 12:48:25.163789|{tx-413} :-BBB.............
2025-12-28 12:48:25.333393|{rx-414} 1, 0, 0, 3, 415, 415, 0, 0, 0, 0, 0, 1, 0, 1, 1
2025-12-28 12:48:25.338365|{rssi-414} 111, -53, -127, -127, -127, 111, 111, 111, 111, 111, 111, 111, 111, 111, 111, 111, 111, 111, 
2025-12-28 12:48:25.348180|{td-414} 0, -13, 0, 0, 0, 0, 0, 0, 0, 0, 0, 0, 0, 0, 0, 0, 0, 0, 
2025-12-28 12:48:25.352491|{tx-414} :-BBB.............
2025-12-28 12:48:25.523286|{rx-415} 1, 0, 0, 3, 416, 416, 0, 0, 0, 0, 0, 1, 0, 1, 1
2025-12-28 12:48:25.530621|{rssi-415} 111, -53, -127, -127, -127, 111, 111, 111, 111, 111, 111, 111, 111, 111, 111, 111, 111, 111, 
2025-12-28 12:48:25.539082|{td-415} 0, -15, 0, 0, 0, 0, 0, 0, 0, 0, 0, 0, 0, 0, 0, 0, 0, 0, 
2025-12-28 12:48:25.542630|{tx-415} :-BBB.............
2025-12-28 12:48:25.712944|{rx-416} 1, 0, 0, 3, 417, 417, 0, 0, 0, 0, 0, 1, 0, 1, 1
2025-12-28 12:48:25.719497|{rssi-416} 111, -53, -127, -127, -127, 111, 111, 111, 111, 111, 111, 111, 111, 111, 111, 111, 111, 111, 
2025-12-28 12:48:25.729237|{td-416} 0, -15, 0, 0, 0, 0, 0, 0, 0, 0, 0, 0, 0, 0, 0, 0, 0, 0, 
2025-12-28 12:48:25.734041|{tx-416} :-BBB.............
2025-12-28 12:48:25.905717|{rx-417} 1, 0, 0, 3, 418, 418, 0, 0, 0, 0, 0, 1, 0, 1, 1
2025-12-28 12:48:25.909498|{rssi-417} 111, -53, -127, -127, -127, 111, 111, 111, 111, 111, 111, 111, 111, 111, 111, 111, 111, 111, 
2025-12-28 12:48:25.917936|{td-417} 0, -13, 0, 0, 0, 0, 0, 0, 0, 0, 0, 0, 0, 0, 0, 0, 0, 0, 
2025-12-28 12:48:25.924102|{tx-417} :-BBB.............
2025-12-28 12:48:26.094026|{rx-418} 1, 0, 0, 3, 419, 419, 0, 0, 0, 0, 0, 1, 0, 1, 1
2025-12-28 12:48:26.099954|{rssi-418} 111, -53, -127, -127, -127, 111, 111, 111, 111, 111, 111, 111, 111, 111, 111, 111, 111, 111, 
2025-12-28 12:48:26.108631|{td-418} 0, -15, 0, 0, 0, 0, 0, 0, 0, 0, 0, 0, 0, 0, 0, 0, 0, 0, 
2025-12-28 12:48:26.112212|{tx-418} :-BBB.............
2025-12-28 12:48:26.283665|{rx-419} 1, 0, 0, 3, 420, 420, 0, 0, 0, 0, 0, 1, 0, 1, 1
2025-12-28 12:48:26.288822|{rssi-419} 111, -53, -127, -127, -127, 111, 111, 111, 111, 111, 111, 111, 111, 111, 111, 111, 111, 111, 
2025-12-28 12:48:26.298058|{td-419} 0, -13, 0, 0, 0, 0, 0, 0, 0, 0, 0, 0, 0, 0, 0, 0, 0, 0, 
2025-12-28 12:48:26.303618|{tx-419} :-BBB.............
2025-12-28 12:48:26.472491|{rx-420} 1, 0, 0, 3, 421, 421, 0, 0, 0, 0, 0, 1, 0, 1, 1
2025-12-28 12:48:26.477730|{rssi-420} 111, -53, -127, -127, -127, 111, 111, 111, 111, 111, 111, 111, 111, 111, 111, 111, 111, 111, 
2025-12-28 12:48:26.486210|{td-420} 0, -15, 0, 0, 0, 0, 0, 0, 0, 0, 0, 0, 0, 0, 0, 0, 0, 0, 
2025-12-28 12:48:26.491623|{tx-420} :-BBB.............
2025-12-28 12:48:26.661904|{rx-421} 1, 0, 0, 3, 422, 422, 0, 0, 0, 0, 0, 1, 0, 1, 1
2025-12-28 12:48:26.668070|{rssi-421} 111, -53, -127, -127, -127, 111, 111, 111, 111, 111, 111, 111, 111, 111, 111, 111, 111, 111, 
2025-12-28 12:48:26.679243|{td-421} 0, -13, 0, 0, 0, 0, 0, 0, 0, 0, 0, 0, 0, 0, 0, 0, 0, 0, 
2025-12-28 12:48:26.682090|{tx-421} :-BBB.............
2025-12-28 12:48:26.852365|{rx-422} 1, 0, 0, 3, 423, 423, 0, 0, 0, 0, 0, 1, 0, 1, 1
2025-12-28 12:48:26.858915|{rssi-422} 111, -53, -127, -127, -127, 111, 111, 111, 111, 111, 111, 111, 111, 111, 111, 111, 111, 111, 
2025-12-28 12:48:26.866409|{td-422} 0, -15, 0, 0, 0, 0, 0, 0, 0, 0, 0, 0, 0, 0, 0, 0, 0, 0, 
2025-12-28 12:48:26.873369|{tx-422} :-BBB.............
2025-12-28 12:48:27.042336|{rx-423} 1, 0, 0, 3, 424, 424, 0, 0, 0, 0, 0, 1, 0, 1, 1
2025-12-28 12:48:27.048690|{rssi-423} 111, -53, -127, -127, -127, 111, 111, 111, 111, 111, 111, 111, 111, 111, 111, 111, 111, 111, 
2025-12-28 12:48:27.056496|{td-423} 0, -13, 0, 0, 0, 0, 0, 0, 0, 0, 0, 0, 0, 0, 0, 0, 0, 0, 
2025-12-28 12:48:27.061769|{tx-423} :-BBB.............
2025-12-28 12:48:27.232226|{rx-424} 1, 0, 0, 3, 425, 425, 0, 0, 0, 0, 0, 1, 0, 1, 1
2025-12-28 12:48:27.237274|{rssi-424} 111, -59, -127, -127, -127, 111, 111, 111, 111, 111, 111, 111, 111, 111, 111, 111, 111, 111, 
2025-12-28 12:48:27.247887|{td-424} 0, -13, 0, 0, 0, 0, 0, 0, 0, 0, 0, 0, 0, 0, 0, 0, 0, 0, 
2025-12-28 12:48:27.251587|{tx-424} :-BBB.............
2025-12-28 12:48:27.422101|{rx-425} 1, 0, 0, 3, 426, 426, 0, 0, 0, 0, 0, 1, 0, 1, 1
2025-12-28 12:48:27.427351|{rssi-425} 111, -53, -127, -127, -127, 111, 111, 111, 111, 111, 111, 111, 111, 111, 111, 111, 111, 111, 
2025-12-28 12:48:27.436285|{td-425} 0, -15, 0, 0, 0, 0, 0, 0, 0, 0, 0, 0, 0, 0, 0, 0, 0, 0, 
2025-12-28 12:48:27.441564|{tx-425} :-BBB.............
2025-12-28 12:48:27.612477|{rx-426} 1, 0, 0, 3, 427, 427, 0, 0, 0, 0, 0, 1, 0, 1, 1
2025-12-28 12:48:27.617448|{rssi-426} 111, -53, -127, -127, -127, 111, 111, 111, 111, 111, 111, 111, 111, 111, 111, 111, 111, 111, 
2025-12-28 12:48:27.626941|{td-426} 0, -15, 0, 0, 0, 0, 0, 0, 0, 0, 0, 0, 0, 0, 0, 0, 0, 0, 
2025-12-28 12:48:27.632830|{tx-426} :-BBB.............
2025-12-28 12:48:27.802919|{rx-427} 1, 0, 0, 3, 428, 428, 0, 0, 0, 0, 0, 1, 0, 1, 1
2025-12-28 12:48:27.808742|{rssi-427} 111, -53, -127, -127, -127, 111, 111, 111, 111, 111, 111, 111, 111, 111, 111, 111, 111, 111, 
2025-12-28 12:48:27.818465|{td-427} 0, -13, 0, 0, 0, 0, 0, 0, 0, 0, 0, 0, 0, 0, 0, 0, 0, 0, 
2025-12-28 12:48:27.822383|{tx-427} :-BBB.............
2025-12-28 12:48:27.992663|{rx-428} 1, 0, 0, 3, 429, 429, 0, 0, 0, 0, 0, 1, 0, 1, 1
2025-12-28 12:48:28.001578|{rssi-428} 111, -53, -127, -127, -127, 111, 111, 111, 111, 111, 111, 111, 111, 111, 111, 111, 111, 111, 
2025-12-28 12:48:28.007145|{td-428} 0, -15, 0, 0, 0, 0, 0, 0, 0, 0, 0, 0, 0, 0, 0, 0, 0, 0, 
2025-12-28 12:48:28.012686|{tx-428} :-BBB.............
2025-12-28 12:48:28.183439|{rx-429} 1, 0, 0, 3, 430, 430, 0, 0, 0, 0, 0, 1, 0, 1, 1
2025-12-28 12:48:28.188491|{rssi-429} 111, -53, -127, -127, -127, 111, 111, 111, 111, 111, 111, 111, 111, 111, 111, 111, 111, 111, 
2025-12-28 12:48:28.197474|{td-429} 0, -13, 0, 0, 0, 0, 0, 0, 0, 0, 0, 0, 0, 0, 0, 0, 0, 0, 
2025-12-28 12:48:28.202978|{tx-429} :-BBB.............
2025-12-28 12:48:28.372523|{rx-430} 1, 0, 0, 3, 431, 431, 0, 0, 0, 0, 0, 1, 0, 1, 1
2025-12-28 12:48:28.378720|{rssi-430} 111, -53, -127, -127, -127, 111, 111, 111, 111, 111, 111, 111, 111, 111, 111, 111, 111, 111, 
2025-12-28 12:48:28.387359|{td-430} 0, -15, 0, 0, 0, 0, 0, 0, 0, 0, 0, 0, 0, 0, 0, 0, 0, 0, 
2025-12-28 12:48:28.391453|{tx-430} :-BBB.............
2025-12-28 12:48:28.562863|{rx-431} 1, 0, 0, 3, 432, 432, 0, 0, 0, 0, 0, 1, 0, 1, 1
2025-12-28 12:48:28.567468|{rssi-431} 111, -53, -127, -127, -127, 111, 111, 111, 111, 111, 111, 111, 111, 111, 111, 111, 111, 111, 
2025-12-28 12:48:28.576613|{td-431} 0, -13, 0, 0, 0, 0, 0, 0, 0, 0, 0, 0, 0, 0, 0, 0, 0, 0, 
2025-12-28 12:48:28.583669|{tx-431} :-BBB.............
2025-12-28 12:48:28.752296|{rx-432} 1, 0, 0, 3, 433, 433, 0, 0, 0, 0, 0, 1, 0, 1, 1
2025-12-28 12:48:28.758445|{rssi-432} 111, -53, -127, -127, -127, 111, 111, 111, 111, 111, 111, 111, 111, 111, 111, 111, 111, 111, 
2025-12-28 12:48:28.767867|{td-432} 0, -15, 0, 0, 0, 0, 0, 0, 0, 0, 0, 0, 0, 0, 0, 0, 0, 0, 
2025-12-28 12:48:28.772124|{tx-432} :-BBB.............
2025-12-28 12:48:28.943191|{rx-433} 1, 0, 0, 3, 434, 434, 0, 0, 0, 0, 0, 1, 0, 1, 1
2025-12-28 12:48:28.947949|{rssi-433} 111, -53, -127, -127, -127, 111, 111, 111, 111, 111, 111, 111, 111, 111, 111, 111, 111, 111, 
2025-12-28 12:48:28.957497|{td-433} 0, -13, 0, 0, 0, 0, 0, 0, 0, 0, 0, 0, 0, 0, 0, 0, 0, 0, 
2025-12-28 12:48:28.961703|{tx-433} :-BBB.............
2025-12-28 12:48:29.133045|{rx-434} 1, 0, 0, 3, 435, 435, 0, 0, 0, 0, 0, 1, 0, 1, 1
2025-12-28 12:48:29.137498|{rssi-434} 111, -53, -127, -127, -127, 111, 111, 111, 111, 111, 111, 111, 111, 111, 111, 111, 111, 111, 
2025-12-28 12:48:29.146612|{td-434} 0, -15, 0, 0, 0, 0, 0, 0, 0, 0, 0, 0, 0, 0, 0, 0, 0, 0, 
2025-12-28 12:48:29.153134|{tx-434} :-BBB.............
2025-12-28 12:48:29.322877|{rx-435} 1, 0, 0, 3, 436, 436, 0, 0, 0, 0, 0, 1, 0, 1, 1
2025-12-28 12:48:29.327920|{rssi-435} 111, -53, -127, -127, -127, 111, 111, 111, 111, 111, 111, 111, 111, 111, 111, 111, 111, 111, 
2025-12-28 12:48:29.337202|{td-435} 0, -13, 0, 0, 0, 0, 0, 0, 0, 0, 0, 0, 0, 0, 0, 0, 0, 0, 
2025-12-28 12:48:29.341552|{tx-435} :-BBB.............
2025-12-28 12:48:29.513944|{rx-436} 1, 0, 0, 3, 437, 437, 0, 0, 0, 0, 0, 1, 0, 1, 1
2025-12-28 12:48:29.518447|{rssi-436} 111, -53, -127, -127, -127, 111, 111, 111, 111, 111, 111, 111, 111, 111, 111, 111, 111, 111, 
2025-12-28 12:48:29.527822|{td-436} 0, -15, 0, 0, 0, 0, 0, 0, 0, 0, 0, 0, 0, 0, 0, 0, 0, 0, 
2025-12-28 12:48:29.533626|{tx-436} :-BBB.............
2025-12-28 12:48:29.702926|{rx-437} 1, 0, 0, 3, 438, 438, 0, 0, 0, 0, 0, 1, 0, 1, 1
2025-12-28 12:48:29.707107|{rssi-437} 111, -53, -127, -127, -127, 111, 111, 111, 111, 111, 111, 111, 111, 111, 111, 111, 111, 111, 
2025-12-28 12:48:29.715952|{td-437} 0, -13, 0, 0, 0, 0, 0, 0, 0, 0, 0, 0, 0, 0, 0, 0, 0, 0, 
2025-12-28 12:48:29.723010|{tx-437} :-BBB.............
2025-12-28 12:48:29.894379|{rx-438} 1, 0, 0, 3, 439, 439, 0, 0, 0, 0, 0, 1, 0, 1, 1
2025-12-28 12:48:29.897349|{rssi-438} 111, -53, -127, -127, -127, 111, 111, 111, 111, 111, 111, 111, 111, 111, 111, 111, 111, 111, 
2025-12-28 12:48:29.907137|{td-438} 0, -13, 0, 0, 0, 0, 0, 0, 0, 0, 0, 0, 0, 0, 0, 0, 0, 0, 
2025-12-28 12:48:29.911746|{tx-438} :-BBB.............
2025-12-28 12:48:30.082885|{rx-439} 1, 0, 0, 3, 440, 440, 0, 0, 0, 0, 0, 1, 0, 1, 1
2025-12-28 12:48:30.088287|{rssi-439} 111, -53, -127, -127, -127, 111, 111, 111, 111, 111, 111, 111, 111, 111, 111, 111, 111, 111, 
2025-12-28 12:48:30.097041|{td-439} 0, -15, 0, 0, 0, 0, 0, 0, 0, 0, 0, 0, 0, 0, 0, 0, 0, 0, 
2025-12-28 12:48:30.101348|{tx-439} :-BBB.............
2025-12-28 12:48:30.273904|{rx-440} 1, 0, 0, 3, 441, 441, 0, 0, 0, 0, 0, 1, 0, 1, 1
2025-12-28 12:48:30.279119|{rssi-440} 111, -53, -127, -127, -127, 111, 111, 111, 111, 111, 111, 111, 111, 111, 111, 111, 111, 111, 
2025-12-28 12:48:30.287094|{td-440} 0, -15, 0, 0, 0, 0, 0, 0, 0, 0, 0, 0, 0, 0, 0, 0, 0, 0, 
2025-12-28 12:48:30.292251|{tx-440} :-BBB.............
2025-12-28 12:48:30.462608|{rx-441} 1, 0, 0, 3, 442, 442, 0, 0, 0, 0, 0, 1, 0, 1, 1
2025-12-28 12:48:30.468035|{rssi-441} 111, -53, -127, -127, -127, 111, 111, 111, 111, 111, 111, 111, 111, 111, 111, 111, 111, 111, 
2025-12-28 12:48:30.476565|{td-441} 0, -13, 0, 0, 0, 0, 0, 0, 0, 0, 0, 0, 0, 0, 0, 0, 0, 0, 
2025-12-28 12:48:30.482811|{tx-441} :-BBB.............
2025-12-28 12:48:30.652307|{rx-442} 1, 0, 0, 3, 443, 443, 0, 0, 0, 0, 0, 1, 0, 1, 1
2025-12-28 12:48:30.656770|{rssi-442} 111, -53, -127, -127, -127, 111, 111, 111, 111, 111, 111, 111, 111, 111, 111, 111, 111, 111, 
2025-12-28 12:48:30.666778|{td-442} 0, -15, 0, 0, 0, 0, 0, 0, 0, 0, 0, 0, 0, 0, 0, 0, 0, 0, 
2025-12-28 12:48:30.672973|{tx-442} :-BBB.............
2025-12-28 12:48:30.841940|{rx-443} 1, 0, 0, 3, 444, 444, 0, 0, 0, 0, 0, 1, 0, 1, 1
2025-12-28 12:48:30.847467|{rssi-443} 111, -53, -127, -127, -127, 111, 111, 111, 111, 111, 111, 111, 111, 111, 111, 111, 111, 111, 
2025-12-28 12:48:30.856841|{td-443} 0, -13, 0, 0, 0, 0, 0, 0, 0, 0, 0, 0, 0, 0, 0, 0, 0, 0, 
2025-12-28 12:48:30.862627|{tx-443} :-BBB.............
2025-12-28 12:48:31.031522|{rx-444} 1, 0, 0, 3, 445, 445, 0, 0, 0, 0, 0, 1, 0, 1, 1
2025-12-28 12:48:31.037866|{rssi-444} 111, -53, -127, -127, -127, 111, 111, 111, 111, 111, 111, 111, 111, 111, 111, 111, 111, 111, 
2025-12-28 12:48:31.046721|{td-444} 0, -15, 0, 0, 0, 0, 0, 0, 0, 0, 0, 0, 0, 0, 0, 0, 0, 0, 
2025-12-28 12:48:31.051469|{tx-444} :-BBB.............
2025-12-28 12:48:31.221838|{rx-445} 1, 0, 0, 3, 446, 446, 0, 0, 0, 0, 0, 1, 0, 1, 1
2025-12-28 12:48:31.227336|{rssi-445} 111, -53, -127, -127, -127, 111, 111, 111, 111, 111, 111, 111, 111, 111, 111, 111, 111, 111, 
2025-12-28 12:48:31.236583|{td-445} 0, -13, 0, 0, 0, 0, 0, 0, 0, 0, 0, 0, 0, 0, 0, 0, 0, 0, 
2025-12-28 12:48:31.242682|{tx-445} :-BBB.............
2025-12-28 12:48:31.412063|{rx-446} 1, 0, 0, 3, 447, 447, 0, 0, 0, 0, 0, 1, 0, 1, 1
2025-12-28 12:48:31.417211|{rssi-446} 111, -53, -127, -127, -127, 111, 111, 111, 111, 111, 111, 111, 111, 111, 111, 111, 111, 111, 
2025-12-28 12:48:31.427088|{td-446} 0, -15, 0, 0, 0, 0, 0, 0, 0, 0, 0, 0, 0, 0, 0, 0, 0, 0, 
2025-12-28 12:48:31.431880|{tx-446} :-BBB.............
2025-12-28 12:48:31.601737|{rx-447} 1, 0, 0, 3, 448, 448, 0, 0, 0, 0, 0, 1, 0, 1, 1
2025-12-28 12:48:31.607763|{rssi-447} 111, -53, -127, -127, -127, 111, 111, 111, 111, 111, 111, 111, 111, 111, 111, 111, 111, 111, 
2025-12-28 12:48:31.616674|{td-447} 0, -13, 0, 0, 0, 0, 0, 0, 0, 0, 0, 0, 0, 0, 0, 0, 0, 0, 
2025-12-28 12:48:31.621456|{tx-447} :-BBB.............
2025-12-28 12:48:31.792693|{rx-448} 1, 0, 0, 3, 449, 449, 0, 0, 0, 0, 0, 1, 0, 1, 1
2025-12-28 12:48:31.796470|{rssi-448} 111, -53, -127, -127, -127, 111, 111, 111, 111, 111, 111, 111, 111, 111, 111, 111, 111, 111, 
2025-12-28 12:48:31.806817|{td-448} 0, -15, 0, 0, 0, 0, 0, 0, 0, 0, 0, 0, 0, 0, 0, 0, 0, 0, 
2025-12-28 12:48:31.812083|{tx-448} :-BBB.............
2025-12-28 12:48:31.982698|{rx-449} 1, 0, 0, 3, 450, 450, 0, 0, 0, 0, 0, 1, 0, 1, 1
2025-12-28 12:48:31.987132|{rssi-449} 111, -53, -127, -127, -127, 111, 111, 111, 111, 111, 111, 111, 111, 111, 111, 111, 111, 111, 
2025-12-28 12:48:31.996792|{td-449} 0, -13, 0, 0, 0, 0, 0, 0, 0, 0, 0, 0, 0, 0, 0, 0, 0, 0, 
2025-12-28 12:48:32.002826|{tx-449} :-BBB.............
2025-12-28 12:48:32.172260|{rx-450} 1, 0, 0, 3, 451, 451, 0, 0, 0, 0, 0, 1, 0, 1, 1
2025-12-28 12:48:32.177030|{rssi-450} 111, -53, -127, -127, -127, 111, 111, 111, 111, 111, 111, 111, 111, 111, 111, 111, 111, 111, 
2025-12-28 12:48:32.186430|{td-450} 0, -15, 0, 0, 0, 0, 0, 0, 0, 0, 0, 0, 0, 0, 0, 0, 0, 0, 
2025-12-28 12:48:32.192028|{tx-450} :-BBB.............
2025-12-28 12:48:32.361689|{rx-451} 1, 0, 0, 3, 452, 452, 0, 0, 0, 0, 0, 1, 0, 1, 1
2025-12-28 12:48:32.367305|{rssi-451} 111, -53, -127, -127, -127, 111, 111, 111, 111, 111, 111, 111, 111, 111, 111, 111, 111, 111, 
2025-12-28 12:48:32.376525|{td-451} 0, -13, 0, 0, 0, 0, 0, 0, 0, 0, 0, 0, 0, 0, 0, 0, 0, 0, 
2025-12-28 12:48:32.381545|{tx-451} :-BBB.............
2025-12-28 12:48:32.552594|{rx-452} 1, 0, 0, 3, 453, 453, 0, 0, 0, 0, 0, 1, 0, 1, 1
2025-12-28 12:48:32.556803|{rssi-452} 111, -53, -127, -127, -127, 111, 111, 111, 111, 111, 111, 111, 111, 111, 111, 111, 111, 111, 
2025-12-28 12:48:32.566250|{td-452} 0, -15, 0, 0, 0, 0, 0, 0, 0, 0, 0, 0, 0, 0, 0, 0, 0, 0, 
2025-12-28 12:48:32.571618|{tx-452} :-BBB.............
2025-12-28 12:48:32.742299|{rx-453} 1, 0, 0, 3, 454, 454, 0, 0, 0, 0, 0, 1, 0, 1, 1
2025-12-28 12:48:32.746961|{rssi-453} 111, -53, -127, -127, -127, 111, 111, 111, 111, 111, 111, 111, 111, 111, 111, 111, 111, 111, 
2025-12-28 12:48:32.756171|{td-453} 0, -13, 0, 0, 0, 0, 0, 0, 0, 0, 0, 0, 0, 0, 0, 0, 0, 0, 
2025-12-28 12:48:32.761562|{tx-453} :-BBB.............
2025-12-28 12:48:32.932138|{rx-454} 1, 0, 0, 3, 455, 455, 0, 0, 0, 0, 0, 1, 0, 1, 1
2025-12-28 12:48:32.938049|{rssi-454} 111, -53, -127, -127, -127, 111, 111, 111, 111, 111, 111, 111, 111, 111, 111, 111, 111, 111, 
2025-12-28 12:48:32.945897|{td-454} 0, -15, 0, 0, 0, 0, 0, 0, 0, 0, 0, 0, 0, 0, 0, 0, 0, 0, 
2025-12-28 12:48:32.950859|{tx-454} :-BBB.............
2025-12-28 12:48:33.121784|{rx-455} 1, 0, 0, 3, 456, 456, 0, 0, 0, 0, 0, 1, 0, 1, 1
2025-12-28 12:48:33.130295|{rssi-455} 111, -53, -127, -127, -127, 111, 111, 111, 111, 111, 111, 111, 111, 111, 111, 111, 111, 111, 
2025-12-28 12:48:33.136340|{td-455} 0, -15, 0, 0, 0, 0, 0, 0, 0, 0, 0, 0, 0, 0, 0, 0, 0, 0, 
2025-12-28 12:48:33.141670|{tx-455} :-BBB.............
2025-12-28 12:48:33.312464|{rx-456} 1, 0, 0, 3, 457, 457, 0, 0, 0, 0, 0, 1, 0, 1, 1
2025-12-28 12:48:33.317204|{rssi-456} 111, -53, -127, -127, -127, 111, 111, 111, 111, 111, 111, 111, 111, 111, 111, 111, 111, 111, 
2025-12-28 12:48:33.326798|{td-456} 0, -13, 0, 0, 0, 0, 0, 0, 0, 0, 0, 0, 0, 0, 0, 0, 0, 0, 
2025-12-28 12:48:33.332409|{tx-456} :-BBB.............
2025-12-28 12:48:33.502730|{rx-457} 1, 0, 0, 3, 458, 458, 0, 0, 0, 0, 0, 1, 0, 1, 1
2025-12-28 12:48:33.506280|{rssi-457} 111, -53, -127, -127, -127, 111, 111, 111, 111, 111, 111, 111, 111, 111, 111, 111, 111, 111, 
2025-12-28 12:48:33.515605|{td-457} 0, -13, 0, 0, 0, 0, 0, 0, 0, 0, 0, 0, 0, 0, 0, 0, 0, 0, 
2025-12-28 12:48:33.521298|{tx-457} :-BBB.............
2025-12-28 12:48:33.691880|{rx-458} 1, 0, 0, 3, 459, 459, 0, 0, 0, 0, 0, 1, 0, 1, 1
2025-12-28 12:48:33.696581|{rssi-458} 111, -53, -127, -127, -127, 111, 111, 111, 111, 111, 111, 111, 111, 111, 111, 111, 111, 111, 
2025-12-28 12:48:33.706341|{td-458} 0, -15, 0, 0, 0, 0, 0, 0, 0, 0, 0, 0, 0, 0, 0, 0, 0, 0, 
2025-12-28 12:48:33.711664|{tx-458} :-BBB.............
2025-12-28 12:48:33.882010|{rx-459} 1, 0, 0, 3, 460, 460, 0, 0, 0, 0, 0, 1, 0, 1, 1
2025-12-28 12:48:33.886134|{rssi-459} 111, -53, -127, -127, -127, 111, 111, 111, 111, 111, 111, 111, 111, 111, 111, 111, 111, 111, 
2025-12-28 12:48:33.895580|{td-459} 0, -13, 0, 0, 0, 0, 0, 0, 0, 0, 0, 0, 0, 0, 0, 0, 0, 0, 
2025-12-28 12:48:33.901070|{tx-459} :-BBB.............
2025-12-28 12:48:34.072691|{rx-460} 1, 0, 0, 3, 461, 461, 0, 0, 0, 0, 0, 1, 0, 1, 1
2025-12-28 12:48:34.076857|{rssi-460} 111, -53, -127, -127, -127, 111, 111, 111, 111, 111, 111, 111, 111, 111, 111, 111, 111, 111, 
2025-12-28 12:48:34.086237|{td-460} 0, -15, 0, 0, 0, 0, 0, 0, 0, 0, 0, 0, 0, 0, 0, 0, 0, 0, 
2025-12-28 12:48:34.091664|{tx-460} :-BBB.............
2025-12-28 12:48:34.262192|{rx-461} 1, 0, 0, 3, 462, 462, 0, 0, 0, 0, 0, 1, 0, 1, 1
2025-12-28 12:48:34.266027|{rssi-461} 111, -53, -127, -127, -127, 111, 111, 111, 111, 111, 111, 111, 111, 111, 111, 111, 111, 111, 
2025-12-28 12:48:34.276003|{td-461} 0, -13, 0, 0, 0, 0, 0, 0, 0, 0, 0, 0, 0, 0, 0, 0, 0, 0, 
2025-12-28 12:48:34.281076|{tx-461} :-BBB.............
2025-12-28 12:48:34.451842|{rx-462} 1, 0, 0, 3, 463, 463, 0, 0, 0, 0, 0, 1, 0, 1, 1
2025-12-28 12:48:34.458269|{rssi-462} 111, -53, -127, -127, -127, 111, 111, 111, 111, 111, 111, 111, 111, 111, 111, 111, 111, 111, 
2025-12-28 12:48:34.466225|{td-462} 0, -15, 0, 0, 0, 0, 0, 0, 0, 0, 0, 0, 0, 0, 0, 0, 0, 0, 
2025-12-28 12:48:34.472593|{tx-462} :-BBB.............
2025-12-28 12:48:34.642656|{rx-463} 1, 0, 0, 3, 464, 464, 0, 0, 0, 0, 0, 1, 0, 1, 1
2025-12-28 12:48:34.646509|{rssi-463} 111, -53, -127, -127, -127, 111, 111, 111, 111, 111, 111, 111, 111, 111, 111, 111, 111, 111, 
2025-12-28 12:48:34.656149|{td-463} 0, -13, 0, 0, 0, 0, 0, 0, 0, 0, 0, 0, 0, 0, 0, 0, 0, 0, 
2025-12-28 12:48:34.660761|{tx-463} :-BBB.............
2025-12-28 12:48:34.831529|{rx-464} 1, 0, 0, 3, 465, 465, 0, 0, 0, 0, 0, 1, 0, 1, 1
2025-12-28 12:48:34.836195|{rssi-464} 111, -53, -127, -127, -127, 111, 111, 111, 111, 111, 111, 111, 111, 111, 111, 111, 111, 111, 
2025-12-28 12:48:34.846143|{td-464} 0, -15, 0, 0, 0, 0, 0, 0, 0, 0, 0, 0, 0, 0, 0, 0, 0, 0, 
2025-12-28 12:48:34.851830|{tx-464} :-BBB.............
2025-12-28 12:48:35.022571|{rx-465} 1, 0, 0, 3, 466, 466, 0, 0, 0, 0, 0, 1, 0, 1, 1
2025-12-28 12:48:35.026425|{rssi-465} 111, -53, -127, -127, -127, 111, 111, 111, 111, 111, 111, 111, 111, 111, 111, 111, 111, 111, 
2025-12-28 12:48:35.036079|{td-465} 0, -13, 0, 0, 0, 0, 0, 0, 0, 0, 0, 0, 0, 0, 0, 0, 0, 0, 
2025-12-28 12:48:35.041044|{tx-465} :-BBB.............
2025-12-28 12:48:35.212165|{rx-466} 1, 0, 0, 3, 467, 467, 0, 0, 0, 0, 0, 1, 0, 1, 1
2025-12-28 12:48:35.216745|{rssi-466} 111, -53, -127, -127, -127, 111, 111, 111, 111, 111, 111, 111, 111, 111, 111, 111, 111, 111, 
2025-12-28 12:48:35.224904|{td-466} 0, -15, 0, 0, 0, 0, 0, 0, 0, 0, 0, 0, 0, 0, 0, 0, 0, 0, 
2025-12-28 12:48:35.231339|{tx-466} :-BBB.............
2025-12-28 12:48:35.401659|{rx-467} 1, 0, 0, 3, 468, 468, 0, 0, 0, 0, 0, 1, 0, 1, 1
2025-12-28 12:48:35.406570|{rssi-467} 111, -53, -127, -127, -127, 111, 111, 111, 111, 111, 111, 111, 111, 111, 111, 111, 111, 111, 
2025-12-28 12:48:35.415157|{td-467} 0, -13, 0, 0, 0, 0, 0, 0, 0, 0, 0, 0, 0, 0, 0, 0, 0, 0, 
2025-12-28 12:48:35.420621|{tx-467} :-BBB.............
2025-12-28 12:48:35.591612|{rx-468} 1, 0, 0, 3, 469, 469, 0, 0, 0, 0, 0, 1, 0, 1, 1
2025-12-28 12:48:35.597128|{rssi-468} 111, -53, -127, -127, -127, 111, 111, 111, 111, 111, 111, 111, 111, 111, 111, 111, 111, 111, 
2025-12-28 12:48:35.605438|{td-468} 0, -15, 0, 0, 0, 0, 0, 0, 0, 0, 0, 0, 0, 0, 0, 0, 0, 0, 
2025-12-28 12:48:35.611649|{tx-468} :-BBB.............
2025-12-28 12:48:35.781650|{rx-469} 1, 0, 0, 3, 470, 470, 0, 0, 0, 0, 0, 1, 0, 1, 1
2025-12-28 12:48:35.786694|{rssi-469} 111, -53, -127, -127, -127, 111, 111, 111, 111, 111, 111, 111, 111, 111, 111, 111, 111, 111, 
2025-12-28 12:48:35.796487|{td-469} 0, -13, 0, 0, 0, 0, 0, 0, 0, 0, 0, 0, 0, 0, 0, 0, 0, 0, 
2025-12-28 12:48:35.800687|{tx-469} :-BBB.............
2025-12-28 12:48:35.970976|{rx-470} 1, 0, 0, 3, 471, 471, 0, 0, 0, 0, 0, 1, 0, 1, 1
2025-12-28 12:48:35.976166|{rssi-470} 111, -53, -127, -127, -127, 111, 111, 111, 111, 111, 111, 111, 111, 111, 111, 111, 111, 111, 
2025-12-28 12:48:35.986182|{td-470} 0, -15, 0, 0, 0, 0, 0, 0, 0, 0, 0, 0, 0, 0, 0, 0, 0, 0, 
2025-12-28 12:48:35.991089|{tx-470} :-BBB.............
2025-12-28 12:48:36.160864|{rx-471} 1, 0, 0, 3, 472, 472, 0, 0, 0, 0, 0, 1, 0, 1, 1
2025-12-28 12:48:36.166259|{rssi-471} 111, -53, -127, -127, -127, 111, 111, 111, 111, 111, 111, 111, 111, 111, 111, 111, 111, 111, 
2025-12-28 12:48:36.175907|{td-471} 0, -13, 0, 0, 0, 0, 0, 0, 0, 0, 0, 0, 0, 0, 0, 0, 0, 0, 
2025-12-28 12:48:36.181730|{tx-471} :-BBB.............
2025-12-28 12:48:36.351051|{rx-472} 1, 0, 0, 3, 473, 473, 0, 0, 0, 0, 0, 1, 0, 1, 1
2025-12-28 12:48:36.355599|{rssi-472} 111, -53, -127, -127, -127, 111, 111, 111, 111, 111, 111, 111, 111, 111, 111, 111, 111, 111, 
2025-12-28 12:48:36.365850|{td-472} 0, -15, 0, 0, 0, 0, 0, 0, 0, 0, 0, 0, 0, 0, 0, 0, 0, 0, 
2025-12-28 12:48:36.371065|{tx-472} :-BBB.............
2025-12-28 12:48:36.540833|{rx-473} 1, 0, 0, 3, 474, 474, 0, 0, 0, 0, 0, 1, 0, 1, 1
2025-12-28 12:48:36.546168|{rssi-473} 111, -53, -127, -127, -127, 111, 111, 111, 111, 111, 111, 111, 111, 111, 111, 111, 111, 111, 
2025-12-28 12:48:36.555592|{td-473} 0, -13, 0, 0, 0, 0, 0, 0, 0, 0, 0, 0, 0, 0, 0, 0, 0, 0, 
2025-12-28 12:48:36.561429|{tx-473} :-BBB.............
2025-12-28 12:48:36.730999|{rx-474} 1, 0, 0, 3, 475, 475, 0, 0, 0, 0, 0, 1, 0, 1, 1
2025-12-28 12:48:36.735476|{rssi-474} 111, -53, -127, -127, -127, 111, 111, 111, 111, 111, 111, 111, 111, 111, 111, 111, 111, 111, 
2025-12-28 12:48:36.745474|{td-474} 0, -15, 0, 0, 0, 0, 0, 0, 0, 0, 0, 0, 0, 0, 0, 0, 0, 0, 
2025-12-28 12:48:36.751530|{tx-474} :-BBB.............
2025-12-28 12:48:36.920865|{rx-475} 1, 0, 0, 3, 476, 476, 0, 0, 0, 0, 0, 1, 0, 1, 1
2025-12-28 12:48:36.925312|{rssi-475} 111, -53, -127, -127, -127, 111, 111, 111, 111, 111, 111, 111, 111, 111, 111, 111, 111, 111, 
2025-12-28 12:48:36.935508|{td-475} 0, -13, 0, 0, 0, 0, 0, 0, 0, 0, 0, 0, 0, 0, 0, 0, 0, 0, 
2025-12-28 12:48:36.940549|{tx-475} :-BBB.............
2025-12-28 12:48:37.111553|{rx-476} 1, 0, 0, 3, 477, 477, 0, 0, 0, 0, 0, 1, 0, 1, 1
2025-12-28 12:48:37.116653|{rssi-476} 111, -53, -127, -127, -127, 111, 111, 111, 111, 111, 111, 111, 111, 111, 111, 111, 111, 111, 
2025-12-28 12:48:37.126020|{td-476} 0, -15, 0, 0, 0, 0, 0, 0, 0, 0, 0, 0, 0, 0, 0, 0, 0, 0, 
2025-12-28 12:48:37.131804|{tx-476} :-BBB.............
2025-12-28 12:48:37.301740|{rx-477} 1, 0, 0, 3, 478, 478, 0, 0, 0, 0, 0, 1, 0, 1, 1
2025-12-28 12:48:37.305130|{rssi-477} 111, -53, -127, -127, -127, 111, 111, 111, 111, 111, 111, 111, 111, 111, 111, 111, 111, 111, 
2025-12-28 12:48:37.315551|{td-477} 0, -13, 0, 0, 0, 0, 0, 0, 0, 0, 0, 0, 0, 0, 0, 0, 0, 0, 
2025-12-28 12:48:37.321309|{tx-477} :-BBB.............
2025-12-28 12:48:37.490945|{rx-478} 1, 0, 0, 3, 479, 479, 0, 0, 0, 0, 0, 1, 0, 1, 1
2025-12-28 12:48:37.496513|{rssi-478} 111, -53, -127, -127, -127, 111, 111, 111, 111, 111, 111, 111, 111, 111, 111, 111, 111, 111, 
2025-12-28 12:48:37.505407|{td-478} 0, -15, 0, 0, 0, 0, 0, 0, 0, 0, 0, 0, 0, 0, 0, 0, 0, 0, 
2025-12-28 12:48:37.510738|{tx-478} :-BBB.............
2025-12-28 12:48:37.682236|{rx-479} 1, 0, 0, 3, 480, 480, 0, 0, 0, 0, 0, 1, 0, 1, 1
2025-12-28 12:48:37.685793|{rssi-479} 111, -53, -127, -127, -127, 111, 111, 111, 111, 111, 111, 111, 111, 111, 111, 111, 111, 111, 
2025-12-28 12:48:37.694809|{td-479} 0, -13, 0, 0, 0, 0, 0, 0, 0, 0, 0, 0, 0, 0, 0, 0, 0, 0, 
2025-12-28 12:48:37.700336|{tx-479} :-BBB.............
2025-12-28 12:48:37.870932|{rx-480} 1, 0, 0, 3, 481, 481, 0, 0, 0, 0, 0, 1, 0, 1, 1
2025-12-28 12:48:37.875213|{rssi-480} 111, -53, -127, -127, -127, 111, 111, 111, 111, 111, 111, 111, 111, 111, 111, 111, 111, 111, 
2025-12-28 12:48:37.885474|{td-480} 0, -15, 0, 0, 0, 0, 0, 0, 0, 0, 0, 0, 0, 0, 0, 0, 0, 0, 
2025-12-28 12:48:37.890456|{tx-480} :-BBB.............
2025-12-28 12:48:38.060623|{rx-481} 1, 0, 0, 3, 482, 482, 0, 0, 0, 0, 0, 1, 0, 1, 1
2025-12-28 12:48:38.066001|{rssi-481} 111, -53, -127, -127, -127, 111, 111, 111, 111, 111, 111, 111, 111, 111, 111, 111, 111, 111, 
2025-12-28 12:48:38.075666|{td-481} 0, -13, 0, 0, 0, 0, 0, 0, 0, 0, 0, 0, 0, 0, 0, 0, 0, 0, 
2025-12-28 12:48:38.080677|{tx-481} :-BBB.............
2025-12-28 12:48:38.251142|{rx-482} 1, 0, 0, 3, 483, 483, 0, 0, 0, 0, 0, 1, 0, 1, 1
2025-12-28 12:48:38.259849|{rssi-482} 111, -53, -127, -127, -127, 111, 111, 111, 111, 111, 111, 111, 111, 111, 111, 111, 111, 111, 
2025-12-28 12:48:38.265541|{td-482} 0, -15, 0, 0, 0, 0, 0, 0, 0, 0, 0, 0, 0, 0, 0, 0, 0, 0, 
2025-12-28 12:48:38.271523|{tx-482} :-BBB.............
2025-12-28 12:48:38.441078|{rx-483} 1, 0, 0, 3, 484, 484, 0, 0, 0, 0, 0, 1, 0, 1, 1
2025-12-28 12:48:38.444987|{rssi-483} 111, -53, -127, -127, -127, 111, 111, 111, 111, 111, 111, 111, 111, 111, 111, 111, 111, 111, 
2025-12-28 12:48:38.456077|{td-483} 0, -13, 0, 0, 0, 0, 0, 0, 0, 0, 0, 0, 0, 0, 0, 0, 0, 0, 
2025-12-28 12:48:38.460838|{tx-483} :-BBB.............
2025-12-28 12:48:38.631706|{rx-484} 1, 0, 0, 3, 485, 485, 0, 0, 0, 0, 0, 1, 0, 1, 1
2025-12-28 12:48:38.635452|{rssi-484} 111, -53, -127, -127, -127, 111, 111, 111, 111, 111, 111, 111, 111, 111, 111, 111, 111, 111, 
2025-12-28 12:48:38.645105|{td-484} 0, -15, 0, 0, 0, 0, 0, 0, 0, 0, 0, 0, 0, 0, 0, 0, 0, 0, 
2025-12-28 12:48:38.650687|{tx-484} :-BBB.............
2025-12-28 12:48:38.821455|{rx-485} 1, 0, 0, 3, 486, 486, 0, 0, 0, 0, 0, 1, 0, 1, 1
2025-12-28 12:48:38.825744|{rssi-485} 111, -53, -127, -127, -127, 111, 111, 111, 111, 111, 111, 111, 111, 111, 111, 111, 111, 111, 
2025-12-28 12:48:38.835012|{td-485} 0, -13, 0, 0, 0, 0, 0, 0, 0, 0, 0, 0, 0, 0, 0, 0, 0, 0, 
2025-12-28 12:48:38.840397|{tx-485} :-BBB.............
2025-12-28 12:48:39.011212|{rx-486} 1, 0, 0, 3, 487, 487, 0, 0, 0, 0, 0, 1, 0, 1, 1
2025-12-28 12:48:39.016286|{rssi-486} 111, -53, -127, -127, -127, 111, 111, 111, 111, 111, 111, 111, 111, 111, 111, 111, 111, 111, 
2025-12-28 12:48:39.024528|{td-486} 0, -15, 0, 0, 0, 0, 0, 0, 0, 0, 0, 0, 0, 0, 0, 0, 0, 0, 
2025-12-28 12:48:39.031265|{tx-486} :-BBB.............
2025-12-28 12:48:39.201090|{rx-487} 1, 0, 0, 3, 488, 488, 0, 0, 0, 0, 0, 1, 0, 1, 1
2025-12-28 12:48:39.205205|{rssi-487} 111, -53, -127, -127, -127, 111, 111, 111, 111, 111, 111, 111, 111, 111, 111, 111, 111, 111, 
2025-12-28 12:48:39.214999|{td-487} 0, -13, 0, 0, 0, 0, 0, 0, 0, 0, 0, 0, 0, 0, 0, 0, 0, 0, 
2025-12-28 12:48:39.221234|{tx-487} :-BBB.............
2025-12-28 12:48:39.390587|{rx-488} 1, 0, 0, 3, 489, 489, 0, 0, 0, 0, 0, 1, 0, 1, 1
2025-12-28 12:48:39.395796|{rssi-488} 111, -53, -127, -127, -127, 111, 111, 111, 111, 111, 111, 111, 111, 111, 111, 111, 111, 111, 
2025-12-28 12:48:39.405458|{td-488} 0, -15, 0, 0, 0, 0, 0, 0, 0, 0, 0, 0, 0, 0, 0, 0, 0, 0, 
2025-12-28 12:48:39.410731|{tx-488} :-BBB.............
2025-12-28 12:48:39.581519|{rx-489} 1, 0, 0, 3, 490, 490, 0, 0, 0, 0, 0, 1, 0, 1, 1
2025-12-28 12:48:39.585637|{rssi-489} 111, -53, -127, -127, -127, 111, 111, 111, 111, 111, 111, 111, 111, 111, 111, 111, 111, 111, 
2025-12-28 12:48:39.595478|{td-489} 0, -13, 0, 0, 0, 0, 0, 0, 0, 0, 0, 0, 0, 0, 0, 0, 0, 0, 
2025-12-28 12:48:39.600291|{tx-489} :-BBB.............
2025-12-28 12:48:39.771409|{rx-490} 1, 0, 0, 3, 491, 491, 0, 0, 0, 0, 0, 1, 0, 1, 1
2025-12-28 12:48:39.775543|{rssi-490} 111, -53, -127, -127, -127, 111, 111, 111, 111, 111, 111, 111, 111, 111, 111, 111, 111, 111, 
2025-12-28 12:48:39.785363|{td-490} 0, -15, 0, 0, 0, 0, 0, 0, 0, 0, 0, 0, 0, 0, 0, 0, 0, 0, 
2025-12-28 12:48:39.790161|{tx-490} :-BBB.............
2025-12-28 12:48:39.961265|{rx-491} 1, 0, 0, 3, 492, 492, 0, 0, 0, 0, 0, 1, 0, 1, 1
2025-12-28 12:48:39.965252|{rssi-491} 111, -53, -127, -127, -127, 111, 111, 111, 111, 111, 111, 111, 111, 111, 111, 111, 111, 111, 
2025-12-28 12:48:39.975073|{td-491} 0, -13, 0, 0, 0, 0, 0, 0, 0, 0, 0, 0, 0, 0, 0, 0, 0, 0, 
2025-12-28 12:48:39.979905|{tx-491} :-BBB.............
2025-12-28 12:48:40.151164|{rx-492} 1, 0, 0, 3, 493, 493, 0, 0, 0, 0, 0, 1, 0, 1, 1
2025-12-28 12:48:40.155550|{rssi-492} 111, -53, -127, -127, -127, 111, 111, 111, 111, 111, 111, 111, 111, 111, 111, 111, 111, 111, 
2025-12-28 12:48:40.164512|{td-492} 0, -15, 0, 0, 0, 0, 0, 0, 0, 0, 0, 0, 0, 0, 0, 0, 0, 0, 
2025-12-28 12:48:40.171666|{tx-492} :-BBB.............
2025-12-28 12:48:40.341721|{rx-493} 1, 0, 0, 3, 494, 494, 0, 0, 0, 0, 0, 1, 0, 1, 1
2025-12-28 12:48:40.345553|{rssi-493} 111, -53, -127, -127, -127, 111, 111, 111, 111, 111, 111, 111, 111, 111, 111, 111, 111, 111, 
2025-12-28 12:48:40.354997|{td-493} 0, -15, 0, 0, 0, 0, 0, 0, 0, 0, 0, 0, 0, 0, 0, 0, 0, 0, 
2025-12-28 12:48:40.360743|{tx-493} :-BBB.............
2025-12-28 12:48:40.531548|{rx-494} 1, 0, 0, 3, 495, 495, 0, 0, 0, 0, 0, 1, 0, 1, 1
2025-12-28 12:48:40.535528|{rssi-494} 111, -53, -127, -127, -127, 111, 111, 111, 111, 111, 111, 111, 111, 111, 111, 111, 111, 111, 
2025-12-28 12:48:40.544845|{td-494} 0, -13, 0, 0, 0, 0, 0, 0, 0, 0, 0, 0, 0, 0, 0, 0, 0, 0, 
2025-12-28 12:48:40.551349|{tx-494} :-BBB.............
2025-12-28 12:48:40.720079|{rx-495} 1, 0, 0, 3, 496, 496, 0, 0, 0, 0, 0, 1, 0, 1, 1
2025-12-28 12:48:40.725412|{rssi-495} 111, -53, -127, -127, -127, 111, 111, 111, 111, 111, 111, 111, 111, 111, 111, 111, 111, 111, 
2025-12-28 12:48:40.735059|{td-495} 0, -13, 0, 0, 0, 0, 0, 0, 0, 0, 0, 0, 0, 0, 0, 0, 0, 0, 
2025-12-28 12:48:40.740797|{tx-495} :-BBB.............
2025-12-28 12:48:40.910352|{rx-496} 1, 0, 0, 3, 497, 497, 0, 0, 0, 0, 0, 1, 0, 1, 1
2025-12-28 12:48:40.915556|{rssi-496} 111, -53, -127, -127, -127, 111, 111, 111, 111, 111, 111, 111, 111, 111, 111, 111, 111, 111, 
2025-12-28 12:48:40.924503|{td-496} 0, -15, 0, 0, 0, 0, 0, 0, 0, 0, 0, 0, 0, 0, 0, 0, 0, 0, 
2025-12-28 12:48:40.930159|{tx-496} :-BBB.............
2025-12-28 12:48:41.099778|{rx-497} 1, 0, 0, 3, 498, 498, 0, 0, 0, 0, 0, 1, 0, 1, 1
2025-12-28 12:48:41.105420|{rssi-497} 111, -53, -127, -127, -127, 111, 111, 111, 111, 111, 111, 111, 111, 111, 111, 111, 111, 111, 
2025-12-28 12:48:41.115322|{td-497} 0, -15, 0, 0, 0, 0, 0, 0, 0, 0, 0, 0, 0, 0, 0, 0, 0, 0, 
2025-12-28 12:48:41.121123|{tx-497} :-BBB.............
2025-12-28 12:48:41.289432|{rx-498} 1, 0, 0, 3, 499, 499, 0, 0, 0, 0, 0, 1, 0, 1, 1
2025-12-28 12:48:41.295369|{rssi-498} 111, -53, -127, -127, -127, 111, 111, 111, 111, 111, 111, 111, 111, 111, 111, 111, 111, 111, 
2025-12-28 12:48:41.305125|{td-498} 0, -13, 0, 0, 0, 0, 0, 0, 0, 0, 0, 0, 0, 0, 0, 0, 0, 0, 
2025-12-28 12:48:41.310653|{tx-498} :-BBB.............
2025-12-28 12:48:41.479946|{rx-499} 1, 0, 0, 3, 500, 500, 0, 0, 0, 0, 0, 1, 0, 1, 1
2025-12-28 12:48:41.485473|{rssi-499} 111, -53, -127, -127, -127, 111, 111, 111, 111, 111, 111, 111, 111, 111, 111, 111, 111, 111, 
2025-12-28 12:48:41.494569|{td-499} 0, -13, 0, 0, 0, 0, 0, 0, 0, 0, 0, 0, 0, 0, 0, 0, 0, 0, 
2025-12-28 12:48:41.501277|{tx-499} :-BBB.............
2025-12-28 12:48:41.670817|{rx-500} 1, 0, 0, 3, 501, 501, 0, 0, 0, 0, 0, 1, 0, 1, 1
2025-12-28 12:48:41.676618|{rssi-500} 111, -53, -127, -127, -127, 111, 111, 111, 111, 111, 111, 111, 111, 111, 111, 111, 111, 111, 
2025-12-28 12:48:41.684722|{td-500} 0, -15, 0, 0, 0, 0, 0, 0, 0, 0, 0, 0, 0, 0, 0, 0, 0, 0, 
2025-12-28 12:48:41.690444|{tx-500} :-BBB.............
2025-12-28 12:48:41.860337|{rx-501} 1, 0, 0, 3, 502, 502, 0, 0, 0, 0, 0, 1, 0, 1, 1
2025-12-28 12:48:41.865229|{rssi-501} 111, -53, -127, -127, -127, 111, 111, 111, 111, 111, 111, 111, 111, 111, 111, 111, 111, 111, 
2025-12-28 12:48:41.873939|{td-501} 0, -15, 0, 0, 0, 0, 0, 0, 0, 0, 0, 0, 0, 0, 0, 0, 0, 0, 
2025-12-28 12:48:41.879364|{tx-501} :-BBB.............
2025-12-28 12:48:42.049817|{rx-502} 1, 0, 0, 3, 503, 503, 0, 0, 0, 0, 0, 1, 0, 1, 1
2025-12-28 12:48:42.056302|{rssi-502} 111, -53, -127, -127, -127, 111, 111, 111, 111, 111, 111, 111, 111, 111, 111, 111, 111, 111, 
2025-12-28 12:48:42.065003|{td-502} 0, -13, 0, 0, 0, 0, 0, 0, 0, 0, 0, 0, 0, 0, 0, 0, 0, 0, 
2025-12-28 12:48:42.071188|{tx-502} :-BBB.............
2025-12-28 12:48:42.240844|{rx-503} 1, 0, 0, 3, 504, 504, 0, 0, 0, 0, 0, 1, 0, 1, 1
2025-12-28 12:48:42.245242|{rssi-503} 111, -53, -127, -127, -127, 111, 111, 111, 111, 111, 111, 111, 111, 111, 111, 111, 111, 111, 
2025-12-28 12:48:42.254955|{td-503} 0, -15, 0, 0, 0, 0, 0, 0, 0, 0, 0, 0, 0, 0, 0, 0, 0, 0, 
2025-12-28 12:48:42.259806|{tx-503} :-BBB.............
2025-12-28 12:48:42.429967|{rx-504} 1, 0, 0, 3, 505, 505, 0, 0, 0, 0, 0, 1, 0, 1, 1
2025-12-28 12:48:42.435343|{rssi-504} 111, -53, -127, -127, -127, 111, 111, 111, 111, 111, 111, 111, 111, 111, 111, 111, 111, 111, 
2025-12-28 12:48:42.443994|{td-504} 0, -13, 0, 0, 0, 0, 0, 0, 0, 0, 0, 0, 0, 0, 0, 0, 0, 0, 
2025-12-28 12:48:42.450273|{tx-504} :-BBB.............
2025-12-28 12:48:42.620299|{rx-505} 1, 0, 0, 3, 506, 506, 0, 0, 0, 0, 0, 1, 0, 1, 1
2025-12-28 12:48:42.625086|{rssi-505} 111, -53, -127, -127, -127, 111, 111, 111, 111, 111, 111, 111, 111, 111, 111, 111, 111, 111, 
2025-12-28 12:48:42.634545|{td-505} 0, -15, 0, 0, 0, 0, 0, 0, 0, 0, 0, 0, 0, 0, 0, 0, 0, 0, 
2025-12-28 12:48:42.639705|{tx-505} :-BBB.............
2025-12-28 12:48:42.810469|{rx-506} 1, 0, 0, 3, 507, 507, 0, 0, 0, 0, 0, 1, 0, 1, 1
2025-12-28 12:48:42.815676|{rssi-506} 111, -53, -127, -127, -127, 111, 111, 111, 111, 111, 111, 111, 111, 111, 111, 111, 111, 111, 
2025-12-28 12:48:42.824715|{td-506} 0, -13, 0, 0, 0, 0, 0, 0, 0, 0, 0, 0, 0, 0, 0, 0, 0, 0, 
2025-12-28 12:48:42.829279|{tx-506} :-BBB.............
2025-12-28 12:48:42.000586|{rx-507} 1, 0, 0, 3, 508, 508, 0, 0, 0, 0, 0, 1, 0, 1, 1
2025-12-28 12:48:43.004984|{rssi-507} 111, -53, -127, -127, -127, 111, 111, 111, 111, 111, 111, 111, 111, 111, 111, 111, 111, 111, 
2025-12-28 12:48:43.014162|{td-507} 0, -13, 0, 0, 0, 0, 0, 0, 0, 0, 0, 0, 0, 0, 0, 0, 0, 0, 
2025-12-28 12:48:43.020025|{tx-507} :-BBB.............
2025-12-28 12:48:43.190011|{rx-508} 1, 0, 0, 3, 509, 509, 0, 0, 0, 0, 0, 1, 0, 1, 1
2025-12-28 12:48:43.194693|{rssi-508} 111, -53, -127, -127, -127, 111, 111, 111, 111, 111, 111, 111, 111, 111, 111, 111, 111, 111, 
2025-12-28 12:48:43.204163|{td-508} 0, -15, 0, 0, 0, 0, 0, 0, 0, 0, 0, 0, 0, 0, 0, 0, 0, 0, 
2025-12-28 12:48:43.210238|{tx-508} :-BBB.............
2025-12-28 12:48:43.380455|{rx-509} 1, 0, 0, 3, 510, 510, 0, 0, 0, 0, 0, 1, 0, 1, 1
2025-12-28 12:48:43.391206|{rssi-509} 111, -53, -127, -127, -127, 111, 111, 111, 111, 111, 111, 111, 111, 111, 111, 111, 111, 111, 
2025-12-28 12:48:43.394368|{td-509} 0, -13, 0, 0, 0, 0, 0, 0, 0, 0, 0, 0, 0, 0, 0, 0, 0, 0, 
2025-12-28 12:48:43.399921|{tx-509} :-BBB.............
2025-12-28 12:48:43.570117|{rx-510} 1, 0, 0, 3, 511, 511, 0, 0, 0, 0, 0, 1, 0, 1, 1
2025-12-28 12:48:43.575131|{rssi-510} 111, -53, -127, -127, -127, 111, 111, 111, 111, 111, 111, 111, 111, 111, 111, 111, 111, 111, 
2025-12-28 12:48:43.583914|{td-510} 0, -15, 0, 0, 0, 0, 0, 0, 0, 0, 0, 0, 0, 0, 0, 0, 0, 0, 
2025-12-28 12:48:43.589114|{tx-510} :-BBB.............
2025-12-28 12:48:43.759845|{rx-511} 1, 0, 0, 3, 512, 512, 0, 0, 0, 0, 0, 1, 0, 1, 1
2025-12-28 12:48:43.764985|{rssi-511} 111, -53, -127, -127, -127, 111, 111, 111, 111, 111, 111, 111, 111, 111, 111, 111, 111, 111, 
2025-12-28 12:48:43.774583|{td-511} 0, -15, 0, 0, 0, 0, 0, 0, 0, 0, 0, 0, 0, 0, 0, 0, 0, 0, 
2025-12-28 12:48:43.779946|{tx-511} :-BBB.............
2025-12-28 12:48:43.950384|{rx-512} 1, 0, 0, 3, 513, 513, 0, 0, 0, 0, 0, 1, 0, 1, 1
2025-12-28 12:48:43.955174|{rssi-512} 111, -53, -127, -127, -127, 111, 111, 111, 111, 111, 111, 111, 111, 111, 111, 111, 111, 111, 
2025-12-28 12:48:43.964639|{td-512} 0, -13, 0, 0, 0, 0, 0, 0, 0, 0, 0, 0, 0, 0, 0, 0, 0, 0, 
2025-12-28 12:48:43.001334|{tx-512} :-BBB.............
2025-12-28 12:48:44.140006|{rx-513} 1, 0, 0, 3, 514, 514, 0, 0, 0, 0, 0, 1, 0, 1, 1
2025-12-28 12:48:44.145027|{rssi-513} 111, -53, -127, -127, -127, 111, 111, 111, 111, 111, 111, 111, 111, 111, 111, 111, 111, 111, 
2025-12-28 12:48:44.154022|{td-513} 0, -15, 0, 0, 0, 0, 0, 0, 0, 0, 0, 0, 0, 0, 0, 0, 0, 0, 
2025-12-28 12:48:44.159780|{tx-513} :-BBB.............
2025-12-28 12:48:44.330155|{rx-514} 1, 0, 0, 3, 515, 515, 0, 0, 0, 0, 0, 1, 0, 1, 1
2025-12-28 12:48:44.334544|{rssi-514} 111, -53, -127, -127, -127, 111, 111, 111, 111, 111, 111, 111, 111, 111, 111, 111, 111, 111, 
2025-12-28 12:48:44.344768|{td-514} 0, -13, 0, 0, 0, 0, 0, 0, 0, 0, 0, 0, 0, 0, 0, 0, 0, 0, 
2025-12-28 12:48:44.354713|{tx-514} :-BBB.............
2025-12-28 12:48:44.520718|{rx-515} 1, 0, 0, 3, 516, 516, 0, 0, 0, 0, 0, 1, 0, 1, 1
2025-12-28 12:48:44.525024|{rssi-515} 111, -53, -127, -127, -127, 111, 111, 111, 111, 111, 111, 111, 111, 111, 111, 111, 111, 111, 
2025-12-28 12:48:44.534632|{td-515} 0, -13, 0, 0, 0, 0, 0, 0, 0, 0, 0, 0, 0, 0, 0, 0, 0, 0, 
2025-12-28 12:48:44.539830|{tx-515} :-BBB.............
2025-12-28 12:48:44.710318|{rx-516} 1, 0, 0, 3, 517, 517, 0, 0, 0, 0, 0, 1, 0, 1, 1
2025-12-28 12:48:44.714878|{rssi-516} 111, -53, -127, -127, -127, 111, 111, 111, 111, 111, 111, 111, 111, 111, 111, 111, 111, 111, 
2025-12-28 12:48:44.724405|{td-516} 0, -15, 0, 0, 0, 0, 0, 0, 0, 0, 0, 0, 0, 0, 0, 0, 0, 0, 
2025-12-28 12:48:44.729191|{tx-516} :-BBB.............
2025-12-28 12:48:44.899776|{rx-517} 1, 0, 0, 3, 518, 518, 0, 0, 0, 0, 0, 1, 0, 1, 1
2025-12-28 12:48:44.904824|{rssi-517} 111, -53, -127, -127, -127, 111, 111, 111, 111, 111, 111, 111, 111, 111, 111, 111, 111, 111, 
2025-12-28 12:48:44.914365|{td-517} 0, -15, 0, 0, 0, 0, 0, 0, 0, 0, 0, 0, 0, 0, 0, 0, 0, 0, 
2025-12-28 12:48:44.919753|{tx-517} :-BBB.............
2025-12-28 12:48:45.091176|{rx-518} 1, 0, 0, 3, 519, 519, 0, 0, 0, 0, 0, 1, 0, 1, 1
2025-12-28 12:48:45.094001|{rssi-518} 111, -53, -127, -127, -127, 111, 111, 111, 111, 111, 111, 111, 111, 111, 111, 111, 111, 111, 
2025-12-28 12:48:45.104046|{td-518} 0, -13, 0, 0, 0, 0, 0, 0, 0, 0, 0, 0, 0, 0, 0, 0, 0, 0, 
2025-12-28 12:48:45.108796|{tx-518} :-BBB.............
2025-12-28 12:48:45.279861|{rx-519} 1, 0, 0, 3, 520, 520, 0, 0, 0, 0, 0, 1, 0, 1, 1
2025-12-28 12:48:45.284645|{rssi-519} 111, -53, -127, -127, -127, 111, 111, 111, 111, 111, 111, 111, 111, 111, 111, 111, 111, 111, 
2025-12-28 12:48:45.293332|{td-519} 0, -13, 0, 0, 0, 0, 0, 0, 0, 0, 0, 0, 0, 0, 0, 0, 0, 0, 
2025-12-28 12:48:45.299786|{tx-519} :-BBB.............
2025-12-28 12:48:45.470322|{rx-520} 1, 0, 0, 3, 521, 521, 0, 0, 0, 0, 0, 1, 0, 1, 1
2025-12-28 12:48:45.475116|{rssi-520} 111, -53, -127, -127, -127, 111, 111, 111, 111, 111, 111, 111, 111, 111, 111, 111, 111, 111, 
2025-12-28 12:48:45.484194|{td-520} 0, -15, 0, 0, 0, 0, 0, 0, 0, 0, 0, 0, 0, 0, 0, 0, 0, 0, 
2025-12-28 12:48:45.490413|{tx-520} :-BBB.............
2025-12-28 12:48:45.659570|{rx-521} 1, 0, 0, 3, 522, 522, 0, 0, 0, 0, 0, 1, 0, 1, 1
2025-12-28 12:48:45.664815|{rssi-521} 111, -53, -127, -127, -127, 111, 111, 111, 111, 111, 111, 111, 111, 111, 111, 111, 111, 111, 
2025-12-28 12:48:45.674207|{td-521} 0, -15, 0, 0, 0, 0, 0, 0, 0, 0, 0, 0, 0, 0, 0, 0, 0, 0, 
2025-12-28 12:48:45.678945|{tx-521} :-BBB.............
2025-12-28 12:48:45.849331|{rx-522} 1, 0, 0, 3, 523, 523, 0, 0, 0, 0, 0, 1, 0, 1, 1
2025-12-28 12:48:45.854749|{rssi-522} 111, -53, -127, -127, -127, 111, 111, 111, 111, 111, 111, 111, 111, 111, 111, 111, 111, 111, 
2025-12-28 12:48:45.863935|{td-522} 0, -13, 0, 0, 0, 0, 0, 0, 0, 0, 0, 0, 0, 0, 0, 0, 0, 0, 
2025-12-28 12:48:45.870143|{tx-522} :-BBB.............
2025-12-28 12:48:46.039289|{rx-523} 1, 0, 0, 3, 524, 524, 0, 0, 0, 0, 0, 1, 0, 1, 1
2025-12-28 12:48:46.044473|{rssi-523} 111, -53, -127, -127, -127, 111, 111, 111, 111, 111, 111, 111, 111, 111, 111, 111, 111, 111, 
2025-12-28 12:48:46.054095|{td-523} 0, -15, 0, 0, 0, 0, 0, 0, 0, 0, 0, 0, 0, 0, 0, 0, 0, 0, 
2025-12-28 12:48:46.059470|{tx-523} :-BBB.............
2025-12-28 12:48:46.229255|{rx-524} 1, 0, 0, 3, 525, 525, 0, 0, 0, 0, 0, 1, 0, 1, 1
2025-12-28 12:48:46.234041|{rssi-524} 111, -53, -127, -127, -127, 111, 111, 111, 111, 111, 111, 111, 111, 111, 111, 111, 111, 111, 
2025-12-28 12:48:46.244023|{td-524} 0, -13, 0, 0, 0, 0, 0, 0, 0, 0, 0, 0, 0, 0, 0, 0, 0, 0, 
2025-12-28 12:48:46.250152|{tx-524} :-BBB.............
2025-12-28 12:48:46.419085|{rx-525} 1, 0, 0, 3, 526, 526, 0, 0, 0, 0, 0, 1, 0, 1, 1
2025-12-28 12:48:46.424015|{rssi-525} 111, -53, -127, -127, -127, 111, 111, 111, 111, 111, 111, 111, 111, 111, 111, 111, 111, 111, 
2025-12-28 12:48:46.434123|{td-525} 0, -15, 0, 0, 0, 0, 0, 0, 0, 0, 0, 0, 0, 0, 0, 0, 0, 0, 
2025-12-28 12:48:46.439902|{tx-525} :-BBB.............
2025-12-28 12:48:46.609286|{rx-526} 1, 0, 0, 3, 527, 527, 0, 0, 0, 0, 0, 1, 0, 1, 1
2025-12-28 12:48:46.614135|{rssi-526} 111, -53, -127, -127, -127, 111, 111, 111, 111, 111, 111, 111, 111, 111, 111, 111, 111, 111, 
2025-12-28 12:48:46.624156|{td-526} 0, -13, 0, 0, 0, 0, 0, 0, 0, 0, 0, 0, 0, 0, 0, 0, 0, 0, 
2025-12-28 12:48:46.629091|{tx-526} :-BBB.............
2025-12-28 12:48:46.799904|{rx-527} 1, 0, 0, 3, 528, 528, 0, 0, 0, 0, 0, 1, 0, 1, 1
2025-12-28 12:48:46.805663|{rssi-527} 111, -53, -127, -127, -127, 111, 111, 111, 111, 111, 111, 111, 111, 111, 111, 111, 111, 111, 
2025-12-28 12:48:46.813417|{td-527} 0, -15, 0, 0, 0, 0, 0, 0, 0, 0, 0, 0, 0, 0, 0, 0, 0, 0, 
2025-12-28 12:48:46.819106|{tx-527} :-BBB.............
2025-12-28 12:48:46.989241|{rx-528} 1, 0, 0, 3, 529, 529, 0, 0, 0, 0, 0, 1, 0, 1, 1
2025-12-28 12:48:46.994540|{rssi-528} 111, -53, -127, -127, -127, 111, 111, 111, 111, 111, 111, 111, 111, 111, 111, 111, 111, 111, 
2025-12-28 12:48:47.003852|{td-528} 0, -13, 0, 0, 0, 0, 0, 0, 0, 0, 0, 0, 0, 0, 0, 0, 0, 0, 
2025-12-28 12:48:47.008855|{tx-528} :-BBB.............
2025-12-28 12:48:47.179179|{rx-529} 1, 0, 0, 3, 530, 530, 0, 0, 0, 0, 0, 1, 0, 1, 1
2025-12-28 12:48:47.185082|{rssi-529} 111, -53, -127, -127, -127, 111, 111, 111, 111, 111, 111, 111, 111, 111, 111, 111, 111, 111, 
2025-12-28 12:48:47.193917|{td-529} 0, -13, 0, 0, 0, 0, 0, 0, 0, 0, 0, 0, 0, 0, 0, 0, 0, 0, 
2025-12-28 12:48:47.198932|{tx-529} :-BBB.............
2025-12-28 12:48:47.369597|{rx-530} 1, 0, 0, 3, 531, 531, 0, 0, 0, 0, 0, 1, 0, 1, 1
2025-12-28 12:48:47.373649|{rssi-530} 111, -53, -127, -127, -127, 111, 111, 111, 111, 111, 111, 111, 111, 111, 111, 111, 111, 111, 
2025-12-28 12:48:47.383591|{td-530} 0, -15, 0, 0, 0, 0, 0, 0, 0, 0, 0, 0, 0, 0, 0, 0, 0, 0, 
2025-12-28 12:48:47.388687|{tx-530} :-BBB.............
2025-12-28 12:48:47.558924|{rx-531} 1, 0, 0, 3, 532, 532, 0, 0, 0, 0, 0, 1, 0, 1, 1
2025-12-28 12:48:47.563377|{rssi-531} 111, -53, -127, -127, -127, 111, 111, 111, 111, 111, 111, 111, 111, 111, 111, 111, 111, 111, 
2025-12-28 12:48:47.573054|{td-531} 0, -15, 0, 0, 0, 0, 0, 0, 0, 0, 0, 0, 0, 0, 0, 0, 0, 0, 
2025-12-28 12:48:47.578594|{tx-531} :-BBB.............
2025-12-28 12:48:47.749868|{rx-532} 1, 0, 0, 3, 533, 533, 0, 0, 0, 0, 0, 1, 0, 1, 1
2025-12-28 12:48:47.754606|{rssi-532} 111, -53, -127, -127, -127, 111, 111, 111, 111, 111, 111, 111, 111, 111, 111, 111, 111, 111, 
2025-12-28 12:48:47.763899|{td-532} 0, -13, 0, 0, 0, 0, 0, 0, 0, 0, 0, 0, 0, 0, 0, 0, 0, 0, 
2025-12-28 12:48:47.770312|{tx-532} :-BBB.............
2025-12-28 12:48:47.938972|{rx-533} 1, 0, 0, 3, 534, 534, 0, 0, 0, 0, 0, 1, 0, 1, 1
2025-12-28 12:48:47.944111|{rssi-533} 111, -53, -127, -127, -127, 111, 111, 111, 111, 111, 111, 111, 111, 111, 111, 111, 111, 111, 
2025-12-28 12:48:47.952762|{td-533} 0, -15, 0, 0, 0, 0, 0, 0, 0, 0, 0, 0, 0, 0, 0, 0, 0, 0, 
2025-12-28 12:48:47.958580|{tx-533} :-BBB.............
2025-12-28 12:48:48.128968|{rx-534} 1, 0, 0, 3, 535, 535, 0, 0, 0, 0, 0, 1, 0, 1, 1
2025-12-28 12:48:48.134149|{rssi-534} 111, -53, -127, -127, -127, 111, 111, 111, 111, 111, 111, 111, 111, 111, 111, 111, 111, 111, 
2025-12-28 12:48:48.143757|{td-534} 0, -13, 0, 0, 0, 0, 0, 0, 0, 0, 0, 0, 0, 0, 0, 0, 0, 0, 
2025-12-28 12:48:48.148834|{tx-534} :-BBB.............
2025-12-28 12:48:48.319010|{rx-535} 1, 0, 0, 3, 536, 536, 0, 0, 0, 0, 0, 1, 0, 1, 1
2025-12-28 12:48:48.323095|{rssi-535} 111, -53, -127, -127, -127, 111, 111, 111, 111, 111, 111, 111, 111, 111, 111, 111, 111, 111, 
2025-12-28 12:48:48.333562|{td-535} 0, -15, 0, 0, 0, 0, 0, 0, 0, 0, 0, 0, 0, 0, 0, 0, 0, 0, 
2025-12-28 12:48:48.339335|{tx-535} :-BBB.............
2025-12-28 12:48:48.509277|{rx-536} 1, 0, 0, 3, 537, 537, 0, 0, 0, 0, 0, 1, 0, 1, 1
2025-12-28 12:48:48.521003|{rssi-536} 111, -53, -127, -127, -127, 111, 111, 111, 111, 111, 111, 111, 111, 111, 111, 111, 111, 111, 
2025-12-28 12:48:48.525488|{td-536} 0, -13, 0, 0, 0, 0, 0, 0, 0, 0, 0, 0, 0, 0, 0, 0, 0, 0, 
2025-12-28 12:48:48.529604|{tx-536} :-BBB.............
2025-12-28 12:48:48.699025|{rx-537} 1, 0, 0, 3, 538, 538, 0, 0, 0, 0, 0, 1, 0, 1, 1
2025-12-28 12:48:48.703962|{rssi-537} 111, -53, -127, -127, -127, 111, 111, 111, 111, 111, 111, 111, 111, 111, 111, 111, 111, 111, 
2025-12-28 12:48:48.713366|{td-537} 0, -15, 0, 0, 0, 0, 0, 0, 0, 0, 0, 0, 0, 0, 0, 0, 0, 0, 
2025-12-28 12:48:48.719177|{tx-537} :-BBB.............
2025-12-28 12:48:48.889317|{rx-538} 1, 0, 0, 3, 539, 539, 0, 0, 0, 0, 0, 1, 0, 1, 1
2025-12-28 12:48:48.893915|{rssi-538} 111, -53, -127, -127, -127, 111, 111, 111, 111, 111, 111, 111, 111, 111, 111, 111, 111, 111, 
2025-12-28 12:48:48.903391|{td-538} 0, -13, 0, 0, 0, 0, 0, 0, 0, 0, 0, 0, 0, 0, 0, 0, 0, 0, 
2025-12-28 12:48:48.908708|{tx-538} :-BBB.............
2025-12-28 12:48:49.079730|{rx-539} 1, 0, 0, 3, 540, 540, 0, 0, 0, 0, 0, 1, 0, 1, 1
2025-12-28 12:48:49.084230|{rssi-539} 111, -53, -127, -127, -127, 111, 111, 111, 111, 111, 111, 111, 111, 111, 111, 111, 111, 111, 
2025-12-28 12:48:49.093828|{td-539} 0, -15, 0, 0, 0, 0, 0, 0, 0, 0, 0, 0, 0, 0, 0, 0, 0, 0, 
2025-12-28 12:48:49.099266|{tx-539} :-BBB.............
2025-12-28 12:48:49.268954|{rx-540} 1, 0, 0, 3, 541, 541, 0, 0, 0, 0, 0, 1, 0, 1, 1
2025-12-28 12:48:49.273699|{rssi-540} 111, -53, -127, -127, -127, 111, 111, 111, 111, 111, 111, 111, 111, 111, 111, 111, 111, 111, 
2025-12-28 12:48:49.283033|{td-540} 0, -13, 0, 0, 0, 0, 0, 0, 0, 0, 0, 0, 0, 0, 0, 0, 0, 0, 
2025-12-28 12:48:49.289330|{tx-540} :-BBB.............
2025-12-28 12:48:49.459134|{rx-541} 1, 0, 0, 3, 542, 542, 0, 0, 0, 0, 0, 1, 0, 1, 1
2025-12-28 12:48:49.464055|{rssi-541} 111, -53, -127, -127, -127, 111, 111, 111, 111, 111, 111, 111, 111, 111, 111, 111, 111, 111, 
2025-12-28 12:48:49.473207|{td-541} 0, -15, 0, 0, 0, 0, 0, 0, 0, 0, 0, 0, 0, 0, 0, 0, 0, 0, 
2025-12-28 12:48:49.478084|{tx-541} :-BBB.............
2025-12-28 12:48:49.649835|{rx-542} 1, 0, 0, 3, 543, 543, 0, 0, 0, 0, 0, 1, 0, 1, 1
2025-12-28 12:48:49.654158|{rssi-542} 111, -53, -127, -127, -127, 111, 111, 111, 111, 111, 111, 111, 111, 111, 111, 111, 111, 111, 
2025-12-28 12:48:49.663524|{td-542} 0, -13, 0, 0, 0, 0, 0, 0, 0, 0, 0, 0, 0, 0, 0, 0, 0, 0, 
2025-12-28 12:48:49.669995|{tx-542} :-BBB.............
2025-12-28 12:48:49.838944|{rx-543} 1, 0, 0, 3, 544, 544, 0, 0, 0, 0, 0, 1, 0, 1, 1
2025-12-28 12:48:49.844012|{rssi-543} 111, -53, -127, -127, -127, 111, 111, 111, 111, 111, 111, 111, 111, 111, 111, 111, 111, 111, 
2025-12-28 12:48:49.853152|{td-543} 0, -15, 0, 0, 0, 0, 0, 0, 0, 0, 0, 0, 0, 0, 0, 0, 0, 0, 
2025-12-28 12:48:49.858751|{tx-543} :-BBB.............
2025-12-28 12:48:50.029030|{rx-544} 1, 0, 0, 3, 545, 545, 0, 0, 0, 0, 0, 1, 0, 1, 1
2025-12-28 12:48:50.033538|{rssi-544} 111, -53, -127, -127, -127, 111, 111, 111, 111, 111, 111, 111, 111, 111, 111, 111, 111, 111, 
2025-12-28 12:48:50.043174|{td-544} 0, -13, 0, 0, 0, 0, 0, 0, 0, 0, 0, 0, 0, 0, 0, 0, 0, 0, 
2025-12-28 12:48:50.048474|{tx-544} :-BBB.............
2025-12-28 12:48:50.219341|{rx-545} 1, 0, 0, 3, 546, 546, 0, 0, 0, 0, 0, 1, 0, 1, 1
2025-12-28 12:48:50.223870|{rssi-545} 111, -53, -127, -127, -127, 111, 111, 111, 111, 111, 111, 111, 111, 111, 111, 111, 111, 111, 
2025-12-28 12:48:50.233187|{td-545} 0, -15, 0, 0, 0, 0, 0, 0, 0, 0, 0, 0, 0, 0, 0, 0, 0, 0, 
2025-12-28 12:48:50.238923|{tx-545} :-BBB.............
2025-12-28 12:48:50.409082|{rx-546} 1, 0, 0, 3, 547, 547, 0, 0, 0, 0, 0, 1, 0, 1, 1
2025-12-28 12:48:50.413542|{rssi-546} 111, -53, -127, -127, -127, 111, 111, 111, 111, 111, 111, 111, 111, 111, 111, 111, 111, 111, 
2025-12-28 12:48:50.422278|{td-546} 0, -13, 0, 0, 0, 0, 0, 0, 0, 0, 0, 0, 0, 0, 0, 0, 0, 0, 
2025-12-28 12:48:50.428784|{tx-546} :-BBB.............
2025-12-28 12:48:50.598927|{rx-547} 1, 0, 0, 3, 548, 548, 0, 0, 0, 0, 0, 1, 0, 1, 1
2025-12-28 12:48:50.603613|{rssi-547} 111, -53, -127, -127, -127, 111, 111, 111, 111, 111, 111, 111, 111, 111, 111, 111, 111, 111, 
2025-12-28 12:48:50.612977|{td-547} 0, -15, 0, 0, 0, 0, 0, 0, 0, 0, 0, 0, 0, 0, 0, 0, 0, 0, 
2025-12-28 12:48:50.618460|{tx-547} :-BBB.............
2025-12-28 12:48:50.788858|{rx-548} 1, 0, 0, 3, 549, 549, 0, 0, 0, 0, 0, 1, 0, 1, 1
2025-12-28 12:48:50.793392|{rssi-548} 111, -53, -127, -127, -127, 111, 111, 111, 111, 111, 111, 111, 111, 111, 111, 111, 111, 111, 
2025-12-28 12:48:50.803442|{td-548} 0, -13, 0, 0, 0, 0, 0, 0, 0, 0, 0, 0, 0, 0, 0, 0, 0, 0, 
2025-12-28 12:48:50.808041|{tx-548} :-BBB.............
2025-12-28 12:48:50.978600|{rx-549} 1, 0, 0, 3, 550, 550, 0, 0, 0, 0, 0, 1, 0, 1, 1
2025-12-28 12:48:50.984048|{rssi-549} 111, -53, -127, -127, -127, 111, 111, 111, 111, 111, 111, 111, 111, 111, 111, 111, 111, 111, 
2025-12-28 12:48:50.992435|{td-549} 0, -15, 0, 0, 0, 0, 0, 0, 0, 0, 0, 0, 0, 0, 0, 0, 0, 0, 
2025-12-28 12:48:50.000262|{tx-549} :-BBB.............
2025-12-28 12:48:51.168328|{rx-550} 1, 0, 0, 3, 551, 551, 0, 0, 0, 0, 0, 1, 0, 1, 1
2025-12-28 12:48:51.173641|{rssi-550} 111, -53, -127, -127, -127, 111, 111, 111, 111, 111, 111, 111, 111, 111, 111, 111, 111, 111, 
2025-12-28 12:48:51.183007|{td-550} 0, -13, 0, 0, 0, 0, 0, 0, 0, 0, 0, 0, 0, 0, 0, 0, 0, 0, 
2025-12-28 12:48:51.189595|{tx-550} :-BBB.............
2025-12-28 12:48:51.359680|{rx-551} 1, 0, 0, 3, 552, 552, 0, 0, 0, 0, 0, 1, 0, 1, 1
2025-12-28 12:48:51.363546|{rssi-551} 111, -53, -127, -127, -127, 111, 111, 111, 111, 111, 111, 111, 111, 111, 111, 111, 111, 111, 
2025-12-28 12:48:51.373144|{td-551} 0, -15, 0, 0, 0, 0, 0, 0, 0, 0, 0, 0, 0, 0, 0, 0, 0, 0, 
2025-12-28 12:48:51.377968|{tx-551} :-BBB.............
2025-12-28 12:48:51.549131|{rx-552} 1, 0, 0, 3, 553, 553, 0, 0, 0, 0, 0, 1, 0, 1, 1
2025-12-28 12:48:51.553561|{rssi-552} 111, -53, -127, -127, -127, 111, 111, 111, 111, 111, 111, 111, 111, 111, 111, 111, 111, 111, 
2025-12-28 12:48:51.564018|{td-552} 0, -13, 0, 0, 0, 0, 0, 0, 0, 0, 0, 0, 0, 0, 0, 0, 0, 0, 
2025-12-28 12:48:51.569191|{tx-552} :-BBB.............
2025-12-28 12:48:51.738764|{rx-553} 1, 0, 0, 3, 554, 554, 0, 0, 0, 0, 0, 1, 0, 1, 1
2025-12-28 12:48:51.743827|{rssi-553} 111, -53, -127, -127, -127, 111, 111, 111, 111, 111, 111, 111, 111, 111, 111, 111, 111, 111, 
2025-12-28 12:48:51.752637|{td-553} 0, -15, 0, 0, 0, 0, 0, 0, 0, 0, 0, 0, 0, 0, 0, 0, 0, 0, 
2025-12-28 12:48:51.758630|{tx-553} :-BBB.............
2025-12-28 12:48:51.928379|{rx-554} 1, 0, 0, 3, 555, 555, 0, 0, 0, 0, 0, 1, 0, 1, 1
2025-12-28 12:48:51.933408|{rssi-554} 111, -53, -127, -127, -127, 111, 111, 111, 111, 111, 111, 111, 111, 111, 111, 111, 111, 111, 
2025-12-28 12:48:51.942950|{td-554} 0, -13, 0, 0, 0, 0, 0, 0, 0, 0, 0, 0, 0, 0, 0, 0, 0, 0, 
2025-12-28 12:48:51.949139|{tx-554} :-BBB.............
2025-12-28 12:48:52.118910|{rx-555} 1, 0, 0, 3, 556, 556, 0, 0, 0, 0, 0, 1, 0, 1, 1
2025-12-28 12:48:52.123345|{rssi-555} 111, -53, -127, -127, -127, 111, 111, 111, 111, 111, 111, 111, 111, 111, 111, 111, 111, 111, 
2025-12-28 12:48:52.132870|{td-555} 0, -15, 0, 0, 0, 0, 0, 0, 0, 0, 0, 0, 0, 0, 0, 0, 0, 0, 
2025-12-28 12:48:52.138830|{tx-555} :-BBB.............
2025-12-28 12:48:52.308780|{rx-556} 1, 0, 0, 3, 557, 557, 0, 0, 0, 0, 0, 1, 0, 1, 1
2025-12-28 12:48:52.314605|{rssi-556} 111, -53, -127, -127, -127, 111, 111, 111, 111, 111, 111, 111, 111, 111, 111, 111, 111, 111, 
2025-12-28 12:48:52.323134|{td-556} 0, -13, 0, 0, 0, 0, 0, 0, 0, 0, 0, 0, 0, 0, 0, 0, 0, 0, 
2025-12-28 12:48:52.327501|{tx-556} :-BBB.............
2025-12-28 12:48:52.498871|{rx-557} 1, 0, 0, 3, 558, 558, 0, 0, 0, 0, 0, 1, 0, 1, 1
2025-12-28 12:48:52.502678|{rssi-557} 111, -53, -127, -127, -127, 111, 111, 111, 111, 111, 111, 111, 111, 111, 111, 111, 111, 111, 
2025-12-28 12:48:52.512911|{td-557} 0, -15, 0, 0, 0, 0, 0, 0, 0, 0, 0, 0, 0, 0, 0, 0, 0, 0, 
2025-12-28 12:48:52.518930|{tx-557} :-BBB.............
2025-12-28 12:48:52.688655|{rx-558} 1, 0, 0, 3, 559, 559, 0, 0, 0, 0, 0, 1, 0, 1, 1
2025-12-28 12:48:52.693569|{rssi-558} 111, -53, -127, -127, -127, 111, 111, 111, 111, 111, 111, 111, 111, 111, 111, 111, 111, 111, 
2025-12-28 12:48:52.702224|{td-558} 0, -15, 0, 0, 0, 0, 0, 0, 0, 0, 0, 0, 0, 0, 0, 0, 0, 0, 
2025-12-28 12:48:52.708028|{tx-558} :-BBB.............
2025-12-28 12:48:52.879212|{rx-559} 1, 0, 0, 3, 560, 560, 0, 0, 0, 0, 0, 1, 0, 1, 1
2025-12-28 12:48:52.883460|{rssi-559} 111, -53, -127, -127, -127, 111, 111, 111, 111, 111, 111, 111, 111, 111, 111, 111, 111, 111, 
2025-12-28 12:48:52.892923|{td-559} 0, -13, 0, 0, 0, 0, 0, 0, 0, 0, 0, 0, 0, 0, 0, 0, 0, 0, 
2025-12-28 12:48:52.898985|{tx-559} :-BBB.............
2025-12-28 12:48:53.068755|{rx-560} 1, 0, 0, 3, 561, 561, 0, 0, 0, 0, 0, 1, 0, 1, 1
2025-12-28 12:48:53.072212|{rssi-560} 111, -53, -127, -127, -127, 111, 111, 111, 111, 111, 111, 111, 111, 111, 111, 111, 111, 111, 
2025-12-28 12:48:53.082539|{td-560} 0, -13, 0, 0, 0, 0, 0, 0, 0, 0, 0, 0, 0, 0, 0, 0, 0, 0, 
2025-12-28 12:48:53.088095|{tx-560} :-BBB.............
2025-12-28 12:48:53.258881|{rx-561} 1, 0, 0, 3, 562, 562, 0, 0, 0, 0, 0, 1, 0, 1, 1
2025-12-28 12:48:53.263093|{rssi-561} 111, -53, -127, -127, -127, 111, 111, 111, 111, 111, 111, 111, 111, 111, 111, 111, 111, 111, 
2025-12-28 12:48:53.272995|{td-561} 0, -15, 0, 0, 0, 0, 0, 0, 0, 0, 0, 0, 0, 0, 0, 0, 0, 0, 
2025-12-28 12:48:53.277181|{tx-561} :-BBB.............
2025-12-28 12:48:53.448681|{rx-562} 1, 0, 0, 3, 563, 563, 0, 0, 0, 0, 0, 1, 0, 1, 1
2025-12-28 12:48:53.453312|{rssi-562} 111, -53, -127, -127, -127, 111, 111, 111, 111, 111, 111, 111, 111, 111, 111, 111, 111, 111, 
2025-12-28 12:48:53.463121|{td-562} 0, -13, 0, 0, 0, 0, 0, 0, 0, 0, 0, 0, 0, 0, 0, 0, 0, 0, 
2025-12-28 12:48:53.468579|{tx-562} :-BBB.............
2025-12-28 12:48:53.637812|{rx-563} 1, 0, 0, 3, 564, 564, 0, 0, 0, 0, 0, 1, 0, 1, 1
2025-12-28 12:48:53.645931|{rssi-563} 111, -53, -127, -127, -127, 111, 111, 111, 111, 111, 111, 111, 111, 111, 111, 111, 111, 111, 
2025-12-28 12:48:53.651939|{td-563} 0, -15, 0, 0, 0, 0, 0, 0, 0, 0, 0, 0, 0, 0, 0, 0, 0, 0, 
2025-12-28 12:48:53.657484|{tx-563} :-BBB.............
2025-12-28 12:48:53.828465|{rx-564} 1, 0, 0, 3, 565, 565, 0, 0, 0, 0, 0, 1, 0, 1, 1
2025-12-28 12:48:53.833075|{rssi-564} 111, -53, -127, -127, -127, 111, 111, 111, 111, 111, 111, 111, 111, 111, 111, 111, 111, 111, 
2025-12-28 12:48:53.841468|{td-564} 0, -15, 0, 0, 0, 0, 0, 0, 0, 0, 0, 0, 0, 0, 0, 0, 0, 0, 
2025-12-28 12:48:53.847762|{tx-564} :-BBB.............
2025-12-28 12:48:54.018602|{rx-565} 1, 0, 0, 3, 566, 566, 0, 0, 0, 0, 0, 1, 0, 1, 1
2025-12-28 12:48:54.023097|{rssi-565} 111, -53, -127, -127, -127, 111, 111, 111, 111, 111, 111, 111, 111, 111, 111, 111, 111, 111, 
2025-12-28 12:48:54.031795|{td-565} 0, -13, 0, 0, 0, 0, 0, 0, 0, 0, 0, 0, 0, 0, 0, 0, 0, 0, 
2025-12-28 12:48:54.052057|{tx-565} :-BBB.............
2025-12-28 12:48:54.208763|{rx-566} 1, 0, 0, 3, 567, 567, 0, 0, 0, 0, 0, 1, 0, 1, 1
2025-12-28 12:48:54.212938|{rssi-566} 111, -53, -127, -127, -127, 111, 111, 111, 111, 111, 111, 111, 111, 111, 111, 111, 111, 111, 
2025-12-28 12:48:54.222146|{td-566} 0, -13, 0, 0, 0, 0, 0, 0, 0, 0, 0, 0, 0, 0, 0, 0, 0, 0, 
2025-12-28 12:48:54.229040|{tx-566} :-BBB.............
2025-12-28 12:48:54.398214|{rx-567} 1, 0, 0, 3, 568, 568, 0, 0, 0, 0, 0, 1, 0, 1, 1
2025-12-28 12:48:54.402182|{rssi-567} 111, -53, -127, -127, -127, 111, 111, 111, 111, 111, 111, 111, 111, 111, 111, 111, 111, 111, 
2025-12-28 12:48:54.411300|{td-567} 0, -15, 0, 0, 0, 0, 0, 0, 0, 0, 0, 0, 0, 0, 0, 0, 0, 0, 
2025-12-28 12:48:54.423077|{tx-567} :-BBB.............
2025-12-28 12:48:54.588808|{rx-568} 1, 0, 0, 3, 569, 569, 0, 0, 0, 0, 0, 1, 0, 1, 1
2025-12-28 12:48:54.593272|{rssi-568} 111, -53, -127, -127, -127, 111, 111, 111, 111, 111, 111, 111, 111, 111, 111, 111, 111, 111, 
2025-12-28 12:48:54.602475|{td-568} 0, -13, 0, 0, 0, 0, 0, 0, 0, 0, 0, 0, 0, 0, 0, 0, 0, 0, 
2025-12-28 12:48:54.608326|{tx-568} :-BBB.............
2025-12-28 12:48:54.779117|{rx-569} 1, 0, 0, 3, 570, 570, 0, 0, 0, 0, 0, 1, 0, 1, 1
2025-12-28 12:48:54.782996|{rssi-569} 111, -53, -127, -127, -127, 111, 111, 111, 111, 111, 111, 111, 111, 111, 111, 111, 111, 111, 
2025-12-28 12:48:54.791771|{td-569} 0, -15, 0, 0, 0, 0, 0, 0, 0, 0, 0, 0, 0, 0, 0, 0, 0, 0, 
2025-12-28 12:48:54.797431|{tx-569} :-BBB.............
2025-12-28 12:48:54.969321|{rx-570} 1, 0, 0, 3, 571, 571, 0, 0, 0, 0, 0, 1, 0, 1, 1
2025-12-28 12:48:54.972828|{rssi-570} 111, -53, -127, -127, -127, 111, 111, 111, 111, 111, 111, 111, 111, 111, 111, 111, 111, 111, 
2025-12-28 12:48:54.981845|{td-570} 0, -13, 0, 0, 0, 0, 0, 0, 0, 0, 0, 0, 0, 0, 0, 0, 0, 0, 
2025-12-28 12:48:54.988745|{tx-570} :-BBB.............
2025-12-28 12:48:55.158805|{rx-571} 1, 0, 0, 3, 572, 572, 0, 0, 0, 0, 0, 1, 0, 1, 1
2025-12-28 12:48:55.162729|{rssi-571} 111, -53, -127, -127, -127, 111, 111, 111, 111, 111, 111, 111, 111, 111, 111, 111, 111, 111, 
2025-12-28 12:48:55.172262|{td-571} 0, -15, 0, 0, 0, 0, 0, 0, 0, 0, 0, 0, 0, 0, 0, 0, 0, 0, 
2025-12-28 12:48:55.178762|{tx-571} :-BBB.............
2025-12-28 12:48:55.349142|{rx-572} 1, 0, 0, 3, 573, 573, 0, 0, 0, 0, 0, 1, 0, 1, 1
2025-12-28 12:48:55.352996|{rssi-572} 111, -53, -127, -127, -127, 111, 111, 111, 111, 111, 111, 111, 111, 111, 111, 111, 111, 111, 
2025-12-28 12:48:55.362446|{td-572} 0, -15, 0, 0, 0, 0, 0, 0, 0, 0, 0, 0, 0, 0, 0, 0, 0, 0, 
2025-12-28 12:48:55.369045|{tx-572} :-BBB.............
2025-12-28 12:48:55.538595|{rx-573} 1, 0, 0, 3, 574, 574, 0, 0, 0, 0, 0, 1, 0, 1, 1
2025-12-28 12:48:55.542476|{rssi-573} 111, -53, -127, -127, -127, 111, 111, 111, 111, 111, 111, 111, 111, 111, 111, 111, 111, 111, 
2025-12-28 12:48:55.552364|{td-573} 0, -13, 0, 0, 0, 0, 0, 0, 0, 0, 0, 0, 0, 0, 0, 0, 0, 0, 
2025-12-28 12:48:55.556947|{tx-573} :-BBB.............
2025-12-28 12:48:55.728611|{rx-574} 1, 0, 0, 3, 575, 575, 0, 0, 0, 0, 0, 1, 0, 1, 1
2025-12-28 12:48:55.732425|{rssi-574} 111, -53, -127, -127, -127, 111, 111, 111, 111, 111, 111, 111, 111, 111, 111, 111, 111, 111, 
2025-12-28 12:48:55.742162|{td-574} 0, -15, 0, 0, 0, 0, 0, 0, 0, 0, 0, 0, 0, 0, 0, 0, 0, 0, 
2025-12-28 12:48:55.748104|{tx-574} :-BBB.............
2025-12-28 12:48:55.918265|{rx-575} 1, 0, 0, 3, 576, 576, 0, 0, 0, 0, 0, 1, 0, 1, 1
2025-12-28 12:48:55.923223|{rssi-575} 111, -53, -127, -127, -127, 111, 111, 111, 111, 111, 111, 111, 111, 111, 111, 111, 111, 111, 
2025-12-28 12:48:55.932062|{td-575} 0, -13, 0, 0, 0, 0, 0, 0, 0, 0, 0, 0, 0, 0, 0, 0, 0, 0, 
2025-12-28 12:48:55.937091|{tx-575} :-BBB.............
2025-12-28 12:48:56.107155|{rx-576} 1, 0, 0, 3, 577, 577, 0, 0, 0, 0, 0, 1, 0, 1, 1
2025-12-28 12:48:56.112612|{rssi-576} 111, -53, -127, -127, -127, 111, 111, 111, 111, 111, 111, 111, 111, 111, 111, 111, 111, 111, 
2025-12-28 12:48:56.122112|{td-576} 0, -15, 0, 0, 0, 0, 0, 0, 0, 0, 0, 0, 0, 0, 0, 0, 0, 0, 
2025-12-28 12:48:56.128474|{tx-576} :-BBB.............
2025-12-28 12:48:56.298080|{rx-577} 1, 0, 0, 3, 578, 578, 0, 0, 0, 0, 0, 1, 0, 1, 1
2025-12-28 12:48:56.302528|{rssi-577} 111, -53, -127, -127, -127, 111, 111, 111, 111, 111, 111, 111, 111, 111, 111, 111, 111, 111, 
2025-12-28 12:48:56.312135|{td-577} 0, -13, 0, 0, 0, 0, 0, 0, 0, 0, 0, 0, 0, 0, 0, 0, 0, 0, 
2025-12-28 12:48:56.318359|{tx-577} :-BBB.............
2025-12-28 12:48:56.488071|{rx-578} 1, 0, 0, 3, 579, 579, 0, 0, 0, 0, 0, 1, 0, 1, 1
2025-12-28 12:48:56.492984|{rssi-578} 111, -53, -127, -127, -127, 111, 111, 111, 111, 111, 111, 111, 111, 111, 111, 111, 111, 111, 
2025-12-28 12:48:56.501102|{td-578} 0, -15, 0, 0, 0, 0, 0, 0, 0, 0, 0, 0, 0, 0, 0, 0, 0, 0, 
2025-12-28 12:48:56.506921|{tx-578} :-BBB.............
2025-12-28 12:48:56.677065|{rx-579} 1, 0, 0, 3, 580, 580, 0, 0, 0, 0, 0, 1, 0, 1, 1
2025-12-28 12:48:56.682789|{rssi-579} 111, -53, -127, -127, -127, 111, 111, 111, 111, 111, 111, 111, 111, 111, 111, 111, 111, 111, 
2025-12-28 12:48:56.692163|{td-579} 0, -13, 0, 0, 0, 0, 0, 0, 0, 0, 0, 0, 0, 0, 0, 0, 0, 0, 
2025-12-28 12:48:56.697483|{tx-579} :-BBB.............
2025-12-28 12:48:56.867034|{rx-580} 1, 0, 0, 3, 581, 581, 0, 0, 0, 0, 0, 1, 0, 1, 1
2025-12-28 12:48:56.873284|{rssi-580} 111, -53, -127, -127, -127, 111, 111, 111, 111, 111, 111, 111, 111, 111, 111, 111, 111, 111, 
2025-12-28 12:48:56.881350|{td-580} 0, -15, 0, 0, 0, 0, 0, 0, 0, 0, 0, 0, 0, 0, 0, 0, 0, 0, 
2025-12-28 12:48:56.886399|{tx-580} :-BBB.............
2025-12-28 12:48:57.057868|{rx-581} 1, 0, 0, 3, 582, 582, 0, 0, 0, 0, 0, 1, 0, 1, 1
2025-12-28 12:48:57.062438|{rssi-581} 111, -53, -127, -127, -127, 111, 111, 111, 111, 111, 111, 111, 111, 111, 111, 111, 111, 111, 
2025-12-28 12:48:57.072051|{td-581} 0, -13, 0, 0, 0, 0, 0, 0, 0, 0, 0, 0, 0, 0, 0, 0, 0, 0, 
2025-12-28 12:48:57.076852|{tx-581} :-BBB.............
2025-12-28 12:48:57.248885|{rx-582} 1, 0, 0, 3, 583, 583, 0, 0, 0, 0, 0, 1, 0, 1, 1
2025-12-28 12:48:57.252858|{rssi-582} 111, -53, -127, -127, -127, 111, 111, 111, 111, 111, 111, 111, 111, 111, 111, 111, 111, 111, 
2025-12-28 12:48:57.260947|{td-582} 0, -15, 0, 0, 0, 0, 0, 0, 0, 0, 0, 0, 0, 0, 0, 0, 0, 0, 
2025-12-28 12:48:57.268460|{tx-582} :-BBB.............
2025-12-28 12:48:57.438028|{rx-583} 1, 0, 0, 3, 584, 584, 0, 0, 0, 0, 0, 1, 0, 1, 1
2025-12-28 12:48:57.442238|{rssi-583} 111, -53, -127, -127, -127, 111, 111, 111, 111, 111, 111, 111, 111, 111, 111, 111, 111, 111, 
2025-12-28 12:48:57.451851|{td-583} 0, -13, 0, 0, 0, 0, 0, 0, 0, 0, 0, 0, 0, 0, 0, 0, 0, 0, 
2025-12-28 12:48:57.456831|{tx-583} :-BBB.............
2025-12-28 12:48:57.628505|{rx-584} 1, 0, 0, 3, 585, 585, 0, 0, 0, 0, 0, 1, 0, 1, 1
2025-12-28 12:48:57.632778|{rssi-584} 111, -53, -127, -127, -127, 111, 111, 111, 111, 111, 111, 111, 111, 111, 111, 111, 111, 111, 
2025-12-28 12:48:57.640923|{td-584} 0, -15, 0, 0, 0, 0, 0, 0, 0, 0, 0, 0, 0, 0, 0, 0, 0, 0, 
2025-12-28 12:48:57.647928|{tx-584} :-BBB.............
2025-12-28 12:48:57.817288|{rx-585} 1, 0, 0, 3, 586, 586, 0, 0, 0, 0, 0, 1, 0, 1, 1
2025-12-28 12:48:57.822597|{rssi-585} 111, -53, -127, -127, -127, 111, 111, 111, 111, 111, 111, 111, 111, 111, 111, 111, 111, 111, 
2025-12-28 12:48:57.831221|{td-585} 0, -13, 0, 0, 0, 0, 0, 0, 0, 0, 0, 0, 0, 0, 0, 0, 0, 0, 
2025-12-28 12:48:57.838342|{tx-585} :-BBB.............
2025-12-28 12:48:58.007212|{rx-586} 1, 0, 0, 3, 587, 587, 0, 0, 0, 0, 0, 1, 0, 1, 1
2025-12-28 12:48:58.012667|{rssi-586} 111, -53, -127, -127, -127, 111, 111, 111, 111, 111, 111, 111, 111, 111, 111, 111, 111, 111, 
2025-12-28 12:48:58.021922|{td-586} 0, -15, 0, 0, 0, 0, 0, 0, 0, 0, 0, 0, 0, 0, 0, 0, 0, 0, 
2025-12-28 12:48:58.026739|{tx-586} :-BBB.............
2025-12-28 12:48:58.197352|{rx-587} 1, 0, 0, 3, 588, 588, 0, 0, 0, 0, 0, 1, 0, 1, 1
2025-12-28 12:48:58.202574|{rssi-587} 111, -53, -127, -127, -127, 111, 111, 111, 111, 111, 111, 111, 111, 111, 111, 111, 111, 111, 
2025-12-28 12:48:58.210999|{td-587} 0, -13, 0, 0, 0, 0, 0, 0, 0, 0, 0, 0, 0, 0, 0, 0, 0, 0, 
2025-12-28 12:48:58.216578|{tx-587} :-BBB.............
2025-12-28 12:48:58.388054|{rx-588} 1, 0, 0, 3, 589, 589, 0, 0, 0, 0, 0, 1, 0, 1, 1
2025-12-28 12:48:58.392166|{rssi-588} 111, -53, -127, -127, -127, 111, 111, 111, 111, 111, 111, 111, 111, 111, 111, 111, 111, 111, 
2025-12-28 12:48:58.401608|{td-588} 0, -15, 0, 0, 0, 0, 0, 0, 0, 0, 0, 0, 0, 0, 0, 0, 0, 0, 
2025-12-28 12:48:58.407303|{tx-588} :-BBB.............
2025-12-28 12:48:58.577068|{rx-589} 1, 0, 0, 3, 590, 590, 0, 0, 0, 0, 0, 1, 0, 1, 1
2025-12-28 12:48:58.582489|{rssi-589} 111, -53, -127, -127, -127, 111, 111, 111, 111, 111, 111, 111, 111, 111, 111, 111, 111, 111, 
2025-12-28 12:48:58.591658|{td-589} 0, -13, 0, 0, 0, 0, 0, 0, 0, 0, 0, 0, 0, 0, 0, 0, 0, 0, 
2025-12-28 12:48:58.596828|{tx-589} :-BBB.............
2025-12-28 12:48:58.768707|{rx-590} 1, 0, 0, 3, 591, 591, 0, 0, 0, 0, 0, 1, 0, 1, 1
2025-12-28 12:48:58.775924|{rssi-590} 111, -53, -127, -127, -127, 111, 111, 111, 111, 111, 111, 111, 111, 111, 111, 111, 111, 111, 
2025-12-28 12:48:58.781520|{td-590} 0, -15, 0, 0, 0, 0, 0, 0, 0, 0, 0, 0, 0, 0, 0, 0, 0, 0, 
2025-12-28 12:48:58.787235|{tx-590} :-BBB.............
2025-12-28 12:48:58.957863|{rx-591} 1, 0, 0, 3, 592, 592, 0, 0, 0, 0, 0, 1, 0, 1, 1
2025-12-28 12:48:58.962164|{rssi-591} 111, -53, -127, -127, -127, 111, 111, 111, 111, 111, 111, 111, 111, 111, 111, 111, 111, 111, 
2025-12-28 12:48:58.971699|{td-591} 0, -13, 0, 0, 0, 0, 0, 0, 0, 0, 0, 0, 0, 0, 0, 0, 0, 0, 
2025-12-28 12:48:58.977302|{tx-591} :-BBB.............
2025-12-28 12:48:59.147273|{rx-592} 1, 0, 0, 3, 593, 593, 0, 0, 0, 0, 0, 1, 0, 1, 1
2025-12-28 12:48:59.152272|{rssi-592} 111, -53, -127, -127, -127, 111, 111, 111, 111, 111, 111, 111, 111, 111, 111, 111, 111, 111, 
2025-12-28 12:48:59.162187|{td-592} 0, -15, 0, 0, 0, 0, 0, 0, 0, 0, 0, 0, 0, 0, 0, 0, 0, 0, 
2025-12-28 12:48:59.166590|{tx-592} :-BBB.............
2025-12-28 12:48:59.338235|{rx-593} 1, 0, 0, 3, 594, 594, 0, 0, 0, 0, 0, 1, 0, 1, 1
2025-12-28 12:48:59.342161|{rssi-593} 111, -53, -127, -127, -127, 111, 111, 111, 111, 111, 111, 111, 111, 111, 111, 111, 111, 111, 
2025-12-28 12:48:59.351403|{td-593} 0, -13, 0, 0, 0, 0, 0, 0, 0, 0, 0, 0, 0, 0, 0, 0, 0, 0, 
2025-12-28 12:48:59.357991|{tx-593} :-BBB.............
2025-12-28 12:48:59.528221|{rx-594} 1, 0, 0, 3, 595, 595, 0, 0, 0, 0, 0, 1, 0, 1, 1
2025-12-28 12:48:59.531082|{rssi-594} 111, -53, -127, -127, -127, 111, 111, 111, 111, 111, 111, 111, 111, 111, 111, 111, 111, 111, 
2025-12-28 12:48:59.541650|{td-594} 0, -15, 0, 0, 0, 0, 0, 0, 0, 0, 0, 0, 0, 0, 0, 0, 0, 0, 
2025-12-28 12:48:59.547496|{tx-594} :-BBB.............
2025-12-28 12:48:59.717079|{rx-595} 1, 0, 0, 3, 596, 596, 0, 0, 0, 0, 0, 1, 0, 1, 1
2025-12-28 12:48:59.721361|{rssi-595} 111, -53, -127, -127, -127, 111, 111, 111, 111, 111, 111, 111, 111, 111, 111, 111, 111, 111, 
2025-12-28 12:48:59.731541|{td-595} 0, -13, 0, 0, 0, 0, 0, 0, 0, 0, 0, 0, 0, 0, 0, 0, 0, 0, 
2025-12-28 12:48:59.736412|{tx-595} :-BBB.............
2025-12-28 12:48:59.906967|{rx-596} 1, 0, 0, 3, 597, 597, 0, 0, 0, 0, 0, 1, 0, 1, 1
2025-12-28 12:48:59.912291|{rssi-596} 111, -53, -127, -127, -127, 111, 111, 111, 111, 111, 111, 111, 111, 111, 111, 111, 111, 111, 
2025-12-28 12:48:59.921301|{td-596} 0, -15, 0, 0, 0, 0, 0, 0, 0, 0, 0, 0, 0, 0, 0, 0, 0, 0, 
2025-12-28 12:48:59.926650|{tx-596} :-BBB.............
2025-12-28 12:49:00.097031|{rx-597} 1, 0, 0, 3, 598, 598, 0, 0, 0, 0, 0, 1, 0, 1, 1
2025-12-28 12:49:00.101719|{rssi-597} 111, -53, -127, -127, -127, 111, 111, 111, 111, 111, 111, 111, 111, 111, 111, 111, 111, 111, 
2025-12-28 12:49:00.111695|{td-597} 0, -13, 0, 0, 0, 0, 0, 0, 0, 0, 0, 0, 0, 0, 0, 0, 0, 0, 
2025-12-28 12:49:00.116348|{tx-597} :-BBB.............
2025-12-28 12:49:00.288008|{rx-598} 1, 0, 0, 3, 599, 599, 0, 0, 0, 0, 0, 1, 0, 1, 1
2025-12-28 12:49:00.291947|{rssi-598} 111, -53, -127, -127, -127, 111, 111, 111, 111, 111, 111, 111, 111, 111, 111, 111, 111, 111, 
2025-12-28 12:49:00.301043|{td-598} 0, -15, 0, 0, 0, 0, 0, 0, 0, 0, 0, 0, 0, 0, 0, 0, 0, 0, 
2025-12-28 12:49:00.306350|{tx-598} :-BBB.............
2025-12-28 12:49:00.478583|{rx-599} 1, 0, 0, 3, 600, 600, 0, 0, 0, 0, 0, 1, 0, 1, 1
2025-12-28 12:49:00.482478|{rssi-599} 111, -53, -127, -127, -127, 111, 111, 111, 111, 111, 111, 111, 111, 111, 111, 111, 111, 111, 
2025-12-28 12:49:00.491408|{td-599} 0, -13, 0, 0, 0, 0, 0, 0, 0, 0, 0, 0, 0, 0, 0, 0, 0, 0, 
2025-12-28 12:49:00.497144|{tx-599} :-BBB.............
2025-12-28 12:49:00.668041|{rx-600} 1, 0, 0, 3, 601, 601, 0, 0, 0, 0, 0, 1, 0, 1, 1
2025-12-28 12:49:00.672051|{rssi-600} 111, -53, -127, -127, -127, 111, 111, 111, 111, 111, 111, 111, 111, 111, 111, 111, 111, 111, 
2025-12-28 12:49:00.681559|{td-600} 0, -15, 0, 0, 0, 0, 0, 0, 0, 0, 0, 0, 0, 0, 0, 0, 0, 0, 
2025-12-28 12:49:00.686926|{tx-600} :-BBB.............
2025-12-28 12:49:00.857881|{rx-601} 1, 0, 0, 3, 602, 602, 0, 0, 0, 0, 0, 1, 0, 1, 1
2025-12-28 12:49:00.862162|{rssi-601} 111, -53, -127, -127, -127, 111, 111, 111, 111, 111, 111, 111, 111, 111, 111, 111, 111, 111, 
2025-12-28 12:49:00.871099|{td-601} 0, -13, 0, 0, 0, 0, 0, 0, 0, 0, 0, 0, 0, 0, 0, 0, 0, 0, 
2025-12-28 12:49:00.877019|{tx-601} :-BBB.............
2025-12-28 12:49:01.049198|{rx-602} 1, 0, 0, 3, 603, 603, 0, 0, 0, 0, 0, 1, 0, 1, 1
2025-12-28 12:49:01.052005|{rssi-602} 111, -53, -127, -127, -127, 111, 111, 111, 111, 111, 111, 111, 111, 111, 111, 111, 111, 111, 
2025-12-28 12:49:01.061591|{td-602} 0, -15, 0, 0, 0, 0, 0, 0, 0, 0, 0, 0, 0, 0, 0, 0, 0, 0, 
2025-12-28 12:49:01.066532|{tx-602} :-BBB.............
2025-12-28 12:49:01.236697|{rx-603} 1, 0, 0, 3, 604, 604, 0, 0, 0, 0, 0, 1, 0, 1, 1
2025-12-28 12:49:01.241450|{rssi-603} 111, -53, -127, -127, -127, 111, 111, 111, 111, 111, 111, 111, 111, 111, 111, 111, 111, 111, 
2025-12-28 12:49:01.251038|{td-603} 0, -13, 0, 0, 0, 0, 0, 0, 0, 0, 0, 0, 0, 0, 0, 0, 0, 0, 
2025-12-28 12:49:01.256671|{tx-603} :-BBB.............
2025-12-28 12:49:01.427007|{rx-604} 1, 0, 0, 3, 605, 605, 0, 0, 0, 0, 0, 1, 0, 1, 1
2025-12-28 12:49:01.431667|{rssi-604} 111, -53, -127, -127, -127, 111, 111, 111, 111, 111, 111, 111, 111, 111, 111, 111, 111, 111, 
2025-12-28 12:49:01.441121|{td-604} 0, -15, 0, 0, 0, 0, 0, 0, 0, 0, 0, 0, 0, 0, 0, 0, 0, 0, 
2025-12-28 12:49:01.447307|{tx-604} :-BBB.............
2025-12-28 12:49:01.616530|{rx-605} 1, 0, 0, 3, 606, 606, 0, 0, 0, 0, 0, 1, 0, 1, 1
2025-12-28 12:49:01.621054|{rssi-605} 111, -53, -127, -127, -127, 111, 111, 111, 111, 111, 111, 111, 111, 111, 111, 111, 111, 111, 
2025-12-28 12:49:01.631474|{td-605} 0, -13, 0, 0, 0, 0, 0, 0, 0, 0, 0, 0, 0, 0, 0, 0, 0, 0, 
2025-12-28 12:49:01.636092|{tx-605} :-BBB.............
2025-12-28 12:49:01.806619|{rx-606} 1, 0, 0, 3, 607, 607, 0, 0, 0, 0, 0, 1, 0, 1, 1
2025-12-28 12:49:01.812310|{rssi-606} 111, -53, -127, -127, -127, 111, 111, 111, 111, 111, 111, 111, 111, 111, 111, 111, 111, 111, 
2025-12-28 12:49:01.821208|{td-606} 0, -15, 0, 0, 0, 0, 0, 0, 0, 0, 0, 0, 0, 0, 0, 0, 0, 0, 
2025-12-28 12:49:01.827167|{tx-606} :-BBB.............
2025-12-28 12:49:01.995850|{rx-607} 1, 0, 0, 3, 608, 608, 0, 0, 0, 0, 0, 1, 0, 1, 1
2025-12-28 12:49:02.002509|{rssi-607} 111, -53, -127, -127, -127, 111, 111, 111, 111, 111, 111, 111, 111, 111, 111, 111, 111, 111, 
2025-12-28 12:49:02.011160|{td-607} 0, -13, 0, 0, 0, 0, 0, 0, 0, 0, 0, 0, 0, 0, 0, 0, 0, 0, 
2025-12-28 12:49:02.015437|{tx-607} :-BBB.............
2025-12-28 12:49:02.186444|{rx-608} 1, 0, 0, 3, 609, 609, 0, 0, 0, 0, 0, 1, 0, 1, 1
2025-12-28 12:49:02.190983|{rssi-608} 111, -53, -127, -127, -127, 111, 111, 111, 111, 111, 111, 111, 111, 111, 111, 111, 111, 111, 
2025-12-28 12:49:02.200675|{td-608} 0, -15, 0, 0, 0, 0, 0, 0, 0, 0, 0, 0, 0, 0, 0, 0, 0, 0, 
2025-12-28 12:49:02.206866|{tx-608} :-BBB.............
2025-12-28 12:49:02.375893|{rx-609} 1, 0, 0, 3, 610, 610, 0, 0, 0, 0, 0, 1, 0, 1, 1
2025-12-28 12:49:02.382833|{rssi-609} 111, -53, -127, -127, -127, 111, 111, 111, 111, 111, 111, 111, 111, 111, 111, 111, 111, 111, 
2025-12-28 12:49:02.392230|{td-609} 0, -13, 0, 0, 0, 0, 0, 0, 0, 0, 0, 0, 0, 0, 0, 0, 0, 0, 
2025-12-28 12:49:02.397273|{tx-609} :-BBB.............
2025-12-28 12:49:02.565931|{rx-610} 1, 0, 0, 3, 611, 611, 0, 0, 0, 0, 0, 1, 0, 1, 1
2025-12-28 12:49:02.572516|{rssi-610} 111, -53, -127, -127, -127, 111, 111, 111, 111, 111, 111, 111, 111, 111, 111, 111, 111, 111, 
2025-12-28 12:49:02.580964|{td-610} 0, -15, 0, 0, 0, 0, 0, 0, 0, 0, 0, 0, 0, 0, 0, 0, 0, 0, 
2025-12-28 12:49:02.585994|{tx-610} :-BBB.............
2025-12-28 12:49:02.756161|{rx-611} 1, 0, 0, 3, 612, 612, 0, 0, 0, 0, 0, 1, 0, 1, 1
2025-12-28 12:49:02.761084|{rssi-611} 111, -53, -127, -127, -127, 111, 111, 111, 111, 111, 111, 111, 111, 111, 111, 111, 111, 111, 
2025-12-28 12:49:02.770719|{td-611} 0, -13, 0, 0, 0, 0, 0, 0, 0, 0, 0, 0, 0, 0, 0, 0, 0, 0, 
2025-12-28 12:49:02.776804|{tx-611} :-BBB.............
2025-12-28 12:49:02.946041|{rx-612} 1, 0, 0, 3, 613, 613, 0, 0, 0, 0, 0, 1, 0, 1, 1
2025-12-28 12:49:02.951756|{rssi-612} 111, -53, -127, -127, -127, 111, 111, 111, 111, 111, 111, 111, 111, 111, 111, 111, 111, 111, 
2025-12-28 12:49:02.961187|{td-612} 0, -15, 0, 0, 0, 0, 0, 0, 0, 0, 0, 0, 0, 0, 0, 0, 0, 0, 
2025-12-28 12:49:02.966407|{tx-612} :-BBB.............
2025-12-28 12:49:03.136840|{rx-613} 1, 0, 0, 3, 614, 614, 0, 0, 0, 0, 0, 1, 0, 1, 1
2025-12-28 12:49:03.141346|{rssi-613} 111, -53, -127, -127, -127, 111, 111, 111, 111, 111, 111, 111, 111, 111, 111, 111, 111, 111, 
2025-12-28 12:49:03.150882|{td-613} 0, -13, 0, 0, 0, 0, 0, 0, 0, 0, 0, 0, 0, 0, 0, 0, 0, 0, 
2025-12-28 12:49:03.156322|{tx-613} :-BBB.............
2025-12-28 12:49:03.326576|{rx-614} 1, 0, 0, 3, 615, 615, 0, 0, 0, 0, 0, 1, 0, 1, 1
2025-12-28 12:49:03.331586|{rssi-614} 111, -53, -127, -127, -127, 111, 111, 111, 111, 111, 111, 111, 111, 111, 111, 111, 111, 111, 
2025-12-28 12:49:03.341094|{td-614} 0, -15, 0, 0, 0, 0, 0, 0, 0, 0, 0, 0, 0, 0, 0, 0, 0, 0, 
2025-12-28 12:49:03.345612|{tx-614} :-BBB.............
2025-12-28 12:49:03.516494|{rx-615} 1, 0, 0, 3, 616, 616, 0, 0, 0, 0, 0, 1, 0, 1, 1
2025-12-28 12:49:03.521829|{rssi-615} 111, -53, -127, -127, -127, 111, 111, 111, 111, 111, 111, 111, 111, 111, 111, 111, 111, 111, 
2025-12-28 12:49:03.531180|{td-615} 0, -13, 0, 0, 0, 0, 0, 0, 0, 0, 0, 0, 0, 0, 0, 0, 0, 0, 
2025-12-28 12:49:03.535614|{tx-615} :-BBB.............
2025-12-28 12:49:03.707057|{rx-616} 1, 0, 0, 3, 617, 617, 0, 0, 0, 0, 0, 1, 0, 1, 1
2025-12-28 12:49:03.711650|{rssi-616} 111, -53, -127, -127, -127, 111, 111, 111, 111, 111, 111, 111, 111, 111, 111, 111, 111, 111, 
2025-12-28 12:49:03.720636|{td-616} 0, -15, 0, 0, 0, 0, 0, 0, 0, 0, 0, 0, 0, 0, 0, 0, 0, 0, 
2025-12-28 12:49:03.725545|{tx-616} :-BBB.............
2025-12-28 12:49:03.896079|{rx-617} 1, 0, 0, 3, 618, 618, 0, 0, 0, 0, 0, 1, 0, 1, 1
2025-12-28 12:49:03.904915|{rssi-617} 111, -53, -127, -127, -127, 111, 111, 111, 111, 111, 111, 111, 111, 111, 111, 111, 111, 111, 
2025-12-28 12:49:03.911707|{td-617} 0, -13, 0, 0, 0, 0, 0, 0, 0, 0, 0, 0, 0, 0, 0, 0, 0, 0, 
2025-12-28 12:49:03.918906|{tx-617} :-BBB.............
2025-12-28 12:49:04.086954|{rx-618} 1, 0, 0, 3, 619, 619, 0, 0, 0, 0, 0, 1, 0, 1, 1
2025-12-28 12:49:04.091095|{rssi-618} 111, -53, -127, -127, -127, 111, 111, 111, 111, 111, 111, 111, 111, 111, 111, 111, 111, 111, 
2025-12-28 12:49:04.100908|{td-618} 0, -15, 0, 0, 0, 0, 0, 0, 0, 0, 0, 0, 0, 0, 0, 0, 0, 0, 
2025-12-28 12:49:04.105592|{tx-618} :-BBB.............
2025-12-28 12:49:04.277204|{rx-619} 1, 0, 0, 3, 620, 620, 0, 0, 0, 0, 0, 1, 0, 1, 1
2025-12-28 12:49:04.281001|{rssi-619} 111, -53, -127, -127, -127, 111, 111, 111, 111, 111, 111, 111, 111, 111, 111, 111, 111, 111, 
2025-12-28 12:49:04.291746|{td-619} 0, -13, 0, 0, 0, 0, 0, 0, 0, 0, 0, 0, 0, 0, 0, 0, 0, 0, 
2025-12-28 12:49:04.295336|{tx-619} :-BBB.............
2025-12-28 12:49:04.466330|{rx-620} 1, 0, 0, 3, 621, 621, 0, 0, 0, 0, 0, 1, 0, 1, 1
2025-12-28 12:49:04.472068|{rssi-620} 111, -53, -127, -127, -127, 111, 111, 111, 111, 111, 111, 111, 111, 111, 111, 111, 111, 111, 
2025-12-28 12:49:04.480981|{td-620} 0, -15, 0, 0, 0, 0, 0, 0, 0, 0, 0, 0, 0, 0, 0, 0, 0, 0, 
2025-12-28 12:49:04.486461|{tx-620} :-BBB.............
2025-12-28 12:49:04.656361|{rx-621} 1, 0, 0, 3, 622, 622, 0, 0, 0, 0, 0, 1, 0, 1, 1
2025-12-28 12:49:04.661303|{rssi-621} 111, -53, -127, -127, -127, 111, 111, 111, 111, 111, 111, 111, 111, 111, 111, 111, 111, 111, 
2025-12-28 12:49:04.670447|{td-621} 0, -13, 0, 0, 0, 0, 0, 0, 0, 0, 0, 0, 0, 0, 0, 0, 0, 0, 
2025-12-28 12:49:04.676795|{tx-621} :-BBB.............
2025-12-28 12:49:04.846539|{rx-622} 1, 0, 0, 3, 623, 623, 0, 0, 0, 0, 0, 1, 0, 1, 1
2025-12-28 12:49:04.851933|{rssi-622} 111, -53, -127, -127, -127, 111, 111, 111, 111, 111, 111, 111, 111, 111, 111, 111, 111, 111, 
2025-12-28 12:49:04.860846|{td-622} 0, -15, 0, 0, 0, 0, 0, 0, 0, 0, 0, 0, 0, 0, 0, 0, 0, 0, 
2025-12-28 12:49:04.865706|{tx-622} :-BBB.............
2025-12-28 12:49:05.036111|{rx-623} 1, 0, 0, 3, 624, 624, 0, 0, 0, 0, 0, 1, 0, 1, 1
2025-12-28 12:49:05.040975|{rssi-623} 111, -53, -127, -127, -127, 111, 111, 111, 111, 111, 111, 111, 111, 111, 111, 111, 111, 111, 
2025-12-28 12:49:05.050381|{td-623} 0, -13, 0, 0, 0, 0, 0, 0, 0, 0, 0, 0, 0, 0, 0, 0, 0, 0, 
2025-12-28 12:49:05.056330|{tx-623} :-BBB.............
2025-12-28 12:49:05.226737|{rx-624} 1, 0, 0, 3, 625, 625, 0, 0, 0, 0, 0, 1, 0, 1, 1
2025-12-28 12:49:05.231393|{rssi-624} 111, -53, -127, -127, -127, 111, 111, 111, 111, 111, 111, 111, 111, 111, 111, 111, 111, 111, 
2025-12-28 12:49:05.240698|{td-624} 0, -15, 0, 0, 0, 0, 0, 0, 0, 0, 0, 0, 0, 0, 0, 0, 0, 0, 
2025-12-28 12:49:05.244954|{tx-624} :-BBB.............
2025-12-28 12:49:05.416218|{rx-625} 1, 0, 0, 3, 626, 626, 0, 0, 0, 0, 0, 1, 0, 1, 1
2025-12-28 12:49:05.421759|{rssi-625} 111, -53, -127, -127, -127, 111, 111, 111, 111, 111, 111, 111, 111, 111, 111, 111, 111, 111, 
2025-12-28 12:49:05.429327|{td-625} 0, -13, 0, 0, 0, 0, 0, 0, 0, 0, 0, 0, 0, 0, 0, 0, 0, 0, 
2025-12-28 12:49:05.436204|{tx-625} :-BBB.............
2025-12-28 12:49:05.606200|{rx-626} 1, 0, 0, 3, 627, 627, 0, 0, 0, 0, 0, 1, 0, 1, 1
2025-12-28 12:49:05.610945|{rssi-626} 111, -53, -127, -127, -127, 111, 111, 111, 111, 111, 111, 111, 111, 111, 111, 111, 111, 111, 
2025-12-28 12:49:05.620346|{td-626} 0, -15, 0, 0, 0, 0, 0, 0, 0, 0, 0, 0, 0, 0, 0, 0, 0, 0, 
2025-12-28 12:49:05.625414|{tx-626} :-BBB.............
2025-12-28 12:49:05.697959| 