2025-12-28 12:47:05.000816|Testing
2025-12-28 12:47:06.000930|Node 0x122611e5
2025-12-28 12:47:06.686910|{rx-0} 1, 0, 0, 3, 1, 1, 0, 0, 0, 0, 0, 1, 0, 0, 0
2025-12-28 12:47:06.691435|{rssi-0} 0, -64, -127, -127, -127, 0, 0, 0, 0, 0, 0, 0, 0, 0, 0, 0, 0, 0, 
2025-12-28 12:47:06.698345|{td-0} 0, 5425570, 0, 0, 0, 0, 0, 0, 0, 0, 0, 0, 0, 0, 0, 0, 0, 0, 
2025-12-28 12:47:06.703949|{tx-0} :-BBB
2025-12-28 12:47:06.705848|#R 0, ID: 0x122611e5 19, master: 0xf2de209e, tx power: 0 dBm, channel 37 = 2405 MHz (std), msg: 39 bytes, mode: Ble_1Mbit, CE: 0, @ Dec 28 2025 11:43:06
2025-12-28 12:47:06.876583|{rx-1} 1, 0, 0, 3, 2, 2, 0, 0, 0, 0, 0, 1, 0, 1, 1
2025-12-28 12:47:06.880826|{rssi-1} 111, -64, -127, -127, -127, 111, 111, 111, 111, 111, 111, 111, 111, 111, 111, 111, 111, 111, 
2025-12-28 12:47:06.890608|{td-1} 0, -19, 0, 0, 0, 0, 0, 0, 0, 0, 0, 0, 0, 0, 0, 0, 0, 0, 
2025-12-28 12:47:06.895526|{tx-1} :-BBB.............
2025-12-28 12:47:07.067589|{rx-2} 1, 0, 0, 3, 3, 3, 0, 0, 0, 0, 0, 1, 0, 1, 1
2025-12-28 12:47:07.070907|{rssi-2} 111, -65, -127, -127, -127, 111, 111, 111, 111, 111, 111, 111, 111, 111, 111, 111, 111, 111, 
2025-12-28 12:47:07.079974|{td-2} 0, -19, 0, 0, 0, 0, 0, 0, 0, 0, 0, 0, 0, 0, 0, 0, 0, 0, 
2025-12-28 12:47:07.086087|{tx-2} :-BBB.............
2025-12-28 12:47:07.257648|{rx-3} 1, 0, 0, 3, 4, 4, 0, 0, 0, 0, 0, 1, 0, 1, 1
2025-12-28 12:47:07.261310|{rssi-3} 111, -64, -127, -127, -127, 111, 111, 111, 111, 111, 111, 111, 111, 111, 111, 111, 111, 111, 
2025-12-28 12:47:07.270787|{td-3} 0, -19, 0, 0, 0, 0, 0, 0, 0, 0, 0, 0, 0, 0, 0, 0, 0, 0, 
2025-12-28 12:47:07.275443|{tx-3} :-BBB.............
2025-12-28 12:47:07.447173|{rx-4} 1, 0, 0, 3, 5, 5, 0, 0, 0, 0, 0, 1, 0, 1, 1
2025-12-28 12:47:07.450628|{rssi-4} 111, -65, -127, -127, -127, 111, 111, 111, 111, 111, 111, 111, 111, 111, 111, 111, 111, 111, 
2025-12-28 12:47:07.460823|{td-4} 0, -21, 0, 0, 0, 0, 0, 0, 0, 0, 0, 0, 0, 0, 0, 0, 0, 0, 
2025-12-28 12:47:07.465416|{tx-4} :-BBB.............
2025-12-28 12:47:07.637390|{rx-5} 1, 0, 0, 3, 6, 6, 0, 0, 0, 0, 0, 1, 0, 1, 1
2025-12-28 12:47:07.641011|{rssi-5} 111, -64, -127, -127, -127, 111, 111, 111, 111, 111, 111, 111, 111, 111, 111, 111, 111, 111, 
2025-12-28 12:47:07.650200|{td-5} 0, -19, 0, 0, 0, 0, 0, 0, 0, 0, 0, 0, 0, 0, 0, 0, 0, 0, 
2025-12-28 12:47:07.656202|{tx-5} :-BBB.............
2025-12-28 12:47:07.827512|{rx-6} 1, 0, 0, 3, 7, 7, 0, 0, 0, 0, 0, 1, 0, 1, 1
2025-12-28 12:47:07.831430|{rssi-6} 111, -65, -127, -127, -127, 111, 111, 111, 111, 111, 111, 111, 111, 111, 111, 111, 111, 111, 
2025-12-28 12:47:07.840607|{td-6} 0, -19, 0, 0, 0, 0, 0, 0, 0, 0, 0, 0, 0, 0, 0, 0, 0, 0, 
2025-12-28 12:47:07.846449|{tx-6} :-BBB.............
2025-12-28 12:47:08.017474|{rx-7} 1, 0, 0, 3, 8, 8, 0, 0, 0, 0, 0, 1, 0, 1, 1
2025-12-28 12:47:08.021102|{rssi-7} 111, -64, -127, -127, -127, 111, 111, 111, 111, 111, 111, 111, 111, 111, 111, 111, 111, 111, 
2025-12-28 12:47:08.030542|{td-7} 0, -19, 0, 0, 0, 0, 0, 0, 0, 0, 0, 0, 0, 0, 0, 0, 0, 0, 
2025-12-28 12:47:08.035537|{tx-7} :-BBB.............
2025-12-28 12:47:08.207174|{rx-8} 1, 0, 0, 3, 9, 9, 0, 0, 0, 0, 0, 1, 0, 1, 1
2025-12-28 12:47:08.210847|{rssi-8} 111, -64, -127, -127, -127, 111, 111, 111, 111, 111, 111, 111, 111, 111, 111, 111, 111, 111, 
2025-12-28 12:47:08.220565|{td-8} 0, -19, 0, 0, 0, 0, 0, 0, 0, 0, 0, 0, 0, 0, 0, 0, 0, 0, 
2025-12-28 12:47:08.226330|{tx-8} :-BBB.............
2025-12-28 12:47:08.397247|{rx-9} 1, 0, 0, 3, 10, 10, 0, 0, 0, 0, 0, 1, 0, 1, 1
2025-12-28 12:47:08.400658|{rssi-9} 111, -64, -127, -127, -127, 111, 111, 111, 111, 111, 111, 111, 111, 111, 111, 111, 111, 111, 
2025-12-28 12:47:08.410776|{td-9} 0, -19, 0, 0, 0, 0, 0, 0, 0, 0, 0, 0, 0, 0, 0, 0, 0, 0, 
2025-12-28 12:47:08.415296|{tx-9} :-BBB.............
2025-12-28 12:47:08.587445|{rx-10} 1, 0, 0, 3, 11, 11, 0, 0, 0, 0, 0, 1, 0, 1, 1
2025-12-28 12:47:08.590999|{rssi-10} 111, -64, -127, -127, -127, 111, 111, 111, 111, 111, 111, 111, 111, 111, 111, 111, 111, 111, 
2025-12-28 12:47:08.601118|{td-10} 0, -19, 0, 0, 0, 0, 0, 0, 0, 0, 0, 0, 0, 0, 0, 0, 0, 0, 
2025-12-28 12:47:08.607005|{tx-10} :-BBB.............
2025-12-28 12:47:08.777321|{rx-11} 1, 0, 0, 3, 12, 12, 0, 0, 0, 0, 0, 1, 0, 1, 1
2025-12-28 12:47:08.781839|{rssi-11} 111, -64, -127, -127, -127, 111, 111, 111, 111, 111, 111, 111, 111, 111, 111, 111, 111, 111, 
2025-12-28 12:47:08.789873|{td-11} 0, -21, 0, 0, 0, 0, 0, 0, 0, 0, 0, 0, 0, 0, 0, 0, 0, 0, 
2025-12-28 12:47:08.796144|{tx-11} :-BBB.............
2025-12-28 12:47:08.966813|{rx-12} 1, 0, 0, 3, 13, 13, 0, 0, 0, 0, 0, 1, 0, 1, 1
2025-12-28 12:47:08.970804|{rssi-12} 111, -64, -127, -127, -127, 111, 111, 111, 111, 111, 111, 111, 111, 111, 111, 111, 111, 111, 
2025-12-28 12:47:08.980824|{td-12} 0, -19, 0, 0, 0, 0, 0, 0, 0, 0, 0, 0, 0, 0, 0, 0, 0, 0, 
2025-12-28 12:47:08.986950|{tx-12} :-BBB.............
2025-12-28 12:47:09.157370|{rx-13} 1, 0, 0, 3, 14, 14, 0, 0, 0, 0, 0, 1, 0, 1, 1
2025-12-28 12:47:09.161819|{rssi-13} 111, -64, -127, -127, -127, 111, 111, 111, 111, 111, 111, 111, 111, 111, 111, 111, 111, 111, 
2025-12-28 12:47:09.170798|{td-13} 0, -19, 0, 0, 0, 0, 0, 0, 0, 0, 0, 0, 0, 0, 0, 0, 0, 0, 
2025-12-28 12:47:09.177145|{tx-13} :-BBB.............
2025-12-28 12:47:09.347996|{rx-14} 1, 0, 0, 3, 15, 15, 0, 0, 0, 0, 0, 1, 0, 1, 1
2025-12-28 12:47:09.351315|{rssi-14} 111, -64, -127, -127, -127, 111, 111, 111, 111, 111, 111, 111, 111, 111, 111, 111, 111, 111, 
2025-12-28 12:47:09.361226|{td-14} 0, -19, 0, 0, 0, 0, 0, 0, 0, 0, 0, 0, 0, 0, 0, 0, 0, 0, 
2025-12-28 12:47:09.365806|{tx-14} :-BBB.............
2025-12-28 12:47:09.536944|{rx-15} 1, 0, 0, 3, 16, 16, 0, 0, 0, 0, 0, 1, 0, 1, 1
2025-12-28 12:47:09.541366|{rssi-15} 111, -64, -127, -127, -127, 111, 111, 111, 111, 111, 111, 111, 111, 111, 111, 111, 111, 111, 
2025-12-28 12:47:09.550807|{td-15} 0, -19, 0, 0, 0, 0, 0, 0, 0, 0, 0, 0, 0, 0, 0, 0, 0, 0, 
2025-12-28 12:47:09.556642|{tx-15} :-BBB.............
2025-12-28 12:47:09.726780|{rx-16} 1, 0, 0, 3, 17, 17, 0, 0, 0, 0, 0, 1, 0, 1, 1
2025-12-28 12:47:09.732883|{rssi-16} 111, -64, -127, -127, -127, 111, 111, 111, 111, 111, 111, 111, 111, 111, 111, 111, 111, 111, 
2025-12-28 12:47:09.740405|{td-16} 0, -19, 0, 0, 0, 0, 0, 0, 0, 0, 0, 0, 0, 0, 0, 0, 0, 0, 
2025-12-28 12:47:09.746134|{tx-16} :-BBB.............
2025-12-28 12:47:09.916169|{rx-17} 1, 0, 0, 3, 18, 18, 0, 0, 0, 0, 0, 1, 0, 1, 1
2025-12-28 12:47:09.921978|{rssi-17} 111, -64, -127, -127, -127, 111, 111, 111, 111, 111, 111, 111, 111, 111, 111, 111, 111, 111, 
2025-12-28 12:47:09.931299|{td-17} 0, -21, 0, 0, 0, 0, 0, 0, 0, 0, 0, 0, 0, 0, 0, 0, 0, 0, 
2025-12-28 12:47:09.935746|{tx-17} :-BBB.............
2025-12-28 12:47:10.106670|{rx-18} 1, 0, 0, 3, 19, 19, 0, 0, 0, 0, 0, 1, 0, 1, 1
2025-12-28 12:47:10.112046|{rssi-18} 111, -64, -127, -127, -127, 111, 111, 111, 111, 111, 111, 111, 111, 111, 111, 111, 111, 111, 
2025-12-28 12:47:10.121205|{td-18} 0, -19, 0, 0, 0, 0, 0, 0, 0, 0, 0, 0, 0, 0, 0, 0, 0, 0, 
2025-12-28 12:47:10.126108|{tx-18} :-BBB.............
2025-12-28 12:47:10.295998|{rx-19} 1, 0, 0, 3, 20, 20, 0, 0, 0, 0, 0, 1, 0, 1, 1
2025-12-28 12:47:10.302323|{rssi-19} 111, -64, -127, -127, -127, 111, 111, 111, 111, 111, 111, 111, 111, 111, 111, 111, 111, 111, 
2025-12-28 12:47:10.310312|{td-19} 0, -19, 0, 0, 0, 0, 0, 0, 0, 0, 0, 0, 0, 0, 0, 0, 0, 0, 
2025-12-28 12:47:10.316581|{tx-19} :-BBB.............
2025-12-28 12:47:10.487139|{rx-20} 1, 0, 0, 3, 21, 21, 0, 0, 0, 0, 0, 1, 0, 1, 1
2025-12-28 12:47:10.492086|{rssi-20} 111, -65, -127, -127, -127, 111, 111, 111, 111, 111, 111, 111, 111, 111, 111, 111, 111, 111, 
2025-12-28 12:47:10.500339|{td-20} 0, -19, 0, 0, 0, 0, 0, 0, 0, 0, 0, 0, 0, 0, 0, 0, 0, 0, 
2025-12-28 12:47:10.506252|{tx-20} :-BBB.............
2025-12-28 12:47:10.677449|{rx-21} 1, 0, 0, 3, 22, 22, 0, 0, 0, 0, 0, 1, 0, 1, 1
2025-12-28 12:47:10.682055|{rssi-21} 111, -64, -127, -127, -127, 111, 111, 111, 111, 111, 111, 111, 111, 111, 111, 111, 111, 111, 
2025-12-28 12:47:10.690252|{td-21} 0, -19, 0, 0, 0, 0, 0, 0, 0, 0, 0, 0, 0, 0, 0, 0, 0, 0, 
2025-12-28 12:47:10.695732|{tx-21} :-BBB.............
2025-12-28 12:47:10.866695|{rx-22} 1, 0, 0, 3, 23, 23, 0, 0, 0, 0, 0, 1, 0, 1, 1
2025-12-28 12:47:10.870710|{rssi-22} 111, -65, -127, -127, -127, 111, 111, 111, 111, 111, 111, 111, 111, 111, 111, 111, 111, 111, 
2025-12-28 12:47:10.880349|{td-22} 0, -19, 0, 0, 0, 0, 0, 0, 0, 0, 0, 0, 0, 0, 0, 0, 0, 0, 
2025-12-28 12:47:10.886239|{tx-22} :-BBB.............
2025-12-28 12:47:11.057116|{rx-23} 1, 0, 0, 3, 24, 24, 0, 0, 0, 0, 0, 1, 0, 1, 1
2025-12-28 12:47:11.063335|{rssi-23} 111, -65, -127, -127, -127, 111, 111, 111, 111, 111, 111, 111, 111, 111, 111, 111, 111, 111, 
2025-12-28 12:47:11.070347|{td-23} 0, -21, 0, 0, 0, 0, 0, 0, 0, 0, 0, 0, 0, 0, 0, 0, 0, 0, 
2025-12-28 12:47:11.076832|{tx-23} :-BBB.............
2025-12-28 12:47:11.246569|{rx-24} 1, 0, 0, 3, 25, 25, 0, 0, 0, 0, 0, 1, 0, 1, 1
2025-12-28 12:47:11.252178|{rssi-24} 111, -64, -127, -127, -127, 111, 111, 111, 111, 111, 111, 111, 111, 111, 111, 111, 111, 111, 
2025-12-28 12:47:11.260849|{td-24} 0, -19, 0, 0, 0, 0, 0, 0, 0, 0, 0, 0, 0, 0, 0, 0, 0, 0, 
2025-12-28 12:47:11.265681|{tx-24} :-BBB.............
2025-12-28 12:47:11.436478|{rx-25} 1, 0, 0, 3, 26, 26, 0, 0, 0, 0, 0, 1, 0, 1, 1
2025-12-28 12:47:11.441430|{rssi-25} 111, -64, -127, -127, -127, 111, 111, 111, 111, 111, 111, 111, 111, 111, 111, 111, 111, 111, 
2025-12-28 12:47:11.450601|{td-25} 0, -19, 0, 0, 0, 0, 0, 0, 0, 0, 0, 0, 0, 0, 0, 0, 0, 0, 
2025-12-28 12:47:11.456799|{tx-25} :-BBB.............
2025-12-28 12:47:11.626222|{rx-26} 1, 0, 0, 3, 27, 27, 0, 0, 0, 0, 0, 1, 0, 1, 1
2025-12-28 12:47:11.630708|{rssi-26} 111, -64, -127, -127, -127, 111, 111, 111, 111, 111, 111, 111, 111, 111, 111, 111, 111, 111, 
2025-12-28 12:47:11.640739|{td-26} 0, -19, 0, 0, 0, 0, 0, 0, 0, 0, 0, 0, 0, 0, 0, 0, 0, 0, 
2025-12-28 12:47:11.645707|{tx-26} :-BBB.............
2025-12-28 12:47:11.816681|{rx-27} 1, 0, 0, 3, 28, 28, 0, 0, 0, 0, 0, 1, 0, 1, 1
2025-12-28 12:47:11.820529|{rssi-27} 111, -64, -127, -127, -127, 111, 111, 111, 111, 111, 111, 111, 111, 111, 111, 111, 111, 111, 
2025-12-28 12:47:11.830376|{td-27} 0, -19, 0, 0, 0, 0, 0, 0, 0, 0, 0, 0, 0, 0, 0, 0, 0, 0, 
2025-12-28 12:47:11.836390|{tx-27} :-BBB.............
2025-12-28 12:47:12.006751|{rx-28} 1, 0, 0, 3, 29, 29, 0, 0, 0, 0, 0, 1, 0, 1, 1
2025-12-28 12:47:12.010356|{rssi-28} 111, -64, -127, -127, -127, 111, 111, 111, 111, 111, 111, 111, 111, 111, 111, 111, 111, 111, 
2025-12-28 12:47:12.020673|{td-28} 0, -19, 0, 0, 0, 0, 0, 0, 0, 0, 0, 0, 0, 0, 0, 0, 0, 0, 
2025-12-28 12:47:12.025320|{tx-28} :-BBB.............
2025-12-28 12:47:12.197182|{rx-29} 1, 0, 0, 3, 30, 30, 0, 0, 0, 0, 0, 1, 0, 1, 1
2025-12-28 12:47:12.201378|{rssi-29} 111, -64, -127, -127, -127, 111, 111, 111, 111, 111, 111, 111, 111, 111, 111, 111, 111, 111, 
2025-12-28 12:47:12.210564|{td-29} 0, -21, 0, 0, 0, 0, 0, 0, 0, 0, 0, 0, 0, 0, 0, 0, 0, 0, 
2025-12-28 12:47:12.216043|{tx-29} :-BBB.............
2025-12-28 12:47:12.386994|{rx-30} 1, 0, 0, 3, 31, 31, 0, 0, 0, 0, 0, 1, 0, 1, 1
2025-12-28 12:47:12.390740|{rssi-30} 111, -64, -127, -127, -127, 111, 111, 111, 111, 111, 111, 111, 111, 111, 111, 111, 111, 111, 
2025-12-28 12:47:12.400398|{td-30} 0, -19, 0, 0, 0, 0, 0, 0, 0, 0, 0, 0, 0, 0, 0, 0, 0, 0, 
2025-12-28 12:47:12.406483|{tx-30} :-BBB.............
2025-12-28 12:47:12.576502|{rx-31} 1, 0, 0, 3, 32, 32, 0, 0, 0, 0, 0, 1, 0, 1, 1
2025-12-28 12:47:12.581144|{rssi-31} 111, -64, -127, -127, -127, 111, 111, 111, 111, 111, 111, 111, 111, 111, 111, 111, 111, 111, 
2025-12-28 12:47:12.589762|{td-31} 0, -19, 0, 0, 0, 0, 0, 0, 0, 0, 0, 0, 0, 0, 0, 0, 0, 0, 
2025-12-28 12:47:12.596448|{tx-31} :-BBB.............
2025-12-28 12:47:12.766090|{rx-32} 1, 0, 0, 3, 33, 33, 0, 0, 0, 0, 0, 1, 0, 1, 1
2025-12-28 12:47:12.771200|{rssi-32} 111, -64, -127, -127, -127, 111, 111, 111, 111, 111, 111, 111, 111, 111, 111, 111, 111, 111, 
2025-12-28 12:47:12.780546|{td-32} 0, -19, 0, 0, 0, 0, 0, 0, 0, 0, 0, 0, 0, 0, 0, 0, 0, 0, 
2025-12-28 12:47:12.786352|{tx-32} :-BBB.............
2025-12-28 12:47:12.956772|{rx-33} 1, 0, 0, 3, 34, 34, 0, 0, 0, 0, 0, 1, 0, 1, 1
2025-12-28 12:47:12.961117|{rssi-33} 111, -64, -127, -127, -127, 111, 111, 111, 111, 111, 111, 111, 111, 111, 111, 111, 111, 111, 
2025-12-28 12:47:12.969853|{td-33} 0, -19, 0, 0, 0, 0, 0, 0, 0, 0, 0, 0, 0, 0, 0, 0, 0, 0, 
2025-12-28 12:47:12.976364|{tx-33} :-BBB.............
2025-12-28 12:47:13.147051|{rx-34} 1, 0, 0, 3, 35, 35, 0, 0, 0, 0, 0, 1, 0, 1, 1
2025-12-28 12:47:13.150981|{rssi-34} 111, -64, -127, -127, -127, 111, 111, 111, 111, 111, 111, 111, 111, 111, 111, 111, 111, 111, 
2025-12-28 12:47:13.160294|{td-34} 0, -21, 0, 0, 0, 0, 0, 0, 0, 0, 0, 0, 0, 0, 0, 0, 0, 0, 
2025-12-28 12:47:13.165452|{tx-34} :-BBB.............
2025-12-28 12:47:13.336905|{rx-35} 1, 0, 0, 3, 36, 36, 0, 0, 0, 0, 0, 1, 0, 1, 1
2025-12-28 12:47:13.341088|{rssi-35} 111, -64, -127, -127, -127, 111, 111, 111, 111, 111, 111, 111, 111, 111, 111, 111, 111, 111, 
2025-12-28 12:47:13.350694|{td-35} 0, -17, 0, 0, 0, 0, 0, 0, 0, 0, 0, 0, 0, 0, 0, 0, 0, 0, 
2025-12-28 12:47:13.355294|{tx-35} :-BBB.............
2025-12-28 12:47:13.526577|{rx-36} 1, 0, 0, 3, 37, 37, 0, 0, 0, 0, 0, 1, 0, 1, 1
2025-12-28 12:47:13.530939|{rssi-36} 111, -64, -127, -127, -127, 111, 111, 111, 111, 111, 111, 111, 111, 111, 111, 111, 111, 111, 
2025-12-28 12:47:13.540659|{td-36} 0, -21, 0, 0, 0, 0, 0, 0, 0, 0, 0, 0, 0, 0, 0, 0, 0, 0, 
2025-12-28 12:47:13.545138|{tx-36} :-BBB.............
2025-12-28 12:47:13.717142|{rx-37} 1, 0, 0, 3, 38, 38, 0, 0, 0, 0, 0, 1, 0, 1, 1
2025-12-28 12:47:13.721069|{rssi-37} 111, -64, -127, -127, -127, 111, 111, 111, 111, 111, 111, 111, 111, 111, 111, 111, 111, 111, 
2025-12-28 12:47:13.730246|{td-37} 0, -19, 0, 0, 0, 0, 0, 0, 0, 0, 0, 0, 0, 0, 0, 0, 0, 0, 
2025-12-28 12:47:13.736209|{tx-37} :-BBB.............
2025-12-28 12:47:13.906092|{rx-38} 1, 0, 0, 3, 39, 39, 0, 0, 0, 0, 0, 1, 0, 1, 1
2025-12-28 12:47:13.910439|{rssi-38} 111, -64, -127, -127, -127, 111, 111, 111, 111, 111, 111, 111, 111, 111, 111, 111, 111, 111, 
2025-12-28 12:47:13.919227|{td-38} 0, -19, 0, 0, 0, 0, 0, 0, 0, 0, 0, 0, 0, 0, 0, 0, 0, 0, 
2025-12-28 12:47:13.924981|{tx-38} :-BBB.............
2025-12-28 12:47:14.096913|{rx-39} 1, 0, 0, 3, 40, 40, 0, 0, 0, 0, 0, 1, 0, 1, 1
2025-12-28 12:47:14.101156|{rssi-39} 111, -64, -127, -127, -127, 111, 111, 111, 111, 111, 111, 111, 111, 111, 111, 111, 111, 111, 
2025-12-28 12:47:14.109584|{td-39} 0, -19, 0, 0, 0, 0, 0, 0, 0, 0, 0, 0, 0, 0, 0, 0, 0, 0, 
2025-12-28 12:47:14.115777|{tx-39} :-BBB.............
2025-12-28 12:47:14.286319|{rx-40} 1, 0, 0, 3, 41, 41, 0, 0, 0, 0, 0, 1, 0, 1, 1
2025-12-28 12:47:14.290303|{rssi-40} 111, -64, -127, -127, -127, 111, 111, 111, 111, 111, 111, 111, 111, 111, 111, 111, 111, 111, 
2025-12-28 12:47:14.300196|{td-40} 0, -19, 0, 0, 0, 0, 0, 0, 0, 0, 0, 0, 0, 0, 0, 0, 0, 0, 
2025-12-28 12:47:14.304677|{tx-40} :-BBB.............
2025-12-28 12:47:14.476285|{rx-41} 1, 0, 0, 3, 42, 42, 0, 0, 0, 0, 0, 1, 0, 1, 1
2025-12-28 12:47:14.480236|{rssi-41} 111, -64, -127, -127, -127, 111, 111, 111, 111, 111, 111, 111, 111, 111, 111, 111, 111, 111, 
2025-12-28 12:47:14.490378|{td-41} 0, -21, 0, 0, 0, 0, 0, 0, 0, 0, 0, 0, 0, 0, 0, 0, 0, 0, 
2025-12-28 12:47:14.495125|{tx-41} :-BBB.............
2025-12-28 12:47:14.667203|{rx-42} 1, 0, 0, 3, 43, 43, 0, 0, 0, 0, 0, 1, 0, 1, 1
2025-12-28 12:47:14.670326|{rssi-42} 111, -64, -127, -127, -127, 111, 111, 111, 111, 111, 111, 111, 111, 111, 111, 111, 111, 111, 
2025-12-28 12:47:14.679871|{td-42} 0, -19, 0, 0, 0, 0, 0, 0, 0, 0, 0, 0, 0, 0, 0, 0, 0, 0, 
2025-12-28 12:47:14.685296|{tx-42} :-BBB.............
2025-12-28 12:47:14.855940|{rx-43} 1, 0, 0, 3, 44, 44, 0, 0, 0, 0, 0, 1, 0, 1, 1
2025-12-28 12:47:14.860436|{rssi-43} 111, -64, -127, -127, -127, 111, 111, 111, 111, 111, 111, 111, 111, 111, 111, 111, 111, 111, 
2025-12-28 12:47:14.870158|{td-43} 0, -19, 0, 0, 0, 0, 0, 0, 0, 0, 0, 0, 0, 0, 0, 0, 0, 0, 
2025-12-28 12:47:14.875265|{tx-43} :-BBB.............
2025-12-28 12:47:15.046102|{rx-44} 1, 0, 0, 3, 45, 45, 0, 0, 0, 0, 0, 1, 0, 1, 1
2025-12-28 12:47:15.049720|{rssi-44} 111, -64, -127, -127, -127, 111, 111, 111, 111, 111, 111, 111, 111, 111, 111, 111, 111, 111, 
2025-12-28 12:47:15.078573|{td-44} 0, -19, 0, 0, 0, 0, 0, 0, 0, 0, 0, 0, 0, 0, 0, 0, 0, 0, 
2025-12-28 12:47:15.079944|{tx-44} :-BBB.............
2025-12-28 12:47:15.236026|{rx-45} 1, 0, 0, 3, 46, 46, 0, 0, 0, 0, 0, 1, 0, 1, 1
2025-12-28 12:47:15.240612|{rssi-45} 111, -64, -127, -127, -127, 111, 111, 111, 111, 111, 111, 111, 111, 111, 111, 111, 111, 111, 
2025-12-28 12:47:15.250087|{td-45} 0, -19, 0, 0, 0, 0, 0, 0, 0, 0, 0, 0, 0, 0, 0, 0, 0, 0, 
2025-12-28 12:47:15.254850|{tx-45} :-BBB.............
2025-12-28 12:47:15.425566|{rx-46} 1, 0, 0, 3, 47, 47, 0, 0, 0, 0, 0, 1, 0, 1, 1
2025-12-28 12:47:15.430622|{rssi-46} 111, -64, -127, -127, -127, 111, 111, 111, 111, 111, 111, 111, 111, 111, 111, 111, 111, 111, 
2025-12-28 12:47:15.440055|{td-46} 0, -19, 0, 0, 0, 0, 0, 0, 0, 0, 0, 0, 0, 0, 0, 0, 0, 0, 
2025-12-28 12:47:15.444693|{tx-46} :-BBB.............
2025-12-28 12:47:15.615925|{rx-47} 1, 0, 0, 3, 48, 48, 0, 0, 0, 0, 0, 1, 0, 1, 1
2025-12-28 12:47:15.621024|{rssi-47} 111, -64, -127, -127, -127, 111, 111, 111, 111, 111, 111, 111, 111, 111, 111, 111, 111, 111, 
2025-12-28 12:47:15.629462|{td-47} 0, -19, 0, 0, 0, 0, 0, 0, 0, 0, 0, 0, 0, 0, 0, 0, 0, 0, 
2025-12-28 12:47:15.635889|{tx-47} :-BBB.............
2025-12-28 12:47:15.805588|{rx-48} 1, 0, 0, 3, 49, 49, 0, 0, 0, 0, 0, 1, 0, 1, 1
2025-12-28 12:47:15.810696|{rssi-48} 111, -64, -127, -127, -127, 111, 111, 111, 111, 111, 111, 111, 111, 111, 111, 111, 111, 111, 
2025-12-28 12:47:15.819768|{td-48} 0, -19, 0, 0, 0, 0, 0, 0, 0, 0, 0, 0, 0, 0, 0, 0, 0, 0, 
2025-12-28 12:47:15.824616|{tx-48} :-BBB.............
2025-12-28 12:47:15.996895|{rx-49} 1, 0, 0, 3, 50, 50, 0, 0, 0, 0, 0, 1, 0, 1, 1
2025-12-28 12:47:16.001108|{rssi-49} 111, -64, -127, -127, -127, 111, 111, 111, 111, 111, 111, 111, 111, 111, 111, 111, 111, 111, 
2025-12-28 12:47:16.009381|{td-49} 0, -21, 0, 0, 0, 0, 0, 0, 0, 0, 0, 0, 0, 0, 0, 0, 0, 0, 
2025-12-28 12:47:16.015351|{tx-49} :-BBB.............
2025-12-28 12:47:16.185609|{rx-50} 1, 0, 0, 3, 51, 51, 0, 0, 0, 0, 0, 1, 0, 1, 1
2025-12-28 12:47:16.191004|{rssi-50} 111, -64, -127, -127, -127, 111, 111, 111, 111, 111, 111, 111, 111, 111, 111, 111, 111, 111, 
2025-12-28 12:47:16.199022|{td-50} 0, -19, 0, 0, 0, 0, 0, 0, 0, 0, 0, 0, 0, 0, 0, 0, 0, 0, 
2025-12-28 12:47:16.204679|{tx-50} :-BBB.............
2025-12-28 12:47:16.375991|{rx-51} 1, 0, 0, 3, 52, 52, 0, 0, 0, 0, 0, 1, 0, 1, 1
2025-12-28 12:47:16.380495|{rssi-51} 111, -64, -127, -127, -127, 111, 111, 111, 111, 111, 111, 111, 111, 111, 111, 111, 111, 111, 
2025-12-28 12:47:16.389487|{td-51} 0, -19, 0, 0, 0, 0, 0, 0, 0, 0, 0, 0, 0, 0, 0, 0, 0, 0, 
2025-12-28 12:47:16.395262|{tx-51} :-BBB.............
2025-12-28 12:47:16.565687|{rx-52} 1, 0, 0, 3, 53, 53, 0, 0, 0, 0, 0, 1, 0, 1, 1
2025-12-28 12:47:16.570552|{rssi-52} 111, -64, -127, -127, -127, 111, 111, 111, 111, 111, 111, 111, 111, 111, 111, 111, 111, 111, 
2025-12-28 12:47:16.579985|{td-52} 0, -19, 0, 0, 0, 0, 0, 0, 0, 0, 0, 0, 0, 0, 0, 0, 0, 0, 
2025-12-28 12:47:16.585570|{tx-52} :-BBB.............
2025-12-28 12:47:16.756008|{rx-53} 1, 0, 0, 3, 54, 54, 0, 0, 0, 0, 0, 1, 0, 1, 1
2025-12-28 12:47:16.760340|{rssi-53} 111, -64, -127, -127, -127, 111, 111, 111, 111, 111, 111, 111, 111, 111, 111, 111, 111, 111, 
2025-12-28 12:47:16.769421|{td-53} 0, -19, 0, 0, 0, 0, 0, 0, 0, 0, 0, 0, 0, 0, 0, 0, 0, 0, 
2025-12-28 12:47:16.774913|{tx-53} :-BBB.............
2025-12-28 12:47:16.945826|{rx-54} 1, 0, 0, 3, 55, 55, 0, 0, 0, 0, 0, 1, 0, 1, 1
2025-12-28 12:47:16.949610|{rssi-54} 111, -64, -127, -127, -127, 111, 111, 111, 111, 111, 111, 111, 111, 111, 111, 111, 111, 111, 
2025-12-28 12:47:16.959346|{td-54} 0, -19, 0, 0, 0, 0, 0, 0, 0, 0, 0, 0, 0, 0, 0, 0, 0, 0, 
2025-12-28 12:47:16.965463|{tx-54} :-BBB.............
2025-12-28 12:47:17.136076|{rx-55} 1, 0, 0, 3, 56, 56, 0, 0, 0, 0, 0, 1, 0, 1, 1
2025-12-28 12:47:17.140684|{rssi-55} 111, -64, -127, -127, -127, 111, 111, 111, 111, 111, 111, 111, 111, 111, 111, 111, 111, 111, 
2025-12-28 12:47:17.149963|{td-55} 0, -21, 0, 0, 0, 0, 0, 0, 0, 0, 0, 0, 0, 0, 0, 0, 0, 0, 
2025-12-28 12:47:17.154685|{tx-55} :-BBB.............
2025-12-28 12:47:17.325736|{rx-56} 1, 0, 0, 3, 57, 57, 0, 0, 0, 0, 0, 1, 0, 1, 1
2025-12-28 12:47:17.330520|{rssi-56} 111, -64, -127, -127, -127, 111, 111, 111, 111, 111, 111, 111, 111, 111, 111, 111, 111, 111, 
2025-12-28 12:47:17.338820|{td-56} 0, -19, 0, 0, 0, 0, 0, 0, 0, 0, 0, 0, 0, 0, 0, 0, 0, 0, 
2025-12-28 12:47:17.344727|{tx-56} :-BBB.............
2025-12-28 12:47:17.516121|{rx-57} 1, 0, 0, 3, 58, 58, 0, 0, 0, 0, 0, 1, 0, 1, 1
2025-12-28 12:47:17.519547|{rssi-57} 111, -64, -127, -127, -127, 111, 111, 111, 111, 111, 111, 111, 111, 111, 111, 111, 111, 111, 
2025-12-28 12:47:17.529427|{td-57} 0, -19, 0, 0, 0, 0, 0, 0, 0, 0, 0, 0, 0, 0, 0, 0, 0, 0, 
2025-12-28 12:47:17.534675|{tx-57} :-BBB.............
2025-12-28 12:47:17.705755|{rx-58} 1, 0, 0, 3, 59, 59, 0, 0, 0, 0, 0, 1, 0, 1, 1
2025-12-28 12:47:17.710605|{rssi-58} 111, -64, -127, -127, -127, 111, 111, 111, 111, 111, 111, 111, 111, 111, 111, 111, 111, 111, 
2025-12-28 12:47:17.719214|{td-58} 0, -19, 0, 0, 0, 0, 0, 0, 0, 0, 0, 0, 0, 0, 0, 0, 0, 0, 
2025-12-28 12:47:17.725210|{tx-58} :-BBB.............
2025-12-28 12:47:17.895381|{rx-59} 1, 0, 0, 3, 60, 60, 0, 0, 0, 0, 0, 1, 0, 1, 1
2025-12-28 12:47:17.900302|{rssi-59} 111, -64, -127, -127, -127, 111, 111, 111, 111, 111, 111, 111, 111, 111, 111, 111, 111, 111, 
2025-12-28 12:47:17.908570|{td-59} 0, -19, 0, 0, 0, 0, 0, 0, 0, 0, 0, 0, 0, 0, 0, 0, 0, 0, 
2025-12-28 12:47:17.914465|{tx-59} :-BBB.............
2025-12-28 12:47:18.085400|{rx-60} 1, 0, 0, 3, 61, 61, 0, 0, 0, 0, 0, 1, 0, 1, 1
2025-12-28 12:47:18.090207|{rssi-60} 111, -64, -127, -127, -127, 111, 111, 111, 111, 111, 111, 111, 111, 111, 111, 111, 111, 111, 
2025-12-28 12:47:18.098679|{td-60} 0, -19, 0, 0, 0, 0, 0, 0, 0, 0, 0, 0, 0, 0, 0, 0, 0, 0, 
2025-12-28 12:47:18.104843|{tx-60} :-BBB.............
2025-12-28 12:47:18.275679|{rx-61} 1, 0, 0, 3, 62, 62, 0, 0, 0, 0, 0, 1, 0, 1, 1
2025-12-28 12:47:18.279451|{rssi-61} 111, -64, -127, -127, -127, 111, 111, 111, 111, 111, 111, 111, 111, 111, 111, 111, 111, 111, 
2025-12-28 12:47:18.289437|{td-61} 0, -19, 0, 0, 0, 0, 0, 0, 0, 0, 0, 0, 0, 0, 0, 0, 0, 0, 
2025-12-28 12:47:18.295496|{tx-61} :-BBB.............
2025-12-28 12:47:18.465412|{rx-62} 1, 0, 0, 3, 63, 63, 0, 0, 0, 0, 0, 1, 0, 1, 1
2025-12-28 12:47:18.469334|{rssi-62} 111, -64, -127, -127, -127, 111, 111, 111, 111, 111, 111, 111, 111, 111, 111, 111, 111, 111, 
2025-12-28 12:47:18.479605|{td-62} 0, -21, 0, 0, 0, 0, 0, 0, 0, 0, 0, 0, 0, 0, 0, 0, 0, 0, 
2025-12-28 12:47:18.484694|{tx-62} :-BBB.............
2025-12-28 12:47:18.655304|{rx-63} 1, 0, 0, 3, 64, 64, 0, 0, 0, 0, 0, 1, 0, 1, 1
2025-12-28 12:47:18.660381|{rssi-63} 111, -64, -127, -127, -127, 111, 111, 111, 111, 111, 111, 111, 111, 111, 111, 111, 111, 111, 
2025-12-28 12:47:18.668622|{td-63} 0, -19, 0, 0, 0, 0, 0, 0, 0, 0, 0, 0, 0, 0, 0, 0, 0, 0, 
2025-12-28 12:47:18.674652|{tx-63} :-BBB.............
2025-12-28 12:47:18.846104|{rx-64} 1, 0, 0, 3, 65, 65, 0, 0, 0, 0, 0, 1, 0, 1, 1
2025-12-28 12:47:18.849899|{rssi-64} 111, -64, -127, -127, -127, 111, 111, 111, 111, 111, 111, 111, 111, 111, 111, 111, 111, 111, 
2025-12-28 12:47:18.858455|{td-64} 0, -19, 0, 0, 0, 0, 0, 0, 0, 0, 0, 0, 0, 0, 0, 0, 0, 0, 
2025-12-28 12:47:18.865266|{tx-64} :-BBB.............
2025-12-28 12:47:19.036385|{rx-65} 1, 0, 0, 3, 66, 66, 0, 0, 0, 0, 0, 1, 0, 1, 1
2025-12-28 12:47:19.040197|{rssi-65} 111, -64, -127, -127, -127, 111, 111, 111, 111, 111, 111, 111, 111, 111, 111, 111, 111, 111, 
2025-12-28 12:47:19.048825|{td-65} 0, -19, 0, 0, 0, 0, 0, 0, 0, 0, 0, 0, 0, 0, 0, 0, 0, 0, 
2025-12-28 12:47:19.055442|{tx-65} :-BBB.............
2025-12-28 12:47:19.226199|{rx-66} 1, 0, 0, 3, 67, 67, 0, 0, 0, 0, 0, 1, 0, 1, 1
2025-12-28 12:47:19.229817|{rssi-66} 111, -64, -127, -127, -127, 111, 111, 111, 111, 111, 111, 111, 111, 111, 111, 111, 111, 111, 
2025-12-28 12:47:19.239204|{td-66} 0, -19, 0, 0, 0, 0, 0, 0, 0, 0, 0, 0, 0, 0, 0, 0, 0, 0, 
2025-12-28 12:47:19.245333|{tx-66} :-BBB.............
2025-12-28 12:47:19.415891|{rx-67} 1, 0, 0, 3, 68, 68, 0, 0, 0, 0, 0, 1, 0, 1, 1
2025-12-28 12:47:19.419816|{rssi-67} 111, -64, -127, -127, -127, 111, 111, 111, 111, 111, 111, 111, 111, 111, 111, 111, 111, 111, 
2025-12-28 12:47:19.428317|{td-67} 0, -19, 0, 0, 0, 0, 0, 0, 0, 0, 0, 0, 0, 0, 0, 0, 0, 0, 
2025-12-28 12:47:19.434007|{tx-67} :-BBB.............
2025-12-28 12:47:19.605969|{rx-68} 1, 0, 0, 3, 69, 69, 0, 0, 0, 0, 0, 1, 0, 1, 1
2025-12-28 12:47:19.609475|{rssi-68} 111, -64, -127, -127, -127, 111, 111, 111, 111, 111, 111, 111, 111, 111, 111, 111, 111, 111, 
2025-12-28 12:47:19.619276|{td-68} 0, -19, 0, 0, 0, 0, 0, 0, 0, 0, 0, 0, 0, 0, 0, 0, 0, 0, 
2025-12-28 12:47:19.624435|{tx-68} :-BBB.............
2025-12-28 12:47:19.795184|{rx-69} 1, 0, 0, 3, 70, 70, 0, 0, 0, 0, 0, 1, 0, 1, 1
2025-12-28 12:47:19.800043|{rssi-69} 111, -64, -127, -127, -127, 111, 111, 111, 111, 111, 111, 111, 111, 111, 111, 111, 111, 111, 
2025-12-28 12:47:19.808508|{td-69} 0, -21, 0, 0, 0, 0, 0, 0, 0, 0, 0, 0, 0, 0, 0, 0, 0, 0, 
2025-12-28 12:47:19.814285|{tx-69} :-BBB.............
2025-12-28 12:47:19.984827|{rx-70} 1, 0, 0, 3, 71, 71, 0, 0, 0, 0, 0, 1, 0, 1, 1
2025-12-28 12:47:19.989756|{rssi-70} 111, -64, -127, -127, -127, 111, 111, 111, 111, 111, 111, 111, 111, 111, 111, 111, 111, 111, 
2025-12-28 12:47:19.999192|{td-70} 0, -19, 0, 0, 0, 0, 0, 0, 0, 0, 0, 0, 0, 0, 0, 0, 0, 0, 
2025-12-28 12:47:20.004745|{tx-70} :-BBB.............
2025-12-28 12:47:20.175115|{rx-71} 1, 0, 0, 3, 72, 72, 0, 0, 0, 0, 0, 1, 0, 1, 1
2025-12-28 12:47:20.179093|{rssi-71} 111, -64, -127, -127, -127, 111, 111, 111, 111, 111, 111, 111, 111, 111, 111, 111, 111, 111, 
2025-12-28 12:47:20.189178|{td-71} 0, -19, 0, 0, 0, 0, 0, 0, 0, 0, 0, 0, 0, 0, 0, 0, 0, 0, 
2025-12-28 12:47:20.194159|{tx-71} :-BBB.............
2025-12-28 12:47:20.364343|{rx-72} 1, 0, 0, 3, 73, 73, 0, 0, 0, 0, 0, 1, 0, 1, 1
2025-12-28 12:47:20.369719|{rssi-72} 111, -64, -127, -127, -127, 111, 111, 111, 111, 111, 111, 111, 111, 111, 111, 111, 111, 111, 
2025-12-28 12:47:20.379401|{td-72} 0, -19, 0, 0, 0, 0, 0, 0, 0, 0, 0, 0, 0, 0, 0, 0, 0, 0, 
2025-12-28 12:47:20.385046|{tx-72} :-BBB.............
2025-12-28 12:47:20.554228|{rx-73} 1, 0, 0, 3, 74, 74, 0, 0, 0, 0, 0, 1, 0, 1, 1
2025-12-28 12:47:20.559744|{rssi-73} 111, -64, -127, -127, -127, 111, 111, 111, 111, 111, 111, 111, 111, 111, 111, 111, 111, 111, 
2025-12-28 12:47:20.569140|{td-73} 0, -19, 0, 0, 0, 0, 0, 0, 0, 0, 0, 0, 0, 0, 0, 0, 0, 0, 
2025-12-28 12:47:20.574303|{tx-73} :-BBB.............
2025-12-28 12:47:20.744297|{rx-74} 1, 0, 0, 3, 75, 75, 0, 0, 0, 0, 0, 1, 0, 1, 1
2025-12-28 12:47:20.749463|{rssi-74} 111, -64, -127, -127, -127, 111, 111, 111, 111, 111, 111, 111, 111, 111, 111, 111, 111, 111, 
2025-12-28 12:47:20.758866|{td-74} 0, -21, 0, 0, 0, 0, 0, 0, 0, 0, 0, 0, 0, 0, 0, 0, 0, 0, 
2025-12-28 12:47:20.764045|{tx-74} :-BBB.............
2025-12-28 12:47:20.934601|{rx-75} 1, 0, 0, 3, 76, 76, 0, 0, 0, 0, 0, 1, 0, 1, 1
2025-12-28 12:47:20.940049|{rssi-75} 111, -64, -127, -127, -127, 111, 111, 111, 111, 111, 111, 111, 111, 111, 111, 111, 111, 111, 
2025-12-28 12:47:20.948983|{td-75} 0, -19, 0, 0, 0, 0, 0, 0, 0, 0, 0, 0, 0, 0, 0, 0, 0, 0, 
2025-12-28 12:47:20.954305|{tx-75} :-BBB.............
2025-12-28 12:47:21.124851|{rx-76} 1, 0, 0, 3, 77, 77, 0, 0, 0, 0, 0, 1, 0, 1, 1
2025-12-28 12:47:21.129415|{rssi-76} 111, -64, -127, -127, -127, 111, 111, 111, 111, 111, 111, 111, 111, 111, 111, 111, 111, 111, 
2025-12-28 12:47:21.138442|{td-76} 0, -19, 0, 0, 0, 0, 0, 0, 0, 0, 0, 0, 0, 0, 0, 0, 0, 0, 
2025-12-28 12:47:21.144422|{tx-76} :-BBB.............
2025-12-28 12:47:21.314397|{rx-77} 1, 0, 0, 3, 78, 78, 0, 0, 0, 0, 0, 1, 0, 1, 1
2025-12-28 12:47:21.319373|{rssi-77} 111, -64, -127, -127, -127, 111, 111, 111, 111, 111, 111, 111, 111, 111, 111, 111, 111, 111, 
2025-12-28 12:47:21.328199|{td-77} 0, -19, 0, 0, 0, 0, 0, 0, 0, 0, 0, 0, 0, 0, 0, 0, 0, 0, 
2025-12-28 12:47:21.334431|{tx-77} :-BBB.............
2025-12-28 12:47:21.504948|{rx-78} 1, 0, 0, 3, 79, 79, 0, 0, 0, 0, 0, 1, 0, 1, 1
2025-12-28 12:47:21.508751|{rssi-78} 111, -64, -127, -127, -127, 111, 111, 111, 111, 111, 111, 111, 111, 111, 111, 111, 111, 111, 
2025-12-28 12:47:21.519476|{td-78} 0, -19, 0, 0, 0, 0, 0, 0, 0, 0, 0, 0, 0, 0, 0, 0, 0, 0, 
2025-12-28 12:47:21.524462|{tx-78} :-BBB.............
2025-12-28 12:47:21.694783|{rx-79} 1, 0, 0, 3, 80, 80, 0, 0, 0, 0, 0, 1, 0, 1, 1
2025-12-28 12:47:21.699442|{rssi-79} 111, -64, -127, -127, -127, 111, 111, 111, 111, 111, 111, 111, 111, 111, 111, 111, 111, 111, 
2025-12-28 12:47:21.708141|{td-79} 0, -19, 0, 0, 0, 0, 0, 0, 0, 0, 0, 0, 0, 0, 0, 0, 0, 0, 
2025-12-28 12:47:21.714038|{tx-79} :-BBB.............
2025-12-28 12:47:21.884916|{rx-80} 1, 0, 0, 3, 81, 81, 0, 0, 0, 0, 0, 1, 0, 1, 1
2025-12-28 12:47:21.889312|{rssi-80} 111, -64, -127, -127, -127, 111, 111, 111, 111, 111, 111, 111, 111, 111, 111, 111, 111, 111, 
2025-12-28 12:47:21.898915|{td-80} 0, -19, 0, 0, 0, 0, 0, 0, 0, 0, 0, 0, 0, 0, 0, 0, 0, 0, 
2025-12-28 12:47:21.903692|{tx-80} :-BBB.............
2025-12-28 12:47:22.074328|{rx-81} 1, 0, 0, 3, 82, 82, 0, 0, 0, 0, 0, 1, 0, 1, 1
2025-12-28 12:47:22.078866|{rssi-81} 111, -64, -127, -127, -127, 111, 111, 111, 111, 111, 111, 111, 111, 111, 111, 111, 111, 111, 
2025-12-28 12:47:22.088728|{td-81} 0, -19, 0, 0, 0, 0, 0, 0, 0, 0, 0, 0, 0, 0, 0, 0, 0, 0, 
2025-12-28 12:47:22.093766|{tx-81} :-BBB.............
2025-12-28 12:47:22.265294|{rx-82} 1, 0, 0, 3, 83, 83, 0, 0, 0, 0, 0, 1, 0, 1, 1
2025-12-28 12:47:22.268407|{rssi-82} 111, -64, -127, -127, -127, 111, 111, 111, 111, 111, 111, 111, 111, 111, 111, 111, 111, 111, 
2025-12-28 12:47:22.278391|{td-82} 0, -21, 0, 0, 0, 0, 0, 0, 0, 0, 0, 0, 0, 0, 0, 0, 0, 0, 
2025-12-28 12:47:22.283567|{tx-82} :-BBB.............
2025-12-28 12:47:22.454589|{rx-83} 1, 0, 0, 3, 84, 84, 0, 0, 0, 0, 0, 1, 0, 1, 1
2025-12-28 12:47:22.459301|{rssi-83} 111, -64, -127, -127, -127, 111, 111, 111, 111, 111, 111, 111, 111, 111, 111, 111, 111, 111, 
2025-12-28 12:47:22.468335|{td-83} 0, -19, 0, 0, 0, 0, 0, 0, 0, 0, 0, 0, 0, 0, 0, 0, 0, 0, 
2025-12-28 12:47:22.474824|{tx-83} :-BBB.............
2025-12-28 12:47:22.644442|{rx-84} 1, 0, 0, 3, 85, 85, 0, 0, 0, 0, 0, 1, 0, 1, 1
2025-12-28 12:47:22.649458|{rssi-84} 111, -64, -127, -127, -127, 111, 111, 111, 111, 111, 111, 111, 111, 111, 111, 111, 111, 111, 
2025-12-28 12:47:22.658928|{td-84} 0, -19, 0, 0, 0, 0, 0, 0, 0, 0, 0, 0, 0, 0, 0, 0, 0, 0, 
2025-12-28 12:47:22.663720|{tx-84} :-BBB.............
2025-12-28 12:47:22.834621|{rx-85} 1, 0, 0, 3, 86, 86, 0, 0, 0, 0, 0, 1, 0, 1, 1
2025-12-28 12:47:22.839131|{rssi-85} 111, -65, -127, -127, -127, 111, 111, 111, 111, 111, 111, 111, 111, 111, 111, 111, 111, 111, 
2025-12-28 12:47:22.848919|{td-85} 0, -19, 0, 0, 0, 0, 0, 0, 0, 0, 0, 0, 0, 0, 0, 0, 0, 0, 
2025-12-28 12:47:22.854603|{tx-85} :-BBB.............
2025-12-28 12:47:23.024939|{rx-86} 1, 0, 0, 3, 87, 87, 0, 0, 0, 0, 0, 1, 0, 1, 1
2025-12-28 12:47:23.029243|{rssi-86} 111, -64, -127, -127, -127, 111, 111, 111, 111, 111, 111, 111, 111, 111, 111, 111, 111, 111, 
2025-12-28 12:47:23.037753|{td-86} 0, -19, 0, 0, 0, 0, 0, 0, 0, 0, 0, 0, 0, 0, 0, 0, 0, 0, 
2025-12-28 12:47:23.043355|{tx-86} :-BBB.............
2025-12-28 12:47:23.214647|{rx-87} 1, 0, 0, 3, 88, 88, 0, 0, 0, 0, 0, 1, 0, 1, 1
2025-12-28 12:47:23.218893|{rssi-87} 111, -64, -127, -127, -127, 111, 111, 111, 111, 111, 111, 111, 111, 111, 111, 111, 111, 111, 
2025-12-28 12:47:23.228720|{td-87} 0, -19, 0, 0, 0, 0, 0, 0, 0, 0, 0, 0, 0, 0, 0, 0, 0, 0, 
2025-12-28 12:47:23.233482|{tx-87} :-BBB.............
2025-12-28 12:47:23.404260|{rx-88} 1, 0, 0, 3, 89, 89, 0, 0, 0, 0, 0, 1, 0, 1, 1
2025-12-28 12:47:23.408241|{rssi-88} 111, -64, -127, -127, -127, 111, 111, 111, 111, 111, 111, 111, 111, 111, 111, 111, 111, 111, 
2025-12-28 12:47:23.418329|{td-88} 0, -21, 0, 0, 0, 0, 0, 0, 0, 0, 0, 0, 0, 0, 0, 0, 0, 0, 
2025-12-28 12:47:23.424399|{tx-88} :-BBB.............
2025-12-28 12:47:23.595397|{rx-89} 1, 0, 0, 3, 90, 90, 0, 0, 0, 0, 0, 1, 0, 1, 1
2025-12-28 12:47:23.598835|{rssi-89} 111, -64, -127, -127, -127, 111, 111, 111, 111, 111, 111, 111, 111, 111, 111, 111, 111, 111, 
2025-12-28 12:47:23.608050|{td-89} 0, -19, 0, 0, 0, 0, 0, 0, 0, 0, 0, 0, 0, 0, 0, 0, 0, 0, 
2025-12-28 12:47:23.613440|{tx-89} :-BBB.............
2025-12-28 12:47:23.785089|{rx-90} 1, 0, 0, 3, 91, 91, 0, 0, 0, 0, 0, 1, 0, 1, 1
2025-12-28 12:47:23.788873|{rssi-90} 111, -65, -127, -127, -127, 111, 111, 111, 111, 111, 111, 111, 111, 111, 111, 111, 111, 111, 
2025-12-28 12:47:23.798589|{td-90} 0, -19, 0, 0, 0, 0, 0, 0, 0, 0, 0, 0, 0, 0, 0, 0, 0, 0, 
2025-12-28 12:47:23.803743|{tx-90} :-BBB.............
2025-12-28 12:47:23.975132|{rx-91} 1, 0, 0, 3, 92, 92, 0, 0, 0, 0, 0, 1, 0, 1, 1
2025-12-28 12:47:23.979002|{rssi-91} 111, -64, -127, -127, -127, 111, 111, 111, 111, 111, 111, 111, 111, 111, 111, 111, 111, 111, 
2025-12-28 12:47:23.988604|{td-91} 0, -19, 0, 0, 0, 0, 0, 0, 0, 0, 0, 0, 0, 0, 0, 0, 0, 0, 
2025-12-28 12:47:23.993045|{tx-91} :-BBB.............
2025-12-28 12:47:24.164516|{rx-92} 1, 0, 0, 3, 93, 93, 0, 0, 0, 0, 0, 1, 0, 1, 1
2025-12-28 12:47:24.168420|{rssi-92} 111, -64, -127, -127, -127, 111, 111, 111, 111, 111, 111, 111, 111, 111, 111, 111, 111, 111, 
2025-12-28 12:47:24.178685|{td-92} 0, -19, 0, 0, 0, 0, 0, 0, 0, 0, 0, 0, 0, 0, 0, 0, 0, 0, 
2025-12-28 12:47:24.184440|{tx-92} :-BBB.............
2025-12-28 12:47:24.355155|{rx-93} 1, 0, 0, 3, 94, 94, 0, 0, 0, 0, 0, 1, 0, 1, 1
2025-12-28 12:47:24.359994|{rssi-93} 111, -64, -127, -127, -127, 111, 111, 111, 111, 111, 111, 111, 111, 111, 111, 111, 111, 111, 
2025-12-28 12:47:24.367502|{td-93} 0, -19, 0, 0, 0, 0, 0, 0, 0, 0, 0, 0, 0, 0, 0, 0, 0, 0, 
2025-12-28 12:47:24.374156|{tx-93} :-BBB.............
2025-12-28 12:47:24.544440|{rx-94} 1, 0, 0, 3, 95, 95, 0, 0, 0, 0, 0, 1, 0, 1, 1
2025-12-28 12:47:24.548692|{rssi-94} 111, -65, -127, -127, -127, 111, 111, 111, 111, 111, 111, 111, 111, 111, 111, 111, 111, 111, 
2025-12-28 12:47:24.558626|{td-94} 0, -19, 0, 0, 0, 0, 0, 0, 0, 0, 0, 0, 0, 0, 0, 0, 0, 0, 
2025-12-28 12:47:24.564621|{tx-94} :-BBB.............
2025-12-28 12:47:24.734713|{rx-95} 1, 0, 0, 3, 96, 96, 0, 0, 0, 0, 0, 1, 0, 1, 1
2025-12-28 12:47:24.738610|{rssi-95} 111, -64, -127, -127, -127, 111, 111, 111, 111, 111, 111, 111, 111, 111, 111, 111, 111, 111, 
2025-12-28 12:47:24.748006|{td-95} 0, -21, 0, 0, 0, 0, 0, 0, 0, 0, 0, 0, 0, 0, 0, 0, 0, 0, 
2025-12-28 12:47:24.752420|{tx-95} :-BBB.............
2025-12-28 12:47:24.925137|{rx-96} 1, 0, 0, 3, 97, 97, 0, 0, 0, 0, 0, 1, 0, 1, 1
2025-12-28 12:47:24.929887|{rssi-96} 111, -64, -127, -127, -127, 111, 111, 111, 111, 111, 111, 111, 111, 111, 111, 111, 111, 111, 
2025-12-28 12:47:24.937939|{td-96} 0, -17, 0, 0, 0, 0, 0, 0, 0, 0, 0, 0, 0, 0, 0, 0, 0, 0, 
2025-12-28 12:47:24.942977|{tx-96} :-BBB.............
2025-12-28 12:47:25.113938|{rx-97} 1, 0, 0, 3, 98, 98, 0, 0, 0, 0, 0, 1, 0, 1, 1
2025-12-28 12:47:25.118950|{rssi-97} 111, -64, -127, -127, -127, 111, 111, 111, 111, 111, 111, 111, 111, 111, 111, 111, 111, 111, 
2025-12-28 12:47:25.127724|{td-97} 0, -21, 0, 0, 0, 0, 0, 0, 0, 0, 0, 0, 0, 0, 0, 0, 0, 0, 
2025-12-28 12:47:25.133358|{tx-97} :-BBB.............
2025-12-28 12:47:25.303443|{rx-98} 1, 0, 0, 3, 99, 99, 0, 0, 0, 0, 0, 1, 0, 1, 1
2025-12-28 12:47:25.308931|{rssi-98} 111, -64, -127, -127, -127, 111, 111, 111, 111, 111, 111, 111, 111, 111, 111, 111, 111, 111, 
2025-12-28 12:47:25.317921|{td-98} 0, -19, 0, 0, 0, 0, 0, 0, 0, 0, 0, 0, 0, 0, 0, 0, 0, 0, 
2025-12-28 12:47:25.323660|{tx-98} :-BBB.............
2025-12-28 12:47:25.493965|{rx-99} 1, 0, 0, 3, 100, 100, 0, 0, 0, 0, 0, 1, 0, 1, 1
2025-12-28 12:47:25.499320|{rssi-99} 111, -64, -127, -127, -127, 111, 111, 111, 111, 111, 111, 111, 111, 111, 111, 111, 111, 111, 
2025-12-28 12:47:25.507290|{td-99} 0, -19, 0, 0, 0, 0, 0, 0, 0, 0, 0, 0, 0, 0, 0, 0, 0, 0, 
2025-12-28 12:47:25.514349|{tx-99} :-BBB.............
2025-12-28 12:47:25.683916|{rx-100} 1, 0, 0, 3, 101, 101, 0, 0, 0, 0, 0, 1, 0, 1, 1
2025-12-28 12:47:25.688427|{rssi-100} 111, -64, -127, -127, -127, 111, 111, 111, 111, 111, 111, 111, 111, 111, 111, 111, 111, 111, 
2025-12-28 12:47:25.698679|{td-100} 0, -19, 0, 0, 0, 0, 0, 0, 0, 0, 0, 0, 0, 0, 0, 0, 0, 0, 
2025-12-28 12:47:25.703397|{tx-100} :-BBB.............
2025-12-28 12:47:25.874092|{rx-101} 1, 0, 0, 3, 102, 102, 0, 0, 0, 0, 0, 1, 0, 1, 1
2025-12-28 12:47:25.879095|{rssi-101} 111, -64, -127, -127, -127, 111, 111, 111, 111, 111, 111, 111, 111, 111, 111, 111, 111, 111, 
2025-12-28 12:47:25.888512|{td-101} 0, -19, 0, 0, 0, 0, 0, 0, 0, 0, 0, 0, 0, 0, 0, 0, 0, 0, 
2025-12-28 12:47:25.894459|{tx-101} :-BBB.............
2025-12-28 12:47:26.063392|{rx-102} 1, 0, 0, 3, 103, 103, 0, 0, 0, 0, 0, 1, 0, 1, 1
2025-12-28 12:47:26.069018|{rssi-102} 111, -64, -127, -127, -127, 111, 111, 111, 111, 111, 111, 111, 111, 111, 111, 111, 111, 111, 
2025-12-28 12:47:26.077943|{td-102} 0, -19, 0, 0, 0, 0, 0, 0, 0, 0, 0, 0, 0, 0, 0, 0, 0, 0, 
2025-12-28 12:47:26.084313|{tx-102} :-BBB.............
2025-12-28 12:47:26.253961|{rx-103} 1, 0, 0, 3, 104, 104, 0, 0, 0, 0, 0, 1, 0, 1, 1
2025-12-28 12:47:26.260332|{rssi-103} 111, -64, -127, -127, -127, 111, 111, 111, 111, 111, 111, 111, 111, 111, 111, 111, 111, 111, 
2025-12-28 12:47:26.268206|{td-103} 0, -19, 0, 0, 0, 0, 0, 0, 0, 0, 0, 0, 0, 0, 0, 0, 0, 0, 
2025-12-28 12:47:26.274235|{tx-103} :-BBB.............
2025-12-28 12:47:26.444081|{rx-104} 1, 0, 0, 3, 105, 105, 0, 0, 0, 0, 0, 1, 0, 1, 1
2025-12-28 12:47:26.451928|{rssi-104} 111, -64, -127, -127, -127, 111, 111, 111, 111, 111, 111, 111, 111, 111, 111, 111, 111, 111, 
2025-12-28 12:47:26.457998|{td-104} 0, -21, 0, 0, 0, 0, 0, 0, 0, 0, 0, 0, 0, 0, 0, 0, 0, 0, 
2025-12-28 12:47:26.464749|{tx-104} :-BBB.............
2025-12-28 12:47:26.634467|{rx-105} 1, 0, 0, 3, 106, 106, 0, 0, 0, 0, 0, 1, 0, 1, 1
2025-12-28 12:47:26.638055|{rssi-105} 111, -64, -127, -127, -127, 111, 111, 111, 111, 111, 111, 111, 111, 111, 111, 111, 111, 111, 
2025-12-28 12:47:26.647377|{td-105} 0, -19, 0, 0, 0, 0, 0, 0, 0, 0, 0, 0, 0, 0, 0, 0, 0, 0, 
2025-12-28 12:47:26.653666|{tx-105} :-BBB.............
2025-12-28 12:47:26.824346|{rx-106} 1, 0, 0, 3, 107, 107, 0, 0, 0, 0, 0, 1, 0, 1, 1
2025-12-28 12:47:26.828509|{rssi-106} 111, -65, -127, -127, -127, 111, 111, 111, 111, 111, 111, 111, 111, 111, 111, 111, 111, 111, 
2025-12-28 12:47:26.837445|{td-106} 0, -19, 0, 0, 0, 0, 0, 0, 0, 0, 0, 0, 0, 0, 0, 0, 0, 0, 
2025-12-28 12:47:26.843589|{tx-106} :-BBB.............
2025-12-28 12:47:27.014210|{rx-107} 1, 0, 0, 3, 108, 108, 0, 0, 0, 0, 0, 1, 0, 1, 1
2025-12-28 12:47:27.018568|{rssi-107} 111, -64, -127, -127, -127, 111, 111, 111, 111, 111, 111, 111, 111, 111, 111, 111, 111, 111, 
2025-12-28 12:47:27.028355|{td-107} 0, -19, 0, 0, 0, 0, 0, 0, 0, 0, 0, 0, 0, 0, 0, 0, 0, 0, 
2025-12-28 12:47:27.033755|{tx-107} :-BBB.............
2025-12-28 12:47:27.204260|{rx-108} 1, 0, 0, 3, 109, 109, 0, 0, 0, 0, 0, 1, 0, 1, 1
2025-12-28 12:47:27.208535|{rssi-108} 111, -64, -127, -127, -127, 111, 111, 111, 111, 111, 111, 111, 111, 111, 111, 111, 111, 111, 
2025-12-28 12:47:27.217656|{td-108} 0, -19, 0, 0, 0, 0, 0, 0, 0, 0, 0, 0, 0, 0, 0, 0, 0, 0, 
2025-12-28 12:47:27.223385|{tx-108} :-BBB.............
2025-12-28 12:47:27.394037|{rx-109} 1, 0, 0, 3, 110, 110, 0, 0, 0, 0, 0, 1, 0, 1, 1
2025-12-28 12:47:27.398381|{rssi-109} 111, -64, -127, -127, -127, 111, 111, 111, 111, 111, 111, 111, 111, 111, 111, 111, 111, 111, 
2025-12-28 12:47:27.408283|{td-109} 0, -19, 0, 0, 0, 0, 0, 0, 0, 0, 0, 0, 0, 0, 0, 0, 0, 0, 
2025-12-28 12:47:27.413435|{tx-109} :-BBB.............
2025-12-28 12:47:27.583843|{rx-110} 1, 0, 0, 3, 111, 111, 0, 0, 0, 0, 0, 1, 0, 1, 1
2025-12-28 12:47:27.588018|{rssi-110} 111, -64, -127, -127, -127, 111, 111, 111, 111, 111, 111, 111, 111, 111, 111, 111, 111, 111, 
2025-12-28 12:47:27.598253|{td-110} 0, -19, 0, 0, 0, 0, 0, 0, 0, 0, 0, 0, 0, 0, 0, 0, 0, 0, 
2025-12-28 12:47:27.603441|{tx-110} :-BBB.............
2025-12-28 12:47:27.773153|{rx-111} 1, 0, 0, 3, 112, 112, 0, 0, 0, 0, 0, 1, 0, 1, 1
2025-12-28 12:47:27.778647|{rssi-111} 111, -64, -127, -127, -127, 111, 111, 111, 111, 111, 111, 111, 111, 111, 111, 111, 111, 111, 
2025-12-28 12:47:27.787899|{td-111} 0, -19, 0, 0, 0, 0, 0, 0, 0, 0, 0, 0, 0, 0, 0, 0, 0, 0, 
2025-12-28 12:47:27.794156|{tx-111} :-BBB.............
2025-12-28 12:47:27.963455|{rx-112} 1, 0, 0, 3, 113, 113, 0, 0, 0, 0, 0, 1, 0, 1, 1
2025-12-28 12:47:27.968724|{rssi-112} 111, -65, -127, -127, -127, 111, 111, 111, 111, 111, 111, 111, 111, 111, 111, 111, 111, 111, 
2025-12-28 12:47:27.978308|{td-112} 0, -21, 0, 0, 0, 0, 0, 0, 0, 0, 0, 0, 0, 0, 0, 0, 0, 0, 
2025-12-28 12:47:27.983192|{tx-112} :-BBB.............
2025-12-28 12:47:28.153612|{rx-113} 1, 0, 0, 3, 114, 114, 0, 0, 0, 0, 0, 1, 0, 1, 1
2025-12-28 12:47:28.158612|{rssi-113} 111, -64, -127, -127, -127, 111, 111, 111, 111, 111, 111, 111, 111, 111, 111, 111, 111, 111, 
2025-12-28 12:47:28.168032|{td-113} 0, -19, 0, 0, 0, 0, 0, 0, 0, 0, 0, 0, 0, 0, 0, 0, 0, 0, 
2025-12-28 12:47:28.173296|{tx-113} :-BBB.............
2025-12-28 12:47:28.343708|{rx-114} 1, 0, 0, 3, 115, 115, 0, 0, 0, 0, 0, 1, 0, 1, 1
2025-12-28 12:47:28.349029|{rssi-114} 111, -64, -127, -127, -127, 111, 111, 111, 111, 111, 111, 111, 111, 111, 111, 111, 111, 111, 
2025-12-28 12:47:28.358240|{td-114} 0, -19, 0, 0, 0, 0, 0, 0, 0, 0, 0, 0, 0, 0, 0, 0, 0, 0, 
2025-12-28 12:47:28.363353|{tx-114} :-BBB.............
2025-12-28 12:47:28.533615|{rx-115} 1, 0, 0, 3, 116, 116, 0, 0, 0, 0, 0, 1, 0, 1, 1
2025-12-28 12:47:28.538947|{rssi-115} 111, -64, -127, -127, -127, 111, 111, 111, 111, 111, 111, 111, 111, 111, 111, 111, 111, 111, 
2025-12-28 12:47:28.547902|{td-115} 0, -19, 0, 0, 0, 0, 0, 0, 0, 0, 0, 0, 0, 0, 0, 0, 0, 0, 
2025-12-28 12:47:28.553271|{tx-115} :-BBB.............
2025-12-28 12:47:28.723660|{rx-116} 1, 0, 0, 3, 117, 117, 0, 0, 0, 0, 0, 1, 0, 1, 1
2025-12-28 12:47:28.728361|{rssi-116} 111, -64, -127, -127, -127, 111, 111, 111, 111, 111, 111, 111, 111, 111, 111, 111, 111, 111, 
2025-12-28 12:47:28.737364|{td-116} 0, -19, 0, 0, 0, 0, 0, 0, 0, 0, 0, 0, 0, 0, 0, 0, 0, 0, 
2025-12-28 12:47:28.743001|{tx-116} :-BBB.............
2025-12-28 12:47:28.913647|{rx-117} 1, 0, 0, 3, 118, 118, 0, 0, 0, 0, 0, 1, 0, 1, 1
2025-12-28 12:47:28.917678|{rssi-117} 111, -65, -127, -127, -127, 111, 111, 111, 111, 111, 111, 111, 111, 111, 111, 111, 111, 111, 
2025-12-28 12:47:28.927295|{td-117} 0, -19, 0, 0, 0, 0, 0, 0, 0, 0, 0, 0, 0, 0, 0, 0, 0, 0, 
2025-12-28 12:47:28.933279|{tx-117} :-BBB.............
2025-12-28 12:47:29.104774|{rx-118} 1, 0, 0, 3, 119, 119, 0, 0, 0, 0, 0, 1, 0, 1, 1
2025-12-28 12:47:29.108476|{rssi-118} 111, -64, -127, -127, -127, 111, 111, 111, 111, 111, 111, 111, 111, 111, 111, 111, 111, 111, 
2025-12-28 12:47:29.117799|{td-118} 0, -19, 0, 0, 0, 0, 0, 0, 0, 0, 0, 0, 0, 0, 0, 0, 0, 0, 
2025-12-28 12:47:29.123589|{tx-118} :-BBB.............
2025-12-28 12:47:29.293238|{rx-119} 1, 0, 0, 3, 120, 120, 0, 0, 0, 0, 0, 1, 0, 1, 1
2025-12-28 12:47:29.298495|{rssi-119} 111, -64, -127, -127, -127, 111, 111, 111, 111, 111, 111, 111, 111, 111, 111, 111, 111, 111, 
2025-12-28 12:47:29.306921|{td-119} 0, -19, 0, 0, 0, 0, 0, 0, 0, 0, 0, 0, 0, 0, 0, 0, 0, 0, 
2025-12-28 12:47:29.313030|{tx-119} :-BBB.............
2025-12-28 12:47:29.484011|{rx-120} 1, 0, 0, 3, 121, 121, 0, 0, 0, 0, 0, 1, 0, 1, 1
2025-12-28 12:47:29.487367|{rssi-120} 111, -64, -127, -127, -127, 111, 111, 111, 111, 111, 111, 111, 111, 111, 111, 111, 111, 111, 
2025-12-28 12:47:29.498046|{td-120} 0, -19, 0, 0, 0, 0, 0, 0, 0, 0, 0, 0, 0, 0, 0, 0, 0, 0, 
2025-12-28 12:47:29.503083|{tx-120} :-BBB.............
2025-12-28 12:47:29.673889|{rx-121} 1, 0, 0, 3, 122, 122, 0, 0, 0, 0, 0, 1, 0, 1, 1
2025-12-28 12:47:29.678180|{rssi-121} 111, -64, -127, -127, -127, 111, 111, 111, 111, 111, 111, 111, 111, 111, 111, 111, 111, 111, 
2025-12-28 12:47:29.687686|{td-121} 0, -21, 0, 0, 0, 0, 0, 0, 0, 0, 0, 0, 0, 0, 0, 0, 0, 0, 
2025-12-28 12:47:29.693143|{tx-121} :-BBB.............
2025-12-28 12:47:29.863535|{rx-122} 1, 0, 0, 3, 123, 123, 0, 0, 0, 0, 0, 1, 0, 1, 1
2025-12-28 12:47:29.868655|{rssi-122} 111, -64, -127, -127, -127, 111, 111, 111, 111, 111, 111, 111, 111, 111, 111, 111, 111, 111, 
2025-12-28 12:47:29.877811|{td-122} 0, -19, 0, 0, 0, 0, 0, 0, 0, 0, 0, 0, 0, 0, 0, 0, 0, 0, 
2025-12-28 12:47:29.882519|{tx-122} :-BBB.............
2025-12-28 12:47:30.053833|{rx-123} 1, 0, 0, 3, 124, 124, 0, 0, 0, 0, 0, 1, 0, 1, 1
2025-12-28 12:47:30.058291|{rssi-123} 111, -64, -127, -127, -127, 111, 111, 111, 111, 111, 111, 111, 111, 111, 111, 111, 111, 111, 
2025-12-28 12:47:30.067315|{td-123} 0, -19, 0, 0, 0, 0, 0, 0, 0, 0, 0, 0, 0, 0, 0, 0, 0, 0, 
2025-12-28 12:47:30.072798|{tx-123} :-BBB.............
2025-12-28 12:47:30.242747|{rx-124} 1, 0, 0, 3, 125, 125, 0, 0, 0, 0, 0, 1, 0, 1, 1
2025-12-28 12:47:30.248208|{rssi-124} 111, -64, -127, -127, -127, 111, 111, 111, 111, 111, 111, 111, 111, 111, 111, 111, 111, 111, 
2025-12-28 12:47:30.257399|{td-124} 0, -19, 0, 0, 0, 0, 0, 0, 0, 0, 0, 0, 0, 0, 0, 0, 0, 0, 
2025-12-28 12:47:30.263281|{tx-124} :-BBB.............
2025-12-28 12:47:30.432697|{rx-125} 1, 0, 0, 3, 126, 126, 0, 0, 0, 0, 0, 1, 0, 1, 1
2025-12-28 12:47:30.437453|{rssi-125} 111, -64, -127, -127, -127, 111, 111, 111, 111, 111, 111, 111, 111, 111, 111, 111, 111, 111, 
2025-12-28 12:47:30.447447|{td-125} 0, -19, 0, 0, 0, 0, 0, 0, 0, 0, 0, 0, 0, 0, 0, 0, 0, 0, 
2025-12-28 12:47:30.453124|{tx-125} :-BBB.............
2025-12-28 12:47:30.622665|{rx-126} 1, 0, 0, 3, 127, 127, 0, 0, 0, 0, 0, 1, 0, 1, 1
2025-12-28 12:47:30.628121|{rssi-126} 111, -65, -127, -127, -127, 111, 111, 111, 111, 111, 111, 111, 111, 111, 111, 111, 111, 111, 
2025-12-28 12:47:30.637531|{td-126} 0, -19, 0, 0, 0, 0, 0, 0, 0, 0, 0, 0, 0, 0, 0, 0, 0, 0, 
2025-12-28 12:47:30.643302|{tx-126} :-BBB.............
2025-12-28 12:47:30.812995|{rx-127} 1, 0, 0, 3, 128, 128, 0, 0, 0, 0, 0, 1, 0, 1, 1
2025-12-28 12:47:30.818185|{rssi-127} 111, -64, -127, -127, -127, 111, 111, 111, 111, 111, 111, 111, 111, 111, 111, 111, 111, 111, 
2025-12-28 12:47:30.826824|{td-127} 0, -19, 0, 0, 0, 0, 0, 0, 0, 0, 0, 0, 0, 0, 0, 0, 0, 0, 
2025-12-28 12:47:30.833922|{tx-127} :-BBB.............
2025-12-28 12:47:31.002598|{rx-128} 1, 0, 0, 3, 129, 129, 0, 0, 0, 0, 0, 1, 0, 1, 1
2025-12-28 12:47:31.008078|{rssi-128} 111, -64, -127, -127, -127, 111, 111, 111, 111, 111, 111, 111, 111, 111, 111, 111, 111, 111, 
2025-12-28 12:47:31.016877|{td-128} 0, -21, 0, 0, 0, 0, 0, 0, 0, 0, 0, 0, 0, 0, 0, 0, 0, 0, 
2025-12-28 12:47:31.023796|{tx-128} :-BBB.............
2025-12-28 12:47:31.192566|{rx-129} 1, 0, 0, 3, 130, 130, 0, 0, 0, 0, 0, 1, 0, 1, 1
2025-12-28 12:47:31.198008|{rssi-129} 111, -64, -127, -127, -127, 111, 111, 111, 111, 111, 111, 111, 111, 111, 111, 111, 111, 111, 
2025-12-28 12:47:31.207373|{td-129} 0, -19, 0, 0, 0, 0, 0, 0, 0, 0, 0, 0, 0, 0, 0, 0, 0, 0, 
2025-12-28 12:47:31.212561|{tx-129} :-BBB.............
2025-12-28 12:47:31.382810|{rx-130} 1, 0, 0, 3, 131, 131, 0, 0, 0, 0, 0, 1, 0, 1, 1
2025-12-28 12:47:31.389333|{rssi-130} 111, -64, -127, -127, -127, 111, 111, 111, 111, 111, 111, 111, 111, 111, 111, 111, 111, 111, 
2025-12-28 12:47:31.397203|{td-130} 0, -19, 0, 0, 0, 0, 0, 0, 0, 0, 0, 0, 0, 0, 0, 0, 0, 0, 
2025-12-28 12:47:31.403903|{tx-130} :-BBB.............
2025-12-28 12:47:31.572637|{rx-131} 1, 0, 0, 3, 132, 132, 0, 0, 0, 0, 0, 1, 0, 1, 1
2025-12-28 12:47:31.578309|{rssi-131} 111, -64, -127, -127, -127, 111, 111, 111, 111, 111, 111, 111, 111, 111, 111, 111, 111, 111, 
2025-12-28 12:47:31.586321|{td-131} 0, -19, 0, 0, 0, 0, 0, 0, 0, 0, 0, 0, 0, 0, 0, 0, 0, 0, 
2025-12-28 12:47:31.592379|{tx-131} :-BBB.............
2025-12-28 12:47:31.763482|{rx-132} 1, 0, 0, 3, 133, 133, 0, 0, 0, 0, 0, 1, 0, 1, 1
2025-12-28 12:47:31.768121|{rssi-132} 111, -65, -127, -127, -127, 111, 111, 111, 111, 111, 111, 111, 111, 111, 111, 111, 111, 111, 
2025-12-28 12:47:31.777302|{td-132} 0, -19, 0, 0, 0, 0, 0, 0, 0, 0, 0, 0, 0, 0, 0, 0, 0, 0, 
2025-12-28 12:47:31.783051|{tx-132} :-BBB.............
2025-12-28 12:47:31.952579|{rx-133} 1, 0, 0, 3, 134, 134, 0, 0, 0, 0, 0, 1, 0, 1, 1
2025-12-28 12:47:31.957252|{rssi-133} 111, -64, -127, -127, -127, 111, 111, 111, 111, 111, 111, 111, 111, 111, 111, 111, 111, 111, 
2025-12-28 12:47:31.967482|{td-133} 0, -19, 0, 0, 0, 0, 0, 0, 0, 0, 0, 0, 0, 0, 0, 0, 0, 0, 
2025-12-28 12:47:31.973462|{tx-133} :-BBB.............
2025-12-28 12:47:32.143202|{rx-134} 1, 0, 0, 3, 135, 135, 0, 0, 0, 0, 0, 1, 0, 1, 1
2025-12-28 12:47:32.147857|{rssi-134} 111, -64, -127, -127, -127, 111, 111, 111, 111, 111, 111, 111, 111, 111, 111, 111, 111, 111, 
2025-12-28 12:47:32.157369|{td-134} 0, -19, 0, 0, 0, 0, 0, 0, 0, 0, 0, 0, 0, 0, 0, 0, 0, 0, 
2025-12-28 12:47:32.163049|{tx-134} :-BBB.............
2025-12-28 12:47:32.332611|{rx-135} 1, 0, 0, 3, 136, 136, 0, 0, 0, 0, 0, 1, 0, 1, 1
2025-12-28 12:47:32.337526|{rssi-135} 111, -65, -127, -127, -127, 111, 111, 111, 111, 111, 111, 111, 111, 111, 111, 111, 111, 111, 
2025-12-28 12:47:32.347227|{td-135} 0, -19, 0, 0, 0, 0, 0, 0, 0, 0, 0, 0, 0, 0, 0, 0, 0, 0, 
2025-12-28 12:47:32.352586|{tx-135} :-BBB.............
2025-12-28 12:47:32.522729|{rx-136} 1, 0, 0, 3, 137, 137, 0, 0, 0, 0, 0, 1, 0, 1, 1
2025-12-28 12:47:32.527963|{rssi-136} 111, -64, -127, -127, -127, 111, 111, 111, 111, 111, 111, 111, 111, 111, 111, 111, 111, 111, 
2025-12-28 12:47:32.537322|{td-136} 0, -19, 0, 0, 0, 0, 0, 0, 0, 0, 0, 0, 0, 0, 0, 0, 0, 0, 
2025-12-28 12:47:32.542535|{tx-136} :-BBB.............
2025-12-28 12:47:32.712870|{rx-137} 1, 0, 0, 3, 138, 138, 0, 0, 0, 0, 0, 1, 0, 1, 1
2025-12-28 12:47:32.716929|{rssi-137} 111, -64, -127, -127, -127, 111, 111, 111, 111, 111, 111, 111, 111, 111, 111, 111, 111, 111, 
2025-12-28 12:47:32.726170|{td-137} 0, -21, 0, 0, 0, 0, 0, 0, 0, 0, 0, 0, 0, 0, 0, 0, 0, 0, 
2025-12-28 12:47:32.732447|{tx-137} :-BBB.............
2025-12-28 12:47:32.902689|{rx-138} 1, 0, 0, 3, 139, 139, 0, 0, 0, 0, 0, 1, 0, 1, 1
2025-12-28 12:47:32.906595|{rssi-138} 111, -64, -127, -127, -127, 111, 111, 111, 111, 111, 111, 111, 111, 111, 111, 111, 111, 111, 
2025-12-28 12:47:32.917007|{td-138} 0, -19, 0, 0, 0, 0, 0, 0, 0, 0, 0, 0, 0, 0, 0, 0, 0, 0, 
2025-12-28 12:47:32.923950|{tx-138} :-BBB.............
2025-12-28 12:47:33.092852|{rx-139} 1, 0, 0, 3, 140, 140, 0, 0, 0, 0, 0, 1, 0, 1, 1
2025-12-28 12:47:33.096949|{rssi-139} 111, -64, -127, -127, -127, 111, 111, 111, 111, 111, 111, 111, 111, 111, 111, 111, 111, 111, 
2025-12-28 12:47:33.106447|{td-139} 0, -19, 0, 0, 0, 0, 0, 0, 0, 0, 0, 0, 0, 0, 0, 0, 0, 0, 
2025-12-28 12:47:33.112496|{tx-139} :-BBB.............
2025-12-28 12:47:33.282984|{rx-140} 1, 0, 0, 3, 141, 141, 0, 0, 0, 0, 0, 1, 0, 1, 1
2025-12-28 12:47:33.287006|{rssi-140} 111, -64, -127, -127, -127, 111, 111, 111, 111, 111, 111, 111, 111, 111, 111, 111, 111, 111, 
2025-12-28 12:47:33.297794|{td-140} 0, -19, 0, 0, 0, 0, 0, 0, 0, 0, 0, 0, 0, 0, 0, 0, 0, 0, 
2025-12-28 12:47:33.303413|{tx-140} :-BBB.............
2025-12-28 12:47:33.473334|{rx-141} 1, 0, 0, 3, 142, 142, 0, 0, 0, 0, 0, 1, 0, 1, 1
2025-12-28 12:47:33.477640|{rssi-141} 111, -64, -127, -127, -127, 111, 111, 111, 111, 111, 111, 111, 111, 111, 111, 111, 111, 111, 
2025-12-28 12:47:33.488092|{td-141} 0, -19, 0, 0, 0, 0, 0, 0, 0, 0, 0, 0, 0, 0, 0, 0, 0, 0, 
2025-12-28 12:47:33.492731|{tx-141} :-BBB.............
2025-12-28 12:47:33.663000|{rx-142} 1, 0, 0, 3, 143, 143, 0, 0, 0, 0, 0, 1, 0, 1, 1
2025-12-28 12:47:33.667438|{rssi-142} 111, -64, -127, -127, -127, 111, 111, 111, 111, 111, 111, 111, 111, 111, 111, 111, 111, 111, 
2025-12-28 12:47:33.677019|{td-142} 0, -19, 0, 0, 0, 0, 0, 0, 0, 0, 0, 0, 0, 0, 0, 0, 0, 0, 
2025-12-28 12:47:33.682932|{tx-142} :-BBB.............
2025-12-28 12:47:33.853024|{rx-143} 1, 0, 0, 3, 144, 144, 0, 0, 0, 0, 0, 1, 0, 1, 1
2025-12-28 12:47:33.857614|{rssi-143} 111, -64, -127, -127, -127, 111, 111, 111, 111, 111, 111, 111, 111, 111, 111, 111, 111, 111, 
2025-12-28 12:47:33.867118|{td-143} 0, -19, 0, 0, 0, 0, 0, 0, 0, 0, 0, 0, 0, 0, 0, 0, 0, 0, 
2025-12-28 12:47:33.872203|{tx-143} :-BBB.............
2025-12-28 12:47:34.043392|{rx-144} 1, 0, 0, 3, 145, 145, 0, 0, 0, 0, 0, 1, 0, 1, 1
2025-12-28 12:47:34.047697|{rssi-144} 111, -65, -127, -127, -127, 111, 111, 111, 111, 111, 111, 111, 111, 111, 111, 111, 111, 111, 
2025-12-28 12:47:34.057065|{td-144} 0, -21, 0, 0, 0, 0, 0, 0, 0, 0, 0, 0, 0, 0, 0, 0, 0, 0, 
2025-12-28 12:47:34.062789|{tx-144} :-BBB.............
2025-12-28 12:47:34.232928|{rx-145} 1, 0, 0, 3, 146, 146, 0, 0, 0, 0, 0, 1, 0, 1, 1
2025-12-28 12:47:34.237375|{rssi-145} 111, -64, -127, -127, -127, 111, 111, 111, 111, 111, 111, 111, 111, 111, 111, 111, 111, 111, 
2025-12-28 12:47:34.246847|{td-145} 0, -19, 0, 0, 0, 0, 0, 0, 0, 0, 0, 0, 0, 0, 0, 0, 0, 0, 
2025-12-28 12:47:34.252914|{tx-145} :-BBB.............
2025-12-28 12:47:34.422575|{rx-146} 1, 0, 0, 3, 147, 147, 0, 0, 0, 0, 0, 1, 0, 1, 1
2025-12-28 12:47:34.426987|{rssi-146} 111, -64, -127, -127, -127, 111, 111, 111, 111, 111, 111, 111, 111, 111, 111, 111, 111, 111, 
2025-12-28 12:47:34.436845|{td-146} 0, -19, 0, 0, 0, 0, 0, 0, 0, 0, 0, 0, 0, 0, 0, 0, 0, 0, 
2025-12-28 12:47:34.442725|{tx-146} :-BBB.............
2025-12-28 12:47:34.613025|{rx-147} 1, 0, 0, 3, 148, 148, 0, 0, 0, 0, 0, 1, 0, 1, 1
2025-12-28 12:47:34.617641|{rssi-147} 111, -64, -127, -127, -127, 111, 111, 111, 111, 111, 111, 111, 111, 111, 111, 111, 111, 111, 
2025-12-28 12:47:34.627052|{td-147} 0, -19, 0, 0, 0, 0, 0, 0, 0, 0, 0, 0, 0, 0, 0, 0, 0, 0, 
2025-12-28 12:47:34.632812|{tx-147} :-BBB.............
2025-12-28 12:47:34.803383|{rx-148} 1, 0, 0, 3, 149, 149, 0, 0, 0, 0, 0, 1, 0, 1, 1
2025-12-28 12:47:34.807707|{rssi-148} 111, -64, -127, -127, -127, 111, 111, 111, 111, 111, 111, 111, 111, 111, 111, 111, 111, 111, 
2025-12-28 12:47:34.816751|{td-148} 0, -19, 0, 0, 0, 0, 0, 0, 0, 0, 0, 0, 0, 0, 0, 0, 0, 0, 
2025-12-28 12:47:34.822952|{tx-148} :-BBB.............
2025-12-28 12:47:34.992720|{rx-149} 1, 0, 0, 3, 150, 150, 0, 0, 0, 0, 0, 1, 0, 1, 1
2025-12-28 12:47:34.996400|{rssi-149} 111, -64, -127, -127, -127, 111, 111, 111, 111, 111, 111, 111, 111, 111, 111, 111, 111, 111, 
2025-12-28 12:47:35.005984|{td-149} 0, -19, 0, 0, 0, 0, 0, 0, 0, 0, 0, 0, 0, 0, 0, 0, 0, 0, 
2025-12-28 12:47:35.012852|{tx-149} :-BBB.............
2025-12-28 12:47:35.182931|{rx-150} 1, 0, 0, 3, 151, 151, 0, 0, 0, 0, 0, 1, 0, 1, 1
2025-12-28 12:47:35.187338|{rssi-150} 111, -67, -127, -127, -127, 111, 111, 111, 111, 111, 111, 111, 111, 111, 111, 111, 111, 111, 
2025-12-28 12:47:35.195909|{td-150} 0, -19, 0, 0, 0, 0, 0, 0, 0, 0, 0, 0, 0, 0, 0, 0, 0, 0, 
2025-12-28 12:47:35.202617|{tx-150} :-BBB.............
2025-12-28 12:47:35.371162|{rx-151} 1, 0, 0, 3, 152, 152, 0, 0, 0, 0, 0, 1, 0, 1, 1
2025-12-28 12:47:35.377270|{rssi-151} 111, -64, -127, -127, -127, 111, 111, 111, 111, 111, 111, 111, 111, 111, 111, 111, 111, 111, 
2025-12-28 12:47:35.386619|{td-151} 0, -19, 0, 0, 0, 0, 0, 0, 0, 0, 0, 0, 0, 0, 0, 0, 0, 0, 
2025-12-28 12:47:35.391852|{tx-151} :-BBB.............
2025-12-28 12:47:35.562037|{rx-152} 1, 0, 0, 3, 153, 153, 0, 0, 0, 0, 0, 1, 0, 1, 1
2025-12-28 12:47:35.566664|{rssi-152} 111, -64, -127, -127, -127, 111, 111, 111, 111, 111, 111, 111, 111, 111, 111, 111, 111, 111, 
2025-12-28 12:47:35.576807|{td-152} 0, -19, 0, 0, 0, 0, 0, 0, 0, 0, 0, 0, 0, 0, 0, 0, 0, 0, 
2025-12-28 12:47:35.581934|{tx-152} :-BBB.............
2025-12-28 12:47:35.752101|{rx-153} 1, 0, 0, 3, 154, 154, 0, 0, 0, 0, 0, 1, 0, 1, 1
2025-12-28 12:47:35.757405|{rssi-153} 111, -64, -127, -127, -127, 111, 111, 111, 111, 111, 111, 111, 111, 111, 111, 111, 111, 111, 
2025-12-28 12:47:35.766706|{td-153} 0, -21, 0, 0, 0, 0, 0, 0, 0, 0, 0, 0, 0, 0, 0, 0, 0, 0, 
2025-12-28 12:47:35.772923|{tx-153} :-BBB.............
2025-12-28 12:47:35.941235|{rx-154} 1, 0, 0, 3, 155, 155, 0, 0, 0, 0, 0, 1, 0, 1, 1
2025-12-28 12:47:35.946660|{rssi-154} 111, -66, -127, -127, -127, 111, 111, 111, 111, 111, 111, 111, 111, 111, 111, 111, 111, 111, 
2025-12-28 12:47:35.956192|{td-154} 0, -19, 0, 0, 0, 0, 0, 0, 0, 0, 0, 0, 0, 0, 0, 0, 0, 0, 
2025-12-28 12:47:35.961404|{tx-154} :-BBB.............
2025-12-28 12:47:36.131276|{rx-155} 1, 0, 0, 3, 156, 156, 0, 0, 0, 0, 0, 1, 0, 1, 1
2025-12-28 12:47:36.136571|{rssi-155} 111, -64, -127, -127, -127, 111, 111, 111, 111, 111, 111, 111, 111, 111, 111, 111, 111, 111, 
2025-12-28 12:47:36.145878|{td-155} 0, -19, 0, 0, 0, 0, 0, 0, 0, 0, 0, 0, 0, 0, 0, 0, 0, 0, 
2025-12-28 12:47:36.151416|{tx-155} :-BBB.............
2025-12-28 12:47:36.322084|{rx-156} 1, 0, 0, 3, 157, 157, 0, 0, 0, 0, 0, 1, 0, 1, 1
2025-12-28 12:47:36.327290|{rssi-156} 111, -64, -127, -127, -127, 111, 111, 111, 111, 111, 111, 111, 111, 111, 111, 111, 111, 111, 
2025-12-28 12:47:36.336233|{td-156} 0, -19, 0, 0, 0, 0, 0, 0, 0, 0, 0, 0, 0, 0, 0, 0, 0, 0, 
2025-12-28 12:47:36.342874|{tx-156} :-BBB.............
2025-12-28 12:47:36.512653|{rx-157} 1, 0, 0, 3, 158, 158, 0, 0, 0, 0, 0, 1, 0, 1, 1
2025-12-28 12:47:36.516524|{rssi-157} 111, -64, -127, -127, -127, 111, 111, 111, 111, 111, 111, 111, 111, 111, 111, 111, 111, 111, 
2025-12-28 12:47:36.526560|{td-157} 0, -19, 0, 0, 0, 0, 0, 0, 0, 0, 0, 0, 0, 0, 0, 0, 0, 0, 
2025-12-28 12:47:36.533284|{tx-157} :-BBB.............
2025-12-28 12:47:36.702880|{rx-158} 1, 0, 0, 3, 159, 159, 0, 0, 0, 0, 0, 1, 0, 1, 1
2025-12-28 12:47:36.708262|{rssi-158} 111, -65, -127, -127, -127, 111, 111, 111, 111, 111, 111, 111, 111, 111, 111, 111, 111, 111, 
2025-12-28 12:47:36.716541|{td-158} 0, -19, 0, 0, 0, 0, 0, 0, 0, 0, 0, 0, 0, 0, 0, 0, 0, 0, 
2025-12-28 12:47:36.722238|{tx-158} :-BBB.............
2025-12-28 12:47:36.891373|{rx-159} 1, 0, 0, 3, 160, 160, 0, 0, 0, 0, 0, 1, 0, 1, 1
2025-12-28 12:47:36.896425|{rssi-159} 111, -64, -127, -127, -127, 111, 111, 111, 111, 111, 111, 111, 111, 111, 111, 111, 111, 111, 
2025-12-28 12:47:36.906473|{td-159} 0, -19, 0, 0, 0, 0, 0, 0, 0, 0, 0, 0, 0, 0, 0, 0, 0, 0, 
2025-12-28 12:47:36.912068|{tx-159} :-BBB.............
2025-12-28 12:47:37.082438|{rx-160} 1, 0, 0, 3, 161, 161, 0, 0, 0, 0, 0, 1, 0, 1, 1
2025-12-28 12:47:37.086548|{rssi-160} 111, -64, -127, -127, -127, 111, 111, 111, 111, 111, 111, 111, 111, 111, 111, 111, 111, 111, 
2025-12-28 12:47:37.096524|{td-160} 0, -19, 0, 0, 0, 0, 0, 0, 0, 0, 0, 0, 0, 0, 0, 0, 0, 0, 
2025-12-28 12:47:37.102357|{tx-160} :-BBB.............
2025-12-28 12:47:37.271229|{rx-161} 1, 0, 0, 3, 162, 162, 0, 0, 0, 0, 0, 1, 0, 1, 1
2025-12-28 12:47:37.277666|{rssi-161} 111, -64, -127, -127, -127, 111, 111, 111, 111, 111, 111, 111, 111, 111, 111, 111, 111, 111, 
2025-12-28 12:47:37.286556|{td-161} 0, -21, 0, 0, 0, 0, 0, 0, 0, 0, 0, 0, 0, 0, 0, 0, 0, 0, 
2025-12-28 12:47:37.291965|{tx-161} :-BBB.............
2025-12-28 12:47:37.462757|{rx-162} 1, 0, 0, 3, 163, 163, 0, 0, 0, 0, 0, 1, 0, 1, 1
2025-12-28 12:47:37.466979|{rssi-162} 111, -64, -127, -127, -127, 111, 111, 111, 111, 111, 111, 111, 111, 111, 111, 111, 111, 111, 
2025-12-28 12:47:37.476477|{td-162} 0, -19, 0, 0, 0, 0, 0, 0, 0, 0, 0, 0, 0, 0, 0, 0, 0, 0, 
2025-12-28 12:47:37.482647|{tx-162} :-BBB.............
2025-12-28 12:47:37.651382|{rx-163} 1, 0, 0, 3, 164, 164, 0, 0, 0, 0, 0, 1, 0, 1, 1
2025-12-28 12:47:37.656655|{rssi-163} 111, -64, -127, -127, -127, 111, 111, 111, 111, 111, 111, 111, 111, 111, 111, 111, 111, 111, 
2025-12-28 12:47:37.666654|{td-163} 0, -19, 0, 0, 0, 0, 0, 0, 0, 0, 0, 0, 0, 0, 0, 0, 0, 0, 
2025-12-28 12:47:37.670943|{tx-163} :-BBB.............
2025-12-28 12:47:37.842946|{rx-164} 1, 0, 0, 3, 165, 165, 0, 0, 0, 0, 0, 1, 0, 1, 1
2025-12-28 12:47:37.846735|{rssi-164} 111, -64, -127, -127, -127, 111, 111, 111, 111, 111, 111, 111, 111, 111, 111, 111, 111, 111, 
2025-12-28 12:47:37.856319|{td-164} 0, -19, 0, 0, 0, 0, 0, 0, 0, 0, 0, 0, 0, 0, 0, 0, 0, 0, 
2025-12-28 12:47:37.861941|{tx-164} :-BBB.............
2025-12-28 12:47:38.031950|{rx-165} 1, 0, 0, 3, 166, 166, 0, 0, 0, 0, 0, 1, 0, 1, 1
2025-12-28 12:47:38.036930|{rssi-165} 111, -64, -127, -127, -127, 111, 111, 111, 111, 111, 111, 111, 111, 111, 111, 111, 111, 111, 
2025-12-28 12:47:38.045630|{td-165} 0, -19, 0, 0, 0, 0, 0, 0, 0, 0, 0, 0, 0, 0, 0, 0, 0, 0, 
2025-12-28 12:47:38.051382|{tx-165} :-BBB.............
2025-12-28 12:47:38.222707|{rx-166} 1, 0, 0, 3, 167, 167, 0, 0, 0, 0, 0, 1, 0, 1, 1
2025-12-28 12:47:38.226120|{rssi-166} 111, -64, -127, -127, -127, 111, 111, 111, 111, 111, 111, 111, 111, 111, 111, 111, 111, 111, 
2025-12-28 12:47:38.236329|{td-166} 0, -19, 0, 0, 0, 0, 0, 0, 0, 0, 0, 0, 0, 0, 0, 0, 0, 0, 
2025-12-28 12:47:38.242029|{tx-166} :-BBB.............
2025-12-28 12:47:38.412512|{rx-167} 1, 0, 0, 3, 168, 168, 0, 0, 0, 0, 0, 1, 0, 1, 1
2025-12-28 12:47:38.416560|{rssi-167} 111, -64, -127, -127, -127, 111, 111, 111, 111, 111, 111, 111, 111, 111, 111, 111, 111, 111, 
2025-12-28 12:47:38.426315|{td-167} 0, -19, 0, 0, 0, 0, 0, 0, 0, 0, 0, 0, 0, 0, 0, 0, 0, 0, 
2025-12-28 12:47:38.430949|{tx-167} :-BBB.............
2025-12-28 12:47:38.602534|{rx-168} 1, 0, 0, 3, 169, 169, 0, 0, 0, 0, 0, 1, 0, 1, 1
2025-12-28 12:47:38.605828|{rssi-168} 111, -64, -127, -127, -127, 111, 111, 111, 111, 111, 111, 111, 111, 111, 111, 111, 111, 111, 
2025-12-28 12:47:38.616081|{td-168} 0, -19, 0, 0, 0, 0, 0, 0, 0, 0, 0, 0, 0, 0, 0, 0, 0, 0, 
2025-12-28 12:47:38.620716|{tx-168} :-BBB.............
2025-12-28 12:47:38.792789|{rx-169} 1, 0, 0, 3, 170, 170, 0, 0, 0, 0, 0, 1, 0, 1, 1
2025-12-28 12:47:38.796147|{rssi-169} 111, -64, -127, -127, -127, 111, 111, 111, 111, 111, 111, 111, 111, 111, 111, 111, 111, 111, 
2025-12-28 12:47:38.805245|{td-169} 0, -19, 0, 0, 0, 0, 0, 0, 0, 0, 0, 0, 0, 0, 0, 0, 0, 0, 
2025-12-28 12:47:38.812550|{tx-169} :-BBB.............
2025-12-28 12:47:38.981284|{rx-170} 1, 0, 0, 3, 171, 171, 0, 0, 0, 0, 0, 1, 0, 1, 1
2025-12-28 12:47:38.986558|{rssi-170} 111, -64, -127, -127, -127, 111, 111, 111, 111, 111, 111, 111, 111, 111, 111, 111, 111, 111, 
2025-12-28 12:47:38.997178|{td-170} 0, -21, 0, 0, 0, 0, 0, 0, 0, 0, 0, 0, 0, 0, 0, 0, 0, 0, 
2025-12-28 12:47:39.000696|{tx-170} :-BBB.............
2025-12-28 12:47:39.172225|{rx-171} 1, 0, 0, 3, 172, 172, 0, 0, 0, 0, 0, 1, 0, 1, 1
2025-12-28 12:47:39.176437|{rssi-171} 111, -64, -127, -127, -127, 111, 111, 111, 111, 111, 111, 111, 111, 111, 111, 111, 111, 111, 
2025-12-28 12:47:39.185104|{td-171} 0, -19, 0, 0, 0, 0, 0, 0, 0, 0, 0, 0, 0, 0, 0, 0, 0, 0, 
2025-12-28 12:47:39.190679|{tx-171} :-BBB.............
2025-12-28 12:47:39.362288|{rx-172} 1, 0, 0, 3, 173, 173, 0, 0, 0, 0, 0, 1, 0, 1, 1
2025-12-28 12:47:39.366606|{rssi-172} 111, -65, -127, -127, -127, 111, 111, 111, 111, 111, 111, 111, 111, 111, 111, 111, 111, 111, 
2025-12-28 12:47:39.375717|{td-172} 0, -19, 0, 0, 0, 0, 0, 0, 0, 0, 0, 0, 0, 0, 0, 0, 0, 0, 
2025-12-28 12:47:39.382323|{tx-172} :-BBB.............
2025-12-28 12:47:39.553041|{rx-173} 1, 0, 0, 3, 174, 174, 0, 0, 0, 0, 0, 1, 0, 1, 1
2025-12-28 12:47:39.556912|{rssi-173} 111, -64, -127, -127, -127, 111, 111, 111, 111, 111, 111, 111, 111, 111, 111, 111, 111, 111, 
2025-12-28 12:47:39.565971|{td-173} 0, -19, 0, 0, 0, 0, 0, 0, 0, 0, 0, 0, 0, 0, 0, 0, 0, 0, 
2025-12-28 12:47:39.571301|{tx-173} :-BBB.............
2025-12-28 12:47:39.741271|{rx-174} 1, 0, 0, 3, 175, 175, 0, 0, 0, 0, 0, 1, 0, 1, 1
2025-12-28 12:47:39.746760|{rssi-174} 111, -64, -127, -127, -127, 111, 111, 111, 111, 111, 111, 111, 111, 111, 111, 111, 111, 111, 
2025-12-28 12:47:39.755957|{td-174} 0, -19, 0, 0, 0, 0, 0, 0, 0, 0, 0, 0, 0, 0, 0, 0, 0, 0, 
2025-12-28 12:47:39.761363|{tx-174} :-BBB.............
2025-12-28 12:47:39.932107|{rx-175} 1, 0, 0, 3, 176, 176, 0, 0, 0, 0, 0, 1, 0, 1, 1
2025-12-28 12:47:39.935600|{rssi-175} 111, -64, -127, -127, -127, 111, 111, 111, 111, 111, 111, 111, 111, 111, 111, 111, 111, 111, 
2025-12-28 12:47:39.945019|{td-175} 0, -19, 0, 0, 0, 0, 0, 0, 0, 0, 0, 0, 0, 0, 0, 0, 0, 0, 
2025-12-28 12:47:39.950929|{tx-175} :-BBB.............
2025-12-28 12:47:40.121354|{rx-176} 1, 0, 0, 3, 177, 177, 0, 0, 0, 0, 0, 1, 0, 1, 1
2025-12-28 12:47:40.126689|{rssi-176} 111, -64, -127, -127, -127, 111, 111, 111, 111, 111, 111, 111, 111, 111, 111, 111, 111, 111, 
2025-12-28 12:47:40.135133|{td-176} 0, -19, 0, 0, 0, 0, 0, 0, 0, 0, 0, 0, 0, 0, 0, 0, 0, 0, 
2025-12-28 12:47:40.140410|{tx-176} :-BBB.............
2025-12-28 12:47:40.312251|{rx-177} 1, 0, 0, 3, 178, 178, 0, 0, 0, 0, 0, 1, 0, 1, 1
2025-12-28 12:47:40.315368|{rssi-177} 111, -64, -127, -127, -127, 111, 111, 111, 111, 111, 111, 111, 111, 111, 111, 111, 111, 111, 
2025-12-28 12:47:40.325476|{td-177} 0, -19, 0, 0, 0, 0, 0, 0, 0, 0, 0, 0, 0, 0, 0, 0, 0, 0, 
2025-12-28 12:47:40.330992|{tx-177} :-BBB.............
2025-12-28 12:47:40.501053|{rx-178} 1, 0, 0, 3, 179, 179, 0, 0, 0, 0, 0, 1, 0, 1, 1
2025-12-28 12:47:40.506480|{rssi-178} 111, -64, -127, -127, -127, 111, 111, 111, 111, 111, 111, 111, 111, 111, 111, 111, 111, 111, 
2025-12-28 12:47:40.515374|{td-178} 0, -19, 0, 0, 0, 0, 0, 0, 0, 0, 0, 0, 0, 0, 0, 0, 0, 0, 
2025-12-28 12:47:40.520547|{tx-178} :-BBB.............
2025-12-28 12:47:40.690881|{rx-179} 1, 0, 0, 3, 180, 180, 0, 0, 0, 0, 0, 1, 0, 1, 1
2025-12-28 12:47:40.696729|{rssi-179} 111, -64, -127, -127, -127, 111, 111, 111, 111, 111, 111, 111, 111, 111, 111, 111, 111, 111, 
2025-12-28 12:47:40.706375|{td-179} 0, -19, 0, 0, 0, 0, 0, 0, 0, 0, 0, 0, 0, 0, 0, 0, 0, 0, 
2025-12-28 12:47:40.711094|{tx-179} :-BBB.............
2025-12-28 12:47:40.881119|{rx-180} 1, 0, 0, 3, 181, 181, 0, 0, 0, 0, 0, 1, 0, 1, 1
2025-12-28 12:47:40.886377|{rssi-180} 111, -64, -127, -127, -127, 111, 111, 111, 111, 111, 111, 111, 111, 111, 111, 111, 111, 111, 
2025-12-28 12:47:40.894748|{td-180} 0, -21, 0, 0, 0, 0, 0, 0, 0, 0, 0, 0, 0, 0, 0, 0, 0, 0, 
2025-12-28 12:47:40.901892|{tx-180} :-BBB.............
2025-12-28 12:47:41.070387|{rx-181} 1, 0, 0, 3, 182, 182, 0, 0, 0, 0, 0, 1, 0, 1, 1
2025-12-28 12:47:41.076000|{rssi-181} 111, -64, -127, -127, -127, 111, 111, 111, 111, 111, 111, 111, 111, 111, 111, 111, 111, 111, 
2025-12-28 12:47:41.085674|{td-181} 0, -19, 0, 0, 0, 0, 0, 0, 0, 0, 0, 0, 0, 0, 0, 0, 0, 0, 
2025-12-28 12:47:41.090647|{tx-181} :-BBB.............
2025-12-28 12:47:41.261165|{rx-182} 1, 0, 0, 3, 183, 183, 0, 0, 0, 0, 0, 1, 0, 1, 1
2025-12-28 12:47:41.266456|{rssi-182} 111, -64, -127, -127, -127, 111, 111, 111, 111, 111, 111, 111, 111, 111, 111, 111, 111, 111, 
2025-12-28 12:47:41.275868|{td-182} 0, -19, 0, 0, 0, 0, 0, 0, 0, 0, 0, 0, 0, 0, 0, 0, 0, 0, 
2025-12-28 12:47:41.282089|{tx-182} :-BBB.............
2025-12-28 12:47:41.451783|{rx-183} 1, 0, 0, 3, 184, 184, 0, 0, 0, 0, 0, 1, 0, 1, 1
2025-12-28 12:47:41.455403|{rssi-183} 111, -66, -127, -127, -127, 111, 111, 111, 111, 111, 111, 111, 111, 111, 111, 111, 111, 111, 
2025-12-28 12:47:41.464987|{td-183} 0, -19, 0, 0, 0, 0, 0, 0, 0, 0, 0, 0, 0, 0, 0, 0, 0, 0, 
2025-12-28 12:47:41.471149|{tx-183} :-BBB.............
2025-12-28 12:47:41.641009|{rx-184} 1, 0, 0, 3, 185, 185, 0, 0, 0, 0, 0, 1, 0, 1, 1
2025-12-28 12:47:41.647196|{rssi-184} 111, -64, -127, -127, -127, 111, 111, 111, 111, 111, 111, 111, 111, 111, 111, 111, 111, 111, 
2025-12-28 12:47:41.654607|{td-184} 0, -19, 0, 0, 0, 0, 0, 0, 0, 0, 0, 0, 0, 0, 0, 0, 0, 0, 
2025-12-28 12:47:41.660813|{tx-184} :-BBB.............
2025-12-28 12:47:41.830558|{rx-185} 1, 0, 0, 3, 186, 186, 0, 0, 0, 0, 0, 1, 0, 1, 1
2025-12-28 12:47:41.837721|{rssi-185} 111, -65, -127, -127, -127, 111, 111, 111, 111, 111, 111, 111, 111, 111, 111, 111, 111, 111, 
2025-12-28 12:47:41.845568|{td-185} 0, -19, 0, 0, 0, 0, 0, 0, 0, 0, 0, 0, 0, 0, 0, 0, 0, 0, 
2025-12-28 12:47:41.851074|{tx-185} :-BBB.............
2025-12-28 12:47:42.020734|{rx-186} 1, 0, 0, 3, 187, 187, 0, 0, 0, 0, 0, 1, 0, 1, 1
2025-12-28 12:47:42.025436|{rssi-186} 111, -64, -127, -127, -127, 111, 111, 111, 111, 111, 111, 111, 111, 111, 111, 111, 111, 111, 
2025-12-28 12:47:42.035126|{td-186} 0, -19, 0, 0, 0, 0, 0, 0, 0, 0, 0, 0, 0, 0, 0, 0, 0, 0, 
2025-12-28 12:47:42.040864|{tx-186} :-BBB.............
2025-12-28 12:47:42.210853|{rx-187} 1, 0, 0, 3, 188, 188, 0, 0, 0, 0, 0, 1, 0, 1, 1
2025-12-28 12:47:42.216066|{rssi-187} 111, -64, -127, -127, -127, 111, 111, 111, 111, 111, 111, 111, 111, 111, 111, 111, 111, 111, 
2025-12-28 12:47:42.224612|{td-187} 0, -19, 0, 0, 0, 0, 0, 0, 0, 0, 0, 0, 0, 0, 0, 0, 0, 0, 
2025-12-28 12:47:42.230786|{tx-187} :-BBB.............
2025-12-28 12:47:42.401419|{rx-188} 1, 0, 0, 3, 189, 189, 0, 0, 0, 0, 0, 1, 0, 1, 1
2025-12-28 12:47:42.406012|{rssi-188} 111, -64, -127, -127, -127, 111, 111, 111, 111, 111, 111, 111, 111, 111, 111, 111, 111, 111, 
2025-12-28 12:47:42.415436|{td-188} 0, -19, 0, 0, 0, 0, 0, 0, 0, 0, 0, 0, 0, 0, 0, 0, 0, 0, 
2025-12-28 12:47:42.421226|{tx-188} :-BBB.............
2025-12-28 12:47:42.591435|{rx-189} 1, 0, 0, 3, 190, 190, 0, 0, 0, 0, 0, 1, 0, 1, 1
2025-12-28 12:47:42.595998|{rssi-189} 111, -64, -127, -127, -127, 111, 111, 111, 111, 111, 111, 111, 111, 111, 111, 111, 111, 111, 
2025-12-28 12:47:42.605246|{td-189} 0, -19, 0, 0, 0, 0, 0, 0, 0, 0, 0, 0, 0, 0, 0, 0, 0, 0, 
2025-12-28 12:47:42.610356|{tx-189} :-BBB.............
2025-12-28 12:47:42.780604|{rx-190} 1, 0, 0, 3, 191, 191, 0, 0, 0, 0, 0, 1, 0, 1, 1
2025-12-28 12:47:42.785243|{rssi-190} 111, -64, -127, -127, -127, 111, 111, 111, 111, 111, 111, 111, 111, 111, 111, 111, 111, 111, 
2025-12-28 12:47:42.795336|{td-190} 0, -19, 0, 0, 0, 0, 0, 0, 0, 0, 0, 0, 0, 0, 0, 0, 0, 0, 
2025-12-28 12:47:42.800373|{tx-190} :-BBB.............
2025-12-28 12:47:42.970296|{rx-191} 1, 0, 0, 3, 192, 192, 0, 0, 0, 0, 0, 1, 0, 1, 1
2025-12-28 12:47:42.975836|{rssi-191} 111, -64, -127, -127, -127, 111, 111, 111, 111, 111, 111, 111, 111, 111, 111, 111, 111, 111, 
2025-12-28 12:47:42.988129|{td-191} 0, -21, 0, 0, 0, 0, 0, 0, 0, 0, 0, 0, 0, 0, 0, 0, 0, 0, 
2025-12-28 12:47:42.990125|{tx-191} :-BBB.............
2025-12-28 12:47:43.162357|{rx-192} 1, 0, 0, 3, 193, 193, 0, 0, 0, 0, 0, 1, 0, 1, 1
2025-12-28 12:47:43.165812|{rssi-192} 111, -64, -127, -127, -127, 111, 111, 111, 111, 111, 111, 111, 111, 111, 111, 111, 111, 111, 
2025-12-28 12:47:43.175378|{td-192} 0, -19, 0, 0, 0, 0, 0, 0, 0, 0, 0, 0, 0, 0, 0, 0, 0, 0, 
2025-12-28 12:47:43.180519|{tx-192} :-BBB.............
2025-12-28 12:47:43.350686|{rx-193} 1, 0, 0, 3, 194, 194, 0, 0, 0, 0, 0, 1, 0, 1, 1
2025-12-28 12:47:43.355753|{rssi-193} 111, -64, -127, -127, -127, 111, 111, 111, 111, 111, 111, 111, 111, 111, 111, 111, 111, 111, 
2025-12-28 12:47:43.364887|{td-193} 0, -19, 0, 0, 0, 0, 0, 0, 0, 0, 0, 0, 0, 0, 0, 0, 0, 0, 
2025-12-28 12:47:43.371033|{tx-193} :-BBB.............
2025-12-28 12:47:43.541910|{rx-194} 1, 0, 0, 3, 195, 195, 0, 0, 0, 0, 0, 1, 0, 1, 1
2025-12-28 12:47:43.545846|{rssi-194} 111, -64, -127, -127, -127, 111, 111, 111, 111, 111, 111, 111, 111, 111, 111, 111, 111, 111, 
2025-12-28 12:47:43.556177|{td-194} 0, -19, 0, 0, 0, 0, 0, 0, 0, 0, 0, 0, 0, 0, 0, 0, 0, 0, 
2025-12-28 12:47:43.559750|{tx-194} :-BBB.............
2025-12-28 12:47:43.731166|{rx-195} 1, 0, 0, 3, 196, 196, 0, 0, 0, 0, 0, 1, 0, 1, 1
2025-12-28 12:47:43.735234|{rssi-195} 111, -64, -127, -127, -127, 111, 111, 111, 111, 111, 111, 111, 111, 111, 111, 111, 111, 111, 
2025-12-28 12:47:43.744831|{td-195} 0, -19, 0, 0, 0, 0, 0, 0, 0, 0, 0, 0, 0, 0, 0, 0, 0, 0, 
2025-12-28 12:47:43.751253|{tx-195} :-BBB.............
2025-12-28 12:47:43.920768|{rx-196} 1, 0, 0, 3, 197, 197, 0, 0, 0, 0, 0, 1, 0, 1, 1
2025-12-28 12:47:43.924699|{rssi-196} 111, -64, -127, -127, -127, 111, 111, 111, 111, 111, 111, 111, 111, 111, 111, 111, 111, 111, 
2025-12-28 12:47:43.934586|{td-196} 0, -19, 0, 0, 0, 0, 0, 0, 0, 0, 0, 0, 0, 0, 0, 0, 0, 0, 
2025-12-28 12:47:43.939944|{tx-196} :-BBB.............
2025-12-28 12:47:44.110476|{rx-197} 1, 0, 0, 3, 198, 198, 0, 0, 0, 0, 0, 1, 0, 1, 1
2025-12-28 12:47:44.114824|{rssi-197} 111, -64, -127, -127, -127, 111, 111, 111, 111, 111, 111, 111, 111, 111, 111, 111, 111, 111, 
2025-12-28 12:47:44.125064|{td-197} 0, -21, 0, 0, 0, 0, 0, 0, 0, 0, 0, 0, 0, 0, 0, 0, 0, 0, 
2025-12-28 12:47:44.129798|{tx-197} :-BBB.............
2025-12-28 12:47:44.301458|{rx-198} 1, 0, 0, 3, 199, 199, 0, 0, 0, 0, 0, 1, 0, 1, 1
2025-12-28 12:47:44.305666|{rssi-198} 111, -64, -127, -127, -127, 111, 111, 111, 111, 111, 111, 111, 111, 111, 111, 111, 111, 111, 
2025-12-28 12:47:44.315041|{td-198} 0, -19, 0, 0, 0, 0, 0, 0, 0, 0, 0, 0, 0, 0, 0, 0, 0, 0, 
2025-12-28 12:47:44.320833|{tx-198} :-BBB.............
2025-12-28 12:47:44.490367|{rx-199} 1, 0, 0, 3, 200, 200, 0, 0, 0, 0, 0, 1, 0, 1, 1
2025-12-28 12:47:44.495513|{rssi-199} 111, -64, -127, -127, -127, 111, 111, 111, 111, 111, 111, 111, 111, 111, 111, 111, 111, 111, 
2025-12-28 12:47:44.504608|{td-199} 0, -19, 0, 0, 0, 0, 0, 0, 0, 0, 0, 0, 0, 0, 0, 0, 0, 0, 
2025-12-28 12:47:44.510595|{tx-199} :-BBB.............
2025-12-28 12:47:44.681445|{rx-200} 1, 0, 0, 3, 201, 201, 0, 0, 0, 0, 0, 1, 0, 1, 1
2025-12-28 12:47:44.684930|{rssi-200} 111, -64, -127, -127, -127, 111, 111, 111, 111, 111, 111, 111, 111, 111, 111, 111, 111, 111, 
2025-12-28 12:47:44.694753|{td-200} 0, -19, 0, 0, 0, 0, 0, 0, 0, 0, 0, 0, 0, 0, 0, 0, 0, 0, 
2025-12-28 12:47:44.700607|{tx-200} :-BBB.............
2025-12-28 12:47:44.870844|{rx-201} 1, 0, 0, 3, 202, 202, 0, 0, 0, 0, 0, 1, 0, 1, 1
2025-12-28 12:47:44.875761|{rssi-201} 111, -65, -127, -127, -127, 111, 111, 111, 111, 111, 111, 111, 111, 111, 111, 111, 111, 111, 
2025-12-28 12:47:44.884880|{td-201} 0, -19, 0, 0, 0, 0, 0, 0, 0, 0, 0, 0, 0, 0, 0, 0, 0, 0, 
2025-12-28 12:47:44.890853|{tx-201} :-BBB.............
2025-12-28 12:47:45.083698|{rx-202} 1, 0, 0, 3, 203, 203, 0, 0, 0, 0, 0, 1, 0, 1, 1
2025-12-28 12:47:45.085288|{rssi-202} 111, -64, -127, -127, -127, 111, 111, 111, 111, 111, 111, 111, 111, 111, 111, 111, 111, 111, 
2025-12-28 12:47:45.086847|{td-202} 0, -19, 0, 0, 0, 0, 0, 0, 0, 0, 0, 0, 0, 0, 0, 0, 0, 0, 
2025-12-28 12:47:45.087737|{tx-202} :-BBB.............
2025-12-28 12:47:45.251205|{rx-203} 1, 0, 0, 3, 204, 204, 0, 0, 0, 0, 0, 1, 0, 1, 1
2025-12-28 12:47:45.255644|{rssi-203} 111, -64, -127, -127, -127, 111, 111, 111, 111, 111, 111, 111, 111, 111, 111, 111, 111, 111, 
2025-12-28 12:47:45.265007|{td-203} 0, -19, 0, 0, 0, 0, 0, 0, 0, 0, 0, 0, 0, 0, 0, 0, 0, 0, 
2025-12-28 12:47:45.270834|{tx-203} :-BBB.............
2025-12-28 12:47:45.441100|{rx-204} 1, 0, 0, 3, 205, 205, 0, 0, 0, 0, 0, 1, 0, 1, 1
2025-12-28 12:47:45.444560|{rssi-204} 111, -64, -127, -127, -127, 111, 111, 111, 111, 111, 111, 111, 111, 111, 111, 111, 111, 111, 
2025-12-28 12:47:45.454772|{td-204} 0, -19, 0, 0, 0, 0, 0, 0, 0, 0, 0, 0, 0, 0, 0, 0, 0, 0, 
2025-12-28 12:47:45.460945|{tx-204} :-BBB.............
2025-12-28 12:47:45.629679|{rx-205} 1, 0, 0, 3, 206, 206, 0, 0, 0, 0, 0, 1, 0, 1, 1
2025-12-28 12:47:45.635516|{rssi-205} 111, -64, -127, -127, -127, 111, 111, 111, 111, 111, 111, 111, 111, 111, 111, 111, 111, 111, 
2025-12-28 12:47:45.644967|{td-205} 0, -19, 0, 0, 0, 0, 0, 0, 0, 0, 0, 0, 0, 0, 0, 0, 0, 0, 
2025-12-28 12:47:45.649841|{tx-205} :-BBB.............
2025-12-28 12:47:45.820017|{rx-206} 1, 0, 0, 3, 207, 207, 0, 0, 0, 0, 0, 1, 0, 1, 1
2025-12-28 12:47:45.824983|{rssi-206} 111, -64, -127, -127, -127, 111, 111, 111, 111, 111, 111, 111, 111, 111, 111, 111, 111, 111, 
2025-12-28 12:47:45.834238|{td-206} 0, -19, 0, 0, 0, 0, 0, 0, 0, 0, 0, 0, 0, 0, 0, 0, 0, 0, 
2025-12-28 12:47:45.839850|{tx-206} :-BBB.............
2025-12-28 12:47:46.010254|{rx-207} 1, 0, 0, 3, 208, 208, 0, 0, 0, 0, 0, 1, 0, 1, 1
2025-12-28 12:47:46.014558|{rssi-207} 111, -64, -127, -127, -127, 111, 111, 111, 111, 111, 111, 111, 111, 111, 111, 111, 111, 111, 
2025-12-28 12:47:46.024838|{td-207} 0, -19, 0, 0, 0, 0, 0, 0, 0, 0, 0, 0, 0, 0, 0, 0, 0, 0, 
2025-12-28 12:47:46.029292|{tx-207} :-BBB.............
2025-12-28 12:47:46.200480|{rx-208} 1, 0, 0, 3, 209, 209, 0, 0, 0, 0, 0, 1, 0, 1, 1
2025-12-28 12:47:46.204956|{rssi-208} 111, -64, -127, -127, -127, 111, 111, 111, 111, 111, 111, 111, 111, 111, 111, 111, 111, 111, 
2025-12-28 12:47:46.214246|{td-208} 0, -21, 0, 0, 0, 0, 0, 0, 0, 0, 0, 0, 0, 0, 0, 0, 0, 0, 
2025-12-28 12:47:46.220252|{tx-208} :-BBB.............
2025-12-28 12:47:46.390629|{rx-209} 1, 0, 0, 3, 210, 210, 0, 0, 0, 0, 0, 1, 0, 1, 1
2025-12-28 12:47:46.394452|{rssi-209} 111, -64, -127, -127, -127, 111, 111, 111, 111, 111, 111, 111, 111, 111, 111, 111, 111, 111, 
2025-12-28 12:47:46.404871|{td-209} 0, -19, 0, 0, 0, 0, 0, 0, 0, 0, 0, 0, 0, 0, 0, 0, 0, 0, 
2025-12-28 12:47:46.410030|{tx-209} :-BBB.............
2025-12-28 12:47:46.579914|{rx-210} 1, 0, 0, 3, 211, 211, 0, 0, 0, 0, 0, 1, 0, 1, 1
2025-12-28 12:47:46.584530|{rssi-210} 111, -64, -127, -127, -127, 111, 111, 111, 111, 111, 111, 111, 111, 111, 111, 111, 111, 111, 
2025-12-28 12:47:46.594476|{td-210} 0, -19, 0, 0, 0, 0, 0, 0, 0, 0, 0, 0, 0, 0, 0, 0, 0, 0, 
2025-12-28 12:47:46.599781|{tx-210} :-BBB.............
2025-12-28 12:47:46.770139|{rx-211} 1, 0, 0, 3, 212, 212, 0, 0, 0, 0, 0, 1, 0, 1, 1
2025-12-28 12:47:46.775201|{rssi-211} 111, -65, -127, -127, -127, 111, 111, 111, 111, 111, 111, 111, 111, 111, 111, 111, 111, 111, 
2025-12-28 12:47:46.784737|{td-211} 0, -19, 0, 0, 0, 0, 0, 0, 0, 0, 0, 0, 0, 0, 0, 0, 0, 0, 
2025-12-28 12:47:46.790350|{tx-211} :-BBB.............
2025-12-28 12:47:46.960577|{rx-212} 1, 0, 0, 3, 213, 213, 0, 0, 0, 0, 0, 1, 0, 1, 1
2025-12-28 12:47:46.965831|{rssi-212} 111, -64, -127, -127, -127, 111, 111, 111, 111, 111, 111, 111, 111, 111, 111, 111, 111, 111, 
2025-12-28 12:47:46.974675|{td-212} 0, -19, 0, 0, 0, 0, 0, 0, 0, 0, 0, 0, 0, 0, 0, 0, 0, 0, 
2025-12-28 12:47:46.980605|{tx-212} :-BBB.............
2025-12-28 12:47:47.149550|{rx-213} 1, 0, 0, 3, 214, 214, 0, 0, 0, 0, 0, 1, 0, 1, 1
2025-12-28 12:47:47.155285|{rssi-213} 111, -64, -127, -127, -127, 111, 111, 111, 111, 111, 111, 111, 111, 111, 111, 111, 111, 111, 
2025-12-28 12:47:47.164606|{td-213} 0, -19, 0, 0, 0, 0, 0, 0, 0, 0, 0, 0, 0, 0, 0, 0, 0, 0, 
2025-12-28 12:47:47.170659|{tx-213} :-BBB.............
2025-12-28 12:47:47.339444|{rx-214} 1, 0, 0, 3, 215, 215, 0, 0, 0, 0, 0, 1, 0, 1, 1
2025-12-28 12:47:47.345108|{rssi-214} 111, -65, -127, -127, -127, 111, 111, 111, 111, 111, 111, 111, 111, 111, 111, 111, 111, 111, 
2025-12-28 12:47:47.354460|{td-214} 0, -19, 0, 0, 0, 0, 0, 0, 0, 0, 0, 0, 0, 0, 0, 0, 0, 0, 
2025-12-28 12:47:47.359827|{tx-214} :-BBB.............
2025-12-28 12:47:47.530099|{rx-215} 1, 0, 0, 3, 216, 216, 0, 0, 0, 0, 0, 1, 0, 1, 1
2025-12-28 12:47:47.535246|{rssi-215} 111, -64, -127, -127, -127, 111, 111, 111, 111, 111, 111, 111, 111, 111, 111, 111, 111, 111, 
2025-12-28 12:47:47.544576|{td-215} 0, -19, 0, 0, 0, 0, 0, 0, 0, 0, 0, 0, 0, 0, 0, 0, 0, 0, 
2025-12-28 12:47:47.550295|{tx-215} :-BBB.............
2025-12-28 12:47:47.720480|{rx-216} 1, 0, 0, 3, 217, 217, 0, 0, 0, 0, 0, 1, 0, 1, 1
2025-12-28 12:47:47.725042|{rssi-216} 111, -64, -127, -127, -127, 111, 111, 111, 111, 111, 111, 111, 111, 111, 111, 111, 111, 111, 
2025-12-28 12:47:47.733966|{td-216} 0, -19, 0, 0, 0, 0, 0, 0, 0, 0, 0, 0, 0, 0, 0, 0, 0, 0, 
2025-12-28 12:47:47.739907|{tx-216} :-BBB.............
2025-12-28 12:47:47.910042|{rx-217} 1, 0, 0, 3, 218, 218, 0, 0, 0, 0, 0, 1, 0, 1, 1
2025-12-28 12:47:47.915292|{rssi-217} 111, -63, -127, -127, -127, 111, 111, 111, 111, 111, 111, 111, 111, 111, 111, 111, 111, 111, 
2025-12-28 12:47:47.924752|{td-217} 0, -21, 0, 0, 0, 0, 0, 0, 0, 0, 0, 0, 0, 0, 0, 0, 0, 0, 
2025-12-28 12:47:47.929211|{tx-217} :-BBB.............
2025-12-28 12:47:48.100580|{rx-218} 1, 0, 0, 3, 219, 219, 0, 0, 0, 0, 0, 1, 0, 1, 1
2025-12-28 12:47:48.104855|{rssi-218} 111, -64, -127, -127, -127, 111, 111, 111, 111, 111, 111, 111, 111, 111, 111, 111, 111, 111, 
2025-12-28 12:47:48.114117|{td-218} 0, -19, 0, 0, 0, 0, 0, 0, 0, 0, 0, 0, 0, 0, 0, 0, 0, 0, 
2025-12-28 12:47:48.120403|{tx-218} :-BBB.............
2025-12-28 12:47:48.290583|{rx-219} 1, 0, 0, 3, 220, 220, 0, 0, 0, 0, 0, 1, 0, 1, 1
2025-12-28 12:47:48.294302|{rssi-219} 111, -65, -127, -127, -127, 111, 111, 111, 111, 111, 111, 111, 111, 111, 111, 111, 111, 111, 
2025-12-28 12:47:48.304202|{td-219} 0, -17, 0, 0, 0, 0, 0, 0, 0, 0, 0, 0, 0, 0, 0, 0, 0, 0, 
2025-12-28 12:47:48.309910|{tx-219} :-BBB.............
2025-12-28 12:47:48.480378|{rx-220} 1, 0, 0, 3, 221, 221, 0, 0, 0, 0, 0, 1, 0, 1, 1
2025-12-28 12:47:48.484824|{rssi-220} 111, -64, -127, -127, -127, 111, 111, 111, 111, 111, 111, 111, 111, 111, 111, 111, 111, 111, 
2025-12-28 12:47:48.494250|{td-220} 0, -21, 0, 0, 0, 0, 0, 0, 0, 0, 0, 0, 0, 0, 0, 0, 0, 0, 
2025-12-28 12:47:48.499104|{tx-220} :-BBB.............
2025-12-28 12:47:48.670060|{rx-221} 1, 0, 0, 3, 222, 222, 0, 0, 0, 0, 0, 1, 0, 1, 1
2025-12-28 12:47:48.674841|{rssi-221} 111, -65, -127, -127, -127, 111, 111, 111, 111, 111, 111, 111, 111, 111, 111, 111, 111, 111, 
2025-12-28 12:47:48.685399|{td-221} 0, -19, 0, 0, 0, 0, 0, 0, 0, 0, 0, 0, 0, 0, 0, 0, 0, 0, 
2025-12-28 12:47:48.690108|{tx-221} :-BBB.............
2025-12-28 12:47:48.860001|{rx-222} 1, 0, 0, 3, 223, 223, 0, 0, 0, 0, 0, 1, 0, 1, 1
2025-12-28 12:47:48.864707|{rssi-222} 111, -65, -127, -127, -127, 111, 111, 111, 111, 111, 111, 111, 111, 111, 111, 111, 111, 111, 
2025-12-28 12:47:48.875371|{td-222} 0, -19, 0, 0, 0, 0, 0, 0, 0, 0, 0, 0, 0, 0, 0, 0, 0, 0, 
2025-12-28 12:47:48.879958|{tx-222} :-BBB.............
2025-12-28 12:47:49.050076|{rx-223} 1, 0, 0, 3, 224, 224, 0, 0, 0, 0, 0, 1, 0, 1, 1
2025-12-28 12:47:49.054775|{rssi-223} 111, -64, -127, -127, -127, 111, 111, 111, 111, 111, 111, 111, 111, 111, 111, 111, 111, 111, 
2025-12-28 12:47:49.063803|{td-223} 0, -19, 0, 0, 0, 0, 0, 0, 0, 0, 0, 0, 0, 0, 0, 0, 0, 0, 
2025-12-28 12:47:49.070119|{tx-223} :-BBB.............
2025-12-28 12:47:49.240001|{rx-224} 1, 0, 0, 3, 225, 225, 0, 0, 0, 0, 0, 1, 0, 1, 1
2025-12-28 12:47:49.244157|{rssi-224} 111, -64, -127, -127, -127, 111, 111, 111, 111, 111, 111, 111, 111, 111, 111, 111, 111, 111, 
2025-12-28 12:47:49.254430|{td-224} 0, -19, 0, 0, 0, 0, 0, 0, 0, 0, 0, 0, 0, 0, 0, 0, 0, 0, 
2025-12-28 12:47:49.259197|{tx-224} :-BBB.............
2025-12-28 12:47:49.430288|{rx-225} 1, 0, 0, 3, 226, 226, 0, 0, 0, 0, 0, 1, 0, 1, 1
2025-12-28 12:47:49.434182|{rssi-225} 111, -64, -127, -127, -127, 111, 111, 111, 111, 111, 111, 111, 111, 111, 111, 111, 111, 111, 
2025-12-28 12:47:49.444018|{td-225} 0, -19, 0, 0, 0, 0, 0, 0, 0, 0, 0, 0, 0, 0, 0, 0, 0, 0, 
2025-12-28 12:47:49.449552|{tx-225} :-BBB.............
2025-12-28 12:47:49.619933|{rx-226} 1, 0, 0, 3, 227, 227, 0, 0, 0, 0, 0, 1, 0, 1, 1
2025-12-28 12:47:49.624457|{rssi-226} 111, -64, -127, -127, -127, 111, 111, 111, 111, 111, 111, 111, 111, 111, 111, 111, 111, 111, 
2025-12-28 12:47:49.634017|{td-226} 0, -21, 0, 0, 0, 0, 0, 0, 0, 0, 0, 0, 0, 0, 0, 0, 0, 0, 
2025-12-28 12:47:49.639092|{tx-226} :-BBB.............
2025-12-28 12:47:49.809697|{rx-227} 1, 0, 0, 3, 228, 228, 0, 0, 0, 0, 0, 1, 0, 1, 1
2025-12-28 12:47:49.814686|{rssi-227} 111, -64, -127, -127, -127, 111, 111, 111, 111, 111, 111, 111, 111, 111, 111, 111, 111, 111, 
2025-12-28 12:47:49.824189|{td-227} 0, -19, 0, 0, 0, 0, 0, 0, 0, 0, 0, 0, 0, 0, 0, 0, 0, 0, 
2025-12-28 12:47:49.829895|{tx-227} :-BBB.............
2025-12-28 12:47:49.000627|{rx-228} 1, 0, 0, 3, 229, 229, 0, 0, 0, 0, 0, 1, 0, 1, 1
2025-12-28 12:47:50.004062|{rssi-228} 111, -64, -127, -127, -127, 111, 111, 111, 111, 111, 111, 111, 111, 111, 111, 111, 111, 111, 
2025-12-28 12:47:50.014344|{td-228} 0, -19, 0, 0, 0, 0, 0, 0, 0, 0, 0, 0, 0, 0, 0, 0, 0, 0, 
2025-12-28 12:47:50.020130|{tx-228} :-BBB.............
2025-12-28 12:47:50.190129|{rx-229} 1, 0, 0, 3, 230, 230, 0, 0, 0, 0, 0, 1, 0, 1, 1
2025-12-28 12:47:50.194893|{rssi-229} 111, -64, -127, -127, -127, 111, 111, 111, 111, 111, 111, 111, 111, 111, 111, 111, 111, 111, 
2025-12-28 12:47:50.204116|{td-229} 0, -19, 0, 0, 0, 0, 0, 0, 0, 0, 0, 0, 0, 0, 0, 0, 0, 0, 
2025-12-28 12:47:50.209858|{tx-229} :-BBB.............
2025-12-28 12:47:50.379783|{rx-230} 1, 0, 0, 3, 231, 231, 0, 0, 0, 0, 0, 1, 0, 1, 1
2025-12-28 12:47:50.384924|{rssi-230} 111, -64, -127, -127, -127, 111, 111, 111, 111, 111, 111, 111, 111, 111, 111, 111, 111, 111, 
2025-12-28 12:47:50.394254|{td-230} 0, -19, 0, 0, 0, 0, 0, 0, 0, 0, 0, 0, 0, 0, 0, 0, 0, 0, 
2025-12-28 12:47:50.399376|{tx-230} :-BBB.............
2025-12-28 12:47:50.570349|{rx-231} 1, 0, 0, 3, 232, 232, 0, 0, 0, 0, 0, 1, 0, 1, 1
2025-12-28 12:47:50.573801|{rssi-231} 111, -64, -127, -127, -127, 111, 111, 111, 111, 111, 111, 111, 111, 111, 111, 111, 111, 111, 
2025-12-28 12:47:50.583723|{td-231} 0, -19, 0, 0, 0, 0, 0, 0, 0, 0, 0, 0, 0, 0, 0, 0, 0, 0, 
2025-12-28 12:47:50.589999|{tx-231} :-BBB.............
2025-12-28 12:47:50.759679|{rx-232} 1, 0, 0, 3, 233, 233, 0, 0, 0, 0, 0, 1, 0, 1, 1
2025-12-28 12:47:50.764560|{rssi-232} 111, -64, -127, -127, -127, 111, 111, 111, 111, 111, 111, 111, 111, 111, 111, 111, 111, 111, 
2025-12-28 12:47:50.773880|{td-232} 0, -19, 0, 0, 0, 0, 0, 0, 0, 0, 0, 0, 0, 0, 0, 0, 0, 0, 
2025-12-28 12:47:50.778557|{tx-232} :-BBB.............
2025-12-28 12:47:50.949185|{rx-233} 1, 0, 0, 3, 234, 234, 0, 0, 0, 0, 0, 1, 0, 1, 1
2025-12-28 12:47:50.954436|{rssi-233} 111, -64, -127, -127, -127, 111, 111, 111, 111, 111, 111, 111, 111, 111, 111, 111, 111, 111, 
2025-12-28 12:47:50.964025|{td-233} 0, -19, 0, 0, 0, 0, 0, 0, 0, 0, 0, 0, 0, 0, 0, 0, 0, 0, 
2025-12-28 12:47:50.969705|{tx-233} :-BBB.............
2025-12-28 12:47:51.139131|{rx-234} 1, 0, 0, 3, 235, 235, 0, 0, 0, 0, 0, 1, 0, 1, 1
2025-12-28 12:47:51.144378|{rssi-234} 111, -65, -127, -127, -127, 111, 111, 111, 111, 111, 111, 111, 111, 111, 111, 111, 111, 111, 
2025-12-28 12:47:51.153798|{td-234} 0, -19, 0, 0, 0, 0, 0, 0, 0, 0, 0, 0, 0, 0, 0, 0, 0, 0, 
2025-12-28 12:47:51.158710|{tx-234} :-BBB.............
2025-12-28 12:47:51.328951|{rx-235} 1, 0, 0, 3, 236, 236, 0, 0, 0, 0, 0, 1, 0, 1, 1
2025-12-28 12:47:51.333887|{rssi-235} 111, -64, -127, -127, -127, 111, 111, 111, 111, 111, 111, 111, 111, 111, 111, 111, 111, 111, 
2025-12-28 12:47:51.343844|{td-235} 0, -19, 0, 0, 0, 0, 0, 0, 0, 0, 0, 0, 0, 0, 0, 0, 0, 0, 
2025-12-28 12:47:51.348583|{tx-235} :-BBB.............
2025-12-28 12:47:51.519566|{rx-236} 1, 0, 0, 3, 237, 237, 0, 0, 0, 0, 0, 1, 0, 1, 1
2025-12-28 12:47:51.524331|{rssi-236} 111, -64, -127, -127, -127, 111, 111, 111, 111, 111, 111, 111, 111, 111, 111, 111, 111, 111, 
2025-12-28 12:47:51.533737|{td-236} 0, -21, 0, 0, 0, 0, 0, 0, 0, 0, 0, 0, 0, 0, 0, 0, 0, 0, 
2025-12-28 12:47:51.538964|{tx-236} :-BBB.............
2025-12-28 12:47:51.709042|{rx-237} 1, 0, 0, 3, 238, 238, 0, 0, 0, 0, 0, 1, 0, 1, 1
2025-12-28 12:47:51.713855|{rssi-237} 111, -64, -127, -127, -127, 111, 111, 111, 111, 111, 111, 111, 111, 111, 111, 111, 111, 111, 
2025-12-28 12:47:51.723227|{td-237} 0, -19, 0, 0, 0, 0, 0, 0, 0, 0, 0, 0, 0, 0, 0, 0, 0, 0, 
2025-12-28 12:47:51.728969|{tx-237} :-BBB.............
2025-12-28 12:47:51.899448|{rx-238} 1, 0, 0, 3, 239, 239, 0, 0, 0, 0, 0, 1, 0, 1, 1
2025-12-28 12:47:51.903616|{rssi-238} 111, -64, -127, -127, -127, 111, 111, 111, 111, 111, 111, 111, 111, 111, 111, 111, 111, 111, 
2025-12-28 12:47:51.913816|{td-238} 0, -19, 0, 0, 0, 0, 0, 0, 0, 0, 0, 0, 0, 0, 0, 0, 0, 0, 
2025-12-28 12:47:51.918697|{tx-238} :-BBB.............
2025-12-28 12:47:52.089950|{rx-239} 1, 0, 0, 3, 240, 240, 0, 0, 0, 0, 0, 1, 0, 1, 1
2025-12-28 12:47:52.095157|{rssi-239} 111, -64, -127, -127, -127, 111, 111, 111, 111, 111, 111, 111, 111, 111, 111, 111, 111, 111, 
2025-12-28 12:47:52.103154|{td-239} 0, -19, 0, 0, 0, 0, 0, 0, 0, 0, 0, 0, 0, 0, 0, 0, 0, 0, 
2025-12-28 12:47:52.108958|{tx-239} :-BBB.............
2025-12-28 12:47:52.278688|{rx-240} 1, 0, 0, 3, 241, 241, 0, 0, 0, 0, 0, 1, 0, 1, 1
2025-12-28 12:47:52.283703|{rssi-240} 111, -64, -127, -127, -127, 111, 111, 111, 111, 111, 111, 111, 111, 111, 111, 111, 111, 111, 
2025-12-28 12:47:52.292970|{td-240} 0, -19, 0, 0, 0, 0, 0, 0, 0, 0, 0, 0, 0, 0, 0, 0, 0, 0, 
2025-12-28 12:47:52.299595|{tx-240} :-BBB.............
2025-12-28 12:47:52.469843|{rx-241} 1, 0, 0, 3, 242, 242, 0, 0, 0, 0, 0, 1, 0, 1, 1
2025-12-28 12:47:52.474287|{rssi-241} 111, -64, -127, -127, -127, 111, 111, 111, 111, 111, 111, 111, 111, 111, 111, 111, 111, 111, 
2025-12-28 12:47:52.483694|{td-241} 0, -19, 0, 0, 0, 0, 0, 0, 0, 0, 0, 0, 0, 0, 0, 0, 0, 0, 
2025-12-28 12:47:52.489982|{tx-241} :-BBB.............
2025-12-28 12:47:52.659487|{rx-242} 1, 0, 0, 3, 243, 243, 0, 0, 0, 0, 0, 1, 0, 1, 1
2025-12-28 12:47:52.664002|{rssi-242} 111, -64, -127, -127, -127, 111, 111, 111, 111, 111, 111, 111, 111, 111, 111, 111, 111, 111, 
2025-12-28 12:47:52.673717|{td-242} 0, -19, 0, 0, 0, 0, 0, 0, 0, 0, 0, 0, 0, 0, 0, 0, 0, 0, 
2025-12-28 12:47:52.679422|{tx-242} :-BBB.............
2025-12-28 12:47:52.848976|{rx-243} 1, 0, 0, 3, 244, 244, 0, 0, 0, 0, 0, 1, 0, 1, 1
2025-12-28 12:47:52.854737|{rssi-243} 111, -65, -127, -127, -127, 111, 111, 111, 111, 111, 111, 111, 111, 111, 111, 111, 111, 111, 
2025-12-28 12:47:52.863125|{td-243} 0, -19, 0, 0, 0, 0, 0, 0, 0, 0, 0, 0, 0, 0, 0, 0, 0, 0, 
2025-12-28 12:47:52.868986|{tx-243} :-BBB.............
2025-12-28 12:47:53.039377|{rx-244} 1, 0, 0, 3, 245, 245, 0, 0, 0, 0, 0, 1, 0, 1, 1
2025-12-28 12:47:53.043986|{rssi-244} 111, -65, -127, -127, -127, 111, 111, 111, 111, 111, 111, 111, 111, 111, 111, 111, 111, 111, 
2025-12-28 12:47:53.053969|{td-244} 0, -19, 0, 0, 0, 0, 0, 0, 0, 0, 0, 0, 0, 0, 0, 0, 0, 0, 
2025-12-28 12:47:53.058667|{tx-244} :-BBB.............
2025-12-28 12:47:53.229543|{rx-245} 1, 0, 0, 3, 246, 246, 0, 0, 0, 0, 0, 1, 0, 1, 1
2025-12-28 12:47:53.233225|{rssi-245} 111, -64, -127, -127, -127, 111, 111, 111, 111, 111, 111, 111, 111, 111, 111, 111, 111, 111, 
2025-12-28 12:47:53.252286|{td-245} 0, -19, 0, 0, 0, 0, 0, 0, 0, 0, 0, 0, 0, 0, 0, 0, 0, 0, 
2025-12-28 12:47:53.253872|{tx-245} :-BBB.............
2025-12-28 12:47:53.419048|{rx-246} 1, 0, 0, 3, 247, 247, 0, 0, 0, 0, 0, 1, 0, 1, 1
2025-12-28 12:47:53.423436|{rssi-246} 111, -64, -127, -127, -127, 111, 111, 111, 111, 111, 111, 111, 111, 111, 111, 111, 111, 111, 
2025-12-28 12:47:53.432657|{td-246} 0, -21, 0, 0, 0, 0, 0, 0, 0, 0, 0, 0, 0, 0, 0, 0, 0, 0, 
2025-12-28 12:47:53.437785|{tx-246} :-BBB.............
2025-12-28 12:47:53.608432|{rx-247} 1, 0, 0, 3, 248, 248, 0, 0, 0, 0, 0, 1, 0, 1, 1
2025-12-28 12:47:53.612654|{rssi-247} 111, -64, -127, -127, -127, 111, 111, 111, 111, 111, 111, 111, 111, 111, 111, 111, 111, 111, 
2025-12-28 12:47:53.623326|{td-247} 0, -19, 0, 0, 0, 0, 0, 0, 0, 0, 0, 0, 0, 0, 0, 0, 0, 0, 
2025-12-28 12:47:53.628401|{tx-247} :-BBB.............
2025-12-28 12:47:53.799574|{rx-248} 1, 0, 0, 3, 249, 249, 0, 0, 0, 0, 0, 1, 0, 1, 1
2025-12-28 12:47:53.804002|{rssi-248} 111, -64, -127, -127, -127, 111, 111, 111, 111, 111, 111, 111, 111, 111, 111, 111, 111, 111, 
2025-12-28 12:47:53.813433|{td-248} 0, -17, 0, 0, 0, 0, 0, 0, 0, 0, 0, 0, 0, 0, 0, 0, 0, 0, 
2025-12-28 12:47:53.818096|{tx-248} :-BBB.............
2025-12-28 12:47:53.989299|{rx-249} 1, 0, 0, 3, 250, 250, 0, 0, 0, 0, 0, 1, 0, 1, 1
2025-12-28 12:47:53.992964|{rssi-249} 111, -64, -127, -127, -127, 111, 111, 111, 111, 111, 111, 111, 111, 111, 111, 111, 111, 111, 
2025-12-28 12:47:54.003512|{td-249} 0, -21, 0, 0, 0, 0, 0, 0, 0, 0, 0, 0, 0, 0, 0, 0, 0, 0, 
2025-12-28 12:47:54.008978|{tx-249} :-BBB.............
2025-12-28 12:47:54.178838|{rx-250} 1, 0, 0, 3, 251, 251, 0, 0, 0, 0, 0, 1, 0, 1, 1
2025-12-28 12:47:54.183179|{rssi-250} 111, -64, -127, -127, -127, 111, 111, 111, 111, 111, 111, 111, 111, 111, 111, 111, 111, 111, 
2025-12-28 12:47:54.194456|{td-250} 0, -19, 0, 0, 0, 0, 0, 0, 0, 0, 0, 0, 0, 0, 0, 0, 0, 0, 
2025-12-28 12:47:54.199078|{tx-250} :-BBB.............
2025-12-28 12:47:54.369582|{rx-251} 1, 0, 0, 3, 252, 252, 0, 0, 0, 0, 0, 1, 0, 1, 1
2025-12-28 12:47:54.374024|{rssi-251} 111, -64, -127, -127, -127, 111, 111, 111, 111, 111, 111, 111, 111, 111, 111, 111, 111, 111, 
2025-12-28 12:47:54.383417|{td-251} 0, -19, 0, 0, 0, 0, 0, 0, 0, 0, 0, 0, 0, 0, 0, 0, 0, 0, 
2025-12-28 12:47:54.389305|{tx-251} :-BBB.............
2025-12-28 12:47:54.558800|{rx-252} 1, 0, 0, 3, 253, 253, 0, 0, 0, 0, 0, 1, 0, 1, 1
2025-12-28 12:47:54.563897|{rssi-252} 111, -65, -127, -127, -127, 111, 111, 111, 111, 111, 111, 111, 111, 111, 111, 111, 111, 111, 
2025-12-28 12:47:54.572582|{td-252} 0, -19, 0, 0, 0, 0, 0, 0, 0, 0, 0, 0, 0, 0, 0, 0, 0, 0, 
2025-12-28 12:47:54.578058|{tx-252} :-BBB.............
2025-12-28 12:47:54.749245|{rx-253} 1, 0, 0, 3, 254, 254, 0, 0, 0, 0, 0, 1, 0, 1, 1
2025-12-28 12:47:54.753124|{rssi-253} 111, -65, -127, -127, -127, 111, 111, 111, 111, 111, 111, 111, 111, 111, 111, 111, 111, 111, 
2025-12-28 12:47:54.762575|{td-253} 0, -19, 0, 0, 0, 0, 0, 0, 0, 0, 0, 0, 0, 0, 0, 0, 0, 0, 
2025-12-28 12:47:54.768840|{tx-253} :-BBB.............
2025-12-28 12:47:54.939009|{rx-254} 1, 0, 0, 3, 255, 255, 0, 0, 0, 0, 0, 1, 0, 1, 1
2025-12-28 12:47:54.943198|{rssi-254} 111, -64, -127, -127, -127, 111, 111, 111, 111, 111, 111, 111, 111, 111, 111, 111, 111, 111, 
2025-12-28 12:47:54.952664|{td-254} 0, -19, 0, 0, 0, 0, 0, 0, 0, 0, 0, 0, 0, 0, 0, 0, 0, 0, 
2025-12-28 12:47:54.958024|{tx-254} :-BBB.............
2025-12-28 12:47:55.129550|{rx-255} 1, 0, 0, 3, 256, 256, 0, 0, 0, 0, 0, 1, 0, 1, 1
2025-12-28 12:47:55.133873|{rssi-255} 111, -64, -127, -127, -127, 111, 111, 111, 111, 111, 111, 111, 111, 111, 111, 111, 111, 111, 
2025-12-28 12:47:55.143178|{td-255} 0, -19, 0, 0, 0, 0, 0, 0, 0, 0, 0, 0, 0, 0, 0, 0, 0, 0, 
2025-12-28 12:47:55.148942|{tx-255} :-BBB.............
2025-12-28 12:47:55.319427|{rx-256} 1, 0, 0, 3, 257, 257, 0, 0, 0, 0, 0, 1, 0, 1, 1
2025-12-28 12:47:55.323954|{rssi-256} 111, -64, -127, -127, -127, 111, 111, 111, 111, 111, 111, 111, 111, 111, 111, 111, 111, 111, 
2025-12-28 12:47:55.333347|{td-256} 0, -19, 0, 0, 0, 0, 0, 0, 0, 0, 0, 0, 0, 0, 0, 0, 0, 0, 
2025-12-28 12:47:55.339095|{tx-256} :-BBB.............
2025-12-28 12:47:55.508697|{rx-257} 1, 0, 0, 3, 258, 258, 0, 0, 0, 0, 0, 1, 0, 1, 1
2025-12-28 12:47:55.513420|{rssi-257} 111, -64, -127, -127, -127, 111, 111, 111, 111, 111, 111, 111, 111, 111, 111, 111, 111, 111, 
2025-12-28 12:47:55.523409|{td-257} 0, -21, 0, 0, 0, 0, 0, 0, 0, 0, 0, 0, 0, 0, 0, 0, 0, 0, 
2025-12-28 12:47:55.529169|{tx-257} :-BBB.............
2025-12-28 12:47:55.699277|{rx-258} 1, 0, 0, 3, 259, 259, 0, 0, 0, 0, 0, 1, 0, 1, 1
2025-12-28 12:47:55.703139|{rssi-258} 111, -64, -127, -127, -127, 111, 111, 111, 111, 111, 111, 111, 111, 111, 111, 111, 111, 111, 
2025-12-28 12:47:55.713050|{td-258} 0, -19, 0, 0, 0, 0, 0, 0, 0, 0, 0, 0, 0, 0, 0, 0, 0, 0, 
2025-12-28 12:47:55.718510|{tx-258} :-BBB.............
2025-12-28 12:47:55.888772|{rx-259} 1, 0, 0, 3, 260, 260, 0, 0, 0, 0, 0, 1, 0, 1, 1
2025-12-28 12:47:55.893668|{rssi-259} 111, -64, -127, -127, -127, 111, 111, 111, 111, 111, 111, 111, 111, 111, 111, 111, 111, 111, 
2025-12-28 12:47:55.902910|{td-259} 0, -19, 0, 0, 0, 0, 0, 0, 0, 0, 0, 0, 0, 0, 0, 0, 0, 0, 
2025-12-28 12:47:55.908841|{tx-259} :-BBB.............
2025-12-28 12:47:56.078308|{rx-260} 1, 0, 0, 3, 261, 261, 0, 0, 0, 0, 0, 1, 0, 1, 1
2025-12-28 12:47:56.083180|{rssi-260} 111, -64, -127, -127, -127, 111, 111, 111, 111, 111, 111, 111, 111, 111, 111, 111, 111, 111, 
2025-12-28 12:47:56.092463|{td-260} 0, -19, 0, 0, 0, 0, 0, 0, 0, 0, 0, 0, 0, 0, 0, 0, 0, 0, 
2025-12-28 12:47:56.097637|{tx-260} :-BBB.............
2025-12-28 12:47:56.267952|{rx-261} 1, 0, 0, 3, 262, 262, 0, 0, 0, 0, 0, 1, 0, 1, 1
2025-12-28 12:47:56.273826|{rssi-261} 111, -64, -127, -127, -127, 111, 111, 111, 111, 111, 111, 111, 111, 111, 111, 111, 111, 111, 
2025-12-28 12:47:56.282883|{td-261} 0, -19, 0, 0, 0, 0, 0, 0, 0, 0, 0, 0, 0, 0, 0, 0, 0, 0, 
2025-12-28 12:47:56.288730|{tx-261} :-BBB.............
2025-12-28 12:47:56.458007|{rx-262} 1, 0, 0, 3, 263, 263, 0, 0, 0, 0, 0, 1, 0, 1, 1
2025-12-28 12:47:56.462567|{rssi-262} 111, -64, -127, -127, -127, 111, 111, 111, 111, 111, 111, 111, 111, 111, 111, 111, 111, 111, 
2025-12-28 12:47:56.472316|{td-262} 0, -19, 0, 0, 0, 0, 0, 0, 0, 0, 0, 0, 0, 0, 0, 0, 0, 0, 
2025-12-28 12:47:56.477810|{tx-262} :-BBB.............
2025-12-28 12:47:56.648392|{rx-263} 1, 0, 0, 3, 264, 264, 0, 0, 0, 0, 0, 1, 0, 1, 1
2025-12-28 12:47:56.653270|{rssi-263} 111, -64, -127, -127, -127, 111, 111, 111, 111, 111, 111, 111, 111, 111, 111, 111, 111, 111, 
2025-12-28 12:47:56.662035|{td-263} 0, -19, 0, 0, 0, 0, 0, 0, 0, 0, 0, 0, 0, 0, 0, 0, 0, 0, 
2025-12-28 12:47:56.668157|{tx-263} :-BBB.............
2025-12-28 12:47:56.838102|{rx-264} 1, 0, 0, 3, 265, 265, 0, 0, 0, 0, 0, 1, 0, 1, 1
2025-12-28 12:47:56.842899|{rssi-264} 111, -64, -127, -127, -127, 111, 111, 111, 111, 111, 111, 111, 111, 111, 111, 111, 111, 111, 
2025-12-28 12:47:56.852775|{td-264} 0, -19, 0, 0, 0, 0, 0, 0, 0, 0, 0, 0, 0, 0, 0, 0, 0, 0, 
2025-12-28 12:47:56.858798|{tx-264} :-BBB.............
2025-12-28 12:47:57.028592|{rx-265} 1, 0, 0, 3, 266, 266, 0, 0, 0, 0, 0, 1, 0, 1, 1
2025-12-28 12:47:57.033148|{rssi-265} 111, -64, -127, -127, -127, 111, 111, 111, 111, 111, 111, 111, 111, 111, 111, 111, 111, 111, 
2025-12-28 12:47:57.043027|{td-265} 0, -19, 0, 0, 0, 0, 0, 0, 0, 0, 0, 0, 0, 0, 0, 0, 0, 0, 
2025-12-28 12:47:57.048598|{tx-265} :-BBB.............
2025-12-28 12:47:57.218451|{rx-266} 1, 0, 0, 3, 267, 267, 0, 0, 0, 0, 0, 1, 0, 1, 1
2025-12-28 12:47:57.223324|{rssi-266} 111, -64, -127, -127, -127, 111, 111, 111, 111, 111, 111, 111, 111, 111, 111, 111, 111, 111, 
2025-12-28 12:47:57.232839|{td-266} 0, -19, 0, 0, 0, 0, 0, 0, 0, 0, 0, 0, 0, 0, 0, 0, 0, 0, 
2025-12-28 12:47:57.238461|{tx-266} :-BBB.............
2025-12-28 12:47:57.408779|{rx-267} 1, 0, 0, 3, 268, 268, 0, 0, 0, 0, 0, 1, 0, 1, 1
2025-12-28 12:47:57.413499|{rssi-267} 111, -64, -127, -127, -127, 111, 111, 111, 111, 111, 111, 111, 111, 111, 111, 111, 111, 111, 
2025-12-28 12:47:57.422935|{td-267} 0, -19, 0, 0, 0, 0, 0, 0, 0, 0, 0, 0, 0, 0, 0, 0, 0, 0, 
2025-12-28 12:47:57.428248|{tx-267} :-BBB.............
2025-12-28 12:47:57.598390|{rx-268} 1, 0, 0, 3, 269, 269, 0, 0, 0, 0, 0, 1, 0, 1, 1
2025-12-28 12:47:57.603280|{rssi-268} 111, -64, -127, -127, -127, 111, 111, 111, 111, 111, 111, 111, 111, 111, 111, 111, 111, 111, 
2025-12-28 12:47:57.612750|{td-268} 0, -21, 0, 0, 0, 0, 0, 0, 0, 0, 0, 0, 0, 0, 0, 0, 0, 0, 
2025-12-28 12:47:57.617299|{tx-268} :-BBB.............
2025-12-28 12:47:57.788834|{rx-269} 1, 0, 0, 3, 270, 270, 0, 0, 0, 0, 0, 1, 0, 1, 1
2025-12-28 12:47:57.793398|{rssi-269} 111, -64, -127, -127, -127, 111, 111, 111, 111, 111, 111, 111, 111, 111, 111, 111, 111, 111, 
2025-12-28 12:47:57.802463|{td-269} 0, -19, 0, 0, 0, 0, 0, 0, 0, 0, 0, 0, 0, 0, 0, 0, 0, 0, 
2025-12-28 12:47:57.808553|{tx-269} :-BBB.............
2025-12-28 12:47:57.978090|{rx-270} 1, 0, 0, 3, 271, 271, 0, 0, 0, 0, 0, 1, 0, 1, 1
2025-12-28 12:47:57.983209|{rssi-270} 111, -64, -127, -127, -127, 111, 111, 111, 111, 111, 111, 111, 111, 111, 111, 111, 111, 111, 
2025-12-28 12:47:57.992987|{td-270} 0, -19, 0, 0, 0, 0, 0, 0, 0, 0, 0, 0, 0, 0, 0, 0, 0, 0, 
2025-12-28 12:47:57.997892|{tx-270} :-BBB.............
2025-12-28 12:47:58.167675|{rx-271} 1, 0, 0, 3, 272, 272, 0, 0, 0, 0, 0, 1, 0, 1, 1
2025-12-28 12:47:58.173144|{rssi-271} 111, -64, -127, -127, -127, 111, 111, 111, 111, 111, 111, 111, 111, 111, 111, 111, 111, 111, 
2025-12-28 12:47:58.182469|{td-271} 0, -19, 0, 0, 0, 0, 0, 0, 0, 0, 0, 0, 0, 0, 0, 0, 0, 0, 
2025-12-28 12:47:58.188198|{tx-271} :-BBB.............
2025-12-28 12:47:58.358165|{rx-272} 1, 0, 0, 3, 273, 273, 0, 0, 0, 0, 0, 1, 0, 1, 1
2025-12-28 12:47:58.362529|{rssi-272} 111, -64, -127, -127, -127, 111, 111, 111, 111, 111, 111, 111, 111, 111, 111, 111, 111, 111, 
2025-12-28 12:47:58.373361|{td-272} 0, -19, 0, 0, 0, 0, 0, 0, 0, 0, 0, 0, 0, 0, 0, 0, 0, 0, 
2025-12-28 12:47:58.377515|{tx-272} :-BBB.............
2025-12-28 12:47:58.548411|{rx-273} 1, 0, 0, 3, 274, 274, 0, 0, 0, 0, 0, 1, 0, 1, 1
2025-12-28 12:47:58.553420|{rssi-273} 111, -64, -127, -127, -127, 111, 111, 111, 111, 111, 111, 111, 111, 111, 111, 111, 111, 111, 
2025-12-28 12:47:58.562718|{td-273} 0, -19, 0, 0, 0, 0, 0, 0, 0, 0, 0, 0, 0, 0, 0, 0, 0, 0, 
2025-12-28 12:47:58.567344|{tx-273} :-BBB.............
2025-12-28 12:47:58.738195|{rx-274} 1, 0, 0, 3, 275, 275, 0, 0, 0, 0, 0, 1, 0, 1, 1
2025-12-28 12:47:58.743234|{rssi-274} 111, -64, -127, -127, -127, 111, 111, 111, 111, 111, 111, 111, 111, 111, 111, 111, 111, 111, 
2025-12-28 12:47:58.752577|{td-274} 0, -19, 0, 0, 0, 0, 0, 0, 0, 0, 0, 0, 0, 0, 0, 0, 0, 0, 
2025-12-28 12:47:58.757040|{tx-274} :-BBB.............
2025-12-28 12:47:58.928274|{rx-275} 1, 0, 0, 3, 276, 276, 0, 0, 0, 0, 0, 1, 0, 1, 1
2025-12-28 12:47:58.932723|{rssi-275} 111, -64, -127, -127, -127, 111, 111, 111, 111, 111, 111, 111, 111, 111, 111, 111, 111, 111, 
2025-12-28 12:47:58.942760|{td-275} 0, -19, 0, 0, 0, 0, 0, 0, 0, 0, 0, 0, 0, 0, 0, 0, 0, 0, 
2025-12-28 12:47:58.947529|{tx-275} :-BBB.............
2025-12-28 12:47:59.118456|{rx-276} 1, 0, 0, 3, 277, 277, 0, 0, 0, 0, 0, 1, 0, 1, 1
2025-12-28 12:47:59.122478|{rssi-276} 111, -64, -127, -127, -127, 111, 111, 111, 111, 111, 111, 111, 111, 111, 111, 111, 111, 111, 
2025-12-28 12:47:59.132751|{td-276} 0, -19, 0, 0, 0, 0, 0, 0, 0, 0, 0, 0, 0, 0, 0, 0, 0, 0, 
2025-12-28 12:47:59.137024|{tx-276} :-BBB.............
2025-12-28 12:47:59.307998|{rx-277} 1, 0, 0, 3, 278, 278, 0, 0, 0, 0, 0, 1, 0, 1, 1
2025-12-28 12:47:59.313564|{rssi-277} 111, -64, -127, -127, -127, 111, 111, 111, 111, 111, 111, 111, 111, 111, 111, 111, 111, 111, 
2025-12-28 12:47:59.322700|{td-277} 0, -19, 0, 0, 0, 0, 0, 0, 0, 0, 0, 0, 0, 0, 0, 0, 0, 0, 
2025-12-28 12:47:59.328199|{tx-277} :-BBB.............
2025-12-28 12:47:59.497446|{rx-278} 1, 0, 0, 3, 279, 279, 0, 0, 0, 0, 0, 1, 0, 1, 1
2025-12-28 12:47:59.502854|{rssi-278} 111, -64, -127, -127, -127, 111, 111, 111, 111, 111, 111, 111, 111, 111, 111, 111, 111, 111, 
2025-12-28 12:47:59.512418|{td-278} 0, -21, 0, 0, 0, 0, 0, 0, 0, 0, 0, 0, 0, 0, 0, 0, 0, 0, 
2025-12-28 12:47:59.517685|{tx-278} :-BBB.............
2025-12-28 12:47:59.689065|{rx-279} 1, 0, 0, 3, 280, 280, 0, 0, 0, 0, 0, 1, 0, 1, 1
2025-12-28 12:47:59.692969|{rssi-279} 111, -64, -127, -127, -127, 111, 111, 111, 111, 111, 111, 111, 111, 111, 111, 111, 111, 111, 
2025-12-28 12:47:59.702626|{td-279} 0, -19, 0, 0, 0, 0, 0, 0, 0, 0, 0, 0, 0, 0, 0, 0, 0, 0, 
2025-12-28 12:47:59.707008|{tx-279} :-BBB.............
2025-12-28 12:47:59.878568|{rx-280} 1, 0, 0, 3, 281, 281, 0, 0, 0, 0, 0, 1, 0, 1, 1
2025-12-28 12:47:59.882575|{rssi-280} 111, -64, -127, -127, -127, 111, 111, 111, 111, 111, 111, 111, 111, 111, 111, 111, 111, 111, 
2025-12-28 12:47:59.892530|{td-280} 0, -19, 0, 0, 0, 0, 0, 0, 0, 0, 0, 0, 0, 0, 0, 0, 0, 0, 
2025-12-28 12:47:59.897095|{tx-280} :-BBB.............
2025-12-28 12:48:00.067803|{rx-281} 1, 0, 0, 3, 282, 282, 0, 0, 0, 0, 0, 1, 0, 1, 1
2025-12-28 12:48:00.072982|{rssi-281} 111, -64, -127, -127, -127, 111, 111, 111, 111, 111, 111, 111, 111, 111, 111, 111, 111, 111, 
2025-12-28 12:48:00.081897|{td-281} 0, -19, 0, 0, 0, 0, 0, 0, 0, 0, 0, 0, 0, 0, 0, 0, 0, 0, 
2025-12-28 12:48:00.087184|{tx-281} :-BBB.............
2025-12-28 12:48:00.258560|{rx-282} 1, 0, 0, 3, 283, 283, 0, 0, 0, 0, 0, 1, 0, 1, 1
2025-12-28 12:48:00.262488|{rssi-282} 111, -64, -127, -127, -127, 111, 111, 111, 111, 111, 111, 111, 111, 111, 111, 111, 111, 111, 
2025-12-28 12:48:00.272226|{td-282} 0, -19, 0, 0, 0, 0, 0, 0, 0, 0, 0, 0, 0, 0, 0, 0, 0, 0, 
2025-12-28 12:48:00.277949|{tx-282} :-BBB.............
2025-12-28 12:48:00.448321|{rx-283} 1, 0, 0, 3, 284, 284, 0, 0, 0, 0, 0, 1, 0, 1, 1
2025-12-28 12:48:00.453457|{rssi-283} 111, -64, -127, -127, -127, 111, 111, 111, 111, 111, 111, 111, 111, 111, 111, 111, 111, 111, 
2025-12-28 12:48:00.462515|{td-283} 0, -19, 0, 0, 0, 0, 0, 0, 0, 0, 0, 0, 0, 0, 0, 0, 0, 0, 
2025-12-28 12:48:00.466949|{tx-283} :-BBB.............
2025-12-28 12:48:00.637746|{rx-284} 1, 0, 0, 3, 285, 285, 0, 0, 0, 0, 0, 1, 0, 1, 1
2025-12-28 12:48:00.642586|{rssi-284} 111, -64, -127, -127, -127, 111, 111, 111, 111, 111, 111, 111, 111, 111, 111, 111, 111, 111, 
2025-12-28 12:48:00.650991|{td-284} 0, -19, 0, 0, 0, 0, 0, 0, 0, 0, 0, 0, 0, 0, 0, 0, 0, 0, 
2025-12-28 12:48:00.657154|{tx-284} :-BBB.............
2025-12-28 12:48:00.828652|{rx-285} 1, 0, 0, 3, 286, 286, 0, 0, 0, 0, 0, 1, 0, 1, 1
2025-12-28 12:48:00.832693|{rssi-285} 111, -64, -127, -127, -127, 111, 111, 111, 111, 111, 111, 111, 111, 111, 111, 111, 111, 111, 
2025-12-28 12:48:00.842910|{td-285} 0, -19, 0, 0, 0, 0, 0, 0, 0, 0, 0, 0, 0, 0, 0, 0, 0, 0, 
2025-12-28 12:48:00.847235|{tx-285} :-BBB.............
2025-12-28 12:48:01.018412|{rx-286} 1, 0, 0, 3, 287, 287, 0, 0, 0, 0, 0, 1, 0, 1, 1
2025-12-28 12:48:01.022664|{rssi-286} 111, -66, -127, -127, -127, 111, 111, 111, 111, 111, 111, 111, 111, 111, 111, 111, 111, 111, 
2025-12-28 12:48:01.032372|{td-286} 0, -21, 0, 0, 0, 0, 0, 0, 0, 0, 0, 0, 0, 0, 0, 0, 0, 0, 
2025-12-28 12:48:01.036807|{tx-286} :-BBB.............
2025-12-28 12:48:01.207436|{rx-287} 1, 0, 0, 3, 288, 288, 0, 0, 0, 0, 0, 1, 0, 1, 1
2025-12-28 12:48:01.212322|{rssi-287} 111, -64, -127, -127, -127, 111, 111, 111, 111, 111, 111, 111, 111, 111, 111, 111, 111, 111, 
2025-12-28 12:48:01.222216|{td-287} 0, -17, 0, 0, 0, 0, 0, 0, 0, 0, 0, 0, 0, 0, 0, 0, 0, 0, 
2025-12-28 12:48:01.227385|{tx-287} :-BBB.............
2025-12-28 12:48:01.397748|{rx-288} 1, 0, 0, 3, 289, 289, 0, 0, 0, 0, 0, 1, 0, 1, 1
2025-12-28 12:48:01.402583|{rssi-288} 111, -65, -127, -127, -127, 111, 111, 111, 111, 111, 111, 111, 111, 111, 111, 111, 111, 111, 
2025-12-28 12:48:01.411110|{td-288} 0, -21, 0, 0, 0, 0, 0, 0, 0, 0, 0, 0, 0, 0, 0, 0, 0, 0, 
2025-12-28 12:48:01.417908|{tx-288} :-BBB.............
2025-12-28 12:48:01.586611|{rx-289} 1, 0, 0, 3, 290, 290, 0, 0, 0, 0, 0, 1, 0, 1, 1
2025-12-28 12:48:01.592581|{rssi-289} 111, -64, -127, -127, -127, 111, 111, 111, 111, 111, 111, 111, 111, 111, 111, 111, 111, 111, 
2025-12-28 12:48:01.601139|{td-289} 0, -17, 0, 0, 0, 0, 0, 0, 0, 0, 0, 0, 0, 0, 0, 0, 0, 0, 
2025-12-28 12:48:01.606679|{tx-289} :-BBB.............
2025-12-28 12:48:01.777015|{rx-290} 1, 0, 0, 3, 291, 291, 0, 0, 0, 0, 0, 1, 0, 1, 1
2025-12-28 12:48:01.782739|{rssi-290} 111, -64, -127, -127, -127, 111, 111, 111, 111, 111, 111, 111, 111, 111, 111, 111, 111, 111, 
2025-12-28 12:48:01.791383|{td-290} 0, -21, 0, 0, 0, 0, 0, 0, 0, 0, 0, 0, 0, 0, 0, 0, 0, 0, 
2025-12-28 12:48:01.797630|{tx-290} :-BBB.............
2025-12-28 12:48:01.966893|{rx-291} 1, 0, 0, 3, 292, 292, 0, 0, 0, 0, 0, 1, 0, 1, 1
2025-12-28 12:48:01.972977|{rssi-291} 111, -64, -127, -127, -127, 111, 111, 111, 111, 111, 111, 111, 111, 111, 111, 111, 111, 111, 
2025-12-28 12:48:01.982179|{td-291} 0, -19, 0, 0, 0, 0, 0, 0, 0, 0, 0, 0, 0, 0, 0, 0, 0, 0, 
2025-12-28 12:48:01.986895|{tx-291} :-BBB.............
2025-12-28 12:48:02.157116|{rx-292} 1, 0, 0, 3, 293, 293, 0, 0, 0, 0, 0, 1, 0, 1, 1
2025-12-28 12:48:02.162518|{rssi-292} 111, -64, -127, -127, -127, 111, 111, 111, 111, 111, 111, 111, 111, 111, 111, 111, 111, 111, 
2025-12-28 12:48:02.171329|{td-292} 0, -19, 0, 0, 0, 0, 0, 0, 0, 0, 0, 0, 0, 0, 0, 0, 0, 0, 
2025-12-28 12:48:02.176344|{tx-292} :-BBB.............
2025-12-28 12:48:02.347167|{rx-293} 1, 0, 0, 3, 294, 294, 0, 0, 0, 0, 0, 1, 0, 1, 1
2025-12-28 12:48:02.354092|{rssi-293} 111, -63, -127, -127, -127, 111, 111, 111, 111, 111, 111, 111, 111, 111, 111, 111, 111, 111, 
2025-12-28 12:48:02.362357|{td-293} 0, -19, 0, 0, 0, 0, 0, 0, 0, 0, 0, 0, 0, 0, 0, 0, 0, 0, 
2025-12-28 12:48:02.366883|{tx-293} :-BBB.............
2025-12-28 12:48:02.537335|{rx-294} 1, 0, 0, 3, 295, 295, 0, 0, 0, 0, 0, 1, 0, 1, 1
2025-12-28 12:48:02.542941|{rssi-294} 111, -64, -127, -127, -127, 111, 111, 111, 111, 111, 111, 111, 111, 111, 111, 111, 111, 111, 
2025-12-28 12:48:02.550997|{td-294} 0, -19, 0, 0, 0, 0, 0, 0, 0, 0, 0, 0, 0, 0, 0, 0, 0, 0, 
2025-12-28 12:48:02.556313|{tx-294} :-BBB.............
2025-12-28 12:48:02.727351|{rx-295} 1, 0, 0, 3, 296, 296, 0, 0, 0, 0, 0, 1, 0, 1, 1
2025-12-28 12:48:02.732287|{rssi-295} 111, -64, -127, -127, -127, 111, 111, 111, 111, 111, 111, 111, 111, 111, 111, 111, 111, 111, 
2025-12-28 12:48:02.742053|{td-295} 0, -19, 0, 0, 0, 0, 0, 0, 0, 0, 0, 0, 0, 0, 0, 0, 0, 0, 
2025-12-28 12:48:02.746486|{tx-295} :-BBB.............
2025-12-28 12:48:02.917421|{rx-296} 1, 0, 0, 3, 297, 297, 0, 0, 0, 0, 0, 1, 0, 1, 1
2025-12-28 12:48:02.922821|{rssi-296} 111, -64, -127, -127, -127, 111, 111, 111, 111, 111, 111, 111, 111, 111, 111, 111, 111, 111, 
2025-12-28 12:48:02.932194|{td-296} 0, -19, 0, 0, 0, 0, 0, 0, 0, 0, 0, 0, 0, 0, 0, 0, 0, 0, 
2025-12-28 12:48:02.936748|{tx-296} :-BBB.............
2025-12-28 12:48:03.106625|{rx-297} 1, 0, 0, 3, 298, 298, 0, 0, 0, 0, 0, 1, 0, 1, 1
2025-12-28 12:48:03.112448|{rssi-297} 111, -64, -127, -127, -127, 111, 111, 111, 111, 111, 111, 111, 111, 111, 111, 111, 111, 111, 
2025-12-28 12:48:03.121967|{td-297} 0, -19, 0, 0, 0, 0, 0, 0, 0, 0, 0, 0, 0, 0, 0, 0, 0, 0, 
2025-12-28 12:48:03.127124|{tx-297} :-BBB.............
2025-12-28 12:48:03.297040|{rx-298} 1, 0, 0, 3, 299, 299, 0, 0, 0, 0, 0, 1, 0, 1, 1
2025-12-28 12:48:03.302571|{rssi-298} 111, -64, -127, -127, -127, 111, 111, 111, 111, 111, 111, 111, 111, 111, 111, 111, 111, 111, 
2025-12-28 12:48:03.310678|{td-298} 0, -21, 0, 0, 0, 0, 0, 0, 0, 0, 0, 0, 0, 0, 0, 0, 0, 0, 
2025-12-28 12:48:03.316851|{tx-298} :-BBB.............
2025-12-28 12:48:03.487148|{rx-299} 1, 0, 0, 3, 300, 300, 0, 0, 0, 0, 0, 1, 0, 1, 1
2025-12-28 12:48:03.492701|{rssi-299} 111, -64, -127, -127, -127, 111, 111, 111, 111, 111, 111, 111, 111, 111, 111, 111, 111, 111, 
2025-12-28 12:48:03.501369|{td-299} 0, -19, 0, 0, 0, 0, 0, 0, 0, 0, 0, 0, 0, 0, 0, 0, 0, 0, 
2025-12-28 12:48:03.506537|{tx-299} :-BBB.............
2025-12-28 12:48:03.676627|{rx-300} 1, 0, 0, 3, 301, 301, 0, 0, 0, 0, 0, 1, 0, 1, 1
2025-12-28 12:48:03.683354|{rssi-300} 111, -64, -127, -127, -127, 111, 111, 111, 111, 111, 111, 111, 111, 111, 111, 111, 111, 111, 
2025-12-28 12:48:03.691915|{td-300} 0, -19, 0, 0, 0, 0, 0, 0, 0, 0, 0, 0, 0, 0, 0, 0, 0, 0, 
2025-12-28 12:48:03.696370|{tx-300} :-BBB.............
2025-12-28 12:48:03.867879|{rx-301} 1, 0, 0, 3, 302, 302, 0, 0, 0, 0, 0, 1, 0, 1, 1
2025-12-28 12:48:03.872441|{rssi-301} 111, -64, -127, -127, -127, 111, 111, 111, 111, 111, 111, 111, 111, 111, 111, 111, 111, 111, 
2025-12-28 12:48:03.881404|{td-301} 0, -19, 0, 0, 0, 0, 0, 0, 0, 0, 0, 0, 0, 0, 0, 0, 0, 0, 
2025-12-28 12:48:03.887210|{tx-301} :-BBB.............
2025-12-28 12:48:04.057380|{rx-302} 1, 0, 0, 3, 303, 303, 0, 0, 0, 0, 0, 1, 0, 1, 1
2025-12-28 12:48:04.062691|{rssi-302} 111, -64, -127, -127, -127, 111, 111, 111, 111, 111, 111, 111, 111, 111, 111, 111, 111, 111, 
2025-12-28 12:48:04.070986|{td-302} 0, -19, 0, 0, 0, 0, 0, 0, 0, 0, 0, 0, 0, 0, 0, 0, 0, 0, 
2025-12-28 12:48:04.076866|{tx-302} :-BBB.............
2025-12-28 12:48:04.247529|{rx-303} 1, 0, 0, 3, 304, 304, 0, 0, 0, 0, 0, 1, 0, 1, 1
2025-12-28 12:48:04.251225|{rssi-303} 111, -64, -127, -127, -127, 111, 111, 111, 111, 111, 111, 111, 111, 111, 111, 111, 111, 111, 
2025-12-28 12:48:04.262132|{td-303} 0, -19, 0, 0, 0, 0, 0, 0, 0, 0, 0, 0, 0, 0, 0, 0, 0, 0, 
2025-12-28 12:48:04.265996|{tx-303} :-BBB.............
2025-12-28 12:48:04.437670|{rx-304} 1, 0, 0, 3, 305, 305, 0, 0, 0, 0, 0, 1, 0, 1, 1
2025-12-28 12:48:04.441102|{rssi-304} 111, -64, -127, -127, -127, 111, 111, 111, 111, 111, 111, 111, 111, 111, 111, 111, 111, 111, 
2025-12-28 12:48:04.451336|{td-304} 0, -19, 0, 0, 0, 0, 0, 0, 0, 0, 0, 0, 0, 0, 0, 0, 0, 0, 
2025-12-28 12:48:04.457272|{tx-304} :-BBB.............
2025-12-28 12:48:04.627284|{rx-305} 1, 0, 0, 3, 306, 306, 0, 0, 0, 0, 0, 1, 0, 1, 1
2025-12-28 12:48:04.632285|{rssi-305} 111, -64, -127, -127, -127, 111, 111, 111, 111, 111, 111, 111, 111, 111, 111, 111, 111, 111, 
2025-12-28 12:48:04.641129|{td-305} 0, -19, 0, 0, 0, 0, 0, 0, 0, 0, 0, 0, 0, 0, 0, 0, 0, 0, 
2025-12-28 12:48:04.647527|{tx-305} :-BBB.............
2025-12-28 12:48:04.817535|{rx-306} 1, 0, 0, 3, 307, 307, 0, 0, 0, 0, 0, 1, 0, 1, 1
2025-12-28 12:48:04.823939|{rssi-306} 111, -64, -127, -127, -127, 111, 111, 111, 111, 111, 111, 111, 111, 111, 111, 111, 111, 111, 
2025-12-28 12:48:04.830449|{td-306} 0, -19, 0, 0, 0, 0, 0, 0, 0, 0, 0, 0, 0, 0, 0, 0, 0, 0, 
2025-12-28 12:48:04.837025|{tx-306} :-BBB.............
2025-12-28 12:48:05.006687|{rx-307} 1, 0, 0, 3, 308, 308, 0, 0, 0, 0, 0, 1, 0, 1, 1
2025-12-28 12:48:05.012043|{rssi-307} 111, -64, -127, -127, -127, 111, 111, 111, 111, 111, 111, 111, 111, 111, 111, 111, 111, 111, 
2025-12-28 12:48:05.020534|{td-307} 0, -19, 0, 0, 0, 0, 0, 0, 0, 0, 0, 0, 0, 0, 0, 0, 0, 0, 
2025-12-28 12:48:05.026194|{tx-307} :-BBB.............
2025-12-28 12:48:05.197256|{rx-308} 1, 0, 0, 3, 309, 309, 0, 0, 0, 0, 0, 1, 0, 1, 1
2025-12-28 12:48:05.202300|{rssi-308} 111, -65, -127, -127, -127, 111, 111, 111, 111, 111, 111, 111, 111, 111, 111, 111, 111, 111, 
2025-12-28 12:48:05.211157|{td-308} 0, -19, 0, 0, 0, 0, 0, 0, 0, 0, 0, 0, 0, 0, 0, 0, 0, 0, 
2025-12-28 12:48:05.216704|{tx-308} :-BBB.............
2025-12-28 12:48:05.387502|{rx-309} 1, 0, 0, 3, 310, 310, 0, 0, 0, 0, 0, 1, 0, 1, 1
2025-12-28 12:48:05.391134|{rssi-309} 111, -64, -127, -127, -127, 111, 111, 111, 111, 111, 111, 111, 111, 111, 111, 111, 111, 111, 
2025-12-28 12:48:05.400846|{td-309} 0, -19, 0, 0, 0, 0, 0, 0, 0, 0, 0, 0, 0, 0, 0, 0, 0, 0, 
2025-12-28 12:48:05.407082|{tx-309} :-BBB.............
2025-12-28 12:48:05.576958|{rx-310} 1, 0, 0, 3, 311, 311, 0, 0, 0, 0, 0, 1, 0, 1, 1
2025-12-28 12:48:05.581867|{rssi-310} 111, -64, -127, -127, -127, 111, 111, 111, 111, 111, 111, 111, 111, 111, 111, 111, 111, 111, 
2025-12-28 12:48:05.590425|{td-310} 0, -19, 0, 0, 0, 0, 0, 0, 0, 0, 0, 0, 0, 0, 0, 0, 0, 0, 
2025-12-28 12:48:05.597136|{tx-310} :-BBB.............
2025-12-28 12:48:05.767642|{rx-311} 1, 0, 0, 3, 312, 312, 0, 0, 0, 0, 0, 1, 0, 1, 1
2025-12-28 12:48:05.771305|{rssi-311} 111, -64, -127, -127, -127, 111, 111, 111, 111, 111, 111, 111, 111, 111, 111, 111, 111, 111, 
2025-12-28 12:48:05.780777|{td-311} 0, -21, 0, 0, 0, 0, 0, 0, 0, 0, 0, 0, 0, 0, 0, 0, 0, 0, 
2025-12-28 12:48:05.786362|{tx-311} :-BBB.............
2025-12-28 12:48:05.957442|{rx-312} 1, 0, 0, 3, 313, 313, 0, 0, 0, 0, 0, 1, 0, 1, 1
2025-12-28 12:48:05.960821|{rssi-312} 111, -64, -127, -127, -127, 111, 111, 111, 111, 111, 111, 111, 111, 111, 111, 111, 111, 111, 
2025-12-28 12:48:05.971020|{td-312} 0, -19, 0, 0, 0, 0, 0, 0, 0, 0, 0, 0, 0, 0, 0, 0, 0, 0, 
2025-12-28 12:48:05.975997|{tx-312} :-BBB.............
2025-12-28 12:48:06.147221|{rx-313} 1, 0, 0, 3, 314, 314, 0, 0, 0, 0, 0, 1, 0, 1, 1
2025-12-28 12:48:06.151170|{rssi-313} 111, -64, -127, -127, -127, 111, 111, 111, 111, 111, 111, 111, 111, 111, 111, 111, 111, 111, 
2025-12-28 12:48:06.160964|{td-313} 0, -19, 0, 0, 0, 0, 0, 0, 0, 0, 0, 0, 0, 0, 0, 0, 0, 0, 
2025-12-28 12:48:06.166147|{tx-313} :-BBB.............
2025-12-28 12:48:06.335998|{rx-314} 1, 0, 0, 3, 315, 315, 0, 0, 0, 0, 0, 1, 0, 1, 1
2025-12-28 12:48:06.342079|{rssi-314} 111, -64, -127, -127, -127, 111, 111, 111, 111, 111, 111, 111, 111, 111, 111, 111, 111, 111, 
2025-12-28 12:48:06.350857|{td-314} 0, -19, 0, 0, 0, 0, 0, 0, 0, 0, 0, 0, 0, 0, 0, 0, 0, 0, 
2025-12-28 12:48:06.356994|{tx-314} :-BBB.............
2025-12-28 12:48:06.525820|{rx-315} 1, 0, 0, 3, 316, 316, 0, 0, 0, 0, 0, 1, 0, 1, 1
2025-12-28 12:48:06.532077|{rssi-315} 111, -64, -127, -127, -127, 111, 111, 111, 111, 111, 111, 111, 111, 111, 111, 111, 111, 111, 
2025-12-28 12:48:06.540153|{td-315} 0, -19, 0, 0, 0, 0, 0, 0, 0, 0, 0, 0, 0, 0, 0, 0, 0, 0, 
2025-12-28 12:48:06.546682|{tx-315} :-BBB.............
2025-12-28 12:48:06.716932|{rx-316} 1, 0, 0, 3, 317, 317, 0, 0, 0, 0, 0, 1, 0, 1, 1
2025-12-28 12:48:06.721096|{rssi-316} 111, -64, -127, -127, -127, 111, 111, 111, 111, 111, 111, 111, 111, 111, 111, 111, 111, 111, 
2025-12-28 12:48:06.730493|{td-316} 0, -19, 0, 0, 0, 0, 0, 0, 0, 0, 0, 0, 0, 0, 0, 0, 0, 0, 
2025-12-28 12:48:06.736898|{tx-316} :-BBB.............
2025-12-28 12:48:06.905625|{rx-317} 1, 0, 0, 3, 318, 318, 0, 0, 0, 0, 0, 1, 0, 1, 1
2025-12-28 12:48:06.911421|{rssi-317} 111, -65, -127, -127, -127, 111, 111, 111, 111, 111, 111, 111, 111, 111, 111, 111, 111, 111, 
2025-12-28 12:48:06.920857|{td-317} 0, -19, 0, 0, 0, 0, 0, 0, 0, 0, 0, 0, 0, 0, 0, 0, 0, 0, 
2025-12-28 12:48:06.926881|{tx-317} :-BBB.............
2025-12-28 12:48:07.096236|{rx-318} 1, 0, 0, 3, 319, 319, 0, 0, 0, 0, 0, 1, 0, 1, 1
2025-12-28 12:48:07.102325|{rssi-318} 111, -64, -127, -127, -127, 111, 111, 111, 111, 111, 111, 111, 111, 111, 111, 111, 111, 111, 
2025-12-28 12:48:07.109994|{td-318} 0, -19, 0, 0, 0, 0, 0, 0, 0, 0, 0, 0, 0, 0, 0, 0, 0, 0, 
2025-12-28 12:48:07.116798|{tx-318} :-BBB.............
2025-12-28 12:48:07.286558|{rx-319} 1, 0, 0, 3, 320, 320, 0, 0, 0, 0, 0, 1, 0, 1, 1
2025-12-28 12:48:07.291828|{rssi-319} 111, -64, -127, -127, -127, 111, 111, 111, 111, 111, 111, 111, 111, 111, 111, 111, 111, 111, 
2025-12-28 12:48:07.302226|{td-319} 0, -19, 0, 0, 0, 0, 0, 0, 0, 0, 0, 0, 0, 0, 0, 0, 0, 0, 
2025-12-28 12:48:07.306570|{tx-319} :-BBB.............
2025-12-28 12:48:07.476164|{rx-320} 1, 0, 0, 3, 321, 321, 0, 0, 0, 0, 0, 1, 0, 1, 1
2025-12-28 12:48:07.481901|{rssi-320} 111, -64, -127, -127, -127, 111, 111, 111, 111, 111, 111, 111, 111, 111, 111, 111, 111, 111, 
2025-12-28 12:48:07.490682|{td-320} 0, -21, 0, 0, 0, 0, 0, 0, 0, 0, 0, 0, 0, 0, 0, 0, 0, 0, 
2025-12-28 12:48:07.495715|{tx-320} :-BBB.............
2025-12-28 12:48:07.665600|{rx-321} 1, 0, 0, 3, 322, 322, 0, 0, 0, 0, 0, 1, 0, 1, 1
2025-12-28 12:48:07.671472|{rssi-321} 111, -64, -127, -127, -127, 111, 111, 111, 111, 111, 111, 111, 111, 111, 111, 111, 111, 111, 
2025-12-28 12:48:07.680766|{td-321} 0, -19, 0, 0, 0, 0, 0, 0, 0, 0, 0, 0, 0, 0, 0, 0, 0, 0, 
2025-12-28 12:48:07.686696|{tx-321} :-BBB.............
2025-12-28 12:48:07.856237|{rx-322} 1, 0, 0, 3, 323, 323, 0, 0, 0, 0, 0, 1, 0, 1, 1
2025-12-28 12:48:07.861382|{rssi-322} 111, -64, -127, -127, -127, 111, 111, 111, 111, 111, 111, 111, 111, 111, 111, 111, 111, 111, 
2025-12-28 12:48:07.870929|{td-322} 0, -19, 0, 0, 0, 0, 0, 0, 0, 0, 0, 0, 0, 0, 0, 0, 0, 0, 
2025-12-28 12:48:07.875644|{tx-322} :-BBB.............
2025-12-28 12:48:08.046379|{rx-323} 1, 0, 0, 3, 324, 324, 0, 0, 0, 0, 0, 1, 0, 1, 1
2025-12-28 12:48:08.050580|{rssi-323} 111, -66, -127, -127, -127, 111, 111, 111, 111, 111, 111, 111, 111, 111, 111, 111, 111, 111, 
2025-12-28 12:48:08.060173|{td-323} 0, -19, 0, 0, 0, 0, 0, 0, 0, 0, 0, 0, 0, 0, 0, 0, 0, 0, 
2025-12-28 12:48:08.065521|{tx-323} :-BBB.............
2025-12-28 12:48:08.237215|{rx-324} 1, 0, 0, 3, 325, 325, 0, 0, 0, 0, 0, 1, 0, 1, 1
2025-12-28 12:48:08.241201|{rssi-324} 111, -64, -127, -127, -127, 111, 111, 111, 111, 111, 111, 111, 111, 111, 111, 111, 111, 111, 
2025-12-28 12:48:08.250320|{td-324} 0, -19, 0, 0, 0, 0, 0, 0, 0, 0, 0, 0, 0, 0, 0, 0, 0, 0, 
2025-12-28 12:48:08.256605|{tx-324} :-BBB.............
2025-12-28 12:48:08.426726|{rx-325} 1, 0, 0, 3, 326, 326, 0, 0, 0, 0, 0, 1, 0, 1, 1
2025-12-28 12:48:08.430353|{rssi-325} 111, -64, -127, -127, -127, 111, 111, 111, 111, 111, 111, 111, 111, 111, 111, 111, 111, 111, 
2025-12-28 12:48:08.440564|{td-325} 0, -19, 0, 0, 0, 0, 0, 0, 0, 0, 0, 0, 0, 0, 0, 0, 0, 0, 
2025-12-28 12:48:08.445367|{tx-325} :-BBB.............
2025-12-28 12:48:08.616207|{rx-326} 1, 0, 0, 3, 327, 327, 0, 0, 0, 0, 0, 1, 0, 1, 1
2025-12-28 12:48:08.620985|{rssi-326} 111, -65, -127, -127, -127, 111, 111, 111, 111, 111, 111, 111, 111, 111, 111, 111, 111, 111, 
2025-12-28 12:48:08.629865|{td-326} 0, -19, 0, 0, 0, 0, 0, 0, 0, 0, 0, 0, 0, 0, 0, 0, 0, 0, 
2025-12-28 12:48:08.635946|{tx-326} :-BBB.............
2025-12-28 12:48:08.806568|{rx-327} 1, 0, 0, 3, 328, 328, 0, 0, 0, 0, 0, 1, 0, 1, 1
2025-12-28 12:48:08.811040|{rssi-327} 111, -64, -127, -127, -127, 111, 111, 111, 111, 111, 111, 111, 111, 111, 111, 111, 111, 111, 
2025-12-28 12:48:08.820038|{td-327} 0, -19, 0, 0, 0, 0, 0, 0, 0, 0, 0, 0, 0, 0, 0, 0, 0, 0, 
2025-12-28 12:48:08.826433|{tx-327} :-BBB.............
2025-12-28 12:48:08.996028|{rx-328} 1, 0, 0, 3, 329, 329, 0, 0, 0, 0, 0, 1, 0, 1, 1
2025-12-28 12:48:08.000418|{rssi-328} 111, -64, -127, -127, -127, 111, 111, 111, 111, 111, 111, 111, 111, 111, 111, 111, 111, 111, 
2025-12-28 12:48:09.010584|{td-328} 0, -19, 0, 0, 0, 0, 0, 0, 0, 0, 0, 0, 0, 0, 0, 0, 0, 0, 
2025-12-28 12:48:09.016178|{tx-328} :-BBB.............
2025-12-28 12:48:09.186519|{rx-329} 1, 0, 0, 3, 330, 330, 0, 0, 0, 0, 0, 1, 0, 1, 1
2025-12-28 12:48:09.191287|{rssi-329} 111, -64, -127, -127, -127, 111, 111, 111, 111, 111, 111, 111, 111, 111, 111, 111, 111, 111, 
2025-12-28 12:48:09.200754|{td-329} 0, -19, 0, 0, 0, 0, 0, 0, 0, 0, 0, 0, 0, 0, 0, 0, 0, 0, 
2025-12-28 12:48:09.205742|{tx-329} :-BBB.............
2025-12-28 12:48:09.376483|{rx-330} 1, 0, 0, 3, 331, 331, 0, 0, 0, 0, 0, 1, 0, 1, 1
2025-12-28 12:48:09.380254|{rssi-330} 111, -64, -127, -127, -127, 111, 111, 111, 111, 111, 111, 111, 111, 111, 111, 111, 111, 111, 
2025-12-28 12:48:09.390109|{td-330} 0, -19, 0, 0, 0, 0, 0, 0, 0, 0, 0, 0, 0, 0, 0, 0, 0, 0, 
2025-12-28 12:48:09.395563|{tx-330} :-BBB.............
2025-12-28 12:48:09.566199|{rx-331} 1, 0, 0, 3, 332, 332, 0, 0, 0, 0, 0, 1, 0, 1, 1
2025-12-28 12:48:09.570486|{rssi-331} 111, -64, -127, -127, -127, 111, 111, 111, 111, 111, 111, 111, 111, 111, 111, 111, 111, 111, 
2025-12-28 12:48:09.579391|{td-331} 0, -19, 0, 0, 0, 0, 0, 0, 0, 0, 0, 0, 0, 0, 0, 0, 0, 0, 
2025-12-28 12:48:09.585839|{tx-331} :-BBB.............
2025-12-28 12:48:09.755671|{rx-332} 1, 0, 0, 3, 333, 333, 0, 0, 0, 0, 0, 1, 0, 1, 1
2025-12-28 12:48:09.761234|{rssi-332} 111, -64, -127, -127, -127, 111, 111, 111, 111, 111, 111, 111, 111, 111, 111, 111, 111, 111, 
2025-12-28 12:48:09.770294|{td-332} 0, -19, 0, 0, 0, 0, 0, 0, 0, 0, 0, 0, 0, 0, 0, 0, 0, 0, 
2025-12-28 12:48:09.775109|{tx-332} :-BBB.............
2025-12-28 12:48:09.945867|{rx-333} 1, 0, 0, 3, 334, 334, 0, 0, 0, 0, 0, 1, 0, 1, 1
2025-12-28 12:48:09.949944|{rssi-333} 111, -64, -127, -127, -127, 111, 111, 111, 111, 111, 111, 111, 111, 111, 111, 111, 111, 111, 
2025-12-28 12:48:09.960237|{td-333} 0, -21, 0, 0, 0, 0, 0, 0, 0, 0, 0, 0, 0, 0, 0, 0, 0, 0, 
2025-12-28 12:48:09.965323|{tx-333} :-BBB.............
2025-12-28 12:48:10.136221|{rx-334} 1, 0, 0, 3, 335, 335, 0, 0, 0, 0, 0, 1, 0, 1, 1
2025-12-28 12:48:10.140753|{rssi-334} 111, -64, -127, -127, -127, 111, 111, 111, 111, 111, 111, 111, 111, 111, 111, 111, 111, 111, 
2025-12-28 12:48:10.150084|{td-334} 0, -19, 0, 0, 0, 0, 0, 0, 0, 0, 0, 0, 0, 0, 0, 0, 0, 0, 
2025-12-28 12:48:10.155438|{tx-334} :-BBB.............
2025-12-28 12:48:10.326265|{rx-335} 1, 0, 0, 3, 336, 336, 0, 0, 0, 0, 0, 1, 0, 1, 1
2025-12-28 12:48:10.330317|{rssi-335} 111, -64, -127, -127, -127, 111, 111, 111, 111, 111, 111, 111, 111, 111, 111, 111, 111, 111, 
2025-12-28 12:48:10.340454|{td-335} 0, -19, 0, 0, 0, 0, 0, 0, 0, 0, 0, 0, 0, 0, 0, 0, 0, 0, 
2025-12-28 12:48:10.344912|{tx-335} :-BBB.............
2025-12-28 12:48:10.515584|{rx-336} 1, 0, 0, 3, 337, 337, 0, 0, 0, 0, 0, 1, 0, 1, 1
2025-12-28 12:48:10.520753|{rssi-336} 111, -65, -127, -127, -127, 111, 111, 111, 111, 111, 111, 111, 111, 111, 111, 111, 111, 111, 
2025-12-28 12:48:10.529303|{td-336} 0, -19, 0, 0, 0, 0, 0, 0, 0, 0, 0, 0, 0, 0, 0, 0, 0, 0, 
2025-12-28 12:48:10.536101|{tx-336} :-BBB.............
2025-12-28 12:48:10.706100|{rx-337} 1, 0, 0, 3, 338, 338, 0, 0, 0, 0, 0, 1, 0, 1, 1
2025-12-28 12:48:10.710808|{rssi-337} 111, -64, -127, -127, -127, 111, 111, 111, 111, 111, 111, 111, 111, 111, 111, 111, 111, 111, 
2025-12-28 12:48:10.720148|{td-337} 0, -19, 0, 0, 0, 0, 0, 0, 0, 0, 0, 0, 0, 0, 0, 0, 0, 0, 
2025-12-28 12:48:10.725588|{tx-337} :-BBB.............
2025-12-28 12:48:10.896244|{rx-338} 1, 0, 0, 3, 339, 339, 0, 0, 0, 0, 0, 1, 0, 1, 1
2025-12-28 12:48:10.899915|{rssi-338} 111, -64, -127, -127, -127, 111, 111, 111, 111, 111, 111, 111, 111, 111, 111, 111, 111, 111, 
2025-12-28 12:48:10.910119|{td-338} 0, -19, 0, 0, 0, 0, 0, 0, 0, 0, 0, 0, 0, 0, 0, 0, 0, 0, 
2025-12-28 12:48:10.916317|{tx-338} :-BBB.............
2025-12-28 12:48:11.086079|{rx-339} 1, 0, 0, 3, 340, 340, 0, 0, 0, 0, 0, 1, 0, 1, 1
2025-12-28 12:48:11.090659|{rssi-339} 111, -64, -127, -127, -127, 111, 111, 111, 111, 111, 111, 111, 111, 111, 111, 111, 111, 111, 
2025-12-28 12:48:11.100155|{td-339} 0, -19, 0, 0, 0, 0, 0, 0, 0, 0, 0, 0, 0, 0, 0, 0, 0, 0, 
2025-12-28 12:48:11.106049|{tx-339} :-BBB.............
2025-12-28 12:48:11.276314|{rx-340} 1, 0, 0, 3, 341, 341, 0, 0, 0, 0, 0, 1, 0, 1, 1
2025-12-28 12:48:11.280861|{rssi-340} 111, -64, -127, -127, -127, 111, 111, 111, 111, 111, 111, 111, 111, 111, 111, 111, 111, 111, 
2025-12-28 12:48:11.289764|{td-340} 0, -19, 0, 0, 0, 0, 0, 0, 0, 0, 0, 0, 0, 0, 0, 0, 0, 0, 
2025-12-28 12:48:11.295010|{tx-340} :-BBB.............
2025-12-28 12:48:11.464996|{rx-341} 1, 0, 0, 3, 342, 342, 0, 0, 0, 0, 0, 1, 0, 1, 1
2025-12-28 12:48:11.470698|{rssi-341} 111, -64, -127, -127, -127, 111, 111, 111, 111, 111, 111, 111, 111, 111, 111, 111, 111, 111, 
2025-12-28 12:48:11.479231|{td-341} 0, -19, 0, 0, 0, 0, 0, 0, 0, 0, 0, 0, 0, 0, 0, 0, 0, 0, 
2025-12-28 12:48:11.485125|{tx-341} :-BBB.............
2025-12-28 12:48:11.655092|{rx-342} 1, 0, 0, 3, 343, 343, 0, 0, 0, 0, 0, 1, 0, 1, 1
2025-12-28 12:48:11.660808|{rssi-342} 111, -64, -127, -127, -127, 111, 111, 111, 111, 111, 111, 111, 111, 111, 111, 111, 111, 111, 
2025-12-28 12:48:11.669178|{td-342} 0, -19, 0, 0, 0, 0, 0, 0, 0, 0, 0, 0, 0, 0, 0, 0, 0, 0, 
2025-12-28 12:48:11.675270|{tx-342} :-BBB.............
2025-12-28 12:48:11.845257|{rx-343} 1, 0, 0, 3, 344, 344, 0, 0, 0, 0, 0, 1, 0, 1, 1
2025-12-28 12:48:11.850590|{rssi-343} 111, -64, -127, -127, -127, 111, 111, 111, 111, 111, 111, 111, 111, 111, 111, 111, 111, 111, 
2025-12-28 12:48:11.859976|{td-343} 0, -19, 0, 0, 0, 0, 0, 0, 0, 0, 0, 0, 0, 0, 0, 0, 0, 0, 
2025-12-28 12:48:11.865002|{tx-343} :-BBB.............
2025-12-28 12:48:12.034754|{rx-344} 1, 0, 0, 3, 345, 345, 0, 0, 0, 0, 0, 1, 0, 1, 1
2025-12-28 12:48:12.040062|{rssi-344} 111, -64, -127, -127, -127, 111, 111, 111, 111, 111, 111, 111, 111, 111, 111, 111, 111, 111, 
2025-12-28 12:48:12.050248|{td-344} 0, -19, 0, 0, 0, 0, 0, 0, 0, 0, 0, 0, 0, 0, 0, 0, 0, 0, 
2025-12-28 12:48:12.054909|{tx-344} :-BBB.............
2025-12-28 12:48:12.225463|{rx-345} 1, 0, 0, 3, 346, 346, 0, 0, 0, 0, 0, 1, 0, 1, 1
2025-12-28 12:48:12.229923|{rssi-345} 111, -64, -127, -127, -127, 111, 111, 111, 111, 111, 111, 111, 111, 111, 111, 111, 111, 111, 
2025-12-28 12:48:12.240073|{td-345} 0, -21, 0, 0, 0, 0, 0, 0, 0, 0, 0, 0, 0, 0, 0, 0, 0, 0, 
2025-12-28 12:48:12.245009|{tx-345} :-BBB.............
2025-12-28 12:48:12.415286|{rx-346} 1, 0, 0, 3, 347, 347, 0, 0, 0, 0, 0, 1, 0, 1, 1
2025-12-28 12:48:12.420389|{rssi-346} 111, -64, -127, -127, -127, 111, 111, 111, 111, 111, 111, 111, 111, 111, 111, 111, 111, 111, 
2025-12-28 12:48:12.429896|{td-346} 0, -19, 0, 0, 0, 0, 0, 0, 0, 0, 0, 0, 0, 0, 0, 0, 0, 0, 
2025-12-28 12:48:12.434958|{tx-346} :-BBB.............
2025-12-28 12:48:12.605833|{rx-347} 1, 0, 0, 3, 348, 348, 0, 0, 0, 0, 0, 1, 0, 1, 1
2025-12-28 12:48:12.612408|{rssi-347} 111, -64, -127, -127, -127, 111, 111, 111, 111, 111, 111, 111, 111, 111, 111, 111, 111, 111, 
2025-12-28 12:48:12.618863|{td-347} 0, -19, 0, 0, 0, 0, 0, 0, 0, 0, 0, 0, 0, 0, 0, 0, 0, 0, 
2025-12-28 12:48:12.625258|{tx-347} :-BBB.............
2025-12-28 12:48:12.794965|{rx-348} 1, 0, 0, 3, 349, 349, 0, 0, 0, 0, 0, 1, 0, 1, 1
2025-12-28 12:48:12.800473|{rssi-348} 111, -64, -127, -127, -127, 111, 111, 111, 111, 111, 111, 111, 111, 111, 111, 111, 111, 111, 
2025-12-28 12:48:12.809915|{td-348} 0, -19, 0, 0, 0, 0, 0, 0, 0, 0, 0, 0, 0, 0, 0, 0, 0, 0, 
2025-12-28 12:48:12.815732|{tx-348} :-BBB.............
2025-12-28 12:48:12.985937|{rx-349} 1, 0, 0, 3, 350, 350, 0, 0, 0, 0, 0, 1, 0, 1, 1
2025-12-28 12:48:12.990341|{rssi-349} 111, -66, -127, -127, -127, 111, 111, 111, 111, 111, 111, 111, 111, 111, 111, 111, 111, 111, 
2025-12-28 12:48:12.999766|{td-349} 0, -19, 0, 0, 0, 0, 0, 0, 0, 0, 0, 0, 0, 0, 0, 0, 0, 0, 
2025-12-28 12:48:13.004955|{tx-349} :-BBB.............
2025-12-28 12:48:13.175538|{rx-350} 1, 0, 0, 3, 351, 351, 0, 0, 0, 0, 0, 1, 0, 1, 1
2025-12-28 12:48:13.179724|{rssi-350} 111, -64, -127, -127, -127, 111, 111, 111, 111, 111, 111, 111, 111, 111, 111, 111, 111, 111, 
2025-12-28 12:48:13.188931|{td-350} 0, -19, 0, 0, 0, 0, 0, 0, 0, 0, 0, 0, 0, 0, 0, 0, 0, 0, 
2025-12-28 12:48:13.195136|{tx-350} :-BBB.............
2025-12-28 12:48:13.365144|{rx-351} 1, 0, 0, 3, 352, 352, 0, 0, 0, 0, 0, 1, 0, 1, 1
2025-12-28 12:48:13.370381|{rssi-351} 111, -64, -127, -127, -127, 111, 111, 111, 111, 111, 111, 111, 111, 111, 111, 111, 111, 111, 
2025-12-28 12:48:13.379060|{td-351} 0, -19, 0, 0, 0, 0, 0, 0, 0, 0, 0, 0, 0, 0, 0, 0, 0, 0, 
2025-12-28 12:48:13.386452|{tx-351} :-BBB.............
2025-12-28 12:48:13.555560|{rx-352} 1, 0, 0, 3, 353, 353, 0, 0, 0, 0, 0, 1, 0, 1, 1
2025-12-28 12:48:13.561195|{rssi-352} 111, -64, -127, -127, -127, 111, 111, 111, 111, 111, 111, 111, 111, 111, 111, 111, 111, 111, 
2025-12-28 12:48:13.569747|{td-352} 0, -19, 0, 0, 0, 0, 0, 0, 0, 0, 0, 0, 0, 0, 0, 0, 0, 0, 
2025-12-28 12:48:13.574860|{tx-352} :-BBB.............
2025-12-28 12:48:13.745752|{rx-353} 1, 0, 0, 3, 354, 354, 0, 0, 0, 0, 0, 1, 0, 1, 1
2025-12-28 12:48:13.750099|{rssi-353} 111, -64, -127, -127, -127, 111, 111, 111, 111, 111, 111, 111, 111, 111, 111, 111, 111, 111, 
2025-12-28 12:48:13.759794|{td-353} 0, -19, 0, 0, 0, 0, 0, 0, 0, 0, 0, 0, 0, 0, 0, 0, 0, 0, 
2025-12-28 12:48:13.765311|{tx-353} :-BBB.............
2025-12-28 12:48:13.934852|{rx-354} 1, 0, 0, 3, 355, 355, 0, 0, 0, 0, 0, 1, 0, 1, 1
2025-12-28 12:48:13.940239|{rssi-354} 111, -64, -127, -127, -127, 111, 111, 111, 111, 111, 111, 111, 111, 111, 111, 111, 111, 111, 
2025-12-28 12:48:13.949452|{td-354} 0, -21, 0, 0, 0, 0, 0, 0, 0, 0, 0, 0, 0, 0, 0, 0, 0, 0, 
2025-12-28 12:48:13.954894|{tx-354} :-BBB.............
2025-12-28 12:48:14.125049|{rx-355} 1, 0, 0, 3, 356, 356, 0, 0, 0, 0, 0, 1, 0, 1, 1
2025-12-28 12:48:14.130479|{rssi-355} 111, -65, -127, -127, -127, 111, 111, 111, 111, 111, 111, 111, 111, 111, 111, 111, 111, 111, 
2025-12-28 12:48:14.139894|{td-355} 0, -19, 0, 0, 0, 0, 0, 0, 0, 0, 0, 0, 0, 0, 0, 0, 0, 0, 
2025-12-28 12:48:14.145377|{tx-355} :-BBB.............
2025-12-28 12:48:14.314751|{rx-356} 1, 0, 0, 3, 357, 357, 0, 0, 0, 0, 0, 1, 0, 1, 1
2025-12-28 12:48:14.320058|{rssi-356} 111, -65, -127, -127, -127, 111, 111, 111, 111, 111, 111, 111, 111, 111, 111, 111, 111, 111, 
2025-12-28 12:48:14.329586|{td-356} 0, -17, 0, 0, 0, 0, 0, 0, 0, 0, 0, 0, 0, 0, 0, 0, 0, 0, 
2025-12-28 12:48:14.334894|{tx-356} :-BBB.............
2025-12-28 12:48:14.505599|{rx-357} 1, 0, 0, 3, 358, 358, 0, 0, 0, 0, 0, 1, 0, 1, 1
2025-12-28 12:48:14.509068|{rssi-357} 111, -64, -127, -127, -127, 111, 111, 111, 111, 111, 111, 111, 111, 111, 111, 111, 111, 111, 
2025-12-28 12:48:14.519633|{td-357} 0, -21, 0, 0, 0, 0, 0, 0, 0, 0, 0, 0, 0, 0, 0, 0, 0, 0, 
2025-12-28 12:48:14.525105|{tx-357} :-BBB.............
2025-12-28 12:48:14.695465|{rx-358} 1, 0, 0, 3, 359, 359, 0, 0, 0, 0, 0, 1, 0, 1, 1
2025-12-28 12:48:14.699374|{rssi-358} 111, -64, -127, -127, -127, 111, 111, 111, 111, 111, 111, 111, 111, 111, 111, 111, 111, 111, 
2025-12-28 12:48:14.709394|{td-358} 0, -19, 0, 0, 0, 0, 0, 0, 0, 0, 0, 0, 0, 0, 0, 0, 0, 0, 
2025-12-28 12:48:14.715729|{tx-358} :-BBB.............
2025-12-28 12:48:14.884700|{rx-359} 1, 0, 0, 3, 360, 360, 0, 0, 0, 0, 0, 1, 0, 1, 1
2025-12-28 12:48:14.890058|{rssi-359} 111, -65, -127, -127, -127, 111, 111, 111, 111, 111, 111, 111, 111, 111, 111, 111, 111, 111, 
2025-12-28 12:48:14.899350|{td-359} 0, -17, 0, 0, 0, 0, 0, 0, 0, 0, 0, 0, 0, 0, 0, 0, 0, 0, 
2025-12-28 12:48:14.904921|{tx-359} :-BBB.............
2025-12-28 12:48:15.078545|{rx-360} 1, 0, 0, 3, 361, 361, 0, 0, 0, 0, 0, 1, 0, 1, 1
2025-12-28 12:48:15.080400|{rssi-360} 111, -65, -127, -127, -127, 111, 111, 111, 111, 111, 111, 111, 111, 111, 111, 111, 111, 111, 
2025-12-28 12:48:15.088554|{td-360} 0, -21, 0, 0, 0, 0, 0, 0, 0, 0, 0, 0, 0, 0, 0, 0, 0, 0, 
2025-12-28 12:48:15.094327|{tx-360} :-BBB.............
2025-12-28 12:48:15.265027|{rx-361} 1, 0, 0, 3, 362, 362, 0, 0, 0, 0, 0, 1, 0, 1, 1
2025-12-28 12:48:15.270068|{rssi-361} 111, -64, -127, -127, -127, 111, 111, 111, 111, 111, 111, 111, 111, 111, 111, 111, 111, 111, 
2025-12-28 12:48:15.279337|{td-361} 0, -19, 0, 0, 0, 0, 0, 0, 0, 0, 0, 0, 0, 0, 0, 0, 0, 0, 
2025-12-28 12:48:15.284286|{tx-361} :-BBB.............
2025-12-28 12:48:15.455589|{rx-362} 1, 0, 0, 3, 363, 363, 0, 0, 0, 0, 0, 1, 0, 1, 1
2025-12-28 12:48:15.459691|{rssi-362} 111, -64, -127, -127, -127, 111, 111, 111, 111, 111, 111, 111, 111, 111, 111, 111, 111, 111, 
2025-12-28 12:48:15.468882|{td-362} 0, -19, 0, 0, 0, 0, 0, 0, 0, 0, 0, 0, 0, 0, 0, 0, 0, 0, 
2025-12-28 12:48:15.474767|{tx-362} :-BBB.............
2025-12-28 12:48:15.644902|{rx-363} 1, 0, 0, 3, 364, 364, 0, 0, 0, 0, 0, 1, 0, 1, 1
2025-12-28 12:48:15.649417|{rssi-363} 111, -64, -127, -127, -127, 111, 111, 111, 111, 111, 111, 111, 111, 111, 111, 111, 111, 111, 
2025-12-28 12:48:15.658831|{td-363} 0, -19, 0, 0, 0, 0, 0, 0, 0, 0, 0, 0, 0, 0, 0, 0, 0, 0, 
2025-12-28 12:48:15.665423|{tx-363} :-BBB.............
2025-12-28 12:48:15.835637|{rx-364} 1, 0, 0, 3, 365, 365, 0, 0, 0, 0, 0, 1, 0, 1, 1
2025-12-28 12:48:15.839763|{rssi-364} 111, -65, -127, -127, -127, 111, 111, 111, 111, 111, 111, 111, 111, 111, 111, 111, 111, 111, 
2025-12-28 12:48:15.849018|{td-364} 0, -19, 0, 0, 0, 0, 0, 0, 0, 0, 0, 0, 0, 0, 0, 0, 0, 0, 
2025-12-28 12:48:15.854996|{tx-364} :-BBB.............
2025-12-28 12:48:16.024990|{rx-365} 1, 0, 0, 3, 366, 366, 0, 0, 0, 0, 0, 1, 0, 1, 1
2025-12-28 12:48:16.029943|{rssi-365} 111, -66, -127, -127, -127, 111, 111, 111, 111, 111, 111, 111, 111, 111, 111, 111, 111, 111, 
2025-12-28 12:48:16.039016|{td-365} 0, -19, 0, 0, 0, 0, 0, 0, 0, 0, 0, 0, 0, 0, 0, 0, 0, 0, 
2025-12-28 12:48:16.044830|{tx-365} :-BBB.............
2025-12-28 12:48:16.215176|{rx-366} 1, 0, 0, 3, 367, 367, 0, 0, 0, 0, 0, 1, 0, 1, 1
2025-12-28 12:48:16.218969|{rssi-366} 111, -64, -127, -127, -127, 111, 111, 111, 111, 111, 111, 111, 111, 111, 111, 111, 111, 111, 
2025-12-28 12:48:16.229305|{td-366} 0, -19, 0, 0, 0, 0, 0, 0, 0, 0, 0, 0, 0, 0, 0, 0, 0, 0, 
2025-12-28 12:48:16.235024|{tx-366} :-BBB.............
2025-12-28 12:48:16.404645|{rx-367} 1, 0, 0, 3, 368, 368, 0, 0, 0, 0, 0, 1, 0, 1, 1
2025-12-28 12:48:16.408860|{rssi-367} 111, -64, -127, -127, -127, 111, 111, 111, 111, 111, 111, 111, 111, 111, 111, 111, 111, 111, 
2025-12-28 12:48:16.419113|{td-367} 0, -19, 0, 0, 0, 0, 0, 0, 0, 0, 0, 0, 0, 0, 0, 0, 0, 0, 
2025-12-28 12:48:16.425450|{tx-367} :-BBB.............
2025-12-28 12:48:16.594138|{rx-368} 1, 0, 0, 3, 369, 369, 0, 0, 0, 0, 0, 1, 0, 1, 1
2025-12-28 12:48:16.599981|{rssi-368} 111, -64, -127, -127, -127, 111, 111, 111, 111, 111, 111, 111, 111, 111, 111, 111, 111, 111, 
2025-12-28 12:48:16.608381|{td-368} 0, -19, 0, 0, 0, 0, 0, 0, 0, 0, 0, 0, 0, 0, 0, 0, 0, 0, 
2025-12-28 12:48:16.615031|{tx-368} :-BBB.............
2025-12-28 12:48:16.784226|{rx-369} 1, 0, 0, 3, 370, 370, 0, 0, 0, 0, 0, 1, 0, 1, 1
2025-12-28 12:48:16.789807|{rssi-369} 111, -64, -127, -127, -127, 111, 111, 111, 111, 111, 111, 111, 111, 111, 111, 111, 111, 111, 
2025-12-28 12:48:16.798890|{td-369} 0, -19, 0, 0, 0, 0, 0, 0, 0, 0, 0, 0, 0, 0, 0, 0, 0, 0, 
2025-12-28 12:48:16.804893|{tx-369} :-BBB.............
2025-12-28 12:48:16.973873|{rx-370} 1, 0, 0, 3, 371, 371, 0, 0, 0, 0, 0, 1, 0, 1, 1
2025-12-28 12:48:16.978752|{rssi-370} 111, -65, -127, -127, -127, 111, 111, 111, 111, 111, 111, 111, 111, 111, 111, 111, 111, 111, 
2025-12-28 12:48:16.988341|{td-370} 0, -21, 0, 0, 0, 0, 0, 0, 0, 0, 0, 0, 0, 0, 0, 0, 0, 0, 
2025-12-28 12:48:16.994924|{tx-370} :-BBB.............
2025-12-28 12:48:17.163892|{rx-371} 1, 0, 0, 3, 372, 372, 0, 0, 0, 0, 0, 1, 0, 1, 1
2025-12-28 12:48:17.169007|{rssi-371} 111, -64, -127, -127, -127, 111, 111, 111, 111, 111, 111, 111, 111, 111, 111, 111, 111, 111, 
2025-12-28 12:48:17.179148|{td-371} 0, -19, 0, 0, 0, 0, 0, 0, 0, 0, 0, 0, 0, 0, 0, 0, 0, 0, 
2025-12-28 12:48:17.184206|{tx-371} :-BBB.............
2025-12-28 12:48:17.354128|{rx-372} 1, 0, 0, 3, 373, 373, 0, 0, 0, 0, 0, 1, 0, 1, 1
2025-12-28 12:48:17.359351|{rssi-372} 111, -64, -127, -127, -127, 111, 111, 111, 111, 111, 111, 111, 111, 111, 111, 111, 111, 111, 
2025-12-28 12:48:17.368974|{td-372} 0, -19, 0, 0, 0, 0, 0, 0, 0, 0, 0, 0, 0, 0, 0, 0, 0, 0, 
2025-12-28 12:48:17.374858|{tx-372} :-BBB.............
2025-12-28 12:48:17.544334|{rx-373} 1, 0, 0, 3, 374, 374, 0, 0, 0, 0, 0, 1, 0, 1, 1
2025-12-28 12:48:17.549165|{rssi-373} 111, -64, -127, -127, -127, 111, 111, 111, 111, 111, 111, 111, 111, 111, 111, 111, 111, 111, 
2025-12-28 12:48:17.559021|{td-373} 0, -19, 0, 0, 0, 0, 0, 0, 0, 0, 0, 0, 0, 0, 0, 0, 0, 0, 
2025-12-28 12:48:17.564979|{tx-373} :-BBB.............
2025-12-28 12:48:17.734874|{rx-374} 1, 0, 0, 3, 375, 375, 0, 0, 0, 0, 0, 1, 0, 1, 1
2025-12-28 12:48:17.740004|{rssi-374} 111, -66, -127, -127, -127, 111, 111, 111, 111, 111, 111, 111, 111, 111, 111, 111, 111, 111, 
2025-12-28 12:48:17.748868|{td-374} 0, -19, 0, 0, 0, 0, 0, 0, 0, 0, 0, 0, 0, 0, 0, 0, 0, 0, 
2025-12-28 12:48:17.754822|{tx-374} :-BBB.............
2025-12-28 12:48:17.923682|{rx-375} 1, 0, 0, 3, 376, 376, 0, 0, 0, 0, 0, 1, 0, 1, 1
2025-12-28 12:48:17.929026|{rssi-375} 111, -64, -127, -127, -127, 111, 111, 111, 111, 111, 111, 111, 111, 111, 111, 111, 111, 111, 
2025-12-28 12:48:17.938847|{td-375} 0, -19, 0, 0, 0, 0, 0, 0, 0, 0, 0, 0, 0, 0, 0, 0, 0, 0, 
2025-12-28 12:48:17.944146|{tx-375} :-BBB.............
2025-12-28 12:48:18.114126|{rx-376} 1, 0, 0, 3, 377, 377, 0, 0, 0, 0, 0, 1, 0, 1, 1
2025-12-28 12:48:18.119487|{rssi-376} 111, -64, -127, -127, -127, 111, 111, 111, 111, 111, 111, 111, 111, 111, 111, 111, 111, 111, 
2025-12-28 12:48:18.128803|{td-376} 0, -19, 0, 0, 0, 0, 0, 0, 0, 0, 0, 0, 0, 0, 0, 0, 0, 0, 
2025-12-28 12:48:18.134812|{tx-376} :-BBB.............
2025-12-28 12:48:18.305073|{rx-377} 1, 0, 0, 3, 378, 378, 0, 0, 0, 0, 0, 1, 0, 1, 1
2025-12-28 12:48:18.309064|{rssi-377} 111, -64, -127, -127, -127, 111, 111, 111, 111, 111, 111, 111, 111, 111, 111, 111, 111, 111, 
2025-12-28 12:48:18.318006|{td-377} 0, -19, 0, 0, 0, 0, 0, 0, 0, 0, 0, 0, 0, 0, 0, 0, 0, 0, 
2025-12-28 12:48:18.323434|{tx-377} :-BBB.............
2025-12-28 12:48:18.494100|{rx-378} 1, 0, 0, 3, 379, 379, 0, 0, 0, 0, 0, 1, 0, 1, 1
2025-12-28 12:48:18.500153|{rssi-378} 111, -64, -127, -127, -127, 111, 111, 111, 111, 111, 111, 111, 111, 111, 111, 111, 111, 111, 
2025-12-28 12:48:18.508870|{td-378} 0, -19, 0, 0, 0, 0, 0, 0, 0, 0, 0, 0, 0, 0, 0, 0, 0, 0, 
2025-12-28 12:48:18.514954|{tx-378} :-BBB.............
2025-12-28 12:48:18.684604|{rx-379} 1, 0, 0, 3, 380, 380, 0, 0, 0, 0, 0, 1, 0, 1, 1
2025-12-28 12:48:18.689588|{rssi-379} 111, -64, -127, -127, -127, 111, 111, 111, 111, 111, 111, 111, 111, 111, 111, 111, 111, 111, 
2025-12-28 12:48:18.698724|{td-379} 0, -19, 0, 0, 0, 0, 0, 0, 0, 0, 0, 0, 0, 0, 0, 0, 0, 0, 
2025-12-28 12:48:18.703539|{tx-379} :-BBB.............
2025-12-28 12:48:18.874165|{rx-380} 1, 0, 0, 3, 381, 381, 0, 0, 0, 0, 0, 1, 0, 1, 1
2025-12-28 12:48:18.878759|{rssi-380} 111, -64, -127, -127, -127, 111, 111, 111, 111, 111, 111, 111, 111, 111, 111, 111, 111, 111, 
2025-12-28 12:48:18.888629|{td-380} 0, -19, 0, 0, 0, 0, 0, 0, 0, 0, 0, 0, 0, 0, 0, 0, 0, 0, 
2025-12-28 12:48:18.893527|{tx-380} :-BBB.............
2025-12-28 12:48:19.064305|{rx-381} 1, 0, 0, 3, 382, 382, 0, 0, 0, 0, 0, 1, 0, 1, 1
2025-12-28 12:48:19.069370|{rssi-381} 111, -64, -127, -127, -127, 111, 111, 111, 111, 111, 111, 111, 111, 111, 111, 111, 111, 111, 
2025-12-28 12:48:19.078921|{td-381} 0, -19, 0, 0, 0, 0, 0, 0, 0, 0, 0, 0, 0, 0, 0, 0, 0, 0, 
2025-12-28 12:48:19.084584|{tx-381} :-BBB.............
2025-12-28 12:48:19.254528|{rx-382} 1, 0, 0, 3, 383, 383, 0, 0, 0, 0, 0, 1, 0, 1, 1
2025-12-28 12:48:19.258573|{rssi-382} 111, -64, -127, -127, -127, 111, 111, 111, 111, 111, 111, 111, 111, 111, 111, 111, 111, 111, 
2025-12-28 12:48:19.267878|{td-382} 0, -19, 0, 0, 0, 0, 0, 0, 0, 0, 0, 0, 0, 0, 0, 0, 0, 0, 
2025-12-28 12:48:19.274082|{tx-382} :-BBB.............
2025-12-28 12:48:19.444928|{rx-383} 1, 0, 0, 3, 384, 384, 0, 0, 0, 0, 0, 1, 0, 1, 1
2025-12-28 12:48:19.449252|{rssi-383} 111, -64, -127, -127, -127, 111, 111, 111, 111, 111, 111, 111, 111, 111, 111, 111, 111, 111, 
2025-12-28 12:48:19.458543|{td-383} 0, -19, 0, 0, 0, 0, 0, 0, 0, 0, 0, 0, 0, 0, 0, 0, 0, 0, 
2025-12-28 12:48:19.464865|{tx-383} :-BBB.............
2025-12-28 12:48:19.634046|{rx-384} 1, 0, 0, 3, 385, 385, 0, 0, 0, 0, 0, 1, 0, 1, 1
2025-12-28 12:48:19.638268|{rssi-384} 111, -64, -127, -127, -127, 111, 111, 111, 111, 111, 111, 111, 111, 111, 111, 111, 111, 111, 
2025-12-28 12:48:19.648562|{td-384} 0, -21, 0, 0, 0, 0, 0, 0, 0, 0, 0, 0, 0, 0, 0, 0, 0, 0, 
2025-12-28 12:48:19.653239|{tx-384} :-BBB.............
2025-12-28 12:48:19.825694|{rx-385} 1, 0, 0, 3, 386, 386, 0, 0, 0, 0, 0, 1, 0, 1, 1
2025-12-28 12:48:19.829013|{rssi-385} 111, -64, -127, -127, -127, 111, 111, 111, 111, 111, 111, 111, 111, 111, 111, 111, 111, 111, 
2025-12-28 12:48:19.838614|{td-385} 0, -19, 0, 0, 0, 0, 0, 0, 0, 0, 0, 0, 0, 0, 0, 0, 0, 0, 
2025-12-28 12:48:19.844242|{tx-385} :-BBB.............
2025-12-28 12:48:20.013857|{rx-386} 1, 0, 0, 3, 387, 387, 0, 0, 0, 0, 0, 1, 0, 1, 1
2025-12-28 12:48:20.018778|{rssi-386} 111, -64, -127, -127, -127, 111, 111, 111, 111, 111, 111, 111, 111, 111, 111, 111, 111, 111, 
2025-12-28 12:48:20.028277|{td-386} 0, -19, 0, 0, 0, 0, 0, 0, 0, 0, 0, 0, 0, 0, 0, 0, 0, 0, 
2025-12-28 12:48:20.033398|{tx-386} :-BBB.............
2025-12-28 12:48:20.204429|{rx-387} 1, 0, 0, 3, 388, 388, 0, 0, 0, 0, 0, 1, 0, 1, 1
2025-12-28 12:48:20.208652|{rssi-387} 111, -64, -127, -127, -127, 111, 111, 111, 111, 111, 111, 111, 111, 111, 111, 111, 111, 111, 
2025-12-28 12:48:20.217540|{td-387} 0, -19, 0, 0, 0, 0, 0, 0, 0, 0, 0, 0, 0, 0, 0, 0, 0, 0, 
2025-12-28 12:48:20.223555|{tx-387} :-BBB.............
2025-12-28 12:48:20.395179|{rx-388} 1, 0, 0, 3, 389, 389, 0, 0, 0, 0, 0, 1, 0, 1, 1
2025-12-28 12:48:20.399455|{rssi-388} 111, -64, -127, -127, -127, 111, 111, 111, 111, 111, 111, 111, 111, 111, 111, 111, 111, 111, 
2025-12-28 12:48:20.408044|{td-388} 0, -19, 0, 0, 0, 0, 0, 0, 0, 0, 0, 0, 0, 0, 0, 0, 0, 0, 
2025-12-28 12:48:20.413248|{tx-388} :-BBB.............
2025-12-28 12:48:20.584432|{rx-389} 1, 0, 0, 3, 390, 390, 0, 0, 0, 0, 0, 1, 0, 1, 1
2025-12-28 12:48:20.588203|{rssi-389} 111, -64, -127, -127, -127, 111, 111, 111, 111, 111, 111, 111, 111, 111, 111, 111, 111, 111, 
2025-12-28 12:48:20.597688|{td-389} 0, -19, 0, 0, 0, 0, 0, 0, 0, 0, 0, 0, 0, 0, 0, 0, 0, 0, 
2025-12-28 12:48:20.603779|{tx-389} :-BBB.............
2025-12-28 12:48:20.774298|{rx-390} 1, 0, 0, 3, 391, 391, 0, 0, 0, 0, 0, 1, 0, 1, 1
2025-12-28 12:48:20.778792|{rssi-390} 111, -64, -127, -127, -127, 111, 111, 111, 111, 111, 111, 111, 111, 111, 111, 111, 111, 111, 
2025-12-28 12:48:20.788079|{td-390} 0, -19, 0, 0, 0, 0, 0, 0, 0, 0, 0, 0, 0, 0, 0, 0, 0, 0, 
2025-12-28 12:48:20.794341|{tx-390} :-BBB.............
2025-12-28 12:48:20.964264|{rx-391} 1, 0, 0, 3, 392, 392, 0, 0, 0, 0, 0, 1, 0, 1, 1
2025-12-28 12:48:20.968980|{rssi-391} 111, -64, -127, -127, -127, 111, 111, 111, 111, 111, 111, 111, 111, 111, 111, 111, 111, 111, 
2025-12-28 12:48:20.978619|{td-391} 0, -19, 0, 0, 0, 0, 0, 0, 0, 0, 0, 0, 0, 0, 0, 0, 0, 0, 
2025-12-28 12:48:20.983115|{tx-391} :-BBB.............
2025-12-28 12:48:21.153988|{rx-392} 1, 0, 0, 3, 393, 393, 0, 0, 0, 0, 0, 1, 0, 1, 1
2025-12-28 12:48:21.158312|{rssi-392} 111, -64, -127, -127, -127, 111, 111, 111, 111, 111, 111, 111, 111, 111, 111, 111, 111, 111, 
2025-12-28 12:48:21.167385|{td-392} 0, -19, 0, 0, 0, 0, 0, 0, 0, 0, 0, 0, 0, 0, 0, 0, 0, 0, 
2025-12-28 12:48:21.173258|{tx-392} :-BBB.............
2025-12-28 12:48:21.344672|{rx-393} 1, 0, 0, 3, 394, 394, 0, 0, 0, 0, 0, 1, 0, 1, 1
2025-12-28 12:48:21.348479|{rssi-393} 111, -64, -127, -127, -127, 111, 111, 111, 111, 111, 111, 111, 111, 111, 111, 111, 111, 111, 
2025-12-28 12:48:21.357313|{td-393} 0, -19, 0, 0, 0, 0, 0, 0, 0, 0, 0, 0, 0, 0, 0, 0, 0, 0, 
2025-12-28 12:48:21.363675|{tx-393} :-BBB.............
2025-12-28 12:48:21.534874|{rx-394} 1, 0, 0, 3, 395, 395, 0, 0, 0, 0, 0, 1, 0, 1, 1
2025-12-28 12:48:21.538230|{rssi-394} 111, -64, -127, -127, -127, 111, 111, 111, 111, 111, 111, 111, 111, 111, 111, 111, 111, 111, 
2025-12-28 12:48:21.548517|{td-394} 0, -19, 0, 0, 0, 0, 0, 0, 0, 0, 0, 0, 0, 0, 0, 0, 0, 0, 
2025-12-28 12:48:21.554431|{tx-394} :-BBB.............
2025-12-28 12:48:21.723649|{rx-395} 1, 0, 0, 3, 396, 396, 0, 0, 0, 0, 0, 1, 0, 1, 1
2025-12-28 12:48:21.728117|{rssi-395} 111, -64, -127, -127, -127, 111, 111, 111, 111, 111, 111, 111, 111, 111, 111, 111, 111, 111, 
2025-12-28 12:48:21.738003|{td-395} 0, -19, 0, 0, 0, 0, 0, 0, 0, 0, 0, 0, 0, 0, 0, 0, 0, 0, 
2025-12-28 12:48:21.744220|{tx-395} :-BBB.............
2025-12-28 12:48:21.913531|{rx-396} 1, 0, 0, 3, 397, 397, 0, 0, 0, 0, 0, 1, 0, 1, 1
2025-12-28 12:48:21.917847|{rssi-396} 111, -65, -127, -127, -127, 111, 111, 111, 111, 111, 111, 111, 111, 111, 111, 111, 111, 111, 
2025-12-28 12:48:21.927213|{td-396} 0, -19, 0, 0, 0, 0, 0, 0, 0, 0, 0, 0, 0, 0, 0, 0, 0, 0, 
2025-12-28 12:48:21.933620|{tx-396} :-BBB.............
2025-12-28 12:48:22.102938|{rx-397} 1, 0, 0, 3, 398, 398, 0, 0, 0, 0, 0, 1, 0, 1, 1
2025-12-28 12:48:22.109164|{rssi-397} 111, -64, -127, -127, -127, 111, 111, 111, 111, 111, 111, 111, 111, 111, 111, 111, 111, 111, 
2025-12-28 12:48:22.117505|{td-397} 0, -19, 0, 0, 0, 0, 0, 0, 0, 0, 0, 0, 0, 0, 0, 0, 0, 0, 
2025-12-28 12:48:22.123312|{tx-397} :-BBB.............
2025-12-28 12:48:22.293445|{rx-398} 1, 0, 0, 3, 399, 399, 0, 0, 0, 0, 0, 1, 0, 1, 1
2025-12-28 12:48:22.298027|{rssi-398} 111, -64, -127, -127, -127, 111, 111, 111, 111, 111, 111, 111, 111, 111, 111, 111, 111, 111, 
2025-12-28 12:48:22.308376|{td-398} 0, -21, 0, 0, 0, 0, 0, 0, 0, 0, 0, 0, 0, 0, 0, 0, 0, 0, 
2025-12-28 12:48:22.313381|{tx-398} :-BBB.............
2025-12-28 12:48:22.484023|{rx-399} 1, 0, 0, 3, 400, 400, 0, 0, 0, 0, 0, 1, 0, 1, 1
2025-12-28 12:48:22.487984|{rssi-399} 111, -64, -127, -127, -127, 111, 111, 111, 111, 111, 111, 111, 111, 111, 111, 111, 111, 111, 
2025-12-28 12:48:22.497386|{td-399} 0, -19, 0, 0, 0, 0, 0, 0, 0, 0, 0, 0, 0, 0, 0, 0, 0, 0, 
2025-12-28 12:48:22.503051|{tx-399} :-BBB.............
2025-12-28 12:48:22.672954|{rx-400} 1, 0, 0, 3, 401, 401, 0, 0, 0, 0, 0, 1, 0, 1, 1
2025-12-28 12:48:22.678595|{rssi-400} 111, -64, -127, -127, -127, 111, 111, 111, 111, 111, 111, 111, 111, 111, 111, 111, 111, 111, 
2025-12-28 12:48:22.688006|{td-400} 0, -19, 0, 0, 0, 0, 0, 0, 0, 0, 0, 0, 0, 0, 0, 0, 0, 0, 
2025-12-28 12:48:22.693096|{tx-400} :-BBB.............
2025-12-28 12:48:22.862936|{rx-401} 1, 0, 0, 3, 402, 402, 0, 0, 0, 0, 0, 1, 0, 1, 1
2025-12-28 12:48:22.870123|{rssi-401} 111, -64, -127, -127, -127, 111, 111, 111, 111, 111, 111, 111, 111, 111, 111, 111, 111, 111, 
2025-12-28 12:48:22.877000|{td-401} 0, -19, 0, 0, 0, 0, 0, 0, 0, 0, 0, 0, 0, 0, 0, 0, 0, 0, 
2025-12-28 12:48:22.882822|{tx-401} :-BBB.............
2025-12-28 12:48:23.053099|{rx-402} 1, 0, 0, 3, 403, 403, 0, 0, 0, 0, 0, 1, 0, 1, 1
2025-12-28 12:48:23.057750|{rssi-402} 111, -64, -127, -127, -127, 111, 111, 111, 111, 111, 111, 111, 111, 111, 111, 111, 111, 111, 
2025-12-28 12:48:23.068145|{td-402} 0, -19, 0, 0, 0, 0, 0, 0, 0, 0, 0, 0, 0, 0, 0, 0, 0, 0, 
2025-12-28 12:48:23.073148|{tx-402} :-BBB.............
2025-12-28 12:48:23.251034|{rx-403} 1, 0, 0, 3, 404, 404, 0, 0, 0, 0, 0, 1, 0, 1, 1
2025-12-28 12:48:23.253350|{rssi-403} 111, -64, -127, -127, -127, 111, 111, 111, 111, 111, 111, 111, 111, 111, 111, 111, 111, 111, 
2025-12-28 12:48:23.256967|{td-403} 0, -19, 0, 0, 0, 0, 0, 0, 0, 0, 0, 0, 0, 0, 0, 0, 0, 0, 
2025-12-28 12:48:23.263997|{tx-403} :-BBB.............
2025-12-28 12:48:23.433353|{rx-404} 1, 0, 0, 3, 405, 405, 0, 0, 0, 0, 0, 1, 0, 1, 1
2025-12-28 12:48:23.438698|{rssi-404} 111, -64, -127, -127, -127, 111, 111, 111, 111, 111, 111, 111, 111, 111, 111, 111, 111, 111, 
2025-12-28 12:48:23.448293|{td-404} 0, -19, 0, 0, 0, 0, 0, 0, 0, 0, 0, 0, 0, 0, 0, 0, 0, 0, 
2025-12-28 12:48:23.452742|{tx-404} :-BBB.............
2025-12-28 12:48:23.623872|{rx-405} 1, 0, 0, 3, 406, 406, 0, 0, 0, 0, 0, 1, 0, 1, 1
2025-12-28 12:48:23.628828|{rssi-405} 111, -64, -127, -127, -127, 111, 111, 111, 111, 111, 111, 111, 111, 111, 111, 111, 111, 111, 
2025-12-28 12:48:23.637295|{td-405} 0, -19, 0, 0, 0, 0, 0, 0, 0, 0, 0, 0, 0, 0, 0, 0, 0, 0, 
2025-12-28 12:48:23.644158|{tx-405} :-BBB.............
2025-12-28 12:48:23.812984|{rx-406} 1, 0, 0, 3, 407, 407, 0, 0, 0, 0, 0, 1, 0, 1, 1
2025-12-28 12:48:23.817482|{rssi-406} 111, -64, -127, -127, -127, 111, 111, 111, 111, 111, 111, 111, 111, 111, 111, 111, 111, 111, 
2025-12-28 12:48:23.827575|{td-406} 0, -19, 0, 0, 0, 0, 0, 0, 0, 0, 0, 0, 0, 0, 0, 0, 0, 0, 
2025-12-28 12:48:23.833480|{tx-406} :-BBB.............
2025-12-28 12:48:24.003704|{rx-407} 1, 0, 0, 3, 408, 408, 0, 0, 0, 0, 0, 1, 0, 1, 1
2025-12-28 12:48:24.008337|{rssi-407} 111, -66, -127, -127, -127, 111, 111, 111, 111, 111, 111, 111, 111, 111, 111, 111, 111, 111, 
2025-12-28 12:48:24.017989|{td-407} 0, -19, 0, 0, 0, 0, 0, 0, 0, 0, 0, 0, 0, 0, 0, 0, 0, 0, 
2025-12-28 12:48:24.022695|{tx-407} :-BBB.............
2025-12-28 12:48:24.192782|{rx-408} 1, 0, 0, 3, 409, 409, 0, 0, 0, 0, 0, 1, 0, 1, 1
2025-12-28 12:48:24.198419|{rssi-408} 111, -64, -127, -127, -127, 111, 111, 111, 111, 111, 111, 111, 111, 111, 111, 111, 111, 111, 
2025-12-28 12:48:24.207513|{td-408} 0, -19, 0, 0, 0, 0, 0, 0, 0, 0, 0, 0, 0, 0, 0, 0, 0, 0, 
2025-12-28 12:48:24.213468|{tx-408} :-BBB.............
2025-12-28 12:48:24.384045|{rx-409} 1, 0, 0, 3, 410, 410, 0, 0, 0, 0, 0, 1, 0, 1, 1
2025-12-28 12:48:24.388435|{rssi-409} 111, -64, -127, -127, -127, 111, 111, 111, 111, 111, 111, 111, 111, 111, 111, 111, 111, 111, 
2025-12-28 12:48:24.397825|{td-409} 0, -19, 0, 0, 0, 0, 0, 0, 0, 0, 0, 0, 0, 0, 0, 0, 0, 0, 
2025-12-28 12:48:24.403442|{tx-409} :-BBB.............
2025-12-28 12:48:24.573460|{rx-410} 1, 0, 0, 3, 411, 411, 0, 0, 0, 0, 0, 1, 0, 1, 1
2025-12-28 12:48:24.578500|{rssi-410} 111, -64, -127, -127, -127, 111, 111, 111, 111, 111, 111, 111, 111, 111, 111, 111, 111, 111, 
2025-12-28 12:48:24.586900|{td-410} 0, -21, 0, 0, 0, 0, 0, 0, 0, 0, 0, 0, 0, 0, 0, 0, 0, 0, 
2025-12-28 12:48:24.593341|{tx-410} :-BBB.............
2025-12-28 12:48:24.763232|{rx-411} 1, 0, 0, 3, 412, 412, 0, 0, 0, 0, 0, 1, 0, 1, 1
2025-12-28 12:48:24.767208|{rssi-411} 111, -65, -127, -127, -127, 111, 111, 111, 111, 111, 111, 111, 111, 111, 111, 111, 111, 111, 
2025-12-28 12:48:24.777201|{td-411} 0, -17, 0, 0, 0, 0, 0, 0, 0, 0, 0, 0, 0, 0, 0, 0, 0, 0, 
2025-12-28 12:48:24.783090|{tx-411} :-BBB.............
2025-12-28 12:48:24.953618|{rx-412} 1, 0, 0, 3, 413, 413, 0, 0, 0, 0, 0, 1, 0, 1, 1
2025-12-28 12:48:24.957971|{rssi-412} 111, -64, -127, -127, -127, 111, 111, 111, 111, 111, 111, 111, 111, 111, 111, 111, 111, 111, 
2025-12-28 12:48:24.967519|{td-412} 0, -21, 0, 0, 0, 0, 0, 0, 0, 0, 0, 0, 0, 0, 0, 0, 0, 0, 
2025-12-28 12:48:24.973670|{tx-412} :-BBB.............
2025-12-28 12:48:25.143400|{rx-413} 1, 0, 0, 3, 414, 414, 0, 0, 0, 0, 0, 1, 0, 1, 1
2025-12-28 12:48:25.147883|{rssi-413} 111, -65, -127, -127, -127, 111, 111, 111, 111, 111, 111, 111, 111, 111, 111, 111, 111, 111, 
2025-12-28 12:48:25.156610|{td-413} 0, -19, 0, 0, 0, 0, 0, 0, 0, 0, 0, 0, 0, 0, 0, 0, 0, 0, 
2025-12-28 12:48:25.162850|{tx-413} :-BBB.............
2025-12-28 12:48:25.333801|{rx-414} 1, 0, 0, 3, 415, 415, 0, 0, 0, 0, 0, 1, 0, 1, 1
2025-12-28 12:48:25.337492|{rssi-414} 111, -64, -127, -127, -127, 111, 111, 111, 111, 111, 111, 111, 111, 111, 111, 111, 111, 111, 
2025-12-28 12:48:25.347620|{td-414} 0, -17, 0, 0, 0, 0, 0, 0, 0, 0, 0, 0, 0, 0, 0, 0, 0, 0, 
2025-12-28 12:48:25.353361|{tx-414} :-BBB.............
2025-12-28 12:48:25.523641|{rx-415} 1, 0, 0, 3, 416, 416, 0, 0, 0, 0, 0, 1, 0, 1, 1
2025-12-28 12:48:25.527900|{rssi-415} 111, -67, -127, -127, -127, 111, 111, 111, 111, 111, 111, 111, 111, 111, 111, 111, 111, 111, 
2025-12-28 12:48:25.536553|{td-415} 0, -21, 0, 0, 0, 0, 0, 0, 0, 0, 0, 0, 0, 0, 0, 0, 0, 0, 
2025-12-28 12:48:25.542869|{tx-415} :-BBB.............
2025-12-28 12:48:25.713386|{rx-416} 1, 0, 0, 3, 417, 417, 0, 0, 0, 0, 0, 1, 0, 1, 1
2025-12-28 12:48:25.717330|{rssi-416} 111, -64, -127, -127, -127, 111, 111, 111, 111, 111, 111, 111, 111, 111, 111, 111, 111, 111, 
2025-12-28 12:48:25.727179|{td-416} 0, -19, 0, 0, 0, 0, 0, 0, 0, 0, 0, 0, 0, 0, 0, 0, 0, 0, 
2025-12-28 12:48:25.733353|{tx-416} :-BBB.............
2025-12-28 12:48:25.903339|{rx-417} 1, 0, 0, 3, 418, 418, 0, 0, 0, 0, 0, 1, 0, 1, 1
2025-12-28 12:48:25.907810|{rssi-417} 111, -64, -127, -127, -127, 111, 111, 111, 111, 111, 111, 111, 111, 111, 111, 111, 111, 111, 
2025-12-28 12:48:25.917483|{td-417} 0, -19, 0, 0, 0, 0, 0, 0, 0, 0, 0, 0, 0, 0, 0, 0, 0, 0, 
2025-12-28 12:48:25.922058|{tx-417} :-BBB.............
2025-12-28 12:48:26.093261|{rx-418} 1, 0, 0, 3, 419, 419, 0, 0, 0, 0, 0, 1, 0, 1, 1
2025-12-28 12:48:26.097865|{rssi-418} 111, -65, -127, -127, -127, 111, 111, 111, 111, 111, 111, 111, 111, 111, 111, 111, 111, 111, 
2025-12-28 12:48:26.107305|{td-418} 0, -19, 0, 0, 0, 0, 0, 0, 0, 0, 0, 0, 0, 0, 0, 0, 0, 0, 
2025-12-28 12:48:26.112894|{tx-418} :-BBB.............
2025-12-28 12:48:26.283575|{rx-419} 1, 0, 0, 3, 420, 420, 0, 0, 0, 0, 0, 1, 0, 1, 1
2025-12-28 12:48:26.288481|{rssi-419} 111, -64, -127, -127, -127, 111, 111, 111, 111, 111, 111, 111, 111, 111, 111, 111, 111, 111, 
2025-12-28 12:48:26.296925|{td-419} 0, -19, 0, 0, 0, 0, 0, 0, 0, 0, 0, 0, 0, 0, 0, 0, 0, 0, 
2025-12-28 12:48:26.303494|{tx-419} :-BBB.............
2025-12-28 12:48:26.473772|{rx-420} 1, 0, 0, 3, 421, 421, 0, 0, 0, 0, 0, 1, 0, 1, 1
2025-12-28 12:48:26.478068|{rssi-420} 111, -65, -127, -127, -127, 111, 111, 111, 111, 111, 111, 111, 111, 111, 111, 111, 111, 111, 
2025-12-28 12:48:26.487815|{td-420} 0, -19, 0, 0, 0, 0, 0, 0, 0, 0, 0, 0, 0, 0, 0, 0, 0, 0, 
2025-12-28 12:48:26.492900|{tx-420} :-BBB.............
2025-12-28 12:48:26.663128|{rx-421} 1, 0, 0, 3, 422, 422, 0, 0, 0, 0, 0, 1, 0, 1, 1
2025-12-28 12:48:26.667807|{rssi-421} 111, -64, -127, -127, -127, 111, 111, 111, 111, 111, 111, 111, 111, 111, 111, 111, 111, 111, 
2025-12-28 12:48:26.677514|{td-421} 0, -19, 0, 0, 0, 0, 0, 0, 0, 0, 0, 0, 0, 0, 0, 0, 0, 0, 
2025-12-28 12:48:26.683360|{tx-421} :-BBB.............
2025-12-28 12:48:26.853429|{rx-422} 1, 0, 0, 3, 423, 423, 0, 0, 0, 0, 0, 1, 0, 1, 1
2025-12-28 12:48:26.857427|{rssi-422} 111, -64, -127, -127, -127, 111, 111, 111, 111, 111, 111, 111, 111, 111, 111, 111, 111, 111, 
2025-12-28 12:48:26.866558|{td-422} 0, -21, 0, 0, 0, 0, 0, 0, 0, 0, 0, 0, 0, 0, 0, 0, 0, 0, 
2025-12-28 12:48:26.873000|{tx-422} :-BBB.............
2025-12-28 12:48:27.042655|{rx-423} 1, 0, 0, 3, 424, 424, 0, 0, 0, 0, 0, 1, 0, 1, 1
2025-12-28 12:48:27.047876|{rssi-423} 111, -64, -127, -127, -127, 111, 111, 111, 111, 111, 111, 111, 111, 111, 111, 111, 111, 111, 
2025-12-28 12:48:27.057225|{td-423} 0, -17, 0, 0, 0, 0, 0, 0, 0, 0, 0, 0, 0, 0, 0, 0, 0, 0, 
2025-12-28 12:48:27.062532|{tx-423} :-BBB.............
2025-12-28 12:48:27.232791|{rx-424} 1, 0, 0, 3, 425, 425, 0, 0, 0, 0, 0, 1, 0, 1, 1
2025-12-28 12:48:27.237546|{rssi-424} 111, -64, -127, -127, -127, 111, 111, 111, 111, 111, 111, 111, 111, 111, 111, 111, 111, 111, 
2025-12-28 12:48:27.246443|{td-424} 0, -19, 0, 0, 0, 0, 0, 0, 0, 0, 0, 0, 0, 0, 0, 0, 0, 0, 
2025-12-28 12:48:27.253569|{tx-424} :-BBB.............
2025-12-28 12:48:27.422366|{rx-425} 1, 0, 0, 3, 426, 426, 0, 0, 0, 0, 0, 1, 0, 1, 1
2025-12-28 12:48:27.426545|{rssi-425} 111, -64, -127, -127, -127, 111, 111, 111, 111, 111, 111, 111, 111, 111, 111, 111, 111, 111, 
2025-12-28 12:48:27.437528|{td-425} 0, -19, 0, 0, 0, 0, 0, 0, 0, 0, 0, 0, 0, 0, 0, 0, 0, 0, 
2025-12-28 12:48:27.443220|{tx-425} :-BBB.............
2025-12-28 12:48:27.612626|{rx-426} 1, 0, 0, 3, 427, 427, 0, 0, 0, 0, 0, 1, 0, 1, 1
2025-12-28 12:48:27.616989|{rssi-426} 111, -64, -127, -127, -127, 111, 111, 111, 111, 111, 111, 111, 111, 111, 111, 111, 111, 111, 
2025-12-28 12:48:27.627373|{td-426} 0, -21, 0, 0, 0, 0, 0, 0, 0, 0, 0, 0, 0, 0, 0, 0, 0, 0, 
2025-12-28 12:48:27.632692|{tx-426} :-BBB.............
2025-12-28 12:48:27.803000|{rx-427} 1, 0, 0, 3, 428, 428, 0, 0, 0, 0, 0, 1, 0, 1, 1
2025-12-28 12:48:27.807757|{rssi-427} 111, -64, -127, -127, -127, 111, 111, 111, 111, 111, 111, 111, 111, 111, 111, 111, 111, 111, 
2025-12-28 12:48:27.816861|{td-427} 0, -19, 0, 0, 0, 0, 0, 0, 0, 0, 0, 0, 0, 0, 0, 0, 0, 0, 
2025-12-28 12:48:27.822925|{tx-427} :-BBB.............
2025-12-28 12:48:27.993323|{rx-428} 1, 0, 0, 3, 429, 429, 0, 0, 0, 0, 0, 1, 0, 1, 1
2025-12-28 12:48:27.999075|{rssi-428} 111, -64, -127, -127, -127, 111, 111, 111, 111, 111, 111, 111, 111, 111, 111, 111, 111, 111, 
2025-12-28 12:48:28.006256|{td-428} 0, -19, 0, 0, 0, 0, 0, 0, 0, 0, 0, 0, 0, 0, 0, 0, 0, 0, 
2025-12-28 12:48:28.012943|{tx-428} :-BBB.............
2025-12-28 12:48:28.182796|{rx-429} 1, 0, 0, 3, 430, 430, 0, 0, 0, 0, 0, 1, 0, 1, 1
2025-12-28 12:48:28.187027|{rssi-429} 111, -64, -127, -127, -127, 111, 111, 111, 111, 111, 111, 111, 111, 111, 111, 111, 111, 111, 
2025-12-28 12:48:28.196924|{td-429} 0, -19, 0, 0, 0, 0, 0, 0, 0, 0, 0, 0, 0, 0, 0, 0, 0, 0, 
2025-12-28 12:48:28.202933|{tx-429} :-BBB.............
2025-12-28 12:48:28.373254|{rx-430} 1, 0, 0, 3, 431, 431, 0, 0, 0, 0, 0, 1, 0, 1, 1
2025-12-28 12:48:28.377149|{rssi-430} 111, -64, -127, -127, -127, 111, 111, 111, 111, 111, 111, 111, 111, 111, 111, 111, 111, 111, 
2025-12-28 12:48:28.387589|{td-430} 0, -19, 0, 0, 0, 0, 0, 0, 0, 0, 0, 0, 0, 0, 0, 0, 0, 0, 
2025-12-28 12:48:28.393849|{tx-430} :-BBB.............
2025-12-28 12:48:28.562627|{rx-431} 1, 0, 0, 3, 432, 432, 0, 0, 0, 0, 0, 1, 0, 1, 1
2025-12-28 12:48:28.566876|{rssi-431} 111, -64, -127, -127, -127, 111, 111, 111, 111, 111, 111, 111, 111, 111, 111, 111, 111, 111, 
2025-12-28 12:48:28.576739|{td-431} 0, -19, 0, 0, 0, 0, 0, 0, 0, 0, 0, 0, 0, 0, 0, 0, 0, 0, 
2025-12-28 12:48:28.582794|{tx-431} :-BBB.............
2025-12-28 12:48:28.752914|{rx-432} 1, 0, 0, 3, 433, 433, 0, 0, 0, 0, 0, 1, 0, 1, 1
2025-12-28 12:48:28.757515|{rssi-432} 111, -64, -127, -127, -127, 111, 111, 111, 111, 111, 111, 111, 111, 111, 111, 111, 111, 111, 
2025-12-28 12:48:28.766941|{td-432} 0, -19, 0, 0, 0, 0, 0, 0, 0, 0, 0, 0, 0, 0, 0, 0, 0, 0, 
2025-12-28 12:48:28.773342|{tx-432} :-BBB.............
2025-12-28 12:48:28.942667|{rx-433} 1, 0, 0, 3, 434, 434, 0, 0, 0, 0, 0, 1, 0, 1, 1
2025-12-28 12:48:28.947478|{rssi-433} 111, -64, -127, -127, -127, 111, 111, 111, 111, 111, 111, 111, 111, 111, 111, 111, 111, 111, 
2025-12-28 12:48:28.956623|{td-433} 0, -19, 0, 0, 0, 0, 0, 0, 0, 0, 0, 0, 0, 0, 0, 0, 0, 0, 
2025-12-28 12:48:28.962597|{tx-433} :-BBB.............
2025-12-28 12:48:29.132725|{rx-434} 1, 0, 0, 3, 435, 435, 0, 0, 0, 0, 0, 1, 0, 1, 1
2025-12-28 12:48:29.136311|{rssi-434} 111, -64, -127, -127, -127, 111, 111, 111, 111, 111, 111, 111, 111, 111, 111, 111, 111, 111, 
2025-12-28 12:48:29.145825|{td-434} 0, -19, 0, 0, 0, 0, 0, 0, 0, 0, 0, 0, 0, 0, 0, 0, 0, 0, 
2025-12-28 12:48:29.152519|{tx-434} :-BBB.............
2025-12-28 12:48:29.322982|{rx-435} 1, 0, 0, 3, 436, 436, 0, 0, 0, 0, 0, 1, 0, 1, 1
2025-12-28 12:48:29.327191|{rssi-435} 111, -64, -127, -127, -127, 111, 111, 111, 111, 111, 111, 111, 111, 111, 111, 111, 111, 111, 
2025-12-28 12:48:29.336804|{td-435} 0, -19, 0, 0, 0, 0, 0, 0, 0, 0, 0, 0, 0, 0, 0, 0, 0, 0, 
2025-12-28 12:48:29.342196|{tx-435} :-BBB.............
2025-12-28 12:48:29.512801|{rx-436} 1, 0, 0, 3, 437, 437, 0, 0, 0, 0, 0, 1, 0, 1, 1
2025-12-28 12:48:29.516820|{rssi-436} 111, -64, -127, -127, -127, 111, 111, 111, 111, 111, 111, 111, 111, 111, 111, 111, 111, 111, 
2025-12-28 12:48:29.526600|{td-436} 0, -19, 0, 0, 0, 0, 0, 0, 0, 0, 0, 0, 0, 0, 0, 0, 0, 0, 
2025-12-28 12:48:29.532734|{tx-436} :-BBB.............
2025-12-28 12:48:29.702473|{rx-437} 1, 0, 0, 3, 438, 438, 0, 0, 0, 0, 0, 1, 0, 1, 1
2025-12-28 12:48:29.706669|{rssi-437} 111, -64, -127, -127, -127, 111, 111, 111, 111, 111, 111, 111, 111, 111, 111, 111, 111, 111, 
2025-12-28 12:48:29.716715|{td-437} 0, -19, 0, 0, 0, 0, 0, 0, 0, 0, 0, 0, 0, 0, 0, 0, 0, 0, 
2025-12-28 12:48:29.722340|{tx-437} :-BBB.............
2025-12-28 12:48:29.892712|{rx-438} 1, 0, 0, 3, 439, 439, 0, 0, 0, 0, 0, 1, 0, 1, 1
2025-12-28 12:48:29.896897|{rssi-438} 111, -64, -127, -127, -127, 111, 111, 111, 111, 111, 111, 111, 111, 111, 111, 111, 111, 111, 
2025-12-28 12:48:29.906079|{td-438} 0, -19, 0, 0, 0, 0, 0, 0, 0, 0, 0, 0, 0, 0, 0, 0, 0, 0, 
2025-12-28 12:48:29.912627|{tx-438} :-BBB.............
2025-12-28 12:48:30.082232|{rx-439} 1, 0, 0, 3, 440, 440, 0, 0, 0, 0, 0, 1, 0, 1, 1
2025-12-28 12:48:30.087440|{rssi-439} 111, -64, -127, -127, -127, 111, 111, 111, 111, 111, 111, 111, 111, 111, 111, 111, 111, 111, 
2025-12-28 12:48:30.095911|{td-439} 0, -19, 0, 0, 0, 0, 0, 0, 0, 0, 0, 0, 0, 0, 0, 0, 0, 0, 
2025-12-28 12:48:30.102668|{tx-439} :-BBB.............
2025-12-28 12:48:30.272619|{rx-440} 1, 0, 0, 3, 441, 441, 0, 0, 0, 0, 0, 1, 0, 1, 1
2025-12-28 12:48:30.277030|{rssi-440} 111, -64, -127, -127, -127, 111, 111, 111, 111, 111, 111, 111, 111, 111, 111, 111, 111, 111, 
2025-12-28 12:48:30.286112|{td-440} 0, -21, 0, 0, 0, 0, 0, 0, 0, 0, 0, 0, 0, 0, 0, 0, 0, 0, 
2025-12-28 12:48:30.292561|{tx-440} :-BBB.............
2025-12-28 12:48:30.462574|{rx-441} 1, 0, 0, 3, 442, 442, 0, 0, 0, 0, 0, 1, 0, 1, 1
2025-12-28 12:48:30.467434|{rssi-441} 111, -64, -127, -127, -127, 111, 111, 111, 111, 111, 111, 111, 111, 111, 111, 111, 111, 111, 
2025-12-28 12:48:30.476601|{td-441} 0, -17, 0, 0, 0, 0, 0, 0, 0, 0, 0, 0, 0, 0, 0, 0, 0, 0, 
2025-12-28 12:48:30.481162|{tx-441} :-BBB.............
2025-12-28 12:48:30.652964|{rx-442} 1, 0, 0, 3, 443, 443, 0, 0, 0, 0, 0, 1, 0, 1, 1
2025-12-28 12:48:30.657379|{rssi-442} 111, -64, -127, -127, -127, 111, 111, 111, 111, 111, 111, 111, 111, 111, 111, 111, 111, 111, 
2025-12-28 12:48:30.666320|{td-442} 0, -21, 0, 0, 0, 0, 0, 0, 0, 0, 0, 0, 0, 0, 0, 0, 0, 0, 
2025-12-28 12:48:30.671227|{tx-442} :-BBB.............
2025-12-28 12:48:30.842982|{rx-443} 1, 0, 0, 3, 444, 444, 0, 0, 0, 0, 0, 1, 0, 1, 1
2025-12-28 12:48:30.846283|{rssi-443} 111, -64, -127, -127, -127, 111, 111, 111, 111, 111, 111, 111, 111, 111, 111, 111, 111, 111, 
2025-12-28 12:48:30.855984|{td-443} 0, -19, 0, 0, 0, 0, 0, 0, 0, 0, 0, 0, 0, 0, 0, 0, 0, 0, 
2025-12-28 12:48:30.862596|{tx-443} :-BBB.............
2025-12-28 12:48:31.032777|{rx-444} 1, 0, 0, 3, 445, 445, 0, 0, 0, 0, 0, 1, 0, 1, 1
2025-12-28 12:48:31.036918|{rssi-444} 111, -64, -127, -127, -127, 111, 111, 111, 111, 111, 111, 111, 111, 111, 111, 111, 111, 111, 
2025-12-28 12:48:31.045734|{td-444} 0, -19, 0, 0, 0, 0, 0, 0, 0, 0, 0, 0, 0, 0, 0, 0, 0, 0, 
2025-12-28 12:48:31.052857|{tx-444} :-BBB.............
2025-12-28 12:48:31.222250|{rx-445} 1, 0, 0, 3, 446, 446, 0, 0, 0, 0, 0, 1, 0, 1, 1
2025-12-28 12:48:31.227275|{rssi-445} 111, -64, -127, -127, -127, 111, 111, 111, 111, 111, 111, 111, 111, 111, 111, 111, 111, 111, 
2025-12-28 12:48:31.235353|{td-445} 0, -19, 0, 0, 0, 0, 0, 0, 0, 0, 0, 0, 0, 0, 0, 0, 0, 0, 
2025-12-28 12:48:31.241822|{tx-445} :-BBB.............
2025-12-28 12:48:31.415152|{rx-446} 1, 0, 0, 3, 447, 447, 0, 0, 0, 0, 0, 1, 0, 1, 1
2025-12-28 12:48:31.417483|{rssi-446} 111, -64, -127, -127, -127, 111, 111, 111, 111, 111, 111, 111, 111, 111, 111, 111, 111, 111, 
2025-12-28 12:48:31.426367|{td-446} 0, -19, 0, 0, 0, 0, 0, 0, 0, 0, 0, 0, 0, 0, 0, 0, 0, 0, 
2025-12-28 12:48:31.432648|{tx-446} :-BBB.............
2025-12-28 12:48:31.602746|{rx-447} 1, 0, 0, 3, 448, 448, 0, 0, 0, 0, 0, 1, 0, 1, 1
2025-12-28 12:48:31.606708|{rssi-447} 111, -64, -127, -127, -127, 111, 111, 111, 111, 111, 111, 111, 111, 111, 111, 111, 111, 111, 
2025-12-28 12:48:31.615557|{td-447} 0, -19, 0, 0, 0, 0, 0, 0, 0, 0, 0, 0, 0, 0, 0, 0, 0, 0, 
2025-12-28 12:48:31.621376|{tx-447} :-BBB.............
2025-12-28 12:48:31.792951|{rx-448} 1, 0, 0, 3, 449, 449, 0, 0, 0, 0, 0, 1, 0, 1, 1
2025-12-28 12:48:31.796090|{rssi-448} 111, -64, -127, -127, -127, 111, 111, 111, 111, 111, 111, 111, 111, 111, 111, 111, 111, 111, 
2025-12-28 12:48:31.805772|{td-448} 0, -19, 0, 0, 0, 0, 0, 0, 0, 0, 0, 0, 0, 0, 0, 0, 0, 0, 
2025-12-28 12:48:31.812649|{tx-448} :-BBB.............
2025-12-28 12:48:31.982794|{rx-449} 1, 0, 0, 3, 450, 450, 0, 0, 0, 0, 0, 1, 0, 1, 1
2025-12-28 12:48:31.987076|{rssi-449} 111, -65, -127, -127, -127, 111, 111, 111, 111, 111, 111, 111, 111, 111, 111, 111, 111, 111, 
2025-12-28 12:48:31.995258|{td-449} 0, -19, 0, 0, 0, 0, 0, 0, 0, 0, 0, 0, 0, 0, 0, 0, 0, 0, 
2025-12-28 12:48:32.002582|{tx-449} :-BBB.............
2025-12-28 12:48:32.171086|{rx-450} 1, 0, 0, 3, 451, 451, 0, 0, 0, 0, 0, 1, 0, 1, 1
2025-12-28 12:48:32.176725|{rssi-450} 111, -64, -127, -127, -127, 111, 111, 111, 111, 111, 111, 111, 111, 111, 111, 111, 111, 111, 
2025-12-28 12:48:32.185249|{td-450} 0, -19, 0, 0, 0, 0, 0, 0, 0, 0, 0, 0, 0, 0, 0, 0, 0, 0, 
2025-12-28 12:48:32.191474|{tx-450} :-BBB.............
2025-12-28 12:48:32.361209|{rx-451} 1, 0, 0, 3, 452, 452, 0, 0, 0, 0, 0, 1, 0, 1, 1
2025-12-28 12:48:32.365674|{rssi-451} 111, -64, -127, -127, -127, 111, 111, 111, 111, 111, 111, 111, 111, 111, 111, 111, 111, 111, 
2025-12-28 12:48:32.376169|{td-451} 0, -19, 0, 0, 0, 0, 0, 0, 0, 0, 0, 0, 0, 0, 0, 0, 0, 0, 
2025-12-28 12:48:32.381204|{tx-451} :-BBB.............
2025-12-28 12:48:32.551863|{rx-452} 1, 0, 0, 3, 453, 453, 0, 0, 0, 0, 0, 1, 0, 1, 1
2025-12-28 12:48:32.556633|{rssi-452} 111, -64, -127, -127, -127, 111, 111, 111, 111, 111, 111, 111, 111, 111, 111, 111, 111, 111, 
2025-12-28 12:48:32.565206|{td-452} 0, -19, 0, 0, 0, 0, 0, 0, 0, 0, 0, 0, 0, 0, 0, 0, 0, 0, 
2025-12-28 12:48:32.571265|{tx-452} :-BBB.............
2025-12-28 12:48:32.741436|{rx-453} 1, 0, 0, 3, 454, 454, 0, 0, 0, 0, 0, 1, 0, 1, 1
2025-12-28 12:48:32.747882|{rssi-453} 111, -64, -127, -127, -127, 111, 111, 111, 111, 111, 111, 111, 111, 111, 111, 111, 111, 111, 
2025-12-28 12:48:32.755027|{td-453} 0, -19, 0, 0, 0, 0, 0, 0, 0, 0, 0, 0, 0, 0, 0, 0, 0, 0, 
2025-12-28 12:48:32.762510|{tx-453} :-BBB.............
2025-12-28 12:48:32.930952|{rx-454} 1, 0, 0, 3, 455, 455, 0, 0, 0, 0, 0, 1, 0, 1, 1
2025-12-28 12:48:32.936654|{rssi-454} 111, -64, -127, -127, -127, 111, 111, 111, 111, 111, 111, 111, 111, 111, 111, 111, 111, 111, 
2025-12-28 12:48:32.945466|{td-454} 0, -19, 0, 0, 0, 0, 0, 0, 0, 0, 0, 0, 0, 0, 0, 0, 0, 0, 
2025-12-28 12:48:32.952392|{tx-454} :-BBB.............
2025-12-28 12:48:33.122185|{rx-455} 1, 0, 0, 3, 456, 456, 0, 0, 0, 0, 0, 1, 0, 1, 1
2025-12-28 12:48:33.127714|{rssi-455} 111, -64, -127, -127, -127, 111, 111, 111, 111, 111, 111, 111, 111, 111, 111, 111, 111, 111, 
2025-12-28 12:48:33.136385|{td-455} 0, -21, 0, 0, 0, 0, 0, 0, 0, 0, 0, 0, 0, 0, 0, 0, 0, 0, 
2025-12-28 12:48:33.140775|{tx-455} :-BBB.............
2025-12-28 12:48:33.312083|{rx-456} 1, 0, 0, 3, 457, 457, 0, 0, 0, 0, 0, 1, 0, 1, 1
2025-12-28 12:48:33.317195|{rssi-456} 111, -64, -127, -127, -127, 111, 111, 111, 111, 111, 111, 111, 111, 111, 111, 111, 111, 111, 
2025-12-28 12:48:33.325340|{td-456} 0, -19, 0, 0, 0, 0, 0, 0, 0, 0, 0, 0, 0, 0, 0, 0, 0, 0, 
2025-12-28 12:48:33.332581|{tx-456} :-BBB.............
2025-12-28 12:48:33.502148|{rx-457} 1, 0, 0, 3, 458, 458, 0, 0, 0, 0, 0, 1, 0, 1, 1
2025-12-28 12:48:33.506095|{rssi-457} 111, -64, -127, -127, -127, 111, 111, 111, 111, 111, 111, 111, 111, 111, 111, 111, 111, 111, 
2025-12-28 12:48:33.515045|{td-457} 0, -19, 0, 0, 0, 0, 0, 0, 0, 0, 0, 0, 0, 0, 0, 0, 0, 0, 
2025-12-28 12:48:33.522209|{tx-457} :-BBB.............
2025-12-28 12:48:33.692377|{rx-458} 1, 0, 0, 3, 459, 459, 0, 0, 0, 0, 0, 1, 0, 1, 1
2025-12-28 12:48:33.696523|{rssi-458} 111, -64, -127, -127, -127, 111, 111, 111, 111, 111, 111, 111, 111, 111, 111, 111, 111, 111, 
2025-12-28 12:48:33.705830|{td-458} 0, -19, 0, 0, 0, 0, 0, 0, 0, 0, 0, 0, 0, 0, 0, 0, 0, 0, 
2025-12-28 12:48:33.712300|{tx-458} :-BBB.............
2025-12-28 12:48:33.882449|{rx-459} 1, 0, 0, 3, 460, 460, 0, 0, 0, 0, 0, 1, 0, 1, 1
2025-12-28 12:48:33.886418|{rssi-459} 111, -64, -127, -127, -127, 111, 111, 111, 111, 111, 111, 111, 111, 111, 111, 111, 111, 111, 
2025-12-28 12:48:33.896069|{td-459} 0, -19, 0, 0, 0, 0, 0, 0, 0, 0, 0, 0, 0, 0, 0, 0, 0, 0, 
2025-12-28 12:48:33.902579|{tx-459} :-BBB.............
2025-12-28 12:48:34.071086|{rx-460} 1, 0, 0, 3, 461, 461, 0, 0, 0, 0, 0, 1, 0, 1, 1
2025-12-28 12:48:34.076702|{rssi-460} 111, -64, -127, -127, -127, 111, 111, 111, 111, 111, 111, 111, 111, 111, 111, 111, 111, 111, 
2025-12-28 12:48:34.084950|{td-460} 0, -19, 0, 0, 0, 0, 0, 0, 0, 0, 0, 0, 0, 0, 0, 0, 0, 0, 
2025-12-28 12:48:34.091933|{tx-460} :-BBB.............
2025-12-28 12:48:34.262049|{rx-461} 1, 0, 0, 3, 462, 462, 0, 0, 0, 0, 0, 1, 0, 1, 1
2025-12-28 12:48:34.266618|{rssi-461} 111, -64, -127, -127, -127, 111, 111, 111, 111, 111, 111, 111, 111, 111, 111, 111, 111, 111, 
2025-12-28 12:48:34.275917|{td-461} 0, -19, 0, 0, 0, 0, 0, 0, 0, 0, 0, 0, 0, 0, 0, 0, 0, 0, 
2025-12-28 12:48:34.281979|{tx-461} :-BBB.............
2025-12-28 12:48:34.451015|{rx-462} 1, 0, 0, 3, 463, 463, 0, 0, 0, 0, 0, 1, 0, 1, 1
2025-12-28 12:48:34.456465|{rssi-462} 111, -64, -127, -127, -127, 111, 111, 111, 111, 111, 111, 111, 111, 111, 111, 111, 111, 111, 
2025-12-28 12:48:34.466027|{td-462} 0, -19, 0, 0, 0, 0, 0, 0, 0, 0, 0, 0, 0, 0, 0, 0, 0, 0, 
2025-12-28 12:48:34.470504|{tx-462} :-BBB.............
2025-12-28 12:48:34.642250|{rx-463} 1, 0, 0, 3, 464, 464, 0, 0, 0, 0, 0, 1, 0, 1, 1
2025-12-28 12:48:34.646242|{rssi-463} 111, -65, -127, -127, -127, 111, 111, 111, 111, 111, 111, 111, 111, 111, 111, 111, 111, 111, 
2025-12-28 12:48:34.655310|{td-463} 0, -19, 0, 0, 0, 0, 0, 0, 0, 0, 0, 0, 0, 0, 0, 0, 0, 0, 
2025-12-28 12:48:34.660541|{tx-463} :-BBB.............
2025-12-28 12:48:34.832728|{rx-464} 1, 0, 0, 3, 465, 465, 0, 0, 0, 0, 0, 1, 0, 1, 1
2025-12-28 12:48:34.836481|{rssi-464} 111, -64, -127, -127, -127, 111, 111, 111, 111, 111, 111, 111, 111, 111, 111, 111, 111, 111, 
2025-12-28 12:48:34.845335|{td-464} 0, -19, 0, 0, 0, 0, 0, 0, 0, 0, 0, 0, 0, 0, 0, 0, 0, 0, 
2025-12-28 12:48:34.850752|{tx-464} :-BBB.............
2025-12-28 12:48:35.021439|{rx-465} 1, 0, 0, 3, 466, 466, 0, 0, 0, 0, 0, 1, 0, 1, 1
2025-12-28 12:48:35.026663|{rssi-465} 111, -64, -127, -127, -127, 111, 111, 111, 111, 111, 111, 111, 111, 111, 111, 111, 111, 111, 
2025-12-28 12:48:35.034902|{td-465} 0, -19, 0, 0, 0, 0, 0, 0, 0, 0, 0, 0, 0, 0, 0, 0, 0, 0, 
2025-12-28 12:48:35.040440|{tx-465} :-BBB.............
2025-12-28 12:48:35.211222|{rx-466} 1, 0, 0, 3, 467, 467, 0, 0, 0, 0, 0, 1, 0, 1, 1
2025-12-28 12:48:35.216552|{rssi-466} 111, -64, -127, -127, -127, 111, 111, 111, 111, 111, 111, 111, 111, 111, 111, 111, 111, 111, 
2025-12-28 12:48:35.225550|{td-466} 0, -19, 0, 0, 0, 0, 0, 0, 0, 0, 0, 0, 0, 0, 0, 0, 0, 0, 
2025-12-28 12:48:35.231976|{tx-466} :-BBB.............
2025-12-28 12:48:35.400846|{rx-467} 1, 0, 0, 3, 468, 468, 0, 0, 0, 0, 0, 1, 0, 1, 1
2025-12-28 12:48:35.406341|{rssi-467} 111, -65, -127, -127, -127, 111, 111, 111, 111, 111, 111, 111, 111, 111, 111, 111, 111, 111, 
2025-12-28 12:48:35.414760|{td-467} 0, -19, 0, 0, 0, 0, 0, 0, 0, 0, 0, 0, 0, 0, 0, 0, 0, 0, 
2025-12-28 12:48:35.420470|{tx-467} :-BBB.............
2025-12-28 12:48:35.591930|{rx-468} 1, 0, 0, 3, 469, 469, 0, 0, 0, 0, 0, 1, 0, 1, 1
2025-12-28 12:48:35.596353|{rssi-468} 111, -64, -127, -127, -127, 111, 111, 111, 111, 111, 111, 111, 111, 111, 111, 111, 111, 111, 
2025-12-28 12:48:35.604908|{td-468} 0, -19, 0, 0, 0, 0, 0, 0, 0, 0, 0, 0, 0, 0, 0, 0, 0, 0, 
2025-12-28 12:48:35.611424|{tx-468} :-BBB.............
2025-12-28 12:48:35.781903|{rx-469} 1, 0, 0, 3, 470, 470, 0, 0, 0, 0, 0, 1, 0, 1, 1
2025-12-28 12:48:35.786309|{rssi-469} 111, -64, -127, -127, -127, 111, 111, 111, 111, 111, 111, 111, 111, 111, 111, 111, 111, 111, 
2025-12-28 12:48:35.794894|{td-469} 0, -19, 0, 0, 0, 0, 0, 0, 0, 0, 0, 0, 0, 0, 0, 0, 0, 0, 
2025-12-28 12:48:35.800800|{tx-469} :-BBB.............
2025-12-28 12:48:35.970357|{rx-470} 1, 0, 0, 3, 471, 471, 0, 0, 0, 0, 0, 1, 0, 1, 1
2025-12-28 12:48:35.976951|{rssi-470} 111, -64, -127, -127, -127, 111, 111, 111, 111, 111, 111, 111, 111, 111, 111, 111, 111, 111, 
2025-12-28 12:48:35.985595|{td-470} 0, -19, 0, 0, 0, 0, 0, 0, 0, 0, 0, 0, 0, 0, 0, 0, 0, 0, 
2025-12-28 12:48:35.992994|{tx-470} :-BBB.............
2025-12-28 12:48:36.161958|{rx-471} 1, 0, 0, 3, 472, 472, 0, 0, 0, 0, 0, 1, 0, 1, 1
2025-12-28 12:48:36.166087|{rssi-471} 111, -64, -127, -127, -127, 111, 111, 111, 111, 111, 111, 111, 111, 111, 111, 111, 111, 111, 
2025-12-28 12:48:36.175416|{td-471} 0, -21, 0, 0, 0, 0, 0, 0, 0, 0, 0, 0, 0, 0, 0, 0, 0, 0, 
2025-12-28 12:48:36.181152|{tx-471} :-BBB.............
2025-12-28 12:48:36.352430|{rx-472} 1, 0, 0, 3, 473, 473, 0, 0, 0, 0, 0, 1, 0, 1, 1
2025-12-28 12:48:36.355475|{rssi-472} 111, -64, -127, -127, -127, 111, 111, 111, 111, 111, 111, 111, 111, 111, 111, 111, 111, 111, 
2025-12-28 12:48:36.364857|{td-472} 0, -19, 0, 0, 0, 0, 0, 0, 0, 0, 0, 0, 0, 0, 0, 0, 0, 0, 
2025-12-28 12:48:36.371102|{tx-472} :-BBB.............
2025-12-28 12:48:36.541276|{rx-473} 1, 0, 0, 3, 474, 474, 0, 0, 0, 0, 0, 1, 0, 1, 1
2025-12-28 12:48:36.546010|{rssi-473} 111, -64, -127, -127, -127, 111, 111, 111, 111, 111, 111, 111, 111, 111, 111, 111, 111, 111, 
2025-12-28 12:48:36.554585|{td-473} 0, -19, 0, 0, 0, 0, 0, 0, 0, 0, 0, 0, 0, 0, 0, 0, 0, 0, 
2025-12-28 12:48:36.561258|{tx-473} :-BBB.............
2025-12-28 12:48:36.731234|{rx-474} 1, 0, 0, 3, 475, 475, 0, 0, 0, 0, 0, 1, 0, 1, 1
2025-12-28 12:48:36.735146|{rssi-474} 111, -64, -127, -127, -127, 111, 111, 111, 111, 111, 111, 111, 111, 111, 111, 111, 111, 111, 
2025-12-28 12:48:36.744562|{td-474} 0, -19, 0, 0, 0, 0, 0, 0, 0, 0, 0, 0, 0, 0, 0, 0, 0, 0, 
2025-12-28 12:48:36.751381|{tx-474} :-BBB.............
2025-12-28 12:48:36.921332|{rx-475} 1, 0, 0, 3, 476, 476, 0, 0, 0, 0, 0, 1, 0, 1, 1
2025-12-28 12:48:36.925268|{rssi-475} 111, -64, -127, -127, -127, 111, 111, 111, 111, 111, 111, 111, 111, 111, 111, 111, 111, 111, 
2025-12-28 12:48:36.935320|{td-475} 0, -19, 0, 0, 0, 0, 0, 0, 0, 0, 0, 0, 0, 0, 0, 0, 0, 0, 
2025-12-28 12:48:36.940890|{tx-475} :-BBB.............
2025-12-28 12:48:37.112316|{rx-476} 1, 0, 0, 3, 477, 477, 0, 0, 0, 0, 0, 1, 0, 1, 1
2025-12-28 12:48:37.116113|{rssi-476} 111, -64, -127, -127, -127, 111, 111, 111, 111, 111, 111, 111, 111, 111, 111, 111, 111, 111, 
2025-12-28 12:48:37.125282|{td-476} 0, -19, 0, 0, 0, 0, 0, 0, 0, 0, 0, 0, 0, 0, 0, 0, 0, 0, 
2025-12-28 12:48:37.129919|{tx-476} :-BBB.............
2025-12-28 12:48:37.300304|{rx-477} 1, 0, 0, 3, 478, 478, 0, 0, 0, 0, 0, 1, 0, 1, 1
2025-12-28 12:48:37.305712|{rssi-477} 111, -64, -127, -127, -127, 111, 111, 111, 111, 111, 111, 111, 111, 111, 111, 111, 111, 111, 
2025-12-28 12:48:37.314623|{td-477} 0, -19, 0, 0, 0, 0, 0, 0, 0, 0, 0, 0, 0, 0, 0, 0, 0, 0, 
2025-12-28 12:48:37.320691|{tx-477} :-BBB.............
2025-12-28 12:48:37.490089|{rx-478} 1, 0, 0, 3, 479, 479, 0, 0, 0, 0, 0, 1, 0, 1, 1
2025-12-28 12:48:37.496099|{rssi-478} 111, -64, -127, -127, -127, 111, 111, 111, 111, 111, 111, 111, 111, 111, 111, 111, 111, 111, 
2025-12-28 12:48:37.505443|{td-478} 0, -19, 0, 0, 0, 0, 0, 0, 0, 0, 0, 0, 0, 0, 0, 0, 0, 0, 
2025-12-28 12:48:37.510226|{tx-478} :-BBB.............
2025-12-28 12:48:37.680909|{rx-479} 1, 0, 0, 3, 480, 480, 0, 0, 0, 0, 0, 1, 0, 1, 1
2025-12-28 12:48:37.685740|{rssi-479} 111, -64, -127, -127, -127, 111, 111, 111, 111, 111, 111, 111, 111, 111, 111, 111, 111, 111, 
2025-12-28 12:48:37.695229|{td-479} 0, -19, 0, 0, 0, 0, 0, 0, 0, 0, 0, 0, 0, 0, 0, 0, 0, 0, 
2025-12-28 12:48:37.700932|{tx-479} :-BBB.............
2025-12-28 12:48:37.871092|{rx-480} 1, 0, 0, 3, 481, 481, 0, 0, 0, 0, 0, 1, 0, 1, 1
2025-12-28 12:48:37.875910|{rssi-480} 111, -64, -127, -127, -127, 111, 111, 111, 111, 111, 111, 111, 111, 111, 111, 111, 111, 111, 
2025-12-28 12:48:37.885131|{td-480} 0, -19, 0, 0, 0, 0, 0, 0, 0, 0, 0, 0, 0, 0, 0, 0, 0, 0, 
2025-12-28 12:48:37.890459|{tx-480} :-BBB.............
2025-12-28 12:48:38.060269|{rx-481} 1, 0, 0, 3, 482, 482, 0, 0, 0, 0, 0, 1, 0, 1, 1
2025-12-28 12:48:38.066058|{rssi-481} 111, -64, -127, -127, -127, 111, 111, 111, 111, 111, 111, 111, 111, 111, 111, 111, 111, 111, 
2025-12-28 12:48:38.075129|{td-481} 0, -19, 0, 0, 0, 0, 0, 0, 0, 0, 0, 0, 0, 0, 0, 0, 0, 0, 
2025-12-28 12:48:38.081094|{tx-481} :-BBB.............
2025-12-28 12:48:38.250005|{rx-482} 1, 0, 0, 3, 483, 483, 0, 0, 0, 0, 0, 1, 0, 1, 1
2025-12-28 12:48:38.256760|{rssi-482} 111, -66, -127, -127, -127, 111, 111, 111, 111, 111, 111, 111, 111, 111, 111, 111, 111, 111, 
2025-12-28 12:48:38.264665|{td-482} 0, -19, 0, 0, 0, 0, 0, 0, 0, 0, 0, 0, 0, 0, 0, 0, 0, 0, 
2025-12-28 12:48:38.271148|{tx-482} :-BBB.............
2025-12-28 12:48:38.440913|{rx-483} 1, 0, 0, 3, 484, 484, 0, 0, 0, 0, 0, 1, 0, 1, 1
2025-12-28 12:48:38.445391|{rssi-483} 111, -65, -127, -127, -127, 111, 111, 111, 111, 111, 111, 111, 111, 111, 111, 111, 111, 111, 
2025-12-28 12:48:38.455077|{td-483} 0, -19, 0, 0, 0, 0, 0, 0, 0, 0, 0, 0, 0, 0, 0, 0, 0, 0, 
2025-12-28 12:48:38.459963|{tx-483} :-BBB.............
2025-12-28 12:48:38.630901|{rx-484} 1, 0, 0, 3, 485, 485, 0, 0, 0, 0, 0, 1, 0, 1, 1
2025-12-28 12:48:38.635704|{rssi-484} 111, -64, -127, -127, -127, 111, 111, 111, 111, 111, 111, 111, 111, 111, 111, 111, 111, 111, 
2025-12-28 12:48:38.645008|{td-484} 0, -19, 0, 0, 0, 0, 0, 0, 0, 0, 0, 0, 0, 0, 0, 0, 0, 0, 
2025-12-28 12:48:38.649920|{tx-484} :-BBB.............
2025-12-28 12:48:38.820964|{rx-485} 1, 0, 0, 3, 486, 486, 0, 0, 0, 0, 0, 1, 0, 1, 1
2025-12-28 12:48:38.825454|{rssi-485} 111, -64, -127, -127, -127, 111, 111, 111, 111, 111, 111, 111, 111, 111, 111, 111, 111, 111, 
2025-12-28 12:48:38.835163|{td-485} 0, -19, 0, 0, 0, 0, 0, 0, 0, 0, 0, 0, 0, 0, 0, 0, 0, 0, 
2025-12-28 12:48:38.841000|{tx-485} :-BBB.............
2025-12-28 12:48:39.010571|{rx-486} 1, 0, 0, 3, 487, 487, 0, 0, 0, 0, 0, 1, 0, 1, 1
2025-12-28 12:48:39.015600|{rssi-486} 111, -64, -127, -127, -127, 111, 111, 111, 111, 111, 111, 111, 111, 111, 111, 111, 111, 111, 
2025-12-28 12:48:39.025012|{td-486} 0, -19, 0, 0, 0, 0, 0, 0, 0, 0, 0, 0, 0, 0, 0, 0, 0, 0, 
2025-12-28 12:48:39.031008|{tx-486} :-BBB.............
2025-12-28 12:48:39.200861|{rx-487} 1, 0, 0, 3, 488, 488, 0, 0, 0, 0, 0, 1, 0, 1, 1
2025-12-28 12:48:39.205192|{rssi-487} 111, -64, -127, -127, -127, 111, 111, 111, 111, 111, 111, 111, 111, 111, 111, 111, 111, 111, 
2025-12-28 12:48:39.215119|{td-487} 0, -19, 0, 0, 0, 0, 0, 0, 0, 0, 0, 0, 0, 0, 0, 0, 0, 0, 
2025-12-28 12:48:39.219989|{tx-487} :-BBB.............
2025-12-28 12:48:39.390633|{rx-488} 1, 0, 0, 3, 489, 489, 0, 0, 0, 0, 0, 1, 0, 1, 1
2025-12-28 12:48:39.395328|{rssi-488} 111, -65, -127, -127, -127, 111, 111, 111, 111, 111, 111, 111, 111, 111, 111, 111, 111, 111, 
2025-12-28 12:48:39.405017|{td-488} 0, -21, 0, 0, 0, 0, 0, 0, 0, 0, 0, 0, 0, 0, 0, 0, 0, 0, 
2025-12-28 12:48:39.409747|{tx-488} :-BBB.............
2025-12-28 12:48:39.580091|{rx-489} 1, 0, 0, 3, 490, 490, 0, 0, 0, 0, 0, 1, 0, 1, 1
2025-12-28 12:48:39.585530|{rssi-489} 111, -64, -127, -127, -127, 111, 111, 111, 111, 111, 111, 111, 111, 111, 111, 111, 111, 111, 
2025-12-28 12:48:39.593926|{td-489} 0, -17, 0, 0, 0, 0, 0, 0, 0, 0, 0, 0, 0, 0, 0, 0, 0, 0, 
2025-12-28 12:48:39.599406|{tx-489} :-BBB.............
2025-12-28 12:48:39.771113|{rx-490} 1, 0, 0, 3, 491, 491, 0, 0, 0, 0, 0, 1, 0, 1, 1
2025-12-28 12:48:39.775034|{rssi-490} 111, -64, -127, -127, -127, 111, 111, 111, 111, 111, 111, 111, 111, 111, 111, 111, 111, 111, 
2025-12-28 12:48:39.785339|{td-490} 0, -21, 0, 0, 0, 0, 0, 0, 0, 0, 0, 0, 0, 0, 0, 0, 0, 0, 
2025-12-28 12:48:39.789612|{tx-490} :-BBB.............
2025-12-28 12:48:39.960010|{rx-491} 1, 0, 0, 3, 492, 492, 0, 0, 0, 0, 0, 1, 0, 1, 1
2025-12-28 12:48:39.964516|{rssi-491} 111, -64, -127, -127, -127, 111, 111, 111, 111, 111, 111, 111, 111, 111, 111, 111, 111, 111, 
2025-12-28 12:48:39.974226|{td-491} 0, -19, 0, 0, 0, 0, 0, 0, 0, 0, 0, 0, 0, 0, 0, 0, 0, 0, 
2025-12-28 12:48:39.980752|{tx-491} :-BBB.............
2025-12-28 12:48:40.150738|{rx-492} 1, 0, 0, 3, 493, 493, 0, 0, 0, 0, 0, 1, 0, 1, 1
2025-12-28 12:48:40.154843|{rssi-492} 111, -64, -127, -127, -127, 111, 111, 111, 111, 111, 111, 111, 111, 111, 111, 111, 111, 111, 
2025-12-28 12:48:40.164378|{td-492} 0, -19, 0, 0, 0, 0, 0, 0, 0, 0, 0, 0, 0, 0, 0, 0, 0, 0, 
2025-12-28 12:48:40.169676|{tx-492} :-BBB.............
2025-12-28 12:48:40.340747|{rx-493} 1, 0, 0, 3, 494, 494, 0, 0, 0, 0, 0, 1, 0, 1, 1
2025-12-28 12:48:40.345356|{rssi-493} 111, -64, -127, -127, -127, 111, 111, 111, 111, 111, 111, 111, 111, 111, 111, 111, 111, 111, 
2025-12-28 12:48:40.354742|{td-493} 0, -19, 0, 0, 0, 0, 0, 0, 0, 0, 0, 0, 0, 0, 0, 0, 0, 0, 
2025-12-28 12:48:40.360112|{tx-493} :-BBB.............
2025-12-28 12:48:40.530811|{rx-494} 1, 0, 0, 3, 495, 495, 0, 0, 0, 0, 0, 1, 0, 1, 1
2025-12-28 12:48:40.534845|{rssi-494} 111, -64, -127, -127, -127, 111, 111, 111, 111, 111, 111, 111, 111, 111, 111, 111, 111, 111, 
2025-12-28 12:48:40.544835|{td-494} 0, -19, 0, 0, 0, 0, 0, 0, 0, 0, 0, 0, 0, 0, 0, 0, 0, 0, 
2025-12-28 12:48:40.550350|{tx-494} :-BBB.............
2025-12-28 12:48:40.720640|{rx-495} 1, 0, 0, 3, 496, 496, 0, 0, 0, 0, 0, 1, 0, 1, 1
2025-12-28 12:48:40.724522|{rssi-495} 111, -64, -127, -127, -127, 111, 111, 111, 111, 111, 111, 111, 111, 111, 111, 111, 111, 111, 
2025-12-28 12:48:40.734926|{td-495} 0, -19, 0, 0, 0, 0, 0, 0, 0, 0, 0, 0, 0, 0, 0, 0, 0, 0, 
2025-12-28 12:48:40.740628|{tx-495} :-BBB.............
2025-12-28 12:48:40.910403|{rx-496} 1, 0, 0, 3, 497, 497, 0, 0, 0, 0, 0, 1, 0, 1, 1
2025-12-28 12:48:40.915532|{rssi-496} 111, -64, -127, -127, -127, 111, 111, 111, 111, 111, 111, 111, 111, 111, 111, 111, 111, 111, 
2025-12-28 12:48:40.924433|{td-496} 0, -19, 0, 0, 0, 0, 0, 0, 0, 0, 0, 0, 0, 0, 0, 0, 0, 0, 
2025-12-28 12:48:40.929493|{tx-496} :-BBB.............
2025-12-28 12:48:41.100247|{rx-497} 1, 0, 0, 3, 498, 498, 0, 0, 0, 0, 0, 1, 0, 1, 1
2025-12-28 12:48:41.104626|{rssi-497} 111, -64, -127, -127, -127, 111, 111, 111, 111, 111, 111, 111, 111, 111, 111, 111, 111, 111, 
2025-12-28 12:48:41.114674|{td-497} 0, -19, 0, 0, 0, 0, 0, 0, 0, 0, 0, 0, 0, 0, 0, 0, 0, 0, 
2025-12-28 12:48:41.119704|{tx-497} :-BBB.............
2025-12-28 12:48:41.290330|{rx-498} 1, 0, 0, 3, 499, 499, 0, 0, 0, 0, 0, 1, 0, 1, 1
2025-12-28 12:48:41.295042|{rssi-498} 111, -64, -127, -127, -127, 111, 111, 111, 111, 111, 111, 111, 111, 111, 111, 111, 111, 111, 
2025-12-28 12:48:41.304651|{td-498} 0, -19, 0, 0, 0, 0, 0, 0, 0, 0, 0, 0, 0, 0, 0, 0, 0, 0, 
2025-12-28 12:48:41.310483|{tx-498} :-BBB.............
2025-12-28 12:48:41.480606|{rx-499} 1, 0, 0, 3, 500, 500, 0, 0, 0, 0, 0, 1, 0, 1, 1
2025-12-28 12:48:41.484935|{rssi-499} 111, -64, -127, -127, -127, 111, 111, 111, 111, 111, 111, 111, 111, 111, 111, 111, 111, 111, 
2025-12-28 12:48:41.494855|{td-499} 0, -19, 0, 0, 0, 0, 0, 0, 0, 0, 0, 0, 0, 0, 0, 0, 0, 0, 
2025-12-28 12:48:41.499291|{tx-499} :-BBB.............
2025-12-28 12:48:41.670585|{rx-500} 1, 0, 0, 3, 501, 501, 0, 0, 0, 0, 0, 1, 0, 1, 1
2025-12-28 12:48:41.675159|{rssi-500} 111, -64, -127, -127, -127, 111, 111, 111, 111, 111, 111, 111, 111, 111, 111, 111, 111, 111, 
2025-12-28 12:48:41.684320|{td-500} 0, -19, 0, 0, 0, 0, 0, 0, 0, 0, 0, 0, 0, 0, 0, 0, 0, 0, 
2025-12-28 12:48:41.690407|{tx-500} :-BBB.............
2025-12-28 12:48:41.859864|{rx-501} 1, 0, 0, 3, 502, 502, 0, 0, 0, 0, 0, 1, 0, 1, 1
2025-12-28 12:48:41.865099|{rssi-501} 111, -64, -127, -127, -127, 111, 111, 111, 111, 111, 111, 111, 111, 111, 111, 111, 111, 111, 
2025-12-28 12:48:41.874506|{td-501} 0, -19, 0, 0, 0, 0, 0, 0, 0, 0, 0, 0, 0, 0, 0, 0, 0, 0, 
2025-12-28 12:48:41.879495|{tx-501} :-BBB.............
2025-12-28 12:48:42.051218|{rx-502} 1, 0, 0, 3, 503, 503, 0, 0, 0, 0, 0, 1, 0, 1, 1
2025-12-28 12:48:42.054580|{rssi-502} 111, -64, -127, -127, -127, 111, 111, 111, 111, 111, 111, 111, 111, 111, 111, 111, 111, 111, 
2025-12-28 12:48:42.064382|{td-502} 0, -19, 0, 0, 0, 0, 0, 0, 0, 0, 0, 0, 0, 0, 0, 0, 0, 0, 
2025-12-28 12:48:42.069938|{tx-502} :-BBB.............
2025-12-28 12:48:42.240998|{rx-503} 1, 0, 0, 3, 504, 504, 0, 0, 0, 0, 0, 1, 0, 1, 1
2025-12-28 12:48:42.244893|{rssi-503} 111, -64, -127, -127, -127, 111, 111, 111, 111, 111, 111, 111, 111, 111, 111, 111, 111, 111, 
2025-12-28 12:48:42.253333|{td-503} 0, -19, 0, 0, 0, 0, 0, 0, 0, 0, 0, 0, 0, 0, 0, 0, 0, 0, 
2025-12-28 12:48:42.259257|{tx-503} :-BBB.............
2025-12-28 12:48:42.428805|{rx-504} 1, 0, 0, 3, 505, 505, 0, 0, 0, 0, 0, 1, 0, 1, 1
2025-12-28 12:48:42.434653|{rssi-504} 111, -65, -127, -127, -127, 111, 111, 111, 111, 111, 111, 111, 111, 111, 111, 111, 111, 111, 
2025-12-28 12:48:42.443386|{td-504} 0, -21, 0, 0, 0, 0, 0, 0, 0, 0, 0, 0, 0, 0, 0, 0, 0, 0, 
2025-12-28 12:48:42.450052|{tx-504} :-BBB.............
2025-12-28 12:48:42.619194|{rx-505} 1, 0, 0, 3, 506, 506, 0, 0, 0, 0, 0, 1, 0, 1, 1
2025-12-28 12:48:42.624989|{rssi-505} 111, -64, -127, -127, -127, 111, 111, 111, 111, 111, 111, 111, 111, 111, 111, 111, 111, 111, 
2025-12-28 12:48:42.636015|{td-505} 0, -17, 0, 0, 0, 0, 0, 0, 0, 0, 0, 0, 0, 0, 0, 0, 0, 0, 
2025-12-28 12:48:42.640461|{tx-505} :-BBB.............
2025-12-28 12:48:42.810001|{rx-506} 1, 0, 0, 3, 507, 507, 0, 0, 0, 0, 0, 1, 0, 1, 1
2025-12-28 12:48:42.814601|{rssi-506} 111, -65, -127, -127, -127, 111, 111, 111, 111, 111, 111, 111, 111, 111, 111, 111, 111, 111, 
2025-12-28 12:48:42.824291|{td-506} 0, -19, 0, 0, 0, 0, 0, 0, 0, 0, 0, 0, 0, 0, 0, 0, 0, 0, 
2025-12-28 12:48:42.830310|{tx-506} :-BBB.............
2025-12-28 12:48:42.999558|{rx-507} 1, 0, 0, 3, 508, 508, 0, 0, 0, 0, 0, 1, 0, 1, 1
2025-12-28 12:48:43.004819|{rssi-507} 111, -64, -127, -127, -127, 111, 111, 111, 111, 111, 111, 111, 111, 111, 111, 111, 111, 111, 
2025-12-28 12:48:43.014633|{td-507} 0, -21, 0, 0, 0, 0, 0, 0, 0, 0, 0, 0, 0, 0, 0, 0, 0, 0, 
2025-12-28 12:48:43.019711|{tx-507} :-BBB.............
2025-12-28 12:48:43.189550|{rx-508} 1, 0, 0, 3, 509, 509, 0, 0, 0, 0, 0, 1, 0, 1, 1
2025-12-28 12:48:43.194712|{rssi-508} 111, -64, -127, -127, -127, 111, 111, 111, 111, 111, 111, 111, 111, 111, 111, 111, 111, 111, 
2025-12-28 12:48:43.203835|{td-508} 0, -19, 0, 0, 0, 0, 0, 0, 0, 0, 0, 0, 0, 0, 0, 0, 0, 0, 
2025-12-28 12:48:43.210393|{tx-508} :-BBB.............
2025-12-28 12:48:43.379553|{rx-509} 1, 0, 0, 3, 510, 510, 0, 0, 0, 0, 0, 1, 0, 1, 1
2025-12-28 12:48:43.386036|{rssi-509} 111, -64, -127, -127, -127, 111, 111, 111, 111, 111, 111, 111, 111, 111, 111, 111, 111, 111, 
2025-12-28 12:48:43.394306|{td-509} 0, -19, 0, 0, 0, 0, 0, 0, 0, 0, 0, 0, 0, 0, 0, 0, 0, 0, 
2025-12-28 12:48:43.400010|{tx-509} :-BBB.............
2025-12-28 12:48:43.569473|{rx-510} 1, 0, 0, 3, 511, 511, 0, 0, 0, 0, 0, 1, 0, 1, 1
2025-12-28 12:48:43.574579|{rssi-510} 111, -64, -127, -127, -127, 111, 111, 111, 111, 111, 111, 111, 111, 111, 111, 111, 111, 111, 
2025-12-28 12:48:43.584087|{td-510} 0, -19, 0, 0, 0, 0, 0, 0, 0, 0, 0, 0, 0, 0, 0, 0, 0, 0, 
2025-12-28 12:48:43.590305|{tx-510} :-BBB.............
2025-12-28 12:48:43.761030|{rx-511} 1, 0, 0, 3, 512, 512, 0, 0, 0, 0, 0, 1, 0, 1, 1
2025-12-28 12:48:43.765198|{rssi-511} 111, -64, -127, -127, -127, 111, 111, 111, 111, 111, 111, 111, 111, 111, 111, 111, 111, 111, 
2025-12-28 12:48:43.774486|{td-511} 0, -19, 0, 0, 0, 0, 0, 0, 0, 0, 0, 0, 0, 0, 0, 0, 0, 0, 
2025-12-28 12:48:43.779384|{tx-511} :-BBB.............
2025-12-28 12:48:43.948871|{rx-512} 1, 0, 0, 3, 513, 513, 0, 0, 0, 0, 0, 1, 0, 1, 1
2025-12-28 12:48:43.953750|{rssi-512} 111, -64, -127, -127, -127, 111, 111, 111, 111, 111, 111, 111, 111, 111, 111, 111, 111, 111, 
2025-12-28 12:48:43.964061|{td-512} 0, -19, 0, 0, 0, 0, 0, 0, 0, 0, 0, 0, 0, 0, 0, 0, 0, 0, 
2025-12-28 12:48:43.970058|{tx-512} :-BBB.............
2025-12-28 12:48:44.139832|{rx-513} 1, 0, 0, 3, 514, 514, 0, 0, 0, 0, 0, 1, 0, 1, 1
2025-12-28 12:48:44.144780|{rssi-513} 111, -64, -127, -127, -127, 111, 111, 111, 111, 111, 111, 111, 111, 111, 111, 111, 111, 111, 
2025-12-28 12:48:44.154006|{td-513} 0, -19, 0, 0, 0, 0, 0, 0, 0, 0, 0, 0, 0, 0, 0, 0, 0, 0, 
2025-12-28 12:48:44.158695|{tx-513} :-BBB.............
2025-12-28 12:48:44.329569|{rx-514} 1, 0, 0, 3, 515, 515, 0, 0, 0, 0, 0, 1, 0, 1, 1
2025-12-28 12:48:44.334587|{rssi-514} 111, -64, -127, -127, -127, 111, 111, 111, 111, 111, 111, 111, 111, 111, 111, 111, 111, 111, 
2025-12-28 12:48:44.344039|{td-514} 0, -19, 0, 0, 0, 0, 0, 0, 0, 0, 0, 0, 0, 0, 0, 0, 0, 0, 
2025-12-28 12:48:44.349193|{tx-514} :-BBB.............
2025-12-28 12:48:44.519380|{rx-515} 1, 0, 0, 3, 516, 516, 0, 0, 0, 0, 0, 1, 0, 1, 1
2025-12-28 12:48:44.524874|{rssi-515} 111, -64, -127, -127, -127, 111, 111, 111, 111, 111, 111, 111, 111, 111, 111, 111, 111, 111, 
2025-12-28 12:48:44.534100|{td-515} 0, -19, 0, 0, 0, 0, 0, 0, 0, 0, 0, 0, 0, 0, 0, 0, 0, 0, 
2025-12-28 12:48:44.538504|{tx-515} :-BBB.............
2025-12-28 12:48:44.710084|{rx-516} 1, 0, 0, 3, 517, 517, 0, 0, 0, 0, 0, 1, 0, 1, 1
2025-12-28 12:48:44.713960|{rssi-516} 111, -65, -127, -127, -127, 111, 111, 111, 111, 111, 111, 111, 111, 111, 111, 111, 111, 111, 
2025-12-28 12:48:44.724222|{td-516} 0, -19, 0, 0, 0, 0, 0, 0, 0, 0, 0, 0, 0, 0, 0, 0, 0, 0, 
2025-12-28 12:48:44.728540|{tx-516} :-BBB.............
2025-12-28 12:48:44.899754|{rx-517} 1, 0, 0, 3, 518, 518, 0, 0, 0, 0, 0, 1, 0, 1, 1
2025-12-28 12:48:44.904531|{rssi-517} 111, -64, -127, -127, -127, 111, 111, 111, 111, 111, 111, 111, 111, 111, 111, 111, 111, 111, 
2025-12-28 12:48:44.913944|{td-517} 0, -19, 0, 0, 0, 0, 0, 0, 0, 0, 0, 0, 0, 0, 0, 0, 0, 0, 
2025-12-28 12:48:44.918840|{tx-517} :-BBB.............
2025-12-28 12:48:45.089283|{rx-518} 1, 0, 0, 3, 519, 519, 0, 0, 0, 0, 0, 1, 0, 1, 1
2025-12-28 12:48:45.093615|{rssi-518} 111, -66, -127, -127, -127, 111, 111, 111, 111, 111, 111, 111, 111, 111, 111, 111, 111, 111, 
2025-12-28 12:48:45.104049|{td-518} 0, -19, 0, 0, 0, 0, 0, 0, 0, 0, 0, 0, 0, 0, 0, 0, 0, 0, 
2025-12-28 12:48:45.108631|{tx-518} :-BBB.............
2025-12-28 12:48:45.279423|{rx-519} 1, 0, 0, 3, 520, 520, 0, 0, 0, 0, 0, 1, 0, 1, 1
2025-12-28 12:48:45.284602|{rssi-519} 111, -65, -127, -127, -127, 111, 111, 111, 111, 111, 111, 111, 111, 111, 111, 111, 111, 111, 
2025-12-28 12:48:45.294063|{td-519} 0, -19, 0, 0, 0, 0, 0, 0, 0, 0, 0, 0, 0, 0, 0, 0, 0, 0, 
2025-12-28 12:48:45.299881|{tx-519} :-BBB.............
2025-12-28 12:48:45.469999|{rx-520} 1, 0, 0, 3, 521, 521, 0, 0, 0, 0, 0, 1, 0, 1, 1
2025-12-28 12:48:45.474515|{rssi-520} 111, -64, -127, -127, -127, 111, 111, 111, 111, 111, 111, 111, 111, 111, 111, 111, 111, 111, 
2025-12-28 12:48:45.483078|{td-520} 0, -19, 0, 0, 0, 0, 0, 0, 0, 0, 0, 0, 0, 0, 0, 0, 0, 0, 
2025-12-28 12:48:45.488946|{tx-520} :-BBB.............
2025-12-28 12:48:45.659667|{rx-521} 1, 0, 0, 3, 522, 522, 0, 0, 0, 0, 0, 1, 0, 1, 1
2025-12-28 12:48:45.664350|{rssi-521} 111, -65, -127, -127, -127, 111, 111, 111, 111, 111, 111, 111, 111, 111, 111, 111, 111, 111, 
2025-12-28 12:48:45.673373|{td-521} 0, -21, 0, 0, 0, 0, 0, 0, 0, 0, 0, 0, 0, 0, 0, 0, 0, 0, 
2025-12-28 12:48:45.679836|{tx-521} :-BBB.............
2025-12-28 12:48:45.849440|{rx-522} 1, 0, 0, 3, 523, 523, 0, 0, 0, 0, 0, 1, 0, 1, 1
2025-12-28 12:48:45.854088|{rssi-522} 111, -64, -127, -127, -127, 111, 111, 111, 111, 111, 111, 111, 111, 111, 111, 111, 111, 111, 
2025-12-28 12:48:45.863859|{td-522} 0, -19, 0, 0, 0, 0, 0, 0, 0, 0, 0, 0, 0, 0, 0, 0, 0, 0, 
2025-12-28 12:48:45.869616|{tx-522} :-BBB.............
2025-12-28 12:48:46.039786|{rx-523} 1, 0, 0, 3, 524, 524, 0, 0, 0, 0, 0, 1, 0, 1, 1
2025-12-28 12:48:46.044287|{rssi-523} 111, -64, -127, -127, -127, 111, 111, 111, 111, 111, 111, 111, 111, 111, 111, 111, 111, 111, 
2025-12-28 12:48:46.053683|{td-523} 0, -19, 0, 0, 0, 0, 0, 0, 0, 0, 0, 0, 0, 0, 0, 0, 0, 0, 
2025-12-28 12:48:46.058778|{tx-523} :-BBB.............
2025-12-28 12:48:46.229489|{rx-524} 1, 0, 0, 3, 525, 525, 0, 0, 0, 0, 0, 1, 0, 1, 1
2025-12-28 12:48:46.233215|{rssi-524} 111, -64, -127, -127, -127, 111, 111, 111, 111, 111, 111, 111, 111, 111, 111, 111, 111, 111, 
2025-12-28 12:48:46.243308|{td-524} 0, -19, 0, 0, 0, 0, 0, 0, 0, 0, 0, 0, 0, 0, 0, 0, 0, 0, 
2025-12-28 12:48:46.249618|{tx-524} :-BBB.............
2025-12-28 12:48:46.419586|{rx-525} 1, 0, 0, 3, 526, 526, 0, 0, 0, 0, 0, 1, 0, 1, 1
2025-12-28 12:48:46.424233|{rssi-525} 111, -64, -127, -127, -127, 111, 111, 111, 111, 111, 111, 111, 111, 111, 111, 111, 111, 111, 
2025-12-28 12:48:46.433330|{td-525} 0, -19, 0, 0, 0, 0, 0, 0, 0, 0, 0, 0, 0, 0, 0, 0, 0, 0, 
2025-12-28 12:48:46.439559|{tx-525} :-BBB.............
2025-12-28 12:48:46.609404|{rx-526} 1, 0, 0, 3, 527, 527, 0, 0, 0, 0, 0, 1, 0, 1, 1
2025-12-28 12:48:46.614208|{rssi-526} 111, -64, -127, -127, -127, 111, 111, 111, 111, 111, 111, 111, 111, 111, 111, 111, 111, 111, 
2025-12-28 12:48:46.622783|{td-526} 0, -19, 0, 0, 0, 0, 0, 0, 0, 0, 0, 0, 0, 0, 0, 0, 0, 0, 
2025-12-28 12:48:46.628581|{tx-526} :-BBB.............
2025-12-28 12:48:46.800191|{rx-527} 1, 0, 0, 3, 528, 528, 0, 0, 0, 0, 0, 1, 0, 1, 1
2025-12-28 12:48:46.804029|{rssi-527} 111, -64, -127, -127, -127, 111, 111, 111, 111, 111, 111, 111, 111, 111, 111, 111, 111, 111, 
2025-12-28 12:48:46.813543|{td-527} 0, -19, 0, 0, 0, 0, 0, 0, 0, 0, 0, 0, 0, 0, 0, 0, 0, 0, 
2025-12-28 12:48:46.819514|{tx-527} :-BBB.............
2025-12-28 12:48:46.989463|{rx-528} 1, 0, 0, 3, 529, 529, 0, 0, 0, 0, 0, 1, 0, 1, 1
2025-12-28 12:48:46.993659|{rssi-528} 111, -64, -127, -127, -127, 111, 111, 111, 111, 111, 111, 111, 111, 111, 111, 111, 111, 111, 
2025-12-28 12:48:47.003585|{td-528} 0, -19, 0, 0, 0, 0, 0, 0, 0, 0, 0, 0, 0, 0, 0, 0, 0, 0, 
2025-12-28 12:48:47.008468|{tx-528} :-BBB.............
2025-12-28 12:48:47.179238|{rx-529} 1, 0, 0, 3, 530, 530, 0, 0, 0, 0, 0, 1, 0, 1, 1
2025-12-28 12:48:47.184118|{rssi-529} 111, -64, -127, -127, -127, 111, 111, 111, 111, 111, 111, 111, 111, 111, 111, 111, 111, 111, 
2025-12-28 12:48:47.193255|{td-529} 0, -19, 0, 0, 0, 0, 0, 0, 0, 0, 0, 0, 0, 0, 0, 0, 0, 0, 
2025-12-28 12:48:47.199005|{tx-529} :-BBB.............
2025-12-28 12:48:47.369917|{rx-530} 1, 0, 0, 3, 531, 531, 0, 0, 0, 0, 0, 1, 0, 1, 1
2025-12-28 12:48:47.374218|{rssi-530} 111, -64, -127, -127, -127, 111, 111, 111, 111, 111, 111, 111, 111, 111, 111, 111, 111, 111, 
2025-12-28 12:48:47.383616|{td-530} 0, -19, 0, 0, 0, 0, 0, 0, 0, 0, 0, 0, 0, 0, 0, 0, 0, 0, 
2025-12-28 12:48:47.388125|{tx-530} :-BBB.............
2025-12-28 12:48:47.559275|{rx-531} 1, 0, 0, 3, 532, 532, 0, 0, 0, 0, 0, 1, 0, 1, 1
2025-12-28 12:48:47.564258|{rssi-531} 111, -66, -127, -127, -127, 111, 111, 111, 111, 111, 111, 111, 111, 111, 111, 111, 111, 111, 
2025-12-28 12:48:47.575684|{td-531} 0, -19, 0, 0, 0, 0, 0, 0, 0, 0, 0, 0, 0, 0, 0, 0, 0, 0, 
2025-12-28 12:48:47.578842|{tx-531} :-BBB.............
2025-12-28 12:48:47.748996|{rx-532} 1, 0, 0, 3, 533, 533, 0, 0, 0, 0, 0, 1, 0, 1, 1
2025-12-28 12:48:47.753338|{rssi-532} 111, -64, -127, -127, -127, 111, 111, 111, 111, 111, 111, 111, 111, 111, 111, 111, 111, 111, 
2025-12-28 12:48:47.763398|{td-532} 0, -19, 0, 0, 0, 0, 0, 0, 0, 0, 0, 0, 0, 0, 0, 0, 0, 0, 
2025-12-28 12:48:47.769254|{tx-532} :-BBB.............
2025-12-28 12:48:47.937930|{rx-533} 1, 0, 0, 3, 534, 534, 0, 0, 0, 0, 0, 1, 0, 1, 1
2025-12-28 12:48:47.943582|{rssi-533} 111, -65, -127, -127, -127, 111, 111, 111, 111, 111, 111, 111, 111, 111, 111, 111, 111, 111, 
2025-12-28 12:48:47.952760|{td-533} 0, -19, 0, 0, 0, 0, 0, 0, 0, 0, 0, 0, 0, 0, 0, 0, 0, 0, 
2025-12-28 12:48:47.958171|{tx-533} :-BBB.............
2025-12-28 12:48:48.128198|{rx-534} 1, 0, 0, 3, 535, 535, 0, 0, 0, 0, 0, 1, 0, 1, 1
2025-12-28 12:48:48.134125|{rssi-534} 111, -64, -127, -127, -127, 111, 111, 111, 111, 111, 111, 111, 111, 111, 111, 111, 111, 111, 
2025-12-28 12:48:48.142784|{td-534} 0, -19, 0, 0, 0, 0, 0, 0, 0, 0, 0, 0, 0, 0, 0, 0, 0, 0, 
2025-12-28 12:48:48.148947|{tx-534} :-BBB.............
2025-12-28 12:48:48.318525|{rx-535} 1, 0, 0, 3, 536, 536, 0, 0, 0, 0, 0, 1, 0, 1, 1
2025-12-28 12:48:48.323907|{rssi-535} 111, -64, -127, -127, -127, 111, 111, 111, 111, 111, 111, 111, 111, 111, 111, 111, 111, 111, 
2025-12-28 12:48:48.333391|{td-535} 0, -19, 0, 0, 0, 0, 0, 0, 0, 0, 0, 0, 0, 0, 0, 0, 0, 0, 
2025-12-28 12:48:48.339226|{tx-535} :-BBB.............
2025-12-28 12:48:48.508121|{rx-536} 1, 0, 0, 3, 537, 537, 0, 0, 0, 0, 0, 1, 0, 1, 1
2025-12-28 12:48:48.515752|{rssi-536} 111, -64, -127, -127, -127, 111, 111, 111, 111, 111, 111, 111, 111, 111, 111, 111, 111, 111, 
2025-12-28 12:48:48.523416|{td-536} 0, -19, 0, 0, 0, 0, 0, 0, 0, 0, 0, 0, 0, 0, 0, 0, 0, 0, 
2025-12-28 12:48:48.528544|{tx-536} :-BBB.............
2025-12-28 12:48:48.698389|{rx-537} 1, 0, 0, 3, 538, 538, 0, 0, 0, 0, 0, 1, 0, 1, 1
2025-12-28 12:48:48.703825|{rssi-537} 111, -64, -127, -127, -127, 111, 111, 111, 111, 111, 111, 111, 111, 111, 111, 111, 111, 111, 
2025-12-28 12:48:48.713202|{td-537} 0, -19, 0, 0, 0, 0, 0, 0, 0, 0, 0, 0, 0, 0, 0, 0, 0, 0, 
2025-12-28 12:48:48.718961|{tx-537} :-BBB.............
2025-12-28 12:48:48.888095|{rx-538} 1, 0, 0, 3, 539, 539, 0, 0, 0, 0, 0, 1, 0, 1, 1
2025-12-28 12:48:48.893302|{rssi-538} 111, -64, -127, -127, -127, 111, 111, 111, 111, 111, 111, 111, 111, 111, 111, 111, 111, 111, 
2025-12-28 12:48:48.902591|{td-538} 0, -21, 0, 0, 0, 0, 0, 0, 0, 0, 0, 0, 0, 0, 0, 0, 0, 0, 
2025-12-28 12:48:48.909175|{tx-538} :-BBB.............
2025-12-28 12:48:49.078458|{rx-539} 1, 0, 0, 3, 540, 540, 0, 0, 0, 0, 0, 1, 0, 1, 1
2025-12-28 12:48:49.083764|{rssi-539} 111, -64, -127, -127, -127, 111, 111, 111, 111, 111, 111, 111, 111, 111, 111, 111, 111, 111, 
2025-12-28 12:48:49.093540|{td-539} 0, -19, 0, 0, 0, 0, 0, 0, 0, 0, 0, 0, 0, 0, 0, 0, 0, 0, 
2025-12-28 12:48:49.098605|{tx-539} :-BBB.............
2025-12-28 12:48:49.268396|{rx-540} 1, 0, 0, 3, 541, 541, 0, 0, 0, 0, 0, 1, 0, 1, 1
2025-12-28 12:48:49.273556|{rssi-540} 111, -64, -127, -127, -127, 111, 111, 111, 111, 111, 111, 111, 111, 111, 111, 111, 111, 111, 
2025-12-28 12:48:49.282958|{td-540} 0, -19, 0, 0, 0, 0, 0, 0, 0, 0, 0, 0, 0, 0, 0, 0, 0, 0, 
2025-12-28 12:48:49.288995|{tx-540} :-BBB.............
2025-12-28 12:48:49.458239|{rx-541} 1, 0, 0, 3, 542, 542, 0, 0, 0, 0, 0, 1, 0, 1, 1
2025-12-28 12:48:49.463886|{rssi-541} 111, -64, -127, -127, -127, 111, 111, 111, 111, 111, 111, 111, 111, 111, 111, 111, 111, 111, 
2025-12-28 12:48:49.473087|{td-541} 0, -17, 0, 0, 0, 0, 0, 0, 0, 0, 0, 0, 0, 0, 0, 0, 0, 0, 
2025-12-28 12:48:49.479069|{tx-541} :-BBB.............
2025-12-28 12:48:49.648392|{rx-542} 1, 0, 0, 3, 543, 543, 0, 0, 0, 0, 0, 1, 0, 1, 1
2025-12-28 12:48:49.653797|{rssi-542} 111, -64, -127, -127, -127, 111, 111, 111, 111, 111, 111, 111, 111, 111, 111, 111, 111, 111, 
2025-12-28 12:48:49.662880|{td-542} 0, -21, 0, 0, 0, 0, 0, 0, 0, 0, 0, 0, 0, 0, 0, 0, 0, 0, 
2025-12-28 12:48:49.668138|{tx-542} :-BBB.............
2025-12-28 12:48:49.838704|{rx-543} 1, 0, 0, 3, 544, 544, 0, 0, 0, 0, 0, 1, 0, 1, 1
2025-12-28 12:48:49.842794|{rssi-543} 111, -64, -127, -127, -127, 111, 111, 111, 111, 111, 111, 111, 111, 111, 111, 111, 111, 111, 
2025-12-28 12:48:49.852784|{td-543} 0, -19, 0, 0, 0, 0, 0, 0, 0, 0, 0, 0, 0, 0, 0, 0, 0, 0, 
2025-12-28 12:48:49.857598|{tx-543} :-BBB.............
2025-12-28 12:48:50.028836|{rx-544} 1, 0, 0, 3, 545, 545, 0, 0, 0, 0, 0, 1, 0, 1, 1
2025-12-28 12:48:50.033949|{rssi-544} 111, -64, -127, -127, -127, 111, 111, 111, 111, 111, 111, 111, 111, 111, 111, 111, 111, 111, 
2025-12-28 12:48:50.043878|{td-544} 0, -19, 0, 0, 0, 0, 0, 0, 0, 0, 0, 0, 0, 0, 0, 0, 0, 0, 
2025-12-28 12:48:50.048844|{tx-544} :-BBB.............
2025-12-28 12:48:50.218153|{rx-545} 1, 0, 0, 3, 546, 546, 0, 0, 0, 0, 0, 1, 0, 1, 1
2025-12-28 12:48:50.223513|{rssi-545} 111, -64, -127, -127, -127, 111, 111, 111, 111, 111, 111, 111, 111, 111, 111, 111, 111, 111, 
2025-12-28 12:48:50.233039|{td-545} 0, -19, 0, 0, 0, 0, 0, 0, 0, 0, 0, 0, 0, 0, 0, 0, 0, 0, 
2025-12-28 12:48:50.238018|{tx-545} :-BBB.............
2025-12-28 12:48:50.409436|{rx-546} 1, 0, 0, 3, 547, 547, 0, 0, 0, 0, 0, 1, 0, 1, 1
2025-12-28 12:48:50.413797|{rssi-546} 111, -64, -127, -127, -127, 111, 111, 111, 111, 111, 111, 111, 111, 111, 111, 111, 111, 111, 
2025-12-28 12:48:50.422810|{td-546} 0, -19, 0, 0, 0, 0, 0, 0, 0, 0, 0, 0, 0, 0, 0, 0, 0, 0, 
2025-12-28 12:48:50.427803|{tx-546} :-BBB.............
2025-12-28 12:48:50.599055|{rx-547} 1, 0, 0, 3, 548, 548, 0, 0, 0, 0, 0, 1, 0, 1, 1
2025-12-28 12:48:50.603920|{rssi-547} 111, -64, -127, -127, -127, 111, 111, 111, 111, 111, 111, 111, 111, 111, 111, 111, 111, 111, 
2025-12-28 12:48:50.614167|{td-547} 0, -19, 0, 0, 0, 0, 0, 0, 0, 0, 0, 0, 0, 0, 0, 0, 0, 0, 
2025-12-28 12:48:50.618341|{tx-547} :-BBB.............
2025-12-28 12:48:50.788479|{rx-548} 1, 0, 0, 3, 549, 549, 0, 0, 0, 0, 0, 1, 0, 1, 1
2025-12-28 12:48:50.792532|{rssi-548} 111, -64, -127, -127, -127, 111, 111, 111, 111, 111, 111, 111, 111, 111, 111, 111, 111, 111, 
2025-12-28 12:48:50.802848|{td-548} 0, -19, 0, 0, 0, 0, 0, 0, 0, 0, 0, 0, 0, 0, 0, 0, 0, 0, 
2025-12-28 12:48:50.808110|{tx-548} :-BBB.............
2025-12-28 12:48:50.978528|{rx-549} 1, 0, 0, 3, 550, 550, 0, 0, 0, 0, 0, 1, 0, 1, 1
2025-12-28 12:48:50.983102|{rssi-549} 111, -64, -127, -127, -127, 111, 111, 111, 111, 111, 111, 111, 111, 111, 111, 111, 111, 111, 
2025-12-28 12:48:50.993012|{td-549} 0, -19, 0, 0, 0, 0, 0, 0, 0, 0, 0, 0, 0, 0, 0, 0, 0, 0, 
2025-12-28 12:48:50.997726|{tx-549} :-BBB.............
2025-12-28 12:48:51.168738|{rx-550} 1, 0, 0, 3, 551, 551, 0, 0, 0, 0, 0, 1, 0, 1, 1
2025-12-28 12:48:51.172548|{rssi-550} 111, -64, -127, -127, -127, 111, 111, 111, 111, 111, 111, 111, 111, 111, 111, 111, 111, 111, 
2025-12-28 12:48:51.182500|{td-550} 0, -19, 0, 0, 0, 0, 0, 0, 0, 0, 0, 0, 0, 0, 0, 0, 0, 0, 
2025-12-28 12:48:51.188651|{tx-550} :-BBB.............
2025-12-28 12:48:51.359070|{rx-551} 1, 0, 0, 3, 552, 552, 0, 0, 0, 0, 0, 1, 0, 1, 1
2025-12-28 12:48:51.362889|{rssi-551} 111, -64, -127, -127, -127, 111, 111, 111, 111, 111, 111, 111, 111, 111, 111, 111, 111, 111, 
2025-12-28 12:48:51.372665|{td-551} 0, -19, 0, 0, 0, 0, 0, 0, 0, 0, 0, 0, 0, 0, 0, 0, 0, 0, 
2025-12-28 12:48:51.377936|{tx-551} :-BBB.............
2025-12-28 12:48:51.548156|{rx-552} 1, 0, 0, 3, 553, 553, 0, 0, 0, 0, 0, 1, 0, 1, 1
2025-12-28 12:48:51.553869|{rssi-552} 111, -65, -127, -127, -127, 111, 111, 111, 111, 111, 111, 111, 111, 111, 111, 111, 111, 111, 
2025-12-28 12:48:51.562713|{td-552} 0, -21, 0, 0, 0, 0, 0, 0, 0, 0, 0, 0, 0, 0, 0, 0, 0, 0, 
2025-12-28 12:48:51.568559|{tx-552} :-BBB.............
2025-12-28 12:48:51.738648|{rx-553} 1, 0, 0, 3, 554, 554, 0, 0, 0, 0, 0, 1, 0, 1, 1
2025-12-28 12:48:51.743304|{rssi-553} 111, -66, -127, -127, -127, 111, 111, 111, 111, 111, 111, 111, 111, 111, 111, 111, 111, 111, 
2025-12-28 12:48:51.752434|{td-553} 0, -17, 0, 0, 0, 0, 0, 0, 0, 0, 0, 0, 0, 0, 0, 0, 0, 0, 
2025-12-28 12:48:51.757859|{tx-553} :-BBB.............
2025-12-28 12:48:51.928155|{rx-554} 1, 0, 0, 3, 555, 555, 0, 0, 0, 0, 0, 1, 0, 1, 1
2025-12-28 12:48:51.933389|{rssi-554} 111, -64, -127, -127, -127, 111, 111, 111, 111, 111, 111, 111, 111, 111, 111, 111, 111, 111, 
2025-12-28 12:48:51.942849|{td-554} 0, -21, 0, 0, 0, 0, 0, 0, 0, 0, 0, 0, 0, 0, 0, 0, 0, 0, 
2025-12-28 12:48:51.948061|{tx-554} :-BBB.............
2025-12-28 12:48:52.118279|{rx-555} 1, 0, 0, 3, 556, 556, 0, 0, 0, 0, 0, 1, 0, 1, 1
2025-12-28 12:48:52.122950|{rssi-555} 111, -64, -127, -127, -127, 111, 111, 111, 111, 111, 111, 111, 111, 111, 111, 111, 111, 111, 
2025-12-28 12:48:52.132105|{td-555} 0, -19, 0, 0, 0, 0, 0, 0, 0, 0, 0, 0, 0, 0, 0, 0, 0, 0, 
2025-12-28 12:48:52.137726|{tx-555} :-BBB.............
2025-12-28 12:48:52.308209|{rx-556} 1, 0, 0, 3, 557, 557, 0, 0, 0, 0, 0, 1, 0, 1, 1
2025-12-28 12:48:52.313046|{rssi-556} 111, -64, -127, -127, -127, 111, 111, 111, 111, 111, 111, 111, 111, 111, 111, 111, 111, 111, 
2025-12-28 12:48:52.321957|{td-556} 0, -17, 0, 0, 0, 0, 0, 0, 0, 0, 0, 0, 0, 0, 0, 0, 0, 0, 
2025-12-28 12:48:52.328013|{tx-556} :-BBB.............
2025-12-28 12:48:52.498712|{rx-557} 1, 0, 0, 3, 558, 558, 0, 0, 0, 0, 0, 1, 0, 1, 1
2025-12-28 12:48:52.503180|{rssi-557} 111, -65, -127, -127, -127, 111, 111, 111, 111, 111, 111, 111, 111, 111, 111, 111, 111, 111, 
2025-12-28 12:48:52.511988|{td-557} 0, -21, 0, 0, 0, 0, 0, 0, 0, 0, 0, 0, 0, 0, 0, 0, 0, 0, 
2025-12-28 12:48:52.518652|{tx-557} :-BBB.............
2025-12-28 12:48:52.687183|{rx-558} 1, 0, 0, 3, 559, 559, 0, 0, 0, 0, 0, 1, 0, 1, 1
2025-12-28 12:48:52.692674|{rssi-558} 111, -65, -127, -127, -127, 111, 111, 111, 111, 111, 111, 111, 111, 111, 111, 111, 111, 111, 
2025-12-28 12:48:52.702129|{td-558} 0, -19, 0, 0, 0, 0, 0, 0, 0, 0, 0, 0, 0, 0, 0, 0, 0, 0, 
2025-12-28 12:48:52.707853|{tx-558} :-BBB.............
2025-12-28 12:48:52.877996|{rx-559} 1, 0, 0, 3, 560, 560, 0, 0, 0, 0, 0, 1, 0, 1, 1
2025-12-28 12:48:52.882998|{rssi-559} 111, -66, -127, -127, -127, 111, 111, 111, 111, 111, 111, 111, 111, 111, 111, 111, 111, 111, 
2025-12-28 12:48:52.891982|{td-559} 0, -19, 0, 0, 0, 0, 0, 0, 0, 0, 0, 0, 0, 0, 0, 0, 0, 0, 
2025-12-28 12:48:52.898309|{tx-559} :-BBB.............
2025-12-28 12:48:53.067545|{rx-560} 1, 0, 0, 3, 561, 561, 0, 0, 0, 0, 0, 1, 0, 1, 1
2025-12-28 12:48:53.073212|{rssi-560} 111, -64, -127, -127, -127, 111, 111, 111, 111, 111, 111, 111, 111, 111, 111, 111, 111, 111, 
2025-12-28 12:48:53.082155|{td-560} 0, -19, 0, 0, 0, 0, 0, 0, 0, 0, 0, 0, 0, 0, 0, 0, 0, 0, 
2025-12-28 12:48:53.088302|{tx-560} :-BBB.............
2025-12-28 12:48:53.257901|{rx-561} 1, 0, 0, 3, 562, 562, 0, 0, 0, 0, 0, 1, 0, 1, 1
2025-12-28 12:48:53.263030|{rssi-561} 111, -64, -127, -127, -127, 111, 111, 111, 111, 111, 111, 111, 111, 111, 111, 111, 111, 111, 
2025-12-28 12:48:53.271408|{td-561} 0, -19, 0, 0, 0, 0, 0, 0, 0, 0, 0, 0, 0, 0, 0, 0, 0, 0, 
2025-12-28 12:48:53.278496|{tx-561} :-BBB.............
2025-12-28 12:48:53.447261|{rx-562} 1, 0, 0, 3, 563, 563, 0, 0, 0, 0, 0, 1, 0, 1, 1
2025-12-28 12:48:53.452360|{rssi-562} 111, -64, -127, -127, -127, 111, 111, 111, 111, 111, 111, 111, 111, 111, 111, 111, 111, 111, 
2025-12-28 12:48:53.462756|{td-562} 0, -19, 0, 0, 0, 0, 0, 0, 0, 0, 0, 0, 0, 0, 0, 0, 0, 0, 
2025-12-28 12:48:53.467295|{tx-562} :-BBB.............
2025-12-28 12:48:53.637444|{rx-563} 1, 0, 0, 3, 564, 564, 0, 0, 0, 0, 0, 1, 0, 1, 1
2025-12-28 12:48:53.644414|{rssi-563} 111, -64, -127, -127, -127, 111, 111, 111, 111, 111, 111, 111, 111, 111, 111, 111, 111, 111, 
2025-12-28 12:48:53.652108|{td-563} 0, -19, 0, 0, 0, 0, 0, 0, 0, 0, 0, 0, 0, 0, 0, 0, 0, 0, 
2025-12-28 12:48:53.657826|{tx-563} :-BBB.............
2025-12-28 12:48:53.827780|{rx-564} 1, 0, 0, 3, 565, 565, 0, 0, 0, 0, 0, 1, 0, 1, 1
2025-12-28 12:48:53.832607|{rssi-564} 111, -64, -127, -127, -127, 111, 111, 111, 111, 111, 111, 111, 111, 111, 111, 111, 111, 111, 
2025-12-28 12:48:53.842679|{td-564} 0, -19, 0, 0, 0, 0, 0, 0, 0, 0, 0, 0, 0, 0, 0, 0, 0, 0, 
2025-12-28 12:48:53.848006|{tx-564} :-BBB.............
2025-12-28 12:48:54.017073|{rx-565} 1, 0, 0, 3, 566, 566, 0, 0, 0, 0, 0, 1, 0, 1, 1
2025-12-28 12:48:54.022531|{rssi-565} 111, -64, -127, -127, -127, 111, 111, 111, 111, 111, 111, 111, 111, 111, 111, 111, 111, 111, 
2025-12-28 12:48:54.032652|{td-565} 0, -19, 0, 0, 0, 0, 0, 0, 0, 0, 0, 0, 0, 0, 0, 0, 0, 0, 
2025-12-28 12:48:54.037233|{tx-565} :-BBB.............
2025-12-28 12:48:54.207128|{rx-566} 1, 0, 0, 3, 567, 567, 0, 0, 0, 0, 0, 1, 0, 1, 1
2025-12-28 12:48:54.212929|{rssi-566} 111, -64, -127, -127, -127, 111, 111, 111, 111, 111, 111, 111, 111, 111, 111, 111, 111, 111, 
2025-12-28 12:48:54.222241|{td-566} 0, -19, 0, 0, 0, 0, 0, 0, 0, 0, 0, 0, 0, 0, 0, 0, 0, 0, 
2025-12-28 12:48:54.227665|{tx-566} :-BBB.............
2025-12-28 12:48:54.397448|{rx-567} 1, 0, 0, 3, 568, 568, 0, 0, 0, 0, 0, 1, 0, 1, 1
2025-12-28 12:48:54.402795|{rssi-567} 111, -64, -127, -127, -127, 111, 111, 111, 111, 111, 111, 111, 111, 111, 111, 111, 111, 111, 
2025-12-28 12:48:54.411286|{td-567} 0, -19, 0, 0, 0, 0, 0, 0, 0, 0, 0, 0, 0, 0, 0, 0, 0, 0, 
2025-12-28 12:48:54.418011|{tx-567} :-BBB.............
2025-12-28 12:48:54.587713|{rx-568} 1, 0, 0, 3, 569, 569, 0, 0, 0, 0, 0, 1, 0, 1, 1
2025-12-28 12:48:54.592023|{rssi-568} 111, -64, -127, -127, -127, 111, 111, 111, 111, 111, 111, 111, 111, 111, 111, 111, 111, 111, 
2025-12-28 12:48:54.601140|{td-568} 0, -19, 0, 0, 0, 0, 0, 0, 0, 0, 0, 0, 0, 0, 0, 0, 0, 0, 
2025-12-28 12:48:54.608040|{tx-568} :-BBB.............
2025-12-28 12:48:54.777899|{rx-569} 1, 0, 0, 3, 570, 570, 0, 0, 0, 0, 0, 1, 0, 1, 1
2025-12-28 12:48:54.782484|{rssi-569} 111, -64, -127, -127, -127, 111, 111, 111, 111, 111, 111, 111, 111, 111, 111, 111, 111, 111, 
2025-12-28 12:48:54.792436|{td-569} 0, -19, 0, 0, 0, 0, 0, 0, 0, 0, 0, 0, 0, 0, 0, 0, 0, 0, 
2025-12-28 12:48:54.797137|{tx-569} :-BBB.............
2025-12-28 12:48:54.967538|{rx-570} 1, 0, 0, 3, 571, 571, 0, 0, 0, 0, 0, 1, 0, 1, 1
2025-12-28 12:48:54.972239|{rssi-570} 111, -64, -127, -127, -127, 111, 111, 111, 111, 111, 111, 111, 111, 111, 111, 111, 111, 111, 
2025-12-28 12:48:54.983042|{td-570} 0, -19, 0, 0, 0, 0, 0, 0, 0, 0, 0, 0, 0, 0, 0, 0, 0, 0, 
2025-12-28 12:48:54.987937|{tx-570} :-BBB.............
2025-12-28 12:48:55.158118|{rx-571} 1, 0, 0, 3, 572, 572, 0, 0, 0, 0, 0, 1, 0, 1, 1
2025-12-28 12:48:55.163107|{rssi-571} 111, -64, -127, -127, -127, 111, 111, 111, 111, 111, 111, 111, 111, 111, 111, 111, 111, 111, 
2025-12-28 12:48:55.172417|{td-571} 0, -19, 0, 0, 0, 0, 0, 0, 0, 0, 0, 0, 0, 0, 0, 0, 0, 0, 
2025-12-28 12:48:55.176818|{tx-571} :-BBB.............
2025-12-28 12:48:55.348093|{rx-572} 1, 0, 0, 3, 573, 573, 0, 0, 0, 0, 0, 1, 0, 1, 1
2025-12-28 12:48:55.352638|{rssi-572} 111, -65, -127, -127, -127, 111, 111, 111, 111, 111, 111, 111, 111, 111, 111, 111, 111, 111, 
2025-12-28 12:48:55.362310|{td-572} 0, -21, 0, 0, 0, 0, 0, 0, 0, 0, 0, 0, 0, 0, 0, 0, 0, 0, 
2025-12-28 12:48:55.366661|{tx-572} :-BBB.............
2025-12-28 12:48:55.538425|{rx-573} 1, 0, 0, 3, 574, 574, 0, 0, 0, 0, 0, 1, 0, 1, 1
2025-12-28 12:48:55.542256|{rssi-573} 111, -64, -127, -127, -127, 111, 111, 111, 111, 111, 111, 111, 111, 111, 111, 111, 111, 111, 
2025-12-28 12:48:55.551151|{td-573} 0, -19, 0, 0, 0, 0, 0, 0, 0, 0, 0, 0, 0, 0, 0, 0, 0, 0, 
2025-12-28 12:48:55.557094|{tx-573} :-BBB.............
2025-12-28 12:48:55.728081|{rx-574} 1, 0, 0, 3, 575, 575, 0, 0, 0, 0, 0, 1, 0, 1, 1
2025-12-28 12:48:55.732444|{rssi-574} 111, -64, -127, -127, -127, 111, 111, 111, 111, 111, 111, 111, 111, 111, 111, 111, 111, 111, 
2025-12-28 12:48:55.742492|{td-574} 0, -19, 0, 0, 0, 0, 0, 0, 0, 0, 0, 0, 0, 0, 0, 0, 0, 0, 
2025-12-28 12:48:55.747801|{tx-574} :-BBB.............
2025-12-28 12:48:55.917377|{rx-575} 1, 0, 0, 3, 576, 576, 0, 0, 0, 0, 0, 1, 0, 1, 1
2025-12-28 12:48:55.922697|{rssi-575} 111, -64, -127, -127, -127, 111, 111, 111, 111, 111, 111, 111, 111, 111, 111, 111, 111, 111, 
2025-12-28 12:48:55.932659|{td-575} 0, -19, 0, 0, 0, 0, 0, 0, 0, 0, 0, 0, 0, 0, 0, 0, 0, 0, 
2025-12-28 12:48:55.937918|{tx-575} :-BBB.............
2025-12-28 12:48:56.107509|{rx-576} 1, 0, 0, 3, 577, 577, 0, 0, 0, 0, 0, 1, 0, 1, 1
2025-12-28 12:48:56.112239|{rssi-576} 111, -64, -127, -127, -127, 111, 111, 111, 111, 111, 111, 111, 111, 111, 111, 111, 111, 111, 
2025-12-28 12:48:56.122269|{td-576} 0, -17, 0, 0, 0, 0, 0, 0, 0, 0, 0, 0, 0, 0, 0, 0, 0, 0, 
2025-12-28 12:48:56.127718|{tx-576} :-BBB.............
2025-12-28 12:48:56.297797|{rx-577} 1, 0, 0, 3, 578, 578, 0, 0, 0, 0, 0, 1, 0, 1, 1
2025-12-28 12:48:56.302737|{rssi-577} 111, -64, -127, -127, -127, 111, 111, 111, 111, 111, 111, 111, 111, 111, 111, 111, 111, 111, 
2025-12-28 12:48:56.312311|{td-577} 0, -21, 0, 0, 0, 0, 0, 0, 0, 0, 0, 0, 0, 0, 0, 0, 0, 0, 
2025-12-28 12:48:56.316817|{tx-577} :-BBB.............
2025-12-28 12:48:56.487779|{rx-578} 1, 0, 0, 3, 579, 579, 0, 0, 0, 0, 0, 1, 0, 1, 1
2025-12-28 12:48:56.492199|{rssi-578} 111, -64, -127, -127, -127, 111, 111, 111, 111, 111, 111, 111, 111, 111, 111, 111, 111, 111, 
2025-12-28 12:48:56.502275|{td-578} 0, -19, 0, 0, 0, 0, 0, 0, 0, 0, 0, 0, 0, 0, 0, 0, 0, 0, 
2025-12-28 12:48:56.507520|{tx-578} :-BBB.............
2025-12-28 12:48:56.677487|{rx-579} 1, 0, 0, 3, 580, 580, 0, 0, 0, 0, 0, 1, 0, 1, 1
2025-12-28 12:48:56.681947|{rssi-579} 111, -65, -127, -127, -127, 111, 111, 111, 111, 111, 111, 111, 111, 111, 111, 111, 111, 111, 
2025-12-28 12:48:56.690719|{td-579} 0, -19, 0, 0, 0, 0, 0, 0, 0, 0, 0, 0, 0, 0, 0, 0, 0, 0, 
2025-12-28 12:48:56.697562|{tx-579} :-BBB.............
2025-12-28 12:48:56.867891|{rx-580} 1, 0, 0, 3, 581, 581, 0, 0, 0, 0, 0, 1, 0, 1, 1
2025-12-28 12:48:56.872124|{rssi-580} 111, -64, -127, -127, -127, 111, 111, 111, 111, 111, 111, 111, 111, 111, 111, 111, 111, 111, 
2025-12-28 12:48:56.882036|{td-580} 0, -19, 0, 0, 0, 0, 0, 0, 0, 0, 0, 0, 0, 0, 0, 0, 0, 0, 
2025-12-28 12:48:56.887521|{tx-580} :-BBB.............
2025-12-28 12:48:57.057162|{rx-581} 1, 0, 0, 3, 582, 582, 0, 0, 0, 0, 0, 1, 0, 1, 1
2025-12-28 12:48:57.062207|{rssi-581} 111, -64, -127, -127, -127, 111, 111, 111, 111, 111, 111, 111, 111, 111, 111, 111, 111, 111, 
2025-12-28 12:48:57.071023|{td-581} 0, -19, 0, 0, 0, 0, 0, 0, 0, 0, 0, 0, 0, 0, 0, 0, 0, 0, 
2025-12-28 12:48:57.077276|{tx-581} :-BBB.............
2025-12-28 12:48:57.247743|{rx-582} 1, 0, 0, 3, 583, 583, 0, 0, 0, 0, 0, 1, 0, 1, 1
2025-12-28 12:48:57.251973|{rssi-582} 111, -64, -127, -127, -127, 111, 111, 111, 111, 111, 111, 111, 111, 111, 111, 111, 111, 111, 
2025-12-28 12:48:57.260656|{td-582} 0, -19, 0, 0, 0, 0, 0, 0, 0, 0, 0, 0, 0, 0, 0, 0, 0, 0, 
2025-12-28 12:48:57.267531|{tx-582} :-BBB.............
2025-12-28 12:48:57.437543|{rx-583} 1, 0, 0, 3, 584, 584, 0, 0, 0, 0, 0, 1, 0, 1, 1
2025-12-28 12:48:57.442519|{rssi-583} 111, -64, -127, -127, -127, 111, 111, 111, 111, 111, 111, 111, 111, 111, 111, 111, 111, 111, 
2025-12-28 12:48:57.452212|{td-583} 0, -19, 0, 0, 0, 0, 0, 0, 0, 0, 0, 0, 0, 0, 0, 0, 0, 0, 
2025-12-28 12:48:57.457167|{tx-583} :-BBB.............
2025-12-28 12:48:57.628684|{rx-584} 1, 0, 0, 3, 585, 585, 0, 0, 0, 0, 0, 1, 0, 1, 1
2025-12-28 12:48:57.632628|{rssi-584} 111, -64, -127, -127, -127, 111, 111, 111, 111, 111, 111, 111, 111, 111, 111, 111, 111, 111, 
2025-12-28 12:48:57.640868|{td-584} 0, -19, 0, 0, 0, 0, 0, 0, 0, 0, 0, 0, 0, 0, 0, 0, 0, 0, 
2025-12-28 12:48:57.647589|{tx-584} :-BBB.............
2025-12-28 12:48:57.816248|{rx-585} 1, 0, 0, 3, 586, 586, 0, 0, 0, 0, 0, 1, 0, 1, 1
2025-12-28 12:48:57.822522|{rssi-585} 111, -64, -127, -127, -127, 111, 111, 111, 111, 111, 111, 111, 111, 111, 111, 111, 111, 111, 
2025-12-28 12:48:57.831931|{td-585} 0, -19, 0, 0, 0, 0, 0, 0, 0, 0, 0, 0, 0, 0, 0, 0, 0, 0, 
2025-12-28 12:48:57.837741|{tx-585} :-BBB.............
2025-12-28 12:48:58.006924|{rx-586} 1, 0, 0, 3, 587, 587, 0, 0, 0, 0, 0, 1, 0, 1, 1
2025-12-28 12:48:58.012859|{rssi-586} 111, -64, -127, -127, -127, 111, 111, 111, 111, 111, 111, 111, 111, 111, 111, 111, 111, 111, 
2025-12-28 12:48:58.021154|{td-586} 0, -19, 0, 0, 0, 0, 0, 0, 0, 0, 0, 0, 0, 0, 0, 0, 0, 0, 
2025-12-28 12:48:58.026352|{tx-586} :-BBB.............
2025-12-28 12:48:58.196588|{rx-587} 1, 0, 0, 3, 588, 588, 0, 0, 0, 0, 0, 1, 0, 1, 1
2025-12-28 12:48:58.202437|{rssi-587} 111, -64, -127, -127, -127, 111, 111, 111, 111, 111, 111, 111, 111, 111, 111, 111, 111, 111, 
2025-12-28 12:48:58.210850|{td-587} 0, -19, 0, 0, 0, 0, 0, 0, 0, 0, 0, 0, 0, 0, 0, 0, 0, 0, 
2025-12-28 12:48:58.217419|{tx-587} :-BBB.............
2025-12-28 12:48:58.386996|{rx-588} 1, 0, 0, 3, 589, 589, 0, 0, 0, 0, 0, 1, 0, 1, 1
2025-12-28 12:48:58.393152|{rssi-588} 111, -64, -127, -127, -127, 111, 111, 111, 111, 111, 111, 111, 111, 111, 111, 111, 111, 111, 
2025-12-28 12:48:58.401300|{td-588} 0, -19, 0, 0, 0, 0, 0, 0, 0, 0, 0, 0, 0, 0, 0, 0, 0, 0, 
2025-12-28 12:48:58.407468|{tx-588} :-BBB.............
2025-12-28 12:48:58.576363|{rx-589} 1, 0, 0, 3, 590, 590, 0, 0, 0, 0, 0, 1, 0, 1, 1
2025-12-28 12:48:58.582563|{rssi-589} 111, -64, -127, -127, -127, 111, 111, 111, 111, 111, 111, 111, 111, 111, 111, 111, 111, 111, 
2025-12-28 12:48:58.590451|{td-589} 0, -19, 0, 0, 0, 0, 0, 0, 0, 0, 0, 0, 0, 0, 0, 0, 0, 0, 
2025-12-28 12:48:58.596953|{tx-589} :-BBB.............
2025-12-28 12:48:58.766578|{rx-590} 1, 0, 0, 3, 591, 591, 0, 0, 0, 0, 0, 1, 0, 1, 1
2025-12-28 12:48:58.772766|{rssi-590} 111, -64, -127, -127, -127, 111, 111, 111, 111, 111, 111, 111, 111, 111, 111, 111, 111, 111, 
2025-12-28 12:48:58.781334|{td-590} 0, -19, 0, 0, 0, 0, 0, 0, 0, 0, 0, 0, 0, 0, 0, 0, 0, 0, 
2025-12-28 12:48:58.787465|{tx-590} :-BBB.............
2025-12-28 12:48:58.956499|{rx-591} 1, 0, 0, 3, 592, 592, 0, 0, 0, 0, 0, 1, 0, 1, 1
2025-12-28 12:48:58.962742|{rssi-591} 111, -64, -127, -127, -127, 111, 111, 111, 111, 111, 111, 111, 111, 111, 111, 111, 111, 111, 
2025-12-28 12:48:58.971073|{td-591} 0, -19, 0, 0, 0, 0, 0, 0, 0, 0, 0, 0, 0, 0, 0, 0, 0, 0, 
2025-12-28 12:48:58.976782|{tx-591} :-BBB.............
2025-12-28 12:48:59.147355|{rx-592} 1, 0, 0, 3, 593, 593, 0, 0, 0, 0, 0, 1, 0, 1, 1
2025-12-28 12:48:59.151208|{rssi-592} 111, -64, -127, -127, -127, 111, 111, 111, 111, 111, 111, 111, 111, 111, 111, 111, 111, 111, 
2025-12-28 12:48:59.161250|{td-592} 0, -19, 0, 0, 0, 0, 0, 0, 0, 0, 0, 0, 0, 0, 0, 0, 0, 0, 
2025-12-28 12:48:59.166855|{tx-592} :-BBB.............
2025-12-28 12:48:59.337901|{rx-593} 1, 0, 0, 3, 594, 594, 0, 0, 0, 0, 0, 1, 0, 1, 1
2025-12-28 12:48:59.341935|{rssi-593} 111, -64, -127, -127, -127, 111, 111, 111, 111, 111, 111, 111, 111, 111, 111, 111, 111, 111, 
2025-12-28 12:48:59.351229|{td-593} 0, -21, 0, 0, 0, 0, 0, 0, 0, 0, 0, 0, 0, 0, 0, 0, 0, 0, 
2025-12-28 12:48:59.356290|{tx-593} :-BBB.............
2025-12-28 12:48:59.526537|{rx-594} 1, 0, 0, 3, 595, 595, 0, 0, 0, 0, 0, 1, 0, 1, 1
2025-12-28 12:48:59.532135|{rssi-594} 111, -64, -127, -127, -127, 111, 111, 111, 111, 111, 111, 111, 111, 111, 111, 111, 111, 111, 
2025-12-28 12:48:59.541171|{td-594} 0, -19, 0, 0, 0, 0, 0, 0, 0, 0, 0, 0, 0, 0, 0, 0, 0, 0, 
2025-12-28 12:48:59.546893|{tx-594} :-BBB.............
2025-12-28 12:48:59.716211|{rx-595} 1, 0, 0, 3, 596, 596, 0, 0, 0, 0, 0, 1, 0, 1, 1
2025-12-28 12:48:59.722095|{rssi-595} 111, -64, -127, -127, -127, 111, 111, 111, 111, 111, 111, 111, 111, 111, 111, 111, 111, 111, 
2025-12-28 12:48:59.730440|{td-595} 0, -19, 0, 0, 0, 0, 0, 0, 0, 0, 0, 0, 0, 0, 0, 0, 0, 0, 
2025-12-28 12:48:59.736495|{tx-595} :-BBB.............
2025-12-28 12:48:59.907096|{rx-596} 1, 0, 0, 3, 597, 597, 0, 0, 0, 0, 0, 1, 0, 1, 1
2025-12-28 12:48:59.911831|{rssi-596} 111, -64, -127, -127, -127, 111, 111, 111, 111, 111, 111, 111, 111, 111, 111, 111, 111, 111, 
2025-12-28 12:48:59.921238|{td-596} 0, -19, 0, 0, 0, 0, 0, 0, 0, 0, 0, 0, 0, 0, 0, 0, 0, 0, 
2025-12-28 12:48:59.927028|{tx-596} :-BBB.............
2025-12-28 12:49:00.096802|{rx-597} 1, 0, 0, 3, 598, 598, 0, 0, 0, 0, 0, 1, 0, 1, 1
2025-12-28 12:49:00.101989|{rssi-597} 111, -64, -127, -127, -127, 111, 111, 111, 111, 111, 111, 111, 111, 111, 111, 111, 111, 111, 
2025-12-28 12:49:00.110700|{td-597} 0, -19, 0, 0, 0, 0, 0, 0, 0, 0, 0, 0, 0, 0, 0, 0, 0, 0, 
2025-12-28 12:49:00.116343|{tx-597} :-BBB.............
2025-12-28 12:49:00.287176|{rx-598} 1, 0, 0, 3, 599, 599, 0, 0, 0, 0, 0, 1, 0, 1, 1
2025-12-28 12:49:00.290927|{rssi-598} 111, -64, -127, -127, -127, 111, 111, 111, 111, 111, 111, 111, 111, 111, 111, 111, 111, 111, 
2025-12-28 12:49:00.300956|{td-598} 0, -19, 0, 0, 0, 0, 0, 0, 0, 0, 0, 0, 0, 0, 0, 0, 0, 0, 
2025-12-28 12:49:00.306319|{tx-598} :-BBB.............
2025-12-28 12:49:00.476265|{rx-599} 1, 0, 0, 3, 600, 600, 0, 0, 0, 0, 0, 1, 0, 1, 1
2025-12-28 12:49:00.482310|{rssi-599} 111, -64, -127, -127, -127, 111, 111, 111, 111, 111, 111, 111, 111, 111, 111, 111, 111, 111, 
2025-12-28 12:49:00.491266|{td-599} 0, -19, 0, 0, 0, 0, 0, 0, 0, 0, 0, 0, 0, 0, 0, 0, 0, 0, 
2025-12-28 12:49:00.497241|{tx-599} :-BBB.............
2025-12-28 12:49:00.666570|{rx-600} 1, 0, 0, 3, 601, 601, 0, 0, 0, 0, 0, 1, 0, 1, 1
2025-12-28 12:49:00.670730|{rssi-600} 111, -64, -127, -127, -127, 111, 111, 111, 111, 111, 111, 111, 111, 111, 111, 111, 111, 111, 
2025-12-28 12:49:00.681066|{td-600} 0, -19, 0, 0, 0, 0, 0, 0, 0, 0, 0, 0, 0, 0, 0, 0, 0, 0, 
2025-12-28 12:49:00.686500|{tx-600} :-BBB.............
2025-12-28 12:49:00.856673|{rx-601} 1, 0, 0, 3, 602, 602, 0, 0, 0, 0, 0, 1, 0, 1, 1
2025-12-28 12:49:00.861457|{rssi-601} 111, -64, -127, -127, -127, 111, 111, 111, 111, 111, 111, 111, 111, 111, 111, 111, 111, 111, 
2025-12-28 12:49:00.870911|{td-601} 0, -19, 0, 0, 0, 0, 0, 0, 0, 0, 0, 0, 0, 0, 0, 0, 0, 0, 
2025-12-28 12:49:00.876915|{tx-601} :-BBB.............
2025-12-28 12:49:01.046995|{rx-602} 1, 0, 0, 3, 603, 603, 0, 0, 0, 0, 0, 1, 0, 1, 1
2025-12-28 12:49:01.050937|{rssi-602} 111, -64, -127, -127, -127, 111, 111, 111, 111, 111, 111, 111, 111, 111, 111, 111, 111, 111, 
2025-12-28 12:49:01.061170|{td-602} 0, -19, 0, 0, 0, 0, 0, 0, 0, 0, 0, 0, 0, 0, 0, 0, 0, 0, 
2025-12-28 12:49:01.066690|{tx-602} :-BBB.............
2025-12-28 12:49:01.236505|{rx-603} 1, 0, 0, 3, 604, 604, 0, 0, 0, 0, 0, 1, 0, 1, 1
2025-12-28 12:49:01.242091|{rssi-603} 111, -64, -127, -127, -127, 111, 111, 111, 111, 111, 111, 111, 111, 111, 111, 111, 111, 111, 
2025-12-28 12:49:01.250430|{td-603} 0, -19, 0, 0, 0, 0, 0, 0, 0, 0, 0, 0, 0, 0, 0, 0, 0, 0, 
2025-12-28 12:49:01.256629|{tx-603} :-BBB.............
2025-12-28 12:49:01.426543|{rx-604} 1, 0, 0, 3, 605, 605, 0, 0, 0, 0, 0, 1, 0, 1, 1
2025-12-28 12:49:01.430554|{rssi-604} 111, -65, -127, -127, -127, 111, 111, 111, 111, 111, 111, 111, 111, 111, 111, 111, 111, 111, 
2025-12-28 12:49:01.440779|{td-604} 0, -19, 0, 0, 0, 0, 0, 0, 0, 0, 0, 0, 0, 0, 0, 0, 0, 0, 
2025-12-28 12:49:01.445594|{tx-604} :-BBB.............
2025-12-28 12:49:01.616510|{rx-605} 1, 0, 0, 3, 606, 606, 0, 0, 0, 0, 0, 1, 0, 1, 1
2025-12-28 12:49:01.621396|{rssi-605} 111, -64, -127, -127, -127, 111, 111, 111, 111, 111, 111, 111, 111, 111, 111, 111, 111, 111, 
2025-12-28 12:49:01.630566|{td-605} 0, -19, 0, 0, 0, 0, 0, 0, 0, 0, 0, 0, 0, 0, 0, 0, 0, 0, 
2025-12-28 12:49:01.636507|{tx-605} :-BBB.............
2025-12-28 12:49:01.807557|{rx-606} 1, 0, 0, 3, 607, 607, 0, 0, 0, 0, 0, 1, 0, 1, 1
2025-12-28 12:49:01.811258|{rssi-606} 111, -64, -127, -127, -127, 111, 111, 111, 111, 111, 111, 111, 111, 111, 111, 111, 111, 111, 
2025-12-28 12:49:01.820813|{td-606} 0, -19, 0, 0, 0, 0, 0, 0, 0, 0, 0, 0, 0, 0, 0, 0, 0, 0, 
2025-12-28 12:49:01.826558|{tx-606} :-BBB.............
2025-12-28 12:49:01.996538|{rx-607} 1, 0, 0, 3, 608, 608, 0, 0, 0, 0, 0, 1, 0, 1, 1
2025-12-28 12:49:02.000905|{rssi-607} 111, -64, -127, -127, -127, 111, 111, 111, 111, 111, 111, 111, 111, 111, 111, 111, 111, 111, 
2025-12-28 12:49:02.010620|{td-607} 0, -19, 0, 0, 0, 0, 0, 0, 0, 0, 0, 0, 0, 0, 0, 0, 0, 0, 
2025-12-28 12:49:02.016218|{tx-607} :-BBB.............
2025-12-28 12:49:02.187061|{rx-608} 1, 0, 0, 3, 609, 609, 0, 0, 0, 0, 0, 1, 0, 1, 1
2025-12-28 12:49:02.191172|{rssi-608} 111, -64, -127, -127, -127, 111, 111, 111, 111, 111, 111, 111, 111, 111, 111, 111, 111, 111, 
2025-12-28 12:49:02.200767|{td-608} 0, -19, 0, 0, 0, 0, 0, 0, 0, 0, 0, 0, 0, 0, 0, 0, 0, 0, 
2025-12-28 12:49:02.205947|{tx-608} :-BBB.............
2025-12-28 12:49:02.376477|{rx-609} 1, 0, 0, 3, 610, 610, 0, 0, 0, 0, 0, 1, 0, 1, 1
2025-12-28 12:49:02.381455|{rssi-609} 111, -64, -127, -127, -127, 111, 111, 111, 111, 111, 111, 111, 111, 111, 111, 111, 111, 111, 
2025-12-28 12:49:02.392447|{td-609} 0, -19, 0, 0, 0, 0, 0, 0, 0, 0, 0, 0, 0, 0, 0, 0, 0, 0, 
2025-12-28 12:49:02.397168|{tx-609} :-BBB.............
2025-12-28 12:49:02.567194|{rx-610} 1, 0, 0, 3, 611, 611, 0, 0, 0, 0, 0, 1, 0, 1, 1
2025-12-28 12:49:02.571210|{rssi-610} 111, -64, -127, -127, -127, 111, 111, 111, 111, 111, 111, 111, 111, 111, 111, 111, 111, 111, 
2025-12-28 12:49:02.580202|{td-610} 0, -19, 0, 0, 0, 0, 0, 0, 0, 0, 0, 0, 0, 0, 0, 0, 0, 0, 
2025-12-28 12:49:02.586486|{tx-610} :-BBB.............
2025-12-28 12:49:02.756436|{rx-611} 1, 0, 0, 3, 612, 612, 0, 0, 0, 0, 0, 1, 0, 1, 1
2025-12-28 12:49:02.761206|{rssi-611} 111, -64, -127, -127, -127, 111, 111, 111, 111, 111, 111, 111, 111, 111, 111, 111, 111, 111, 
2025-12-28 12:49:02.769801|{td-611} 0, -19, 0, 0, 0, 0, 0, 0, 0, 0, 0, 0, 0, 0, 0, 0, 0, 0, 
2025-12-28 12:49:02.776559|{tx-611} :-BBB.............
2025-12-28 12:49:02.947204|{rx-612} 1, 0, 0, 3, 613, 613, 0, 0, 0, 0, 0, 1, 0, 1, 1
2025-12-28 12:49:02.951188|{rssi-612} 111, -64, -127, -127, -127, 111, 111, 111, 111, 111, 111, 111, 111, 111, 111, 111, 111, 111, 
2025-12-28 12:49:02.960051|{td-612} 0, -19, 0, 0, 0, 0, 0, 0, 0, 0, 0, 0, 0, 0, 0, 0, 0, 0, 
2025-12-28 12:49:02.966017|{tx-612} :-BBB.............
2025-12-28 12:49:03.136430|{rx-613} 1, 0, 0, 3, 614, 614, 0, 0, 0, 0, 0, 1, 0, 1, 1
2025-12-28 12:49:03.141068|{rssi-613} 111, -64, -127, -127, -127, 111, 111, 111, 111, 111, 111, 111, 111, 111, 111, 111, 111, 111, 
2025-12-28 12:49:03.150556|{td-613} 0, -19, 0, 0, 0, 0, 0, 0, 0, 0, 0, 0, 0, 0, 0, 0, 0, 0, 
2025-12-28 12:49:03.155209|{tx-613} :-BBB.............
2025-12-28 12:49:03.325514|{rx-614} 1, 0, 0, 3, 615, 615, 0, 0, 0, 0, 0, 1, 0, 1, 1
2025-12-28 12:49:03.331088|{rssi-614} 111, -64, -127, -127, -127, 111, 111, 111, 111, 111, 111, 111, 111, 111, 111, 111, 111, 111, 
2025-12-28 12:49:03.339896|{td-614} 0, -19, 0, 0, 0, 0, 0, 0, 0, 0, 0, 0, 0, 0, 0, 0, 0, 0, 
2025-12-28 12:49:03.346307|{tx-614} :-BBB.............
2025-12-28 12:49:03.515710|{rx-615} 1, 0, 0, 3, 616, 616, 0, 0, 0, 0, 0, 1, 0, 1, 1
2025-12-28 12:49:03.521029|{rssi-615} 111, -64, -127, -127, -127, 111, 111, 111, 111, 111, 111, 111, 111, 111, 111, 111, 111, 111, 
2025-12-28 12:49:03.530395|{td-615} 0, -19, 0, 0, 0, 0, 0, 0, 0, 0, 0, 0, 0, 0, 0, 0, 0, 0, 
2025-12-28 12:49:03.535303|{tx-615} :-BBB.............
2025-12-28 12:49:03.706087|{rx-616} 1, 0, 0, 3, 617, 617, 0, 0, 0, 0, 0, 1, 0, 1, 1
2025-12-28 12:49:03.711171|{rssi-616} 111, -64, -127, -127, -127, 111, 111, 111, 111, 111, 111, 111, 111, 111, 111, 111, 111, 111, 
2025-12-28 12:49:03.719620|{td-616} 0, -21, 0, 0, 0, 0, 0, 0, 0, 0, 0, 0, 0, 0, 0, 0, 0, 0, 
2025-12-28 12:49:03.726428|{tx-616} :-BBB.............
2025-12-28 12:49:03.895334|{rx-617} 1, 0, 0, 3, 618, 618, 0, 0, 0, 0, 0, 1, 0, 1, 1
2025-12-28 12:49:03.901118|{rssi-617} 111, -64, -127, -127, -127, 111, 111, 111, 111, 111, 111, 111, 111, 111, 111, 111, 111, 111, 
2025-12-28 12:49:03.910383|{td-617} 0, -17, 0, 0, 0, 0, 0, 0, 0, 0, 0, 0, 0, 0, 0, 0, 0, 0, 
2025-12-28 12:49:03.917211|{tx-617} :-BBB.............
2025-12-28 12:49:04.085172|{rx-618} 1, 0, 0, 3, 619, 619, 0, 0, 0, 0, 0, 1, 0, 1, 1
2025-12-28 12:49:04.091056|{rssi-618} 111, -64, -127, -127, -127, 111, 111, 111, 111, 111, 111, 111, 111, 111, 111, 111, 111, 111, 
2025-12-28 12:49:04.100481|{td-618} 0, -19, 0, 0, 0, 0, 0, 0, 0, 0, 0, 0, 0, 0, 0, 0, 0, 0, 
2025-12-28 12:49:04.105249|{tx-618} :-BBB.............
2025-12-28 12:49:04.275219|{rx-619} 1, 0, 0, 3, 620, 620, 0, 0, 0, 0, 0, 1, 0, 1, 1
2025-12-28 12:49:04.280778|{rssi-619} 111, -65, -127, -127, -127, 111, 111, 111, 111, 111, 111, 111, 111, 111, 111, 111, 111, 111, 
2025-12-28 12:49:04.290178|{td-619} 0, -21, 0, 0, 0, 0, 0, 0, 0, 0, 0, 0, 0, 0, 0, 0, 0, 0, 
2025-12-28 12:49:04.296157|{tx-619} :-BBB.............
2025-12-28 12:49:04.465909|{rx-620} 1, 0, 0, 3, 621, 621, 0, 0, 0, 0, 0, 1, 0, 1, 1
2025-12-28 12:49:04.470754|{rssi-620} 111, -64, -127, -127, -127, 111, 111, 111, 111, 111, 111, 111, 111, 111, 111, 111, 111, 111, 
2025-12-28 12:49:04.480195|{td-620} 0, -19, 0, 0, 0, 0, 0, 0, 0, 0, 0, 0, 0, 0, 0, 0, 0, 0, 
2025-12-28 12:49:04.486221|{tx-620} :-BBB.............
2025-12-28 12:49:04.655930|{rx-621} 1, 0, 0, 3, 622, 622, 0, 0, 0, 0, 0, 1, 0, 1, 1
2025-12-28 12:49:04.660827|{rssi-621} 111, -64, -127, -127, -127, 111, 111, 111, 111, 111, 111, 111, 111, 111, 111, 111, 111, 111, 
2025-12-28 12:49:04.669719|{td-621} 0, -19, 0, 0, 0, 0, 0, 0, 0, 0, 0, 0, 0, 0, 0, 0, 0, 0, 
2025-12-28 12:49:04.675559|{tx-621} :-BBB.............
2025-12-28 12:49:04.846231|{rx-622} 1, 0, 0, 3, 623, 623, 0, 0, 0, 0, 0, 1, 0, 1, 1
2025-12-28 12:49:04.850790|{rssi-622} 111, -64, -127, -127, -127, 111, 111, 111, 111, 111, 111, 111, 111, 111, 111, 111, 111, 111, 
2025-12-28 12:49:04.860303|{td-622} 0, -19, 0, 0, 0, 0, 0, 0, 0, 0, 0, 0, 0, 0, 0, 0, 0, 0, 
2025-12-28 12:49:04.865016|{tx-622} :-BBB.............
2025-12-28 12:49:05.035956|{rx-623} 1, 0, 0, 3, 624, 624, 0, 0, 0, 0, 0, 1, 0, 1, 1
2025-12-28 12:49:05.040058|{rssi-623} 111, -64, -127, -127, -127, 111, 111, 111, 111, 111, 111, 111, 111, 111, 111, 111, 111, 111, 
2025-12-28 12:49:05.049882|{td-623} 0, -19, 0, 0, 0, 0, 0, 0, 0, 0, 0, 0, 0, 0, 0, 0, 0, 0, 
2025-12-28 12:49:05.055660|{tx-623} :-BBB.............
2025-12-28 12:49:05.225858|{rx-624} 1, 0, 0, 3, 625, 625, 0, 0, 0, 0, 0, 1, 0, 1, 1
2025-12-28 12:49:05.230068|{rssi-624} 111, -64, -127, -127, -127, 111, 111, 111, 111, 111, 111, 111, 111, 111, 111, 111, 111, 111, 
2025-12-28 12:49:05.240224|{td-624} 0, -19, 0, 0, 0, 0, 0, 0, 0, 0, 0, 0, 0, 0, 0, 0, 0, 0, 
2025-12-28 12:49:05.244951|{tx-624} :-BBB.............
2025-12-28 12:49:05.415828|{rx-625} 1, 0, 0, 3, 626, 626, 0, 0, 0, 0, 0, 1, 0, 1, 1
2025-12-28 12:49:05.420840|{rssi-625} 111, -64, -127, -127, -127, 111, 111, 111, 111, 111, 111, 111, 111, 111, 111, 111, 111, 111, 
2025-12-28 12:49:05.430365|{td-625} 0, -19, 0, 0, 0, 0, 0, 0, 0, 0, 0, 0, 0, 0, 0, 0, 0, 0, 
2025-12-28 12:49:05.435320|{tx-625} :-BBB.............
2025-12-28 12:49:05.605430|{rx-626} 1, 0, 0, 3, 627, 627, 0, 0, 0, 0, 0, 1, 0, 1, 1
2025-12-28 12:49:05.609714|{rssi-626} 111, -64, -127, -127, -127, 111, 111, 111, 111, 111, 111, 111, 111, 111, 111, 111, 111, 111, 
2025-12-28 12:49:05.620128|{td-626} 0, -19, 0, 0, 0, 0, 0, 0, 0, 0, 0, 0, 0, 0, 0, 0, 0, 0, 
2025-12-28 12:49:05.624680|{tx-626} :-BBB.............
2025-12-28 12:49:05.695983| 